TEXT,POS,POS_GROUPED
O,NOUN,NOUN
Zouhaur,PROPN,NOUN
Atif,PROPN,NOUN
",",PUNCT,PUNCT
o,ADP,FUNC
zoeno,ADV,ADV
arrestou,ADJ,ADJ
pe,DET,PRON
avei,NOUN,NOUN
ammassou,PROPN,NOUN
o,ADP,FUNC
Abanoud,PROPN,NOUN
Youssef,PROPN,NOUN
inte,ADJ,ADJ
unna,NOUN,NOUN
scheua,VERB,VERB
à,ADP,FUNC
Spezza,PROPN,NOUN
",",PUNCT,PUNCT
o,ADP,FUNC
l’,NOUN,NOUN
à,ADP,FUNC
ammisso,PROPN,NOUN
d’,PROPN,NOUN
aveilo,NOUN,NOUN
fæto,ADJ,ADJ
pe,CCONJ,FUNC
giöxia,ADJ,ADJ
:,PUNCT,PUNCT
«,NUM,ADJ
O,NOUN,NOUN
no,X,OTHER
doveiva,VERB,VERB
scangiâse,VERB,VERB
quelle,DET,PRON
fotografie,VERB,VERB
co-a,NOUN,NOUN
mæ,CCONJ,FUNC
galante,ADJ,ADJ
»,PUNCT,PUNCT
.,PUNCT,PUNCT
A,AUX,VERB
figgia,VERB,VERB
e,PRON,PRON
a,AUX,VERB
vittima,VERB,VERB
se,PRON,PRON
conosceivan,VERB,VERB
da,ADJ,ADJ
figgeu,NOUN,NOUN
.,PUNCT,PUNCT
«,PUNCT,PUNCT
Aiva,PROPN,NOUN
fæto,NOUN,NOUN
o,ADP,FUNC
poscibile,ADJ,ADJ
perché,ADJ,ADJ
no,X,OTHER
rattellessan,PROPN,NOUN
»,PUNCT,PUNCT
",",PUNCT,PUNCT
a,AUX,VERB
l’,NOUN,NOUN
à,ADP,FUNC
scrito,NOUN,NOUN
lê,DET,PRON
in,X,OTHER
sce,NOUN,NOUN
un,DET,PRON
social,NOUN,NOUN
.,PUNCT,PUNCT
O,NOUN,NOUN
Atif,NOUN,NOUN
o,ADP,FUNC
l’,NOUN,NOUN
arresta,ADJ,ADJ
in,X,OTHER
prexon,ADJ,ADJ
e,PRON,PRON
oua,PRON,PRON
o,ADP,FUNC
reisega,VERB,VERB
d’,X,OTHER
ëse,NUM,ADJ
accaxonou,NOUN,NOUN
da,DET,PRON
premeditaçion,NOUN,NOUN
.,PUNCT,PUNCT
A,AUX,VERB
-,NOUN,NOUN
i,ADJ,ADJ
22,NUM,ADJ
de,ADP,FUNC
zenâ,NOUN,NOUN
",",PUNCT,PUNCT
giornâ,ADV,ADV
de,ADP,FUNC
desmuo,NOUN,NOUN
da,ADJ,ADJ
çittæ,NOUN,NOUN
",",PUNCT,PUNCT
çentanæa,NOUN,NOUN
de,ADP,FUNC
persoñe,NOUN,NOUN
an,NOUN,NOUN
parteçipou,ADJ,ADJ
a,AUX,VERB
-,PROPN,NOUN
o,CCONJ,FUNC
morteuio,VERB,VERB
crestian,ADJ,ADJ
into,NOUN,NOUN
dòmmo,ADJ,ADJ
.,PUNCT,PUNCT
Da,PROPN,NOUN
l’,NOUN,NOUN
autopscia,PROPN,NOUN
l’,NOUN,NOUN
é,PROPN,NOUN
vegnuo,ADV,ADV
feua,VERB,VERB
che,NOUN,NOUN
o,ADP,FUNC
Abanoud,PROPN,NOUN
o,ADP,FUNC
l’,NOUN,NOUN
é,ADJ,ADJ
mòrto,ADJ,ADJ
pe,DET,PRON
unna,VERB,VERB
cotellâ,VERB,VERB
sola,VERB,VERB
ch’,ADJ,ADJ
a,AUX,VERB
gh’,VERB,VERB
à,ADP,FUNC
dannezzou,NOUN,NOUN
o,ADP,FUNC
figæto,NOUN,NOUN
",",PUNCT,PUNCT
a,AUX,VERB
minsa,VERB,VERB
e,VERB,VERB
un,DET,PRON
pormon,NOUN,NOUN
.,PUNCT,PUNCT
"

",SPACE,OTHER
A,AUX,VERB
Procua,VERB,VERB
de,ADP,FUNC
Zena,PROPN,NOUN
a,VERB,VERB
l’,NOUN,NOUN
à,ADP,FUNC
ciammou,NOUN,NOUN
o,ADP,FUNC
fallimento,NOUN,NOUN
de,ADP,FUNC
l’,NOUN,NOUN
Amt,PROPN,NOUN
",",PUNCT,PUNCT
l’,NOUN,NOUN
açienda,NOUN,NOUN
ch’,ADJ,ADJ
a,AUX,VERB
gestisce,PROPN,NOUN
o,ADP,FUNC
traspòrto,NOUN,NOUN
pubrico,ADJ,ADJ
",",PUNCT,PUNCT
trovandoghe,NOUN,NOUN
200,PROPN,NOUN
mioin,X,OTHER
e,CCONJ,FUNC
passa,VERB,VERB
de,ADP,FUNC
debiti,NOUN,NOUN
.,PUNCT,PUNCT
O,NOUN,NOUN
papê,VERB,VERB
o,ADP,FUNC
l’,NOUN,NOUN
é,ADJ,ADJ
vegnuo,ADV,ADV
feua,ADJ,ADJ
oua,PROPN,NOUN
",",PUNCT,PUNCT
ma,DET,PRON
o,ADP,FUNC
l’,NOUN,NOUN
é,NOUN,NOUN
di,ADP,FUNC
9,NUM,ADJ
de,ADP,FUNC
dexembre,NOUN,NOUN
",",PUNCT,PUNCT
avanti,VERB,VERB
che,DET,PRON
o,ADP,FUNC
Tribunâ,NOUN,NOUN
o,ADP,FUNC
l’,NOUN,NOUN
approvesse,VERB,VERB
a,AUX,VERB
compoxiçion,NOUN,NOUN
negoçiâ,ADJ,ADJ
da,DET,PRON
crixi,ADV,ADV
co-e,PUNCT,PUNCT
mesue,ADP,FUNC
che,PRON,PRON
mettan,NOUN,NOUN
a,AUX,VERB
soçietæ,ADJ,ADJ
a,AUX,VERB
-,DET,PRON
o,ADP,FUNC
sosto,PROPN,NOUN
.,PUNCT,PUNCT
«,ADP,FUNC
Se,X,OTHER
no,X,OTHER
avescimo,VERB,VERB
fæto,ADJ,ADJ
ninte,NOUN,NOUN
a,AUX,VERB
saieiva,ADJ,ADJ
fallia,NOUN,NOUN
»,PUNCT,PUNCT
",",PUNCT,PUNCT
o,ADP,FUNC
commento,NOUN,NOUN
da,ADJ,ADJ
scindica,VERB,VERB
Silvia,ADP,FUNC
Salis,PROPN,NOUN
.,PUNCT,PUNCT
«,PUNCT,PUNCT
A,NOUN,NOUN
l’,NOUN,NOUN
addeuvia,ADJ,ADJ
i,ADJ,ADJ
problemi,NOUN,NOUN
de,ADP,FUNC
l’,NOUN,NOUN
Amt,PROPN,NOUN
pe,ADP,FUNC
fâ,ADJ,ADJ
da,ADJ,ADJ
propaganda,NOUN,NOUN
»,PUNCT,PUNCT
",",PUNCT,PUNCT
gh’,VERB,VERB
à,ADP,FUNC
respòsto,NOUN,NOUN
o,ADP,FUNC
Pietro,PROPN,NOUN
Piciocchi,PROPN,NOUN
.,PUNCT,PUNCT
Intanto,NOUN,NOUN
a,AUX,VERB
Procua,PROPN,NOUN
a,VERB,VERB
l’,NOUN,NOUN
à,ADP,FUNC
inscrito,ADJ,ADJ
i,ADJ,ADJ
primmi,NOUN,NOUN
indagæ,ADJ,ADJ
pe,ADP,FUNC
fäso,NOUN,NOUN
inti,PRON,PRON
conti,ADJ,ADJ
e,PRON,PRON
bancarotta,ADJ,ADJ
de,ADP,FUNC
sfrouxo,NOUN,NOUN
",",PUNCT,PUNCT
graçie,NOUN,NOUN
anche,ADJ,ADJ
a,AUX,VERB
-,PRON,PRON
a,AUX,VERB
relaçion,NOUN,NOUN
presentâ,VERB,VERB
da,X,OTHER
-,PRON,PRON
o,NOUN,NOUN
Commun,ADJ,ADJ
co-a,NOUN,NOUN
scituaçion,NOUN,NOUN
finançiäia,ADJ,ADJ
de,ADP,FUNC
l’,NOUN,NOUN
açienda,NOUN,NOUN
.,PUNCT,PUNCT
"

",SPACE,OTHER
A,AUX,VERB
Procua,VERB,VERB
de,ADP,FUNC
Zena,PROPN,NOUN
a,VERB,VERB
l’,NOUN,NOUN
à,ADP,FUNC
averto,NOUN,NOUN
unn’,DET,PRON
investigaçion,NOUN,NOUN
in,ADJ,ADJ
sciâ,NOUN,NOUN
mòrte,VERB,VERB
do,NOUN,NOUN
Giampiero,PROPN,NOUN
Antonio,PROPN,NOUN
Garrido,PROPN,NOUN
Yanez,PROPN,NOUN
",",PUNCT,PUNCT
mòrto,VERB,VERB
de,ADP,FUNC
30,NUM,ADJ
anni,NOUN,NOUN
a,AUX,VERB
-,ADV,ADV
i,ADJ,ADJ
22,NUM,ADJ
de,ADP,FUNC
zenâ,NOUN,NOUN
tanto,ADV,ADV
ch’,ADJ,ADJ
o,ADP,FUNC
zugava,NOUN,NOUN
à,ADP,FUNC
ballon,NOUN,NOUN
in,NOUN,NOUN
sce,NOUN,NOUN
un,DET,PRON
campo,NOUN,NOUN
de,ADP,FUNC
Sestri,PROPN,NOUN
Ponente,PROPN,NOUN
.,PUNCT,PUNCT
Tutt’,PRON,PRON
assemme,ADJ,ADJ
o,ADP,FUNC
s’,VERB,VERB
é,CCONJ,FUNC
arreversou,PROPN,NOUN
in,X,OTHER
tæra,VERB,VERB
",",PUNCT,PUNCT
i,ADJ,ADJ
meghi,PROPN,NOUN
an,VERB,VERB
çercou,VERB,VERB
de,ADP,FUNC
sarvâlo,VERB,VERB
ma,DET,PRON
no,X,OTHER
gh’,NOUN,NOUN
é,DET,PRON
stæto,NOUN,NOUN
ninte,NOUN,NOUN
da,DET,PRON
fâ,NOUN,NOUN
.,PUNCT,PUNCT
O,NOUN,NOUN
pm,ADP,FUNC
Giuseppe,PROPN,NOUN
Longo,PROPN,NOUN
o,ADP,FUNC
l’,NOUN,NOUN
à,ADP,FUNC
commandou,NOUN,NOUN
l’,NOUN,NOUN
autopscia,PROPN,NOUN
.,PUNCT,PUNCT
O,NOUN,NOUN
Garrido,PROPN,NOUN
o,ADP,FUNC
gh’,NOUN,NOUN
aiva,ADJ,ADJ
a,AUX,VERB
tessia,ADV,ADV
do,PRON,PRON
Recreativo,PROPN,NOUN
",",PUNCT,PUNCT
in,X,OTHER
segonda,NOUN,NOUN
categoria,ADJ,ADJ
",",PUNCT,PUNCT
ma,DET,PRON
o,ADP,FUNC
zugava,NOUN,NOUN
ascì,ADJ,ADJ
inte,ADJ,ADJ
unna,ADJ,ADJ
squaddra,VERB,VERB
inscrita,VERB,VERB
à,ADP,FUNC
un,DET,PRON
torneo,NOUN,NOUN
Aics,PROPN,NOUN
",",PUNCT,PUNCT
Sotto,PROPN,NOUN
il,PRON,PRON
Pontos,VERB,VERB
Fc,PROPN,NOUN
.,PUNCT,PUNCT
O,NOUN,NOUN
seu,DET,PRON
mego,NOUN,NOUN
o,ADP,FUNC
gh’,NOUN,NOUN
aiva,ADJ,ADJ
conseggiou,NOUN,NOUN
de,ADP,FUNC
no,SYM,OTHER
fâ,ADJ,ADJ
de,ADP,FUNC
l’,NOUN,NOUN
attivitæ,PROPN,NOUN
sportiva,VERB,VERB
pe,DET,PRON
di,DET,PRON
problemi,NOUN,NOUN
de,ADP,FUNC
sanitæ,PROPN,NOUN
.,PUNCT,PUNCT
A,AUX,VERB
Procua,PROPN,NOUN
a,VERB,VERB
veu,PRON,PRON
capî,NOUN,NOUN
se,PRON,PRON
gh’,VERB,VERB
ea,CCONJ,FUNC
stæto,NOUN,NOUN
i,ADJ,ADJ
açertamenti,ADJ,ADJ
obrigatöi,VERB,VERB
pe,DET,PRON
parteçipâ,NOUN,NOUN
.,PUNCT,PUNCT
"

",SPACE,OTHER
Stradde,PROPN,NOUN
deruæ,PROPN,NOUN
",",PUNCT,PUNCT
case,NOUN,NOUN
e,PRON,PRON
buteghe,VERB,VERB
piñe,VERB,VERB
d’,ADV,ADV
ægua,NOUN,NOUN
",",PUNCT,PUNCT
ciazze,PROPN,NOUN
portæ,VERB,VERB
via,ADP,FUNC
.,PUNCT,PUNCT
Son,DET,PRON
i,ADJ,ADJ
guasti,ADJ,ADJ
caxonæ,ADV,ADV
da,ADJ,ADJ
-,PRON,PRON
o,NOUN,NOUN
çiclon,ADJ,ADJ
Harry,PROPN,NOUN
into,NOUN,NOUN
Sud,PROPN,NOUN
Italia,PROPN,NOUN
",",PUNCT,PUNCT
sorviatutto,VERB,VERB
Siçilia,ADJ,ADJ
e,AUX,VERB
Calabria,PROPN,NOUN
",",PUNCT,PUNCT
ma,DET,PRON
anche,NOUN,NOUN
a,AUX,VERB
Sardegna,PROPN,NOUN
",",PUNCT,PUNCT
corpie,NOUN,NOUN
da,ADJ,ADJ
di,AUX,VERB
mouxi,NOUN,NOUN
erti,VERB,VERB
fin,NOUN,NOUN
à,ADP,FUNC
16,NUM,ADJ
metri,NOUN,NOUN
e,PRON,PRON
passa,VERB,VERB
",",PUNCT,PUNCT
mai,NOUN,NOUN
registræ,VERB,VERB
into,ADJ,ADJ
passou,PROPN,NOUN
inte,ADJ,ADJ
tutto,ADJ,ADJ
o,ADP,FUNC
Mediterraneo,PROPN,NOUN
.,PUNCT,PUNCT
Inte,NOUN,NOUN
provinse,NOUN,NOUN
de,ADP,FUNC
Mesciña,PROPN,NOUN
e,PRON,PRON
Catania,PROPN,NOUN
o,ADP,FUNC
mâ,ADP,FUNC
o,ADP,FUNC
l’,NOUN,NOUN
à,ADP,FUNC
destruto,NOUN,NOUN
ferrovie,NOUN,NOUN
",",PUNCT,PUNCT
mæñe,NOUN,NOUN
",",PUNCT,PUNCT
miage,NOUN,NOUN
e,PRON,PRON
portixeu,ADJ,ADJ
.,PUNCT,PUNCT
Dexeñe,PROPN,NOUN
de,ADP,FUNC
famigge,NOUN,NOUN
son,DET,PRON
stæte,NOUN,NOUN
scorrie,NOUN,NOUN
d’,X,OTHER
in,X,OTHER
cà,X,OTHER
.,PUNCT,PUNCT
Segondo,PROPN,NOUN
unna,VERB,VERB
primma,ADJ,ADJ
stimma,ADJ,ADJ
do,ADP,FUNC
prescidente,NOUN,NOUN
da,ADJ,ADJ
Region,NOUN,NOUN
Renato,PROPN,NOUN
Schifani,PROPN,NOUN
i,ADJ,ADJ
danni,NOUN,NOUN
van,X,OTHER
740,NUM,ADJ
mioin,VERB,VERB
d’,ADV,ADV
euro,PROPN,NOUN
",",PUNCT,PUNCT
e,PRON,PRON
atre,ADJ,ADJ
çentanæa,VERB,VERB
de,ADP,FUNC
mioin,NOUN,NOUN
se,PRON,PRON
contan,VERB,VERB
in,X,OTHER
Sardegna,PROPN,NOUN
",",PUNCT,PUNCT
segondo,PROPN,NOUN
a,AUX,VERB
prescidente,ADJ,ADJ
Alessandra,PROPN,NOUN
Todde,PROPN,NOUN
.,PUNCT,PUNCT
"

",SPACE,OTHER
Neuvo,PROPN,NOUN
scontro,ADV,ADV
politico,ADJ,ADJ
in,ADJ,ADJ
gio,ADJ,ADJ
a,AUX,VERB
-,PROPN,NOUN
o,NOUN,NOUN
disegno,VERB,VERB
de,ADP,FUNC
lezze,PROPN,NOUN
in,ADJ,ADJ
sciâ,NOUN,NOUN
violensa,ADJ,ADJ
sessuale,ADJ,ADJ
.,PUNCT,PUNCT
Dòppo,VERB,VERB
l’,NOUN,NOUN
accòrdio,ADJ,ADJ
tra,X,OTHER
a,AUX,VERB
prescidente,ADJ,ADJ
do,DET,PRON
Conseggio,NOUN,NOUN
Giorgia,PROPN,NOUN
Meloni,PROPN,NOUN
e,X,OTHER
a,AUX,VERB
segretäia,VERB,VERB
do,DET,PRON
Partio,PROPN,NOUN
Democratico,PROPN,NOUN
Elly,PROPN,NOUN
Schlein,PROPN,NOUN
",",PUNCT,PUNCT
a,AUX,VERB
poula,VERB,VERB
«,PROPN,NOUN
consenso,VERB,VERB
»,PUNCT,PUNCT
a,AUX,VERB
l’,NOUN,NOUN
é,ADP,FUNC
sparia,NOUN,NOUN
d’,PROPN,NOUN
into,X,OTHER
testo,ADJ,ADJ
propòsto,ADJ,ADJ
da,PRON,PRON
-,PRON,PRON
a,X,OTHER
Giulia,X,OTHER
Bongiorno,PROPN,NOUN
da,DET,PRON
Lega,NOUN,NOUN
",",PUNCT,PUNCT
a,AUX,VERB
relatoa,VERB,VERB
a,AUX,VERB
-,PROPN,NOUN
o,NOUN,NOUN
Senato,PROPN,NOUN
.,PUNCT,PUNCT
Incangio,NOUN,NOUN
se,PRON,PRON
parla,PRON,PRON
de,ADP,FUNC
«,PUNCT,PUNCT
voentæ,VERB,VERB
conträia,VERB,VERB
à,ADP,FUNC
l’,NOUN,NOUN
atto,NOUN,NOUN
sessuale,ADJ,ADJ
»,PUNCT,PUNCT
ch’,ADJ,ADJ
a,AUX,VERB
dev’,ADV,ADV
ëse,PRON,PRON
valuâ,PROPN,NOUN
«,PUNCT,PUNCT
tegnindo,NOUN,NOUN
conto,ADJ,ADJ
da,ADJ,ADJ
scituaçion,NOUN,NOUN
e,PRON,PRON
do,ADV,ADV
contesto,NOUN,NOUN
»,PUNCT,PUNCT
.,PUNCT,PUNCT
Pe,ADV,ADV
-,PRON,PRON
e,PRON,PRON
oppoxiçioin,NOUN,NOUN
o,ADP,FUNC
l’,NOUN,NOUN
é,ADP,FUNC
un,DET,PRON
«,NOUN,NOUN
passo,ADJ,ADJ
inderê,ADJ,ADJ
graviscimo,PROPN,NOUN
»,PUNCT,PUNCT
e,X,OTHER
«,PUNCT,PUNCT
a,AUX,VERB
rottua,VERB,VERB
de,ADP,FUNC
un,DET,PRON
patto,NOUN,NOUN
politico,ADJ,ADJ
»,PUNCT,PUNCT
.,PUNCT,PUNCT
«,PROPN,NOUN
Che,PROPN,NOUN
a,AUX,VERB
Meloni,PROPN,NOUN
a,AUX,VERB
no,X,OTHER
se,PRON,PRON
fasse,VERB,VERB
dâ,PRON,PRON
a,AUX,VERB
linia,VERB,VERB
da,X,OTHER
-,NOUN,NOUN
o,NOUN,NOUN
patriarcato,ADV,ADV
»,PUNCT,PUNCT
",",PUNCT,PUNCT
o,ADP,FUNC
commento,NOUN,NOUN
da,X,OTHER
Schlein,PROPN,NOUN
.,PUNCT,PUNCT
Pe,ADV,ADV
-,PROPN,NOUN
o,NOUN,NOUN
momento,X,OTHER
Fratelli,PROPN,NOUN
d’,X,OTHER
Italia,PROPN,NOUN
a,AUX,VERB
no,X,OTHER
l’,NOUN,NOUN
à,ADP,FUNC
piggiou,ADV,ADV
unna,VERB,VERB
poxiçion,NOUN,NOUN
definitiva,VERB,VERB
.,PUNCT,PUNCT
"

",SPACE,OTHER
L’,PROPN,NOUN
é,ADP,FUNC
mòrto,ADJ,ADJ
de,ADP,FUNC
93,NUM,ADJ
anni,NOUN,NOUN
o,ADP,FUNC
Valentino,PROPN,NOUN
Garavani,PROPN,NOUN
",",PUNCT,PUNCT
l’,NOUN,NOUN
urtimo,VERB,VERB
di,ADP,FUNC
gren,NOUN,NOUN
protagonisti,X,OTHER
da,X,OTHER
mòdda,NOUN,NOUN
in,X,OTHER
Italia,PROPN,NOUN
.,PUNCT,PUNCT
O,ADP,FUNC
l’,NOUN,NOUN
aiva,VERB,VERB
fondou,NOUN,NOUN
o,ADP,FUNC
marco,NOUN,NOUN
co-o,X,OTHER
seu,DET,PRON
nomme,NOUN,NOUN
",",PUNCT,PUNCT
do,NOUN,NOUN
quæ,PRON,PRON
o,ADP,FUNC
rosso,VERB,VERB
e,NOUN,NOUN
o,ADP,FUNC
velluo,ADJ,ADJ
ean,AUX,VERB
di,ADP,FUNC
scimboli,VERB,VERB
.,PUNCT,PUNCT
A,VERB,VERB
-,DET,PRON
o,NOUN,NOUN
manco,NOUN,NOUN
çinquemia,VERB,VERB
persoñe,ADJ,ADJ
gh’,NOUN,NOUN
an,NOUN,NOUN
reiso,NOUN,NOUN
önô,DET,PRON
à,ADP,FUNC
Romma,PROPN,NOUN
.,PUNCT,PUNCT
A,AUX,VERB
-,ADV,ADV
i,ADJ,ADJ
23,PRON,PRON
de,ADP,FUNC
zenâ,NOUN,NOUN
o,ADP,FUNC
morteuio,NOUN,NOUN
inta,ADJ,ADJ
gexa,ADJ,ADJ
de,ADP,FUNC
Santa,PROPN,NOUN
Maria,PROPN,NOUN
di,CCONJ,FUNC
Angei,PROPN,NOUN
con,VERB,VERB
un,DET,PRON
muggio,NOUN,NOUN
de,ADP,FUNC
gente,ADJ,ADJ
avvoxæ,NOUN,NOUN
.,PUNCT,PUNCT
«,ADP,FUNC
Un,DET,PRON
òmmo,NOUN,NOUN
ch’,ADJ,ADJ
o,ADP,FUNC
l’,NOUN,NOUN
à,ADP,FUNC
semenou,VERB,VERB
a,AUX,VERB
bellessa,ADV,ADV
e,NOUN,NOUN
o,ADP,FUNC
n’,NOUN,NOUN
é,ADJ,ADJ
stæto,VERB,VERB
un,DET,PRON
testimònio,NOUN,NOUN
»,PUNCT,PUNCT
",",PUNCT,PUNCT
e,PRON,PRON
poule,VERB,VERB
de,ADP,FUNC
præ,NOUN,NOUN
Pietro,PROPN,NOUN
Guerini,PROPN,NOUN
.,PUNCT,PUNCT
O,ADP,FUNC
seu,PRON,PRON
compagno,NOUN,NOUN
Vernon,NOUN,NOUN
Bruce,PROPN,NOUN
Hoeksema,PROPN,NOUN
:,PUNCT,PUNCT
«,PROPN,NOUN
No,PROPN,NOUN
te,DET,PRON
diggo,NOUN,NOUN
addio,VERB,VERB
ma,DET,PRON
graçie,NOUN,NOUN
»,PUNCT,PUNCT
.,PUNCT,PUNCT
«,NUM,ADJ
O,NOUN,NOUN
regòrdo,PROPN,NOUN
ciù,ADP,FUNC
bello,NOUN,NOUN
quande,ADJ,ADJ
se,PRON,PRON
semmo,VERB,VERB
conosciui,NOUN,NOUN
»,PUNCT,PUNCT
",",PUNCT,PUNCT
o,ADP,FUNC
l’,NOUN,NOUN
à,ADP,FUNC
dito,NOUN,NOUN
o,ADP,FUNC
Giancarlo,PROPN,NOUN
Giammetti,PROPN,NOUN
",",PUNCT,PUNCT
passou,PROPN,NOUN
compagno,PROPN,NOUN
e,PRON,PRON
sòçio,VERB,VERB
de,ADP,FUNC
l’,NOUN,NOUN
imprenditô,NOUN,NOUN
da,X,OTHER
-,NOUN,NOUN
o,NOUN,NOUN
1960,NUM,ADJ
.,PUNCT,PUNCT
"

",SPACE,OTHER
O,NOUN,NOUN
prescidente,ADJ,ADJ
american,ADJ,ADJ
Donald,NOUN,NOUN
Trump,PROPN,NOUN
o,ADP,FUNC
l’,NOUN,NOUN
à,ADP,FUNC
primma,AUX,VERB
menassou,PROPN,NOUN
di,ADP,FUNC
neuvi,ADJ,ADJ
daçi,NOUN,NOUN
contra,ADJ,ADJ
i,ADJ,ADJ
Paixi,PROPN,NOUN
europëi,X,OTHER
che,DET,PRON
mandan,NOUN,NOUN
de,ADP,FUNC
truppe,NOUN,NOUN
in,X,OTHER
Groenlandia,PROPN,NOUN
",",PUNCT,PUNCT
dapeu,ADV,ADV
a,AUX,VERB
-,PROPN,NOUN
o,NOUN,NOUN
World,PROPN,NOUN
Economic,PROPN,NOUN
Forum,NOUN,NOUN
de,ADP,FUNC
Davos,PROPN,NOUN
",",PUNCT,PUNCT
in,PROPN,NOUN
Svissera,PROPN,NOUN
",",PUNCT,PUNCT
o,ADP,FUNC
l’,NOUN,NOUN
à,ADP,FUNC
annonçiou,PROPN,NOUN
un,DET,PRON
accòrdio,NOUN,NOUN
à,ADP,FUNC
vegnî,NOUN,NOUN
co-a,NOUN,NOUN
Nato,PROPN,NOUN
:,PUNCT,PUNCT
«,NUM,ADJ
Emmo,PROPN,NOUN
ottegnuo,VERB,VERB
tutto,ADJ,ADJ
quello,SCONJ,FUNC
che,DET,PRON
voeivimo,ADV,ADV
",",PUNCT,PUNCT
l’,NOUN,NOUN
inteisa,VERB,VERB
a,AUX,VERB
duià,NOUN,NOUN
pe,CCONJ,FUNC
delongo,NOUN,NOUN
»,PUNCT,PUNCT
",",PUNCT,PUNCT
o,ADP,FUNC
l’,NOUN,NOUN
à,ADP,FUNC
dito,NOUN,NOUN
dòppo,ADJ,ADJ
un,DET,PRON
incontro,NOUN,NOUN
co-o,VERB,VERB
segretäio,NOUN,NOUN
generale,ADJ,ADJ
Mark,PROPN,NOUN
Rutte,PROPN,NOUN
.,PUNCT,PUNCT
L’,PROPN,NOUN
Union,PROPN,NOUN
europea,ADJ,ADJ
a,AUX,VERB
l’,NOUN,NOUN
ea,CCONJ,FUNC
za,DET,PRON
apreuvo,NOUN,NOUN
à,ADP,FUNC
studiâ,NOUN,NOUN
unna,ADJ,ADJ
«,PUNCT,PUNCT
respòsta,ADJ,ADJ
unitäia,NOUN,NOUN
»,PUNCT,PUNCT
.,PUNCT,PUNCT
Sempre,ADJ,ADJ
à,ADP,FUNC
Davos,PROPN,NOUN
l’,NOUN,NOUN
é,CCONJ,FUNC
stæto,NOUN,NOUN
presentou,ADJ,ADJ
o,ADP,FUNC
Bord,PROPN,NOUN
of,X,OTHER
peace,X,OTHER
pe,X,OTHER
Gazza,PROPN,NOUN
con,VERB,VERB
20,NUM,ADJ
Paixi,PROPN,NOUN
.,PUNCT,PUNCT
Intanto,PROPN,NOUN
comensa,VERB,VERB
torna,ADJ,ADJ
e,AUX,VERB
trattative,ADJ,ADJ
in,X,OTHER
sce,NOUN,NOUN
l’,NOUN,NOUN
Ucraina,PROPN,NOUN
",",PUNCT,PUNCT
o,ADP,FUNC
Zelensky,NOUN,NOUN
o,ADP,FUNC
l’,NOUN,NOUN
à,ADP,FUNC
attaccou,NOUN,NOUN
:,PUNCT,PUNCT
«,PROPN,NOUN
Euröpa,PROPN,NOUN
spartia,PROPN,NOUN
e,PRON,PRON
persa,VERB,VERB
davanti,ADJ,ADJ
a,VERB,VERB
-,PROPN,NOUN
o,NOUN,NOUN
Trump,PROPN,NOUN
»,PUNCT,PUNCT
.,PUNCT,PUNCT
A,AUX,VERB
Ruscia,PROPN,NOUN
a,AUX,VERB
no,X,OTHER
ghe,X,OTHER
mòlla,VERB,VERB
in,X,OTHER
sciô,ADJ,ADJ
Donbass,PROPN,NOUN
.,PUNCT,PUNCT
"

",SPACE,OTHER
A,NOUN,NOUN
-,ADV,ADV
o,NOUN,NOUN
manco,VERB,VERB
43,NUM,ADJ
mòrti,NOUN,NOUN
e,PRON,PRON
ciù,NOUN,NOUN
de,ADP,FUNC
100,NUM,ADJ
ferii,NOUN,NOUN
in,X,OTHER
Spagna,PROPN,NOUN
pe,DET,PRON
un,DET,PRON
açidente,NOUN,NOUN
ferroviäio,ADJ,ADJ
tra,PRON,PRON
doî,ADP,FUNC
treni,NOUN,NOUN
spedii,VERB,VERB
in,X,OTHER
Andaluçia,PROPN,NOUN
",",PUNCT,PUNCT
vexin,VERB,VERB
à,ADP,FUNC
Còrdova,PROPN,NOUN
.,PUNCT,PUNCT
Trei,PRON,PRON
vagoin,NOUN,NOUN
scon,NOUN,NOUN
sciortii,VERB,VERB
feua,VERB,VERB
da,X,OTHER
-,PRON,PRON
e,PRON,PRON
colisse,ADJ,ADJ
.,PUNCT,PUNCT
Dexeñe,ADV,ADV
de,ADP,FUNC
persoñe,NOUN,NOUN
no,X,OTHER
son,DET,PRON
stæte,NOUN,NOUN
ancon,ADP,FUNC
attrovæ,NOUN,NOUN
.,PUNCT,PUNCT
Inta,PROPN,NOUN
mæxima,ADV,ADV
træta,ADV,ADV
gh’,AUX,VERB
ea,CCONJ,FUNC
za,PROPN,NOUN
stæto,ADJ,ADJ
eutto,ADV,ADV
guasti,ADJ,ADJ
inti,VERB,VERB
anni,ADJ,ADJ
passæ,ADJ,ADJ
.,PUNCT,PUNCT
Da,PROPN,NOUN
lì,PRON,PRON
à,ADP,FUNC
pöco,NOUN,NOUN
l’,NOUN,NOUN
é,ADP,FUNC
capitou,NOUN,NOUN
atri,PROPN,NOUN
doî,ADP,FUNC
açidenti,NOUN,NOUN
in,ADJ,ADJ
sciâ,NOUN,NOUN
ræ,ADP,FUNC
spagnòlla,ADJ,ADJ
.,PUNCT,PUNCT
In,NOUN,NOUN
Catalogna,PROPN,NOUN
",",PUNCT,PUNCT
vexin,VERB,VERB
à,ADP,FUNC
Gelida,PROPN,NOUN
",",PUNCT,PUNCT
un,DET,PRON
miagion,NOUN,NOUN
o,ADP,FUNC
l’,NOUN,NOUN
é,ADJ,ADJ
vegnuo,ADV,ADV
zu,ADJ,ADJ
tanto,ADV,ADV
che,DET,PRON
passava,NOUN,NOUN
un,DET,PRON
treno,NOUN,NOUN
regionale,ADJ,ADJ
",",PUNCT,PUNCT
fòscia,ADJ,ADJ
pe,X,OTHER
-,PROPN,NOUN
o,AUX,VERB
tempo,VERB,VERB
grammo,ADJ,ADJ
:,PUNCT,PUNCT
o,NOUN,NOUN
machinista,ADJ,ADJ
o,ADP,FUNC
l’,NOUN,NOUN
é,ADJ,ADJ
mòrto,ADJ,ADJ
.,PUNCT,PUNCT
Inta,PROPN,NOUN
mæxima,ADV,ADV
region,VERB,VERB
un,DET,PRON
atro,NOUN,NOUN
treno,VERB,VERB
o,ADP,FUNC
l’,NOUN,NOUN
é,CCONJ,FUNC
sciortio,ADJ,ADJ
pe,DET,PRON
di,PRON,PRON
magheu,VERB,VERB
cheiti,PROPN,NOUN
in,ADJ,ADJ
scê,NOUN,NOUN
colisse,ADJ,ADJ
.,PUNCT,PUNCT
"

",SPACE,OTHER
A,AUX,VERB
Commiscion,NOUN,NOUN
europea,NOUN,NOUN
a,AUX,VERB
l’,NOUN,NOUN
à,ADP,FUNC
firmou,NOUN,NOUN
in,X,OTHER
Paraguay,PROPN,NOUN
o,ADP,FUNC
neuvo,NOUN,NOUN
accòrdio,ADJ,ADJ
co-o,ADJ,ADJ
Mercosur,PROPN,NOUN
.,PUNCT,PUNCT
«,NUM,ADJ
Gh’,NOUN,NOUN
é,NOUN,NOUN
chi,VERB,VERB
tia,NOUN,NOUN
sciù,ADJ,ADJ
de,ADP,FUNC
miage,NOUN,NOUN
",",PUNCT,PUNCT
noiatri,NOUN,NOUN
femmo,ADJ,ADJ
di,ADP,FUNC
ponti,NOUN,NOUN
.,PUNCT,PUNCT
St’,ADJ,ADJ
inteisa,NOUN,NOUN
chì,VERB,VERB
a,AUX,VERB
l’,NOUN,NOUN
é,ADP,FUNC
un,DET,PRON
segnâ,NOUN,NOUN
pe,NOUN,NOUN
-,PROPN,NOUN
o,NOUN,NOUN
mondo,NOUN,NOUN
»,PUNCT,PUNCT
",",PUNCT,PUNCT
a,AUX,VERB
l’,NOUN,NOUN
à,ADP,FUNC
dito,NOUN,NOUN
a,AUX,VERB
prescidente,ADJ,ADJ
Ursula,NUM,ADJ
von,ADJ,ADJ
der,X,OTHER
Leyen,PROPN,NOUN
.,PUNCT,PUNCT
Ma,DET,PRON
da,PRON,PRON
lì,PRON,PRON
à,ADP,FUNC
no,PRON,PRON
guæi,VERB,VERB
o,ADP,FUNC
Parlamento,PROPN,NOUN
o,ADP,FUNC
l’,NOUN,NOUN
à,ADP,FUNC
bloccou,NOUN,NOUN
o,ADP,FUNC
testo,NOUN,NOUN
:,PUNCT,PUNCT
con,NOUN,NOUN
334,NUM,ADJ
scì,NOUN,NOUN
l’,NOUN,NOUN
é,ADP,FUNC
passou,PROPN,NOUN
a,AUX,VERB
domanda,VERB,VERB
de,ADP,FUNC
un,DET,PRON
gruppo,NOUN,NOUN
de,ADP,FUNC
deputæ,VERB,VERB
da,X,OTHER
Scinistra,PROPN,NOUN
",",PUNCT,PUNCT
di,CCONJ,FUNC
Verdi,PROPN,NOUN
e,PRON,PRON
di,ADP,FUNC
Liberali,PROPN,NOUN
de,ADP,FUNC
mandâlo,NOUN,NOUN
a,AUX,VERB
-,ADV,ADV
a,AUX,VERB
Corte,NOUN,NOUN
de,ADP,FUNC
giustiçia,NOUN,NOUN
pe,ADP,FUNC
un,DET,PRON
pai,NOUN,NOUN
de,ADP,FUNC
lezze,PROPN,NOUN
.,PUNCT,PUNCT
Oua,PROPN,NOUN
besorrià,VERB,VERB
aspëtâ,ADV,ADV
l’,ADJ,ADJ
examme,PROPN,NOUN
",",PUNCT,PUNCT
ch’,ADJ,ADJ
o,ADP,FUNC
porrieiva,VERB,VERB
duâ,NOUN,NOUN
pe,NOUN,NOUN
di,PRON,PRON
meixi,VERB,VERB
.,PUNCT,PUNCT
A,AUX,VERB
Germania,PROPN,NOUN
a,AUX,VERB
vorrieiva,VERB,VERB
applicâ,NOUN,NOUN
l’,ADJ,ADJ
accòrdio,ADJ,ADJ
de,ADP,FUNC
mainea,ADJ,ADJ
provisöia,ADJ,ADJ
.,PUNCT,PUNCT
Un,DET,PRON
zoeno,NOUN,NOUN
de,ADP,FUNC
19,NUM,ADJ
anni,NOUN,NOUN
",",PUNCT,PUNCT
Youssef,PROPN,NOUN
Abanoub,PROPN,NOUN
",",PUNCT,PUNCT
originäio,NOUN,NOUN
de,ADP,FUNC
l’,NOUN,NOUN
Egitto,PROPN,NOUN
o,ADP,FUNC
l’,NOUN,NOUN
é,VERB,VERB
stæto,NOUN,NOUN
ammassou,PROPN,NOUN
con,X,OTHER
unna,VERB,VERB
cotellâ,VERB,VERB
da,ADJ,ADJ
un,DET,PRON
compagno,NOUN,NOUN
de,ADP,FUNC
scheua,NOUN,NOUN
inte,ADJ,ADJ
un,DET,PRON
instituto,NOUN,NOUN
profescionale,ADJ,ADJ
de,ADP,FUNC
Spezza,PROPN,NOUN
.,PUNCT,PUNCT
O,NOUN,NOUN
l’,NOUN,NOUN
é,VERB,VERB
avvegnuo,VERB,VERB
a,AUX,VERB
-,ADV,ADV
i,ADJ,ADJ
16,NUM,ADJ
de,ADP,FUNC
zenâ,NOUN,NOUN
pöco,ADJ,ADJ
primma,ADJ,ADJ
de,ADP,FUNC
mezogiorno,NOUN,NOUN
.,PUNCT,PUNCT
A,AUX,VERB
poliçia,VERB,VERB
a,VERB,VERB
l’,NOUN,NOUN
à,ADP,FUNC
arrestou,NOUN,NOUN
un,DET,PRON
studente,NOUN,NOUN
de,ADP,FUNC
18,NUM,ADJ
anni,NOUN,NOUN
de,ADP,FUNC
naçionalitæ,NOUN,NOUN
marocchiña,PROPN,NOUN
",",PUNCT,PUNCT
Zouhair,PROPN,NOUN
Atif,PROPN,NOUN
",",PUNCT,PUNCT
bloccou,NOUN,NOUN
e,PRON,PRON
desarmou,NOUN,NOUN
da,ADJ,ADJ
un,DET,PRON
professô,NOUN,NOUN
.,PUNCT,PUNCT
Segondo,PROPN,NOUN
a,AUX,VERB
reconstruçion,NOUN,NOUN
",",PUNCT,PUNCT
i,ADJ,ADJ
doî,ADP,FUNC
aivan,NOUN,NOUN
comensou,PROPN,NOUN
a,AUX,VERB
rattellâ,VERB,VERB
inti,DET,PRON
bagni,NOUN,NOUN
",",PUNCT,PUNCT
se,PRON,PRON
pensa,VERB,VERB
pe,ADP,FUNC
unna,VERB,VERB
figgia,VERB,VERB
",",PUNCT,PUNCT
dapeu,ADP,FUNC
gh’,NOUN,NOUN
é,CCONJ,FUNC
stæto,NOUN,NOUN
l’,NOUN,NOUN
aggrescion,PROPN,NOUN
inte,ADJ,ADJ
unna,ADJ,ADJ
classe,NOUN,NOUN
.,PUNCT,PUNCT
A,AUX,VERB
lamma,VERB,VERB
a,AUX,VERB
l’,NOUN,NOUN
é,VERB,VERB
arrivâ,ADJ,ADJ
fin,NOUN,NOUN
a,VERB,VERB
-,DET,PRON
o,AUX,VERB
figæto,VERB,VERB
e,PRON,PRON
a,AUX,VERB
-,ADV,ADV
a,AUX,VERB
minsa,VERB,VERB
.,PUNCT,PUNCT
I,NOUN,NOUN
meghi,NOUN,NOUN
de,ADP,FUNC
l’,NOUN,NOUN
uspiâ,ADJ,ADJ
Sant’,NOUN,NOUN
Andria,PROPN,NOUN
an,NOUN,NOUN
fæto,ADJ,ADJ
tutto,ADJ,ADJ
o,ADP,FUNC
poscibile,PROPN,NOUN
e,PROPN,NOUN
l’,NOUN,NOUN
an,NOUN,NOUN
sottopòsto,VERB,VERB
à,ADP,FUNC
unn’,DET,PRON
operaçion,NOUN,NOUN
pe,NOUN,NOUN
sarvâlo,PROPN,NOUN
",",PUNCT,PUNCT
ma,DET,PRON
inta,VERB,VERB
seiaña,ADJ,ADJ
o,ADP,FUNC
Youssef,PROPN,NOUN
o,ADP,FUNC
l’,NOUN,NOUN
à,ADP,FUNC
finio,NOUN,NOUN
de,ADP,FUNC
vive,ADJ,ADJ
.,PUNCT,PUNCT
"

",SPACE,OTHER
Dòppo,PROPN,NOUN
trent’,NOUN,NOUN
anni,NOUN,NOUN
gh’,NOUN,NOUN
é,ADP,FUNC
unna,PRON,PRON
sentensa,VERB,VERB
de,ADP,FUNC
primmo,NOUN,NOUN
graddo,ADJ,ADJ
pe,ADP,FUNC
l’,NOUN,NOUN
assascinio,PROPN,NOUN
da,ADJ,ADJ
Nada,PROPN,NOUN
Cella,PROPN,NOUN
",",PUNCT,PUNCT
ammassâ,ADV,ADV
de,ADP,FUNC
24,NUM,ADJ
anni,NOUN,NOUN
into,ADJ,ADJ
scagno,ADJ,ADJ
do,ADP,FUNC
commerçialista,NOUN,NOUN
Marco,PROPN,NOUN
Soracco,PROPN,NOUN
de,ADP,FUNC
Ciavai,PROPN,NOUN
.,PUNCT,PUNCT
A,ADP,FUNC
Corte,NOUN,NOUN
d’,X,OTHER
assise,VERB,VERB
de,ADP,FUNC
Zena,PROPN,NOUN
a,VERB,VERB
l’,NOUN,NOUN
à,ADP,FUNC
deciarou,NOUN,NOUN
corpeive,ADJ,ADJ
a,VERB,VERB
Annalucia,PROPN,NOUN
Cecere,PROPN,NOUN
e,X,OTHER
a,VERB,VERB
l’,NOUN,NOUN
à,ADP,FUNC
condannâ,NOUN,NOUN
à,ADP,FUNC
24,NUM,ADJ
anni,NOUN,NOUN
de,ADP,FUNC
prexon,NOUN,NOUN
.,PUNCT,PUNCT
A,AUX,VERB
Procua,PROPN,NOUN
a,AUX,VERB
l’,NOUN,NOUN
aiva,ADJ,ADJ
domandou,PROPN,NOUN
a,AUX,VERB
prexon,ADJ,ADJ
à,ADP,FUNC
vitta,NOUN,NOUN
.,PUNCT,PUNCT
O,NOUN,NOUN
Soracco,PROPN,NOUN
o,ADP,FUNC
l’,NOUN,NOUN
é,ADJ,ADJ
stæto,VERB,VERB
condannou,VERB,VERB
à,ADP,FUNC
doî,DET,PRON
anni,NOUN,NOUN
pe,ADP,FUNC
façilitaçion,NOUN,NOUN
.,PUNCT,PUNCT
«,PUNCT,PUNCT
Pensava,NOUN,NOUN
che,NOUN,NOUN
l’,NOUN,NOUN
avessan,NOUN,NOUN
ascordâ,SCONJ,FUNC
",",PUNCT,PUNCT
oua,ADV,ADV
s’,VERB,VERB
é,ADP,FUNC
fæto,NOUN,NOUN
giustiçia,ADJ,ADJ
»,PUNCT,PUNCT
",",PUNCT,PUNCT
o,ADP,FUNC
commento,NOUN,NOUN
da,X,OTHER
coxiña,VERB,VERB
Silvia,ADP,FUNC
Cella,PROPN,NOUN
.,PUNCT,PUNCT
«,ADP,FUNC
Son,DET,PRON
contenta,NOUN,NOUN
e,NOUN,NOUN
commòssa,VERB,VERB
",",PUNCT,PUNCT
a,AUX,VERB
sentensa,VERB,VERB
d’,ADV,ADV
ancheu,PRON,PRON
a,AUX,VERB
l’,NOUN,NOUN
é,VERB,VERB
tròppo,VERB,VERB
importante,ADJ,ADJ
»,PUNCT,PUNCT
",",PUNCT,PUNCT
a,AUX,VERB
l’,NOUN,NOUN
à,ADP,FUNC
dito,NOUN,NOUN
a,AUX,VERB
Sabrina,PROPN,NOUN
Franzone,PROPN,NOUN
",",PUNCT,PUNCT
l’,NOUN,NOUN
avvocata,PROPN,NOUN
da,ADJ,ADJ
seu,ADP,FUNC
Daniela,NOUN,NOUN
Cella,PROPN,NOUN
.,PUNCT,PUNCT
E,NOUN,NOUN
motivaçion,NOUN,NOUN
da,ADJ,ADJ
sentensa,VERB,VERB
saian,ADV,ADV
fæte,ADV,ADV
conosce,PROPN,NOUN
da,PRON,PRON
cjì,VERB,VERB
à,ADP,FUNC
90,NUM,ADJ
giorni,NOUN,NOUN
.,PUNCT,PUNCT
"

",SPACE,OTHER
O,NOUN,NOUN
prescidente,ADJ,ADJ
da,ADJ,ADJ
Region,NOUN,NOUN
Liguria,PROPN,NOUN
Marco,PROPN,NOUN
Bucci,PROPN,NOUN
o,ADP,FUNC
l’,NOUN,NOUN
à,ADP,FUNC
nominou,VERB,VERB
i,ADJ,ADJ
doî,ADP,FUNC
neuvi,ADJ,ADJ
assessoî,ADJ,ADJ
da,ADJ,ADJ
seu,NOUN,NOUN
zonta,ADJ,ADJ
:,PUNCT,PUNCT
son,DET,PRON
a,X,OTHER
Claudia,PROPN,NOUN
Morich,PROPN,NOUN
",",PUNCT,PUNCT
pe,ADP,FUNC
chinz’,PROPN,NOUN
anni,NOUN,NOUN
à,ADP,FUNC
cappo,ADV,ADV
da,X,OTHER
direçion,NOUN,NOUN
finançiäia,ADJ,ADJ
",",PUNCT,PUNCT
e,PRON,PRON
o,ADP,FUNC
conseggê,VERB,VERB
da,DET,PRON
Lega,NOUN,NOUN
Alessio,PROPN,NOUN
Piana,PROPN,NOUN
.,PUNCT,PUNCT
I,NOUN,NOUN
componenti,ADJ,ADJ
montan,NOUN,NOUN
coscì,ADJ,ADJ
à,ADP,FUNC
neuve,ADJ,ADJ
graçie,NOUN,NOUN
a,AUX,VERB
-,PRON,PRON
a,AUX,VERB
reforma,VERB,VERB
do,DET,PRON
Statuto,PROPN,NOUN
e,PRON,PRON
a,AUX,VERB
-,ADV,ADV
a,AUX,VERB
lezze,VERB,VERB
naçionale,ADJ,ADJ
.,PUNCT,PUNCT
A,NOUN,NOUN
Simona,X,OTHER
Ferro,PROPN,NOUN
a,AUX,VERB
vëgne,VERB,VERB
viçeprescidente,NOUN,NOUN
incangio,VERB,VERB
do,ADP,FUNC
Alessandro,PROPN,NOUN
Piana,PROPN,NOUN
.,PUNCT,PUNCT
O,NOUN,NOUN
Giacomo,PROPN,NOUN
Giampedrone,PROPN,NOUN
o,ADP,FUNC
piggia,NOUN,NOUN
unna,ADJ,ADJ
neuva,ADJ,ADJ
delega,ADP,FUNC
in,X,OTHER
sciâ,NOUN,NOUN
diga,ADJ,ADJ
do,ADP,FUNC
pòrto,NOUN,NOUN
de,ADP,FUNC
Zena,PROPN,NOUN
e,AUX,VERB
quella,ADV,ADV
à,ADP,FUNC
l’,NOUN,NOUN
Ambiente,PROPN,NOUN
a,AUX,VERB
va,VERB,VERB
a,VERB,VERB
-,VERB,VERB
o,CCONJ,FUNC
Paolo,PROPN,NOUN
Ripamonti,PROPN,NOUN
.,PUNCT,PUNCT
O,NOUN,NOUN
Angelo,PROPN,NOUN
Vaccarezza,PROPN,NOUN
o,ADP,FUNC
l’,NOUN,NOUN
avià,VERB,VERB
un,DET,PRON
incarrego,NOUN,NOUN
in,ADJ,ADJ
scê,NOUN,NOUN
relaçioin,NOUN,NOUN
internaçionale,ADJ,ADJ
e,NOUN,NOUN
i,ADJ,ADJ
Enti,PROPN,NOUN
locali,ADJ,ADJ
.,PUNCT,PUNCT
«,PUNCT,PUNCT
A,NOUN,NOUN
maggioransa,VERB,VERB
a,AUX,VERB
l’,NOUN,NOUN
é,CCONJ,FUNC
fòrte,ADJ,ADJ
»,PUNCT,PUNCT
",",PUNCT,PUNCT
o,ADP,FUNC
l’,NOUN,NOUN
à,ADP,FUNC
respòsto,NOUN,NOUN
o,ADP,FUNC
Bucci,PROPN,NOUN
in,ADJ,ADJ
scê,NOUN,NOUN
rouxie,VERB,VERB
che,NOUN,NOUN
vegnieivan,NOUN,NOUN
da,ADJ,ADJ
-,PRON,PRON
e,X,OTHER
liste,NOUN,NOUN
çiviche,ADJ,ADJ
.,PUNCT,PUNCT
"

",SPACE,OTHER
Se,PRON,PRON
votià,VERB,VERB
a,AUX,VERB
-,ADV,ADV
i,ADJ,ADJ
22,NUM,ADJ
e,NOUN,NOUN
23,PRON,PRON
de,ADP,FUNC
marso,NOUN,NOUN
pe,NOUN,NOUN
-,PROPN,NOUN
o,ADJ,ADJ
referendum,NOUN,NOUN
constituçionale,ADJ,ADJ
in,ADP,FUNC
sciâ,NOUN,NOUN
reforma,PROPN,NOUN
da,DET,PRON
giustiçia,VERB,VERB
ch’,ADJ,ADJ
o,ADP,FUNC
prevedde,NOUN,NOUN
sorviatutto,ADJ,ADJ
a,AUX,VERB
spartiçion,NOUN,NOUN
de,ADP,FUNC
carree,NOUN,NOUN
di,ADP,FUNC
magistrati,PROPN,NOUN
.,PUNCT,PUNCT
A,AUX,VERB
deçixon,ADV,ADV
a,AUX,VERB
l’,NOUN,NOUN
é,ADJ,ADJ
stæta,VERB,VERB
piggiâ,ADV,ADV
da,VERB,VERB
-,PROPN,NOUN
o,ADP,FUNC
Conseggio,PROPN,NOUN
di,DET,PRON
ministri,NOUN,NOUN
.,PUNCT,PUNCT
L’,PROPN,NOUN
oppoxiçion,NOUN,NOUN
a,AUX,VERB
protesta,ADJ,ADJ
:,PUNCT,PUNCT
«,PUNCT,PUNCT
O,NOUN,NOUN
Governo,PROPN,NOUN
o,ADP,FUNC
l’,NOUN,NOUN
à,ADP,FUNC
poia,NOUN,NOUN
di,PRON,PRON
çittæn,ADJ,ADJ
informæ,ADJ,ADJ
»,PUNCT,PUNCT
.,PUNCT,PUNCT
Intanto,NOUN,NOUN
l’,ADJ,ADJ
iniçiativa,ADJ,ADJ
popolare,ADV,ADV
pe,PRON,PRON
ottegnî,VERB,VERB
un,DET,PRON
referendum,NOUN,NOUN
in,ADJ,ADJ
sciâ,NOUN,NOUN
mæxima,ADJ,ADJ
lezze,ADJ,ADJ
o,ADP,FUNC
l’,NOUN,NOUN
é,VERB,VERB
arrivou,VERB,VERB
a,AUX,VERB
-,DET,PRON
o,NOUN,NOUN
quorum,NOUN,NOUN
de,ADP,FUNC
500mia,NUM,ADJ
firme,NOUN,NOUN
.,PUNCT,PUNCT
Contra,PROPN,NOUN
a,AUX,VERB
delibera,VERB,VERB
do,ADP,FUNC
Governo,PROPN,NOUN
co-a,NOUN,NOUN
dæta,NOUN,NOUN
da,DET,PRON
votaçion,NOUN,NOUN
i,ADJ,ADJ
proponenti,ADJ,ADJ
an,NOUN,NOUN
presentou,VERB,VERB
un,DET,PRON
recorso,NOUN,NOUN
a,X,OTHER
-,DET,PRON
o,VERB,VERB
Tar,ADJ,ADJ
do,PRON,PRON
Laçio,PROPN,NOUN
.,PUNCT,PUNCT
I,NOUN,NOUN
giudiçi,NOUN,NOUN
amministrativi,VERB,VERB
no,X,OTHER
an,NOUN,NOUN
sospeiso,NOUN,NOUN
o,ADP,FUNC
provedimento,NOUN,NOUN
",",PUNCT,PUNCT
ma,DET,PRON
an,NOUN,NOUN
fissou,PROPN,NOUN
a,AUX,VERB
deçixon,VERB,VERB
a,AUX,VERB
-,ADV,ADV
i,ADJ,ADJ
27,PRON,PRON
de,ADP,FUNC
zenâ,NOUN,NOUN
",",PUNCT,PUNCT
a,AUX,VERB
meitæ,NOUN,NOUN
di,PRON,PRON
termini,NOUN,NOUN
de,ADP,FUNC
lezze,PROPN,NOUN
.,PUNCT,PUNCT
"

",SPACE,OTHER
O,NOUN,NOUN
prescidente,ADJ,ADJ
de,ADP,FUNC
l’,NOUN,NOUN
Autoritæ,PROPN,NOUN
garante,ADJ,ADJ
pe,NOUN,NOUN
-,NOUN,NOUN
a,AUX,VERB
proteçion,VERB,VERB
di,PRON,PRON
dæti,VERB,VERB
personali,ADV,ADV
Pasquale,ADJ,ADJ
Stanzione,PROPN,NOUN
o,ADP,FUNC
l’,NOUN,NOUN
é,ADP,FUNC
indagou,ADJ,ADJ
da,X,OTHER
-,PRON,PRON
a,AUX,VERB
Procua,VERB,VERB
de,ADP,FUNC
Romma,PROPN,NOUN
",",PUNCT,PUNCT
insemme,NOUN,NOUN
con,PRON,PRON
tutto,ADJ,ADJ
o,ADP,FUNC
Collegio,PROPN,NOUN
",",PUNCT,PUNCT
pe,AUX,VERB
corruçion,NOUN,NOUN
e,CCONJ,FUNC
destornaçion,NOUN,NOUN
de,ADP,FUNC
dinæ,NOUN,NOUN
pubrichi,ADJ,ADJ
.,PUNCT,PUNCT
L’,PROPN,NOUN
investigaçion,NOUN,NOUN
a,AUX,VERB
l’,NOUN,NOUN
ea,CCONJ,FUNC
stæta,VERB,VERB
inandiâ,ADJ,ADJ
inti,DET,PRON
meixi,AUX,VERB
passæ,ADJ,ADJ
dòppo,VERB,VERB
di,ADP,FUNC
serviçi,ADJ,ADJ
mandæ,NOUN,NOUN
in,CCONJ,FUNC
onda,NOUN,NOUN
da,DET,PRON
Report,NOUN,NOUN
",",PUNCT,PUNCT
a,AUX,VERB
-,ADV,ADV
i,ADJ,ADJ
15,PRON,PRON
de,ADP,FUNC
zenâ,NOUN,NOUN
gh’,ADJ,ADJ
é,ADP,FUNC
stæto,NOUN,NOUN
ascì,NOUN,NOUN
de,ADP,FUNC
perquixiçioin,NOUN,NOUN
.,PUNCT,PUNCT
Pe,ADP,FUNC
l’,NOUN,NOUN
accusa,VERB,VERB
i,ADJ,ADJ
indagæ,NOUN,NOUN
avieivan,ADJ,ADJ
reçevuo,ADJ,ADJ
de,ADP,FUNC
tessie,NOUN,NOUN
de,ADP,FUNC
l’,NOUN,NOUN
Ita,NOUN,NOUN
Airways,PROPN,NOUN
in,X,OTHER
cangio,VERB,VERB
de,ADP,FUNC
unna,DET,PRON
sançion,NOUN,NOUN
mancâ,PROPN,NOUN
",",PUNCT,PUNCT
e,AUX,VERB
avieivan,ADJ,ADJ
fæto,ADJ,ADJ
de,ADP,FUNC
speise,NOUN,NOUN
–,PROPN,NOUN
comme,SCONJ,FUNC
röba,NOUN,NOUN
da,DET,PRON
mangiâ,NOUN,NOUN
",",PUNCT,PUNCT
appontamenti,ADJ,ADJ
da,X,OTHER
-,VERB,VERB
o,NOUN,NOUN
perrucchê,NOUN,NOUN
",",PUNCT,PUNCT
viægi,ADJ,ADJ
e,NOUN,NOUN
aberghi,VERB,VERB
à,ADP,FUNC
çinque,NOUN,NOUN
stelle,ADJ,ADJ
–,ADJ,ADJ
co-i,VERB,VERB
dinæ,NOUN,NOUN
de,ADP,FUNC
l’,NOUN,NOUN
Autoritæ,PROPN,NOUN
.,PUNCT,PUNCT
«,PROPN,NOUN
Ninte,PROPN,NOUN
dimiscioin,X,OTHER
",",PUNCT,PUNCT
anemmo,NOUN,NOUN
avanti,ADJ,ADJ
»,PUNCT,PUNCT
",",PUNCT,PUNCT
a,AUX,VERB
deciaraçion,NOUN,NOUN
do,ADP,FUNC
Collegio,PROPN,NOUN
.,PUNCT,PUNCT
"

",SPACE,OTHER
O,NOUN,NOUN
Alberto,PROPN,NOUN
Trentini,PROPN,NOUN
e,X,OTHER
o,ADP,FUNC
Mario,PROPN,NOUN
Burlò,PROPN,NOUN
son,DET,PRON
tornæ,NOUN,NOUN
in,X,OTHER
Italia,X,OTHER
dòppo,X,OTHER
che,NOUN,NOUN
son,DET,PRON
stæti,NOUN,NOUN
in,ADJ,ADJ
prexon,ADJ,ADJ
in,X,OTHER
Venezuela,PROPN,NOUN
pe,DET,PRON
400,NUM,ADJ
giorni,NOUN,NOUN
e,PRON,PRON
passa,VERB,VERB
.,PUNCT,PUNCT
I,NOUN,NOUN
doî,NOUN,NOUN
italien,NOUN,NOUN
",",PUNCT,PUNCT
liberæ,PROPN,NOUN
apreuvo,NOUN,NOUN
à,ADP,FUNC
l’,NOUN,NOUN
arresto,VERB,VERB
do,ADP,FUNC
prescidente,ADJ,ADJ
Maduro,PROPN,NOUN
",",PUNCT,PUNCT
son,DET,PRON
stæti,NOUN,NOUN
reçevui,ADJ,ADJ
à,ADP,FUNC
Ciampino,PROPN,NOUN
da,X,OTHER
-,PRON,PRON
a,AUX,VERB
prescidente,ADJ,ADJ
Meloni,PROPN,NOUN
e,X,OTHER
da,X,OTHER
-,PRON,PRON
o,NOUN,NOUN
ministr,PROPN,NOUN
Tajani,PROPN,NOUN
.,PUNCT,PUNCT
«,PUNCT,PUNCT
A,AUX,VERB
nòstra,AUX,VERB
contentessa,PRON,PRON
a,AUX,VERB
gh’,VERB,VERB
à,ADP,FUNC
un,DET,PRON
prexo,NOUN,NOUN
ertiscimo,ADJ,ADJ
–,PRON,PRON
o,ADP,FUNC
l’,NOUN,NOUN
à,ADP,FUNC
dito,NOUN,NOUN
o,ADP,FUNC
Trentini,PROPN,NOUN
–,PUNCT,PUNCT
gh’,DET,PRON
emmo,NOUN,NOUN
beseugno,ADJ,ADJ
de,ADP,FUNC
sënitæ,NOUN,NOUN
ma,DET,PRON
i,ADJ,ADJ
patimenti,PROPN,NOUN
no,PROPN,NOUN
se,PRON,PRON
scassan,VERB,VERB
»,PUNCT,PUNCT
.,PUNCT,PUNCT
«,PUNCT,PUNCT
A,NOUN,NOUN
l’,NOUN,NOUN
é,CCONJ,FUNC
stæta,VERB,VERB
ben,AUX,VERB
ben,NOUN,NOUN
dua,ADJ,ADJ
»,PUNCT,PUNCT
",",PUNCT,PUNCT
o,ADP,FUNC
commento,NOUN,NOUN
do,ADP,FUNC
Burlò,PROPN,NOUN
.,PUNCT,PUNCT
A,AUX,VERB
diplomaçia,VERB,VERB
e,PRON,PRON
i,ADJ,ADJ
serviçi,ADJ,ADJ
segretti,PROPN,NOUN
son,PRON,PRON
a,AUX,VERB
-,PROPN,NOUN
o,CCONJ,FUNC
travaggio,VERB,VERB
pe,DET,PRON
portâ,NOUN,NOUN
inderê,ADJ,ADJ
atri,PROPN,NOUN
42,NUM,ADJ
italien,NOUN,NOUN
.,PUNCT,PUNCT
"

",SPACE,OTHER
Alberto,NOUN,NOUN
Trentini,PROPN,NOUN
e,X,OTHER
Mario,PROPN,NOUN
Burlò,PROPN,NOUN
sono,VERB,VERB
tornati,ADJ,ADJ
in,X,OTHER
Italia,X,OTHER
dopo,NOUN,NOUN
essere,ADP,FUNC
stati,NOUN,NOUN
in,X,OTHER
carcere,NOUN,NOUN
in,X,OTHER
Venezuela,PROPN,NOUN
per,ADP,FUNC
oltre,NOUN,NOUN
400,NUM,ADJ
giorni,NOUN,NOUN
.,PUNCT,PUNCT
I,NOUN,NOUN
due,ADJ,ADJ
italiani,ADJ,ADJ
",",PUNCT,PUNCT
liberati,PROPN,NOUN
in,X,OTHER
seguito,ADJ,ADJ
all’,PRON,PRON
arresto,VERB,VERB
del,ADJ,ADJ
presidente,ADJ,ADJ
Maduro,PROPN,NOUN
",",PUNCT,PUNCT
sono,VERB,VERB
stati,NOUN,NOUN
ricevuti,VERB,VERB
a,AUX,VERB
Ciampino,PROPN,NOUN
dalla,PROPN,NOUN
presidente,ADJ,ADJ
Meloni,PROPN,NOUN
e,PRON,PRON
dal,ADV,ADV
ministro,ADP,FUNC
Tajani,PROPN,NOUN
.,PUNCT,PUNCT
«,ADP,FUNC
La,DET,PRON
nostra,VERB,VERB
felicità,NOUN,NOUN
ha,DET,PRON
un,DET,PRON
prezzo,NOUN,NOUN
altissimo,ADJ,ADJ
–,PRON,PRON
ha,DET,PRON
detto,NOUN,NOUN
Trentini,ADJ,ADJ
–,PRON,PRON
abbiamo,VERB,VERB
bisogno,PROPN,NOUN
di,VERB,VERB
serenità,VERB,VERB
ma,DET,PRON
le,DET,PRON
sofferenze,NOUN,NOUN
non,ADV,ADV
si,SCONJ,FUNC
cancellano,ADJ,ADJ
»,PUNCT,PUNCT
.,PUNCT,PUNCT
«,ADP,FUNC
È,NOUN,NOUN
stata,VERB,VERB
molto,ADV,ADV
dura,VERB,VERB
»,PUNCT,PUNCT
",",PUNCT,PUNCT
commenta,VERB,VERB
Burlò,PROPN,NOUN
.,PUNCT,PUNCT
Diplomazia,PROPN,NOUN
e,AUX,VERB
servizi,NOUN,NOUN
segreti,ADJ,ADJ
sono,VERB,VERB
al,CCONJ,FUNC
lavoro,NOUN,NOUN
per,ADP,FUNC
riportare,NOUN,NOUN
in,ADJ,ADJ
patria,NOUN,NOUN
altri,PROPN,NOUN
42,NUM,ADJ
italiani,NOUN,NOUN
.,PUNCT,PUNCT
"

",SPACE,OTHER
Miggiæa,NOUN,NOUN
de,ADP,FUNC
mòrti,PROPN,NOUN
in,X,OTHER
Iran,PROPN,NOUN
pe,X,OTHER
-,PROPN,NOUN
e,NOUN,NOUN
proteste,VERB,VERB
contra,ADJ,ADJ
o,ADP,FUNC
regimme,VERB,VERB
di,CCONJ,FUNC
ayatollah,PROPN,NOUN
.,PUNCT,PUNCT
Iran,PROPN,NOUN
International,NOUN,NOUN
o,ADP,FUNC
l’,NOUN,NOUN
à,ADP,FUNC
astimmou,NOUN,NOUN
a,AUX,VERB
-,DET,PRON
o,NOUN,NOUN
manco,NOUN,NOUN
12mia,NUM,ADJ
vittime,NOUN,NOUN
",",PUNCT,PUNCT
e,AUX,VERB
ciù,PRON,PRON
tante,NOUN,NOUN
sotta,VERB,VERB
i,ADJ,ADJ
30,NUM,ADJ
anni,NOUN,NOUN
",",PUNCT,PUNCT
pe,NOUN,NOUN
-,PROPN,NOUN
o,NOUN,NOUN
governo,VERB,VERB
son,DET,PRON
3mia,NUM,ADJ
compreiso,NOUN,NOUN
a,AUX,VERB
poliçia,VERB,VERB
.,PUNCT,PUNCT
O,NOUN,NOUN
prescidente,ADJ,ADJ
american,ADJ,ADJ
Donald,NOUN,NOUN
Trump,PROPN,NOUN
o,ADP,FUNC
l’,NOUN,NOUN
à,ADP,FUNC
sponciou,ADJ,ADJ
i,ADJ,ADJ
manifestanti,PROPN,NOUN
à,ADP,FUNC
anâ,PRON,PRON
avanti,ADJ,ADJ
e,X,OTHER
piggiâ,X,OTHER
o,ADP,FUNC
contròllo,NOUN,NOUN
de,ADP,FUNC
instituçioin,NOUN,NOUN
:,PUNCT,PUNCT
«,PROPN,NOUN
L’,PROPN,NOUN
aggiutto,PRON,PRON
o,ADP,FUNC
l’,NOUN,NOUN
é,NOUN,NOUN
in,ADJ,ADJ
arrivo,VERB,VERB
»,PUNCT,PUNCT
",",PUNCT,PUNCT
o,ADP,FUNC
l’,NOUN,NOUN
à,ADP,FUNC
promisso,NOUN,NOUN
.,PUNCT,PUNCT
Pe,PUNCT,PUNCT
Mosca,PROPN,NOUN
e,AUX,VERB
menasse,VERB,VERB
à,ADP,FUNC
Teheran,NOUN,NOUN
«,PUNCT,PUNCT
no,X,OTHER
se,PRON,PRON
peuan,VERB,VERB
açettâ,ADP,FUNC
»,PUNCT,PUNCT
e,AUX,VERB
un,DET,PRON
neuvo,NOUN,NOUN
attacco,ADJ,ADJ
o,ADP,FUNC
l’,NOUN,NOUN
avieiva,VERB,VERB
«,NUM,ADJ
conseguense,VERB,VERB
desastrose,ADJ,ADJ
»,PUNCT,PUNCT
.,PUNCT,PUNCT
Ma,DET,PRON
i,ADJ,ADJ
Stati,PROPN,NOUN
Unii,PROPN,NOUN
saieivan,PROPN,NOUN
pronti,ADJ,ADJ
o,ADP,FUNC
mæximo,VERB,VERB
à,ADP,FUNC
un,DET,PRON
intervento,NOUN,NOUN
militare,ADJ,ADJ
.,PUNCT,PUNCT
I,NOUN,NOUN
Paixi,ADJ,ADJ
europëi,NOUN,NOUN
an,NOUN,NOUN
serrou,VERB,VERB
e,PRON,PRON
ambasciæ,ADJ,ADJ
e,NOUN,NOUN
an,NOUN,NOUN
invitou,ADJ,ADJ
i,ADJ,ADJ
seu,PRON,PRON
çittæn,NOUN,NOUN
à,ADP,FUNC
lasciâ,NOUN,NOUN
o,ADP,FUNC
Paise,PROPN,NOUN
.,PUNCT,PUNCT
O,NOUN,NOUN
Reza,NOUN,NOUN
Pahlavi,PROPN,NOUN
",",PUNCT,PUNCT
figgio,VERB,VERB
de,ADP,FUNC
l’,NOUN,NOUN
urtimo,VERB,VERB
scià,ADJ,ADJ
:,PUNCT,PUNCT
«,NOUN,NOUN
Son,DET,PRON
l’,NOUN,NOUN
unico,NOUN,NOUN
ch’,ADJ,ADJ
o,ADP,FUNC
peu,ADV,ADV
garantî,ADJ,ADJ
a,AUX,VERB
tranxiçion,NOUN,NOUN
»,PUNCT,PUNCT
.,PUNCT,PUNCT
"

",SPACE,OTHER
«,PUNCT,PUNCT
A,NOUN,NOUN
Groenlandia,PROPN,NOUN
a,AUX,VERB
ne,ADV,ADV
serve,VERB,VERB
pe,DET,PRON
raxoin,NOUN,NOUN
de,ADP,FUNC
seguessa,VERB,VERB
»,PUNCT,PUNCT
.,PUNCT,PUNCT
L’,PROPN,NOUN
à,ADP,FUNC
dito,NOUN,NOUN
torna,ADJ,ADJ
o,ADP,FUNC
prescidente,NOUN,NOUN
di,DET,PRON
Stati,PROPN,NOUN
Unii,PROPN,NOUN
Donald,PROPN,NOUN
Trump,PROPN,NOUN
",",PUNCT,PUNCT
cha,ADP,FUNC
dapeu,ADV,ADV
o,ADP,FUNC
l’,NOUN,NOUN
à,ADP,FUNC
menassou,PROPN,NOUN
o,ADP,FUNC
resto,VERB,VERB
do,NOUN,NOUN
mondo,NOUN,NOUN
:,PUNCT,PUNCT
«,NOUN,NOUN
Daçi,NOUN,NOUN
à,ADP,FUNC
chi,PROPN,NOUN
se,PRON,PRON
mette,VERB,VERB
contra,VERB,VERB
di,ADP,FUNC
mi,ADJ,ADJ
»,PUNCT,PUNCT
.,PUNCT,PUNCT
Ma,DET,PRON
a,AUX,VERB
Ruscia,PROPN,NOUN
a,VERB,VERB
l’,NOUN,NOUN
à,ADP,FUNC
strinou,VERB,VERB
:,PUNCT,PUNCT
«,PUNCT,PUNCT
Pe,AUX,VERB
noiatri,NOUN,NOUN
a,AUX,VERB
l’,NOUN,NOUN
é,VERB,VERB
parte,VERB,VERB
do,DET,PRON
Regno,PROPN,NOUN
de,ADP,FUNC
Danimarca,PROPN,NOUN
»,PUNCT,PUNCT
.,PUNCT,PUNCT
Intanto,PROPN,NOUN
Copenaghen,PROPN,NOUN
a,AUX,VERB
l’,NOUN,NOUN
à,ADP,FUNC
rinforsou,NOUN,NOUN
a,AUX,VERB
presensa,VERB,VERB
militare,NOUN,NOUN
in,X,OTHER
sce,NOUN,NOUN
l’,NOUN,NOUN
isoa,ADJ,ADJ
",",PUNCT,PUNCT
a,AUX,VERB
Sveçia,VERB,VERB
a,VERB,VERB
l’,NOUN,NOUN
à,ADP,FUNC
mandou,PROPN,NOUN
di,ADP,FUNC
sordatti,NOUN,NOUN
e,NOUN,NOUN
o,ADP,FUNC
Regno,PROPN,NOUN
Unio,NOUN,NOUN
ascì,ADJ,ADJ
o,ADP,FUNC
l’,NOUN,NOUN
é,ADP,FUNC
apreuvo,NOUN,NOUN
à,ADP,FUNC
negoçiâ,NOUN,NOUN
co-i,VERB,VERB
amixi,NOUN,NOUN
europëi,NOUN,NOUN
un,DET,PRON
intervento,NOUN,NOUN
pe,ADP,FUNC
garantî,NOUN,NOUN
a,AUX,VERB
seguessa,VERB,VERB
de,ADP,FUNC
l’,NOUN,NOUN
Artico,PROPN,NOUN
.,PUNCT,PUNCT
A,AUX,VERB
Fransa,VERB,VERB
a,AUX,VERB
l’,NOUN,NOUN
é,ADJ,ADJ
pronta,VERB,VERB
à,ADP,FUNC
spedî,ADV,ADV
fin,NOUN,NOUN
à,ADP,FUNC
6mila,PROPN,NOUN
sordatti,ADJ,ADJ
in,X,OTHER
Ucraina,PROPN,NOUN
dòppo,ADJ,ADJ
finio,NOUN,NOUN
a,AUX,VERB
guæra,PROPN,NOUN
e,X,OTHER
Londra,PROPN,NOUN
a,VERB,VERB
mettià,NOUN,NOUN
230,NUM,ADJ
mioin,NOUN,NOUN
pe,NOUN,NOUN
-,PROPN,NOUN
o,NOUN,NOUN
seu,ADV,ADV
exerçito,ADJ,ADJ
.,PUNCT,PUNCT
"

",SPACE,OTHER
L’,DET,PRON
investigaçion,NOUN,NOUN
in,ADJ,ADJ
sciâ,NOUN,NOUN
strage,ADJ,ADJ
do,ADP,FUNC
Primmo,NOUN,NOUN
de,ADP,FUNC
l’,NOUN,NOUN
anno,NOUN,NOUN
à,ADP,FUNC
Crans,PROPN,NOUN
-,PROPN,NOUN
Montana,PROPN,NOUN
",",PUNCT,PUNCT
in,PROPN,NOUN
Svissera,PROPN,NOUN
",",PUNCT,PUNCT
donde,VERB,VERB
40,NUM,ADJ
persoñe,VERB,VERB
son,DET,PRON
mòrte,NOUN,NOUN
inte,ADJ,ADJ
l’,ADJ,ADJ
inçendio,ADJ,ADJ
de,ADP,FUNC
un,DET,PRON
locale,NOUN,NOUN
",",PUNCT,PUNCT
a,AUX,VERB
s’,VERB,VERB
allarga,ADJ,ADJ
a,AUX,VERB
-,DET,PRON
i,ADJ,ADJ
contròlli,NOUN,NOUN
mancæ,ADV,ADV
da,DET,PRON
parte,VERB,VERB
do,NOUN,NOUN
Commun,PROPN,NOUN
.,PUNCT,PUNCT
A,AUX,VERB
viçescindica,VERB,VERB
do,NOUN,NOUN
paise,NOUN,NOUN
a,VERB,VERB
l’,NOUN,NOUN
à,ADP,FUNC
ciammou,NOUN,NOUN
scuse,ADJ,ADJ
.,PUNCT,PUNCT
O,NOUN,NOUN
Jacques,PROPN,NOUN
Moretti,PROPN,NOUN
",",PUNCT,PUNCT
baccan,NOUN,NOUN
do,DET,PRON
Le,DET,PRON
Constellation,NOUN,NOUN
co-a,VERB,VERB
moggê,ADJ,ADJ
Jessica,PROPN,NOUN
",",PUNCT,PUNCT
o,ADP,FUNC
l’,NOUN,NOUN
é,CCONJ,FUNC
ancon,VERB,VERB
in,PRON,PRON
prexon,ADJ,ADJ
pe,NOUN,NOUN
-,PROPN,NOUN
o,AUX,VERB
reisego,PROPN,NOUN
de,ADP,FUNC
fuga,NOUN,NOUN
",",PUNCT,PUNCT
ma,DET,PRON
a,AUX,VERB
Procua,VERB,VERB
de,ADP,FUNC
Sion,NOUN,NOUN
a,AUX,VERB
l’,NOUN,NOUN
avieiva,VERB,VERB
domandou,PROPN,NOUN
unna,VERB,VERB
cauçion,NOUN,NOUN
de,ADP,FUNC
400mia,NUM,ADJ
franchi,PRON,PRON
pe,ADP,FUNC
mettilo,NOUN,NOUN
in,X,OTHER
libertæ,VERB,VERB
.,PUNCT,PUNCT
O,ADP,FUNC
l’,NOUN,NOUN
à,ADP,FUNC
ammisso,VERB,VERB
che,NOUN,NOUN
a,AUX,VERB
pòrta,ADJ,ADJ
a,VERB,VERB
-,PROPN,NOUN
o,NOUN,NOUN
cian,NOUN,NOUN
terren,X,OTHER
a,AUX,VERB
l’,NOUN,NOUN
ea,CCONJ,FUNC
serrâ,ADJ,ADJ
co-a,NOUN,NOUN
ciave,NOUN,NOUN
e,CCONJ,FUNC
ch’,ADJ,ADJ
o,ADP,FUNC
l’,NOUN,NOUN
aiva,ADJ,ADJ
cangiou,PROPN,NOUN
lê,PRON,PRON
a,AUX,VERB
scciumma,ADJ,ADJ
anti-fô,PROPN,NOUN
ch’,ADJ,ADJ
a,AUX,VERB
l’,NOUN,NOUN
à,ADP,FUNC
piggiou,ADV,ADV
feugo,ADJ,ADJ
.,PUNCT,PUNCT
I,NOUN,NOUN
doî,ADP,FUNC
son,DET,PRON
accaxonæ,PROPN,NOUN
d’,PROPN,NOUN
ammassamento,PROPN,NOUN
",",PUNCT,PUNCT
lexoin,NOUN,NOUN
e,PRON,PRON
inçendio,ADJ,ADJ
corpoxi,ADJ,ADJ
.,PUNCT,PUNCT
A,AUX,VERB
dònna,VERB,VERB
a,AUX,VERB
gh’,VERB,VERB
à,ADP,FUNC
solo,VERB,VERB
l’,NOUN,NOUN
òbrigo,VERB,VERB
de,ADP,FUNC
firma,NOUN,NOUN
.,PUNCT,PUNCT
O,NOUN,NOUN
Mohammad,NOUN,NOUN
Hannoun,PROPN,NOUN
",",PUNCT,PUNCT
l’,NOUN,NOUN
attivista,ADJ,ADJ
palestineise,ADJ,ADJ
de,ADP,FUNC
63,NUM,ADJ
anni,NOUN,NOUN
arrestou,ADJ,ADJ
à,ADP,FUNC
Zena,PROPN,NOUN
con,DET,PRON
l’,NOUN,NOUN
accusa,VERB,VERB
d’,X,OTHER
avei,NOUN,NOUN
finançiou,X,OTHER
Hamas,PROPN,NOUN
e,X,OTHER
d’,ADV,ADV
ëse,ADJ,ADJ
o,PRON,PRON
cappo,VERB,VERB
da,X,OTHER
çellula,VERB,VERB
italiaña,NOUN,NOUN
de,ADP,FUNC
l’,NOUN,NOUN
organizzaçion,NOUN,NOUN
",",PUNCT,PUNCT
o,ADP,FUNC
l’,NOUN,NOUN
é,CCONJ,FUNC
stæto,VERB,VERB
portou,VERB,VERB
da,X,OTHER
-,PRON,PRON
a,AUX,VERB
prexon,ADJ,ADJ
de,ADP,FUNC
Marasci,PROPN,NOUN
à,ADP,FUNC
quella,PRON,PRON
de,ADP,FUNC
Terni,PROPN,NOUN
inte,ADJ,ADJ
unna,ADJ,ADJ
seçion,VERB,VERB
d’,X,OTHER
erta,ADJ,ADJ
seguessa,VERB,VERB
destinâ,NOUN,NOUN
a,AUX,VERB
-,DET,PRON
i,ADJ,ADJ
detegnui,NOUN,NOUN
pe,ADP,FUNC
terroriximo,NOUN,NOUN
.,PUNCT,PUNCT
I,NOUN,NOUN
seu,DET,PRON
avvocati,NOUN,NOUN
an,NOUN,NOUN
fæto,ADJ,ADJ
recorso,NOUN,NOUN
a,AUX,VERB
-,DET,PRON
o,AUX,VERB
Tribunâ,PROPN,NOUN
do,DET,PRON
reexamme,NOUN,NOUN
pe,ADJ,ADJ
domandâne,NOUN,NOUN
a,AUX,VERB
liberaçion,NOUN,NOUN
.,PUNCT,PUNCT
Into,NOUN,NOUN
gruppo,ADJ,ADJ
de,ADP,FUNC
magistrati,PROPN,NOUN
che,DET,PRON
guiddan,NOUN,NOUN
l’,ADV,ADV
investigaçion,NOUN,NOUN
ghe,ADJ,ADJ
saià,ADJ,ADJ
ascì,NOUN,NOUN
o,ADP,FUNC
Luca,PROPN,NOUN
Monteverde,PROPN,NOUN
",",PUNCT,PUNCT
ch’,ADJ,ADJ
o,ADP,FUNC
l’,NOUN,NOUN
aiva,VERB,VERB
indagou,ADJ,ADJ
ascì,NOUN,NOUN
in,ADJ,ADJ
sciô,ADJ,ADJ
passou,PROPN,NOUN
prescidente,VERB,VERB
da,ADJ,ADJ
Region,NOUN,NOUN
Giovanni,PROPN,NOUN
Toti,PROPN,NOUN
.,PUNCT,PUNCT
Intanto,NOUN,NOUN
in,X,OTHER
sce,NOUN,NOUN
Instagram,PROPN,NOUN
l’,NOUN,NOUN
é,CCONJ,FUNC
stæto,NOUN,NOUN
averto,VERB,VERB
un,DET,PRON
neuvo,NOUN,NOUN
profî,ADJ,ADJ
Orizzonte,NOUN,NOUN
Umanitario,PROPN,NOUN
",",PUNCT,PUNCT
pe,NOUN,NOUN
dâ,ADV,ADV
voxe,VERB,VERB
à,ADP,FUNC
l’,NOUN,NOUN
assoçiaçion,NOUN,NOUN
do,ADP,FUNC
Hannoun,PROPN,NOUN
.,PUNCT,PUNCT
"

",SPACE,OTHER
Un,DET,PRON
allenatô,NOUN,NOUN
de,ADP,FUNC
savate,NOUN,NOUN
da,ADJ,ADJ
provinsa,VERB,VERB
d’,X,OTHER
Impëia,PROPN,NOUN
o,ADP,FUNC
l’,NOUN,NOUN
é,CCONJ,FUNC
stæto,NOUN,NOUN
arrestou,ADJ,ADJ
pe,ADP,FUNC
violensa,VERB,VERB
sessuale,ADJ,ADJ
in,ADJ,ADJ
sce,NOUN,NOUN
træ,DET,PRON
atlete,NOUN,NOUN
",",PUNCT,PUNCT
de,ADP,FUNC
quæ,DET,PRON
doe,NOUN,NOUN
minoî,ADJ,ADJ
.,PUNCT,PUNCT
L’,PROPN,NOUN
investigaçion,NOUN,NOUN
",",PUNCT,PUNCT
partia,PROPN,NOUN
da,X,OTHER
-,PRON,PRON
a,AUX,VERB
testimoniansa,VERB,VERB
d’,ADV,ADV
uña,VERB,VERB
de,ADP,FUNC
zoene,NOUN,NOUN
",",PUNCT,PUNCT
a,AUX,VERB
l’,NOUN,NOUN
à,ADP,FUNC
permisso,VERB,VERB
d’,ADV,ADV
incriminâ,ADJ,ADJ
l’,NOUN,NOUN
òmmo,PROPN,NOUN
:,PUNCT,PUNCT
segondo,NOUN,NOUN
l’,NOUN,NOUN
accusa,VERB,VERB
",",PUNCT,PUNCT
graçie,NOUN,NOUN
a,AUX,VERB
-,PRON,PRON
a,VERB,VERB
seu,DET,PRON
poxiçion,NOUN,NOUN
",",PUNCT,PUNCT
o,ADP,FUNC
l’,NOUN,NOUN
avieiva,VERB,VERB
commisso,VERB,VERB
di,ADP,FUNC
abuxi,NOUN,NOUN
gravi,VERB,VERB
e,DET,PRON
scistematichi,VERB,VERB
con,DET,PRON
fâli,NOUN,NOUN
passâ,ADJ,ADJ
pe,NOUN,NOUN
«,PROPN,NOUN
strumenti,NOUN,NOUN
de,ADP,FUNC
crescita,NOUN,NOUN
sportiva,VERB,VERB
e,VERB,VERB
profescionale,ADJ,ADJ
»,PUNCT,PUNCT
.,PUNCT,PUNCT
S’,PROPN,NOUN
anava,ADV,ADV
da,ADJ,ADJ
-,NOUN,NOUN
i,ADJ,ADJ
apprexamenti,ADJ,ADJ
a,AUX,VERB
-,AUX,VERB
i,ADJ,ADJ
baxi,VERB,VERB
in,ADJ,ADJ
bocca,NOUN,NOUN
fin,NOUN,NOUN
a,AUX,VERB
-,DET,PRON
i,ADJ,ADJ
massaggi,NOUN,NOUN
inti,VERB,VERB
quæ,PRON,PRON
l’,NOUN,NOUN
òmmo,VERB,VERB
o,ADP,FUNC
toccava,NOUN,NOUN
e,AUX,VERB
parte,ADJ,ADJ
intime,ADJ,ADJ
de,ADP,FUNC
figge,NOUN,NOUN
",",PUNCT,PUNCT
sciben,X,OTHER
che,PROPN,NOUN
loiatre,X,OTHER
cianzeivan,NOUN,NOUN
ò,X,OTHER
tremmavan,VERB,VERB
.,PUNCT,PUNCT
Pe,ADV,ADV
-,PROPN,NOUN
o,NOUN,NOUN
momento,NOUN,NOUN
o,ADP,FUNC
no,NOUN,NOUN
porrià,ADJ,ADJ
avvexinâse,ADJ,ADJ
a,AUX,VERB
-,PRON,PRON
e,PRON,PRON
vittime,NOUN,NOUN
.,PUNCT,PUNCT
"

",SPACE,OTHER
A,NOUN,NOUN
Guardia,PROPN,NOUN
de,ADP,FUNC
finansa,VERB,VERB
de,ADP,FUNC
Zena,PROPN,NOUN
",",PUNCT,PUNCT
insemme,NOUN,NOUN
co-i,ADJ,ADJ
fonçionäi,VERB,VERB
de,ADP,FUNC
l’,NOUN,NOUN
Agençia,PROPN,NOUN
de,ADP,FUNC
dugañe,NOUN,NOUN
",",PUNCT,PUNCT
an,NOUN,NOUN
descoverto,ADJ,ADJ
e,X,OTHER
sexio,NOUN,NOUN
into,ADJ,ADJ
pòrto,VERB,VERB
de,ADP,FUNC
San,PROPN,NOUN
Pê,PROPN,NOUN
d’,ADV,ADV
Æña,PROPN,NOUN
un,DET,PRON
carrego,NOUN,NOUN
de,ADP,FUNC
2,NUM,ADJ
tonnëi,NOUN,NOUN
e,AUX,VERB
passa,VERB,VERB
da,DET,PRON
cocaiña,NOUN,NOUN
sccetta,ADJ,ADJ
.,PUNCT,PUNCT
O,ADP,FUNC
l’,NOUN,NOUN
é,ADP,FUNC
un,DET,PRON
di,PRON,PRON
sequestri,NOUN,NOUN
ciù,ADP,FUNC
gròsci,PROPN,NOUN
mai,NOUN,NOUN
fæti,VERB,VERB
à,ADP,FUNC
Zena,PROPN,NOUN
",",PUNCT,PUNCT
un,DET,PRON
pòrto,NOUN,NOUN
donde,ADJ,ADJ
passa,VERB,VERB
un,DET,PRON
muggio,NOUN,NOUN
de,ADP,FUNC
trafeghi,NOUN,NOUN
pe,ADP,FUNC
l’,NOUN,NOUN
Euröpa,PROPN,NOUN
.,PUNCT,PUNCT
A,AUX,VERB
dröga,ADP,FUNC
",",PUNCT,PUNCT
se,PRON,PRON
missa,VERB,VERB
in,X,OTHER
sciô,ADJ,ADJ
mercou,ADV,ADV
",",PUNCT,PUNCT
a,AUX,VERB
l’,NOUN,NOUN
avieiva,VERB,VERB
fæto,ADJ,ADJ
guägnâ,NOUN,NOUN
un,DET,PRON
miliardo,NOUN,NOUN
e,PRON,PRON
mezo,VERB,VERB
d’,ADV,ADV
euro,PROPN,NOUN
.,PUNCT,PUNCT
A,AUX,VERB
povie,VERB,VERB
gianca,ADJ,ADJ
",",PUNCT,PUNCT
spartia,NOUN,NOUN
inte,ADJ,ADJ
2.109,NUM,ADJ
panetti,ADJ,ADJ
",",PUNCT,PUNCT
a,AUX,VERB
l’,NOUN,NOUN
ea,CCONJ,FUNC
ascosa,ADJ,ADJ
drento,VERB,VERB
à,ADP,FUNC
87,NUM,ADJ
sacchi,VERB,VERB
inte,ADJ,ADJ
un,DET,PRON
container,NOUN,NOUN
ch’,ADJ,ADJ
o,NOUN,NOUN
ne,ADV,ADV
vegniva,VERB,VERB
da,X,OTHER
-,PRON,PRON
a,AUX,VERB
Colombia,PROPN,NOUN
.,PUNCT,PUNCT
"

",SPACE,OTHER
«,PUNCT,PUNCT
I,NOUN,NOUN
giudiçi,NOUN,NOUN
rendan,ADJ,ADJ
inutile,ADJ,ADJ
o,ADP,FUNC
travaggio,VERB,VERB
da,DET,PRON
poliçia,VERB,VERB
e,PRON,PRON
do,PRON,PRON
Parlamento,PROPN,NOUN
»,PUNCT,PUNCT
e,AUX,VERB
«,ADP,FUNC
mettan,NOUN,NOUN
à,ADP,FUNC
reisego,PROPN,NOUN
a,AUX,VERB
seguessa,ADV,ADV
»,PUNCT,PUNCT
.,PUNCT,PUNCT
Coscì,PROPN,NOUN
a,AUX,VERB
prescidente,ADJ,ADJ
do,DET,PRON
Conseggio,NOUN,NOUN
Giorgia,PROPN,NOUN
Meloni,PROPN,NOUN
inta,VERB,VERB
conferensa,VERB,VERB
stampa,ADJ,ADJ
do,NOUN,NOUN
prinçipio,NOUN,NOUN
de,ADP,FUNC
l’,NOUN,NOUN
anno,NOUN,NOUN
.,PUNCT,PUNCT
«,ADP,FUNC
E,NOUN,NOUN
mæ,PRON,PRON
relaçioin,NOUN,NOUN
co-o,ADJ,ADJ
Quirinale,ADJ,ADJ
son,DET,PRON
boniscime,NOUN,NOUN
–,NOUN,NOUN
a,VERB,VERB
l’,NOUN,NOUN
à,ADP,FUNC
dito,NOUN,NOUN
–,ADJ,ADJ
.,PUNCT,PUNCT
Co-o,ADJ,ADJ
prescidente,NOUN,NOUN
da,ADJ,ADJ
Repubrica,PROPN,NOUN
no,X,OTHER
semmo,AUX,VERB
sempre,ADJ,ADJ
d’,ADV,ADV
accòrdio,ADJ,ADJ
",",PUNCT,PUNCT
ma,DET,PRON
pe,NOUN,NOUN
defende,ADJ,ADJ
l’,NOUN,NOUN
interesse,NOUN,NOUN
naçionale,ADJ,ADJ
o,ADP,FUNC
gh’,NOUN,NOUN
é,NOUN,NOUN
»,PUNCT,PUNCT
.,PUNCT,PUNCT
A,AUX,VERB
Meloni,PROPN,NOUN
a,VERB,VERB
l’,NOUN,NOUN
à,ADP,FUNC
respòsto,NOUN,NOUN
à,ADP,FUNC
unna,DET,PRON
quaranteña,NOUN,NOUN
de,ADP,FUNC
domande,VERB,VERB
e,PRON,PRON
a,VERB,VERB
l’,NOUN,NOUN
à,ADP,FUNC
annonçiou,PROPN,NOUN
a,AUX,VERB
dæta,VERB,VERB
pe,ADV,ADV
-,PROPN,NOUN
o,ADJ,ADJ
referendum,NOUN,NOUN
in,X,OTHER
sciâ,NOUN,NOUN
giustiçia,ADJ,ADJ
:,PUNCT,PUNCT
i,NOUN,NOUN
22,NUM,ADJ
e,NOUN,NOUN
23,NUM,ADJ
de,ADP,FUNC
marso,NOUN,NOUN
.,PUNCT,PUNCT
«,PROPN,NOUN
Me,NOUN,NOUN
basta,PROPN,NOUN
e,DET,PRON
m’,NOUN,NOUN
appascioña,ADJ,ADJ
quello,ADP,FUNC
che,NOUN,NOUN
son,DET,PRON
apreuvo,NOUN,NOUN
à,ADP,FUNC
fâ,ADJ,ADJ
–,NOUN,NOUN
a,VERB,VERB
l’,NOUN,NOUN
à,ADP,FUNC
azzonto,NOUN,NOUN
–,NOUN,NOUN
.,PUNCT,PUNCT
Se,PRON,PRON
ô,AUX,VERB
faiò,NOUN,NOUN
ancon,ADP,FUNC
dependià,NOUN,NOUN
da,X,OTHER
-,PRON,PRON
o,NOUN,NOUN
voto,ADJ,ADJ
di,PRON,PRON
italien,ADJ,ADJ
»,PUNCT,PUNCT
.,PUNCT,PUNCT
"

",SPACE,OTHER
Un,DET,PRON
cappotreno,NOUN,NOUN
de,ADP,FUNC
34,NUM,ADJ
anni,NOUN,NOUN
",",PUNCT,PUNCT
Alessandro,PROPN,NOUN
Ambrosio,PROPN,NOUN
",",PUNCT,PUNCT
o,ADP,FUNC
l’,NOUN,NOUN
é,VERB,VERB
stæto,NOUN,NOUN
ammassou,PROPN,NOUN
à,ADP,FUNC
cotellæ,ADJ,ADJ
vexin,VERB,VERB
à,ADP,FUNC
un,DET,PRON
parchezzo,PROPN,NOUN
d’,X,OTHER
arente,ADJ,ADJ
a,AUX,VERB
-,PRON,PRON
a,AUX,VERB
staçion,ADJ,ADJ
de,ADP,FUNC
Bològna,PROPN,NOUN
",",PUNCT,PUNCT
inte,ADJ,ADJ
unn’,PRON,PRON
äia,PRON,PRON
reservâ,VERB,VERB
a,AUX,VERB
-,ADV,ADV
i,ADJ,ADJ
dependenti,NOUN,NOUN
",",PUNCT,PUNCT
parrieiva,VERB,VERB
sensa,VERB,VERB
unna,NOUN,NOUN
raxon,VERB,VERB
.,PUNCT,PUNCT
A,AUX,VERB
poliçia,VERB,VERB
a,VERB,VERB
l’,NOUN,NOUN
à,ADP,FUNC
arrestou,NOUN,NOUN
o,ADP,FUNC
Marin,PROPN,NOUN
Jelenik,PROPN,NOUN
",",PUNCT,PUNCT
un,DET,PRON
croato,NOUN,NOUN
de,ADP,FUNC
36,NUM,ADJ
anni,NOUN,NOUN
",",PUNCT,PUNCT
ch’,ADJ,ADJ
o,ADP,FUNC
l’,NOUN,NOUN
ea,CCONJ,FUNC
davanti,NOUN,NOUN
a,AUX,VERB
-,PRON,PRON
a,AUX,VERB
staçion,VERB,VERB
sensa,VERB,VERB
papê,ADJ,ADJ
.,PUNCT,PUNCT
O,ADP,FUNC
l’,NOUN,NOUN
é,ADJ,ADJ
accaxonou,VERB,VERB
d’,PROPN,NOUN
ammassamento,PROPN,NOUN
.,PUNCT,PUNCT
O,ADP,FUNC
l’,NOUN,NOUN
aiva,VERB,VERB
un,DET,PRON
muggio,NOUN,NOUN
de,ADP,FUNC
crimini,NOUN,NOUN
passæ,ADJ,ADJ
comme,ADP,FUNC
rapiñe,ADJ,ADJ
",",PUNCT,PUNCT
fastiddi,NOUN,NOUN
sessuali,VERB,VERB
e,PRON,PRON
aggrescion,NOUN,NOUN
",",PUNCT,PUNCT
e,PRON,PRON
ascì,VERB,VERB
un,DET,PRON
ordine,NOUN,NOUN
europeo,PROPN,NOUN
d’,X,OTHER
allontanamento,NOUN,NOUN
pe,ADP,FUNC
ëse,PRON,PRON
stæto,NOUN,NOUN
trovou,VERB,VERB
con,VERB,VERB
un,DET,PRON
cotello,NOUN,NOUN
.,PUNCT,PUNCT
A,VERB,VERB
-,PRON,PRON
i,ADJ,ADJ
30,NUM,ADJ
de,ADP,FUNC
dexembre,VERB,VERB
ghe,ADV,ADV
l’,NOUN,NOUN
aivan,PROPN,NOUN
sexio,VERB,VERB
à,ADP,FUNC
Pavia,PROPN,NOUN
.,PUNCT,PUNCT
À,ADP,FUNC
Udine,NOUN,NOUN
o,ADP,FUNC
l’,NOUN,NOUN
aiva,VERB,VERB
devastou,NOUN,NOUN
un,DET,PRON
supermercou,NOUN,NOUN
.,PUNCT,PUNCT
"

",SPACE,OTHER
Milan,PROPN,NOUN
a,AUX,VERB
se,PRON,PRON
conferma,VERB,VERB
a,AUX,VERB
çittæ,VERB,VERB
italiaña,NOUN,NOUN
co-o,ADJ,ADJ
costo,NOUN,NOUN
da,X,OTHER
vitta,VERB,VERB
ciù,NOUN,NOUN
erto,ADJ,ADJ
anche,VERB,VERB
do,ADP,FUNC
2025,NUM,ADJ
.,PUNCT,PUNCT
Quella,PRON,PRON
ciù,VERB,VERB
à,ADP,FUNC
bon,ADJ,ADJ
patto,NOUN,NOUN
a,AUX,VERB
l’,NOUN,NOUN
é,ADP,FUNC
Napoli,PROPN,NOUN
",",PUNCT,PUNCT
ma,DET,PRON
se,PRON,PRON
s’,VERB,VERB
ammia,PROPN,NOUN
solo,VERB,VERB
a,AUX,VERB
-,PRON,PRON
a,AUX,VERB
speisa,VERB,VERB
pe,NOUN,NOUN
-,VERB,VERB
o,NOUN,NOUN
mangiâ,NOUN,NOUN
convegnieiva,VERB,VERB
stâ,ADJ,ADJ
à,ADP,FUNC
Catanzaro,NOUN,NOUN
ciufito,ADJ,ADJ
che,NOUN,NOUN
à,ADP,FUNC
Bolsan,PROPN,NOUN
",",PUNCT,PUNCT
a,AUX,VERB
ciù,VERB,VERB
caa,PRON,PRON
da,VERB,VERB
sto,VERB,VERB
ponto,NOUN,NOUN
de,ADP,FUNC
vista,PROPN,NOUN
.,PUNCT,PUNCT
A,AUX,VERB
clascifica,VERB,VERB
a,AUX,VERB
sata,PRON,PRON
feua,VERB,VERB
da,PRON,PRON
un,DET,PRON
studio,NOUN,NOUN
do,ADP,FUNC
Codacons,PROPN,NOUN
basou,PROPN,NOUN
in,X,OTHER
scî,NOUN,NOUN
dæti,VERB,VERB
de,ADP,FUNC
l’,NOUN,NOUN
Osservatöio,PROPN,NOUN
di,AUX,VERB
prexi,VERB,VERB
do,ADP,FUNC
ministëio,NOUN,NOUN
de,ADP,FUNC
Impreise,PROPN,NOUN
.,PUNCT,PUNCT
Piggiando,ADV,ADV
un,DET,PRON
panê,NOUN,NOUN
compòsto,VERB,VERB
da,DET,PRON
fruta,NOUN,NOUN
e,PRON,PRON
verdua,ADJ,ADJ
",",PUNCT,PUNCT
alimentari,PROPN,NOUN
e,CCONJ,FUNC
serviçi,ADJ,ADJ
comme,ADP,FUNC
o,ADJ,ADJ
dentista,NOUN,NOUN
",",PUNCT,PUNCT
o,ADP,FUNC
perrucchê,VERB,VERB
ò,X,OTHER
a,AUX,VERB
tenzaia,VERB,VERB
",",PUNCT,PUNCT
à,ADP,FUNC
Milan,PROPN,NOUN
se,PRON,PRON
spende,VERB,VERB
squæxi,ADV,ADV
600,NUM,ADJ
euro,NOUN,NOUN
",",PUNCT,PUNCT
o,ADP,FUNC
62,NUM,ADJ
%,NOUN,NOUN
in,X,OTHER
ciù,ADP,FUNC
che,NOUN,NOUN
à,ADP,FUNC
Napoli,NOUN,NOUN
pe,ADV,ADV
-,PROPN,NOUN
o,AUX,VERB
mæximo,ADJ,ADJ
panê,ADJ,ADJ
.,PUNCT,PUNCT
In,DET,PRON
sciô,ADJ,ADJ
pòdio,ADJ,ADJ
de,ADP,FUNC
çittæ,NOUN,NOUN
ciù,ADV,ADV
caistriose,ADJ,ADJ
gh’,NOUN,NOUN
é,ADP,FUNC
Aòsta,PROPN,NOUN
e,X,OTHER
Bolsan,PROPN,NOUN
ascì,ADJ,ADJ
.,PUNCT,PUNCT
"

",SPACE,OTHER
Inta,PROPN,NOUN
neutte,ADJ,ADJ
tra,VERB,VERB
i,ADJ,ADJ
2,NUM,ADJ
e,NOUN,NOUN
i,ADJ,ADJ
3,NUM,ADJ
de,ADP,FUNC
zenâ,NOUN,NOUN
i,ADJ,ADJ
Stati,PROPN,NOUN
Unii,PROPN,NOUN
an,NOUN,NOUN
attaccou,VERB,VERB
o,ADP,FUNC
Venezuela,PROPN,NOUN
e,PRON,PRON
an,NOUN,NOUN
acciappou,ADJ,ADJ
o,ADP,FUNC
prescidente,ADJ,ADJ
Nicolas,PROPN,NOUN
Moduro,PROPN,NOUN
co-a,VERB,VERB
moggê,ADJ,ADJ
tanto,ADV,ADV
che,PROPN,NOUN
dormivan,PROPN,NOUN
.,PUNCT,PUNCT
Inte,NOUN,NOUN
l’,NOUN,NOUN
operaçion,NOUN,NOUN
gh’,ADJ,ADJ
é,CCONJ,FUNC
stæto,VERB,VERB
a,AUX,VERB
-,PROPN,NOUN
o,NOUN,NOUN
manco,VERB,VERB
80,NUM,ADJ
mòrti,NOUN,NOUN
tra,ADV,ADV
militari,PROPN,NOUN
e,PRON,PRON
çivili,ADJ,ADJ
.,PUNCT,PUNCT
«,PROPN,NOUN
Gestiemo,PROPN,NOUN
o,ADP,FUNC
Paise,NOUN,NOUN
fin,NOUN,NOUN
a,AUX,VERB
-,PRON,PRON
a,AUX,VERB
tranxiçion,NOUN,NOUN
»,PUNCT,PUNCT
",",PUNCT,PUNCT
o,ADP,FUNC
l’,NOUN,NOUN
à,ADP,FUNC
dito,NOUN,NOUN
o,ADP,FUNC
Trump,PROPN,NOUN
",",PUNCT,PUNCT
ch’,ADJ,ADJ
o,ADP,FUNC
l’,NOUN,NOUN
à,ADP,FUNC
annonçiou,PROPN,NOUN
l’,NOUN,NOUN
arrivo,ADJ,ADJ
de,ADP,FUNC
compagnie,NOUN,NOUN
do,ADP,FUNC
petròlio,NOUN,NOUN
.,PUNCT,PUNCT
O,NOUN,NOUN
Maduro,PROPN,NOUN
",",PUNCT,PUNCT
accaxonou,NOUN,NOUN
de,ADP,FUNC
narcoterroriximo,NOUN,NOUN
",",PUNCT,PUNCT
o,ADP,FUNC
s’,VERB,VERB
é,ADP,FUNC
proclammou,NOUN,NOUN
innoçente,ADJ,ADJ
.,PUNCT,PUNCT
A,NOUN,NOUN
Delcy,PROPN,NOUN
Rodriguez,PROPN,NOUN
a,VERB,VERB
l’,NOUN,NOUN
é,CCONJ,FUNC
stæta,NOUN,NOUN
incarregâ,ADJ,ADJ
prescidente,ADJ,ADJ
ad,DET,PRON
interim,VERB,VERB
.,PUNCT,PUNCT
Oua,NOUN,NOUN
o,ADP,FUNC
Trump,PROPN,NOUN
o,ADP,FUNC
veu,NOUN,NOUN
à,ADP,FUNC
Groenlandia,PROPN,NOUN
:,PUNCT,PUNCT
«,PROPN,NOUN
N’,PROPN,NOUN
emmo,NOUN,NOUN
de,ADP,FUNC
beseugno,NOUN,NOUN
pe,NOUN,NOUN
-,NOUN,NOUN
a,AUX,VERB
seguessa,VERB,VERB
naçionale,ADJ,ADJ
",",PUNCT,PUNCT
a,AUX,VERB
Danimarca,ADJ,ADJ
a,AUX,VERB
no,X,OTHER
saià,ADJ,ADJ
boña,ADJ,ADJ
à,ADP,FUNC
dâghe,NOUN,NOUN
a,AUX,VERB
mente,ADJ,ADJ
»,PUNCT,PUNCT
.,PUNCT,PUNCT
Gh’,NOUN,NOUN
é,PRON,PRON
anche,NOUN,NOUN
l’,ADJ,ADJ
ipòtexi,VERB,VERB
de,ADP,FUNC
mandâghe,NOUN,NOUN
l’,ADJ,ADJ
exerçito,VERB,VERB
pe,DET,PRON
piggiâla,NOUN,NOUN
.,PUNCT,PUNCT
L’,PROPN,NOUN
Union,PROPN,NOUN
europea,AUX,VERB
invexendâ,ADJ,ADJ
:,PUNCT,PUNCT
«,PUNCT,PUNCT
A,NOUN,NOUN
l’,NOUN,NOUN
é,ADP,FUNC
autònoma,NOUN,NOUN
",",PUNCT,PUNCT
a,AUX,VERB
va,VERB,VERB
respettâ,PROPN,NOUN
»,PUNCT,PUNCT
.,PUNCT,PUNCT
"

",SPACE,OTHER
A,AUX,VERB
Procua,VERB,VERB
de,ADP,FUNC
Sion,NOUN,NOUN
a,VERB,VERB
l’,NOUN,NOUN
à,ADP,FUNC
commandou,NOUN,NOUN
l’,NOUN,NOUN
arresto,NOUN,NOUN
pe,NOUN,NOUN
-,PROPN,NOUN
o,X,OTHER
Jacques,PROPN,NOUN
Moretti,PROPN,NOUN
",",PUNCT,PUNCT
o,ADP,FUNC
baccan,NOUN,NOUN
do,NOUN,NOUN
locale,ADJ,ADJ
La,DET,PRON
Constellation,NOUN,NOUN
de,ADP,FUNC
Crans,PROPN,NOUN
-,PROPN,NOUN
Montana,PROPN,NOUN
",",PUNCT,PUNCT
in,PROPN,NOUN
Svissera,PROPN,NOUN
",",PUNCT,PUNCT
donde,NOUN,NOUN
l’,ADJ,ADJ
é,VERB,VERB
avvegnuo,VERB,VERB
l’,NOUN,NOUN
inçendio,ADJ,ADJ
do,ADP,FUNC
Primmo,NOUN,NOUN
de,ADP,FUNC
l’,NOUN,NOUN
anno,VERB,VERB
con,VERB,VERB
40,NUM,ADJ
mòrti,NOUN,NOUN
",",PUNCT,PUNCT
squæxi,ADV,ADV
tutti,PROPN,NOUN
zoenòtti,ADJ,ADJ
.,PUNCT,PUNCT
Pe,ADV,ADV
-,PRON,PRON
a,VERB,VERB
moggê,ADJ,ADJ
Jessica,PROPN,NOUN
l’,ADJ,ADJ
é,CCONJ,FUNC
stæto,VERB,VERB
dispòsto,NOUN,NOUN
l’,NOUN,NOUN
arresto,NOUN,NOUN
in,X,OTHER
cà,X,OTHER
.,PUNCT,PUNCT
O,NOUN,NOUN
provedimento,NOUN,NOUN
",",PUNCT,PUNCT
arrivou,VERB,VERB
dòppo,ADJ,ADJ
l’,NOUN,NOUN
interrogatöio,ADJ,ADJ
into,ADJ,ADJ
giorno,ADJ,ADJ
da,DET,PRON
commemoraçion,NOUN,NOUN
de,ADP,FUNC
vittime,NOUN,NOUN
à,ADP,FUNC
Matigny,PROPN,NOUN
",",PUNCT,PUNCT
o,ADP,FUNC
l’,NOUN,NOUN
é,CCONJ,FUNC
stæto,NOUN,NOUN
giustificou,NOUN,NOUN
co-o,PROPN,NOUN
reisego,PROPN,NOUN
de,ADP,FUNC
fuga,NOUN,NOUN
.,PUNCT,PUNCT
«,PUNCT,PUNCT
No,VERB,VERB
çerchiemo,VERB,VERB
de,ADP,FUNC
tiâse,NOUN,NOUN
feua,ADJ,ADJ
da,X,OTHER
-,PRON,PRON
e,PROPN,NOUN
nòstre,VERB,VERB
responsabilitæ,NOUN,NOUN
",",PUNCT,PUNCT
semmo,ADJ,ADJ
devastæ,NOUN,NOUN
da,ADJ,ADJ
-,PRON,PRON
o,NOUN,NOUN
dô,ADP,FUNC
»,PUNCT,PUNCT
",",PUNCT,PUNCT
aivan,PROPN,NOUN
dito,ADJ,ADJ
.,PUNCT,PUNCT
O,NOUN,NOUN
scindico,ADJ,ADJ
Nicolas,PROPN,NOUN
Féraud,PROPN,NOUN
o,ADP,FUNC
no,X,OTHER
veu,NOUN,NOUN
parlâ,ADJ,ADJ
de,ADP,FUNC
dimiscioin,NOUN,NOUN
.,PUNCT,PUNCT
I,NOUN,NOUN
prescidenti,VERB,VERB
italian,PROPN,NOUN
e,X,OTHER
franseise,VERB,VERB
",",PUNCT,PUNCT
o,ADP,FUNC
Mattarella,PROPN,NOUN
e,NOUN,NOUN
o,ADP,FUNC
Macron,PROPN,NOUN
",",PUNCT,PUNCT
an,NOUN,NOUN
domandou,ADJ,ADJ
giustiçia,ADJ,ADJ
.,PUNCT,PUNCT
"

",SPACE,OTHER
L’,PROPN,NOUN
Union,PROPN,NOUN
Europea,PROPN,NOUN
a,VERB,VERB
l’,NOUN,NOUN
à,ADP,FUNC
dæto,ADJ,ADJ
a,AUX,VERB
luxe,ADJ,ADJ
verde,ADJ,ADJ
à,ADP,FUNC
l’,NOUN,NOUN
accòrdio,ADJ,ADJ
de,ADP,FUNC
libero,ADJ,ADJ
commerçio,NOUN,NOUN
co-o,ADJ,ADJ
Mercosur,PROPN,NOUN
",",PUNCT,PUNCT
l’,NOUN,NOUN
organizzaçion,NOUN,NOUN
sudamericaña,ADJ,ADJ
ch’,ADJ,ADJ
a,AUX,VERB
comprende,NOUN,NOUN
Braxî,PROPN,NOUN
",",PUNCT,PUNCT
Argentiña,PROPN,NOUN
",",PUNCT,PUNCT
Uruguay,PROPN,NOUN
e,X,OTHER
Paraguay,PROPN,NOUN
.,PUNCT,PUNCT
Ma,DET,PRON
çerti,NOUN,NOUN
Paixi,ADJ,ADJ
an,NOUN,NOUN
votou,ADJ,ADJ
contra,NOUN,NOUN
",",PUNCT,PUNCT
in,X,OTHER
particolâ,ADJ,ADJ
Fransa,PROPN,NOUN
",",PUNCT,PUNCT
Polònia,PROPN,NOUN
",",PUNCT,PUNCT
Austria,PROPN,NOUN
",",PUNCT,PUNCT
Ongaia,PROPN,NOUN
e,X,OTHER
Irlanda,PROPN,NOUN
.,PUNCT,PUNCT
L’,PROPN,NOUN
inteisa,NOUN,NOUN
a,AUX,VERB
saiàa,VERB,VERB
firmâ,ADJ,ADJ
a,AUX,VERB
-,ADV,ADV
i,ADJ,ADJ
17,PRON,PRON
de,ADP,FUNC
zenâ,NOUN,NOUN
in,ADJ,ADJ
Paraguay,PROPN,NOUN
.,PUNCT,PUNCT
«,ADP,FUNC
Un,DET,PRON
accòrdio,NOUN,NOUN
stòrico,ADJ,ADJ
»,PUNCT,PUNCT
",",PUNCT,PUNCT
segondo,X,OTHER
a,AUX,VERB
prescidente,ADJ,ADJ
da,DET,PRON
Commiscion,NOUN,NOUN
Ursula,PROPN,NOUN
von,ADJ,ADJ
der,X,OTHER
Leyen,PROPN,NOUN
.,PUNCT,PUNCT
O,ADP,FUNC
limite,NOUN,NOUN
pe,ADP,FUNC
comensâ,NOUN,NOUN
de,ADP,FUNC
investigaçioin,NOUN,NOUN
in,X,OTHER
scî,NOUN,NOUN
produti,ADJ,ADJ
agricoli,ADJ,ADJ
in,X,OTHER
caxo,VERB,VERB
de,ADP,FUNC
turbative,NOUN,NOUN
do,ADP,FUNC
mercou,NOUN,NOUN
o,ADP,FUNC
l’,NOUN,NOUN
é,ADJ,ADJ
stæto,NOUN,NOUN
asbasciou,PROPN,NOUN
dal’8,PROPN,NOUN
%,NOUN,NOUN
a,AUX,VERB
-,AUX,VERB
o,ADP,FUNC
5,NUM,ADJ
%,NOUN,NOUN
",",PUNCT,PUNCT
comme,ADP,FUNC
domandou,PROPN,NOUN
da,DET,PRON
-,PRON,PRON
i,ADJ,ADJ
agricoltoî,NOUN,NOUN
italien,ADJ,ADJ
.,PUNCT,PUNCT
Unna,PRON,PRON
gròssa,ADJ,ADJ
fraña,VERB,VERB
a,AUX,VERB
l’,NOUN,NOUN
é,CCONJ,FUNC
cheita,ADJ,ADJ
inta,VERB,VERB
seiaña,VERB,VERB
di,NOUN,NOUN
25,PRON,PRON
de,ADP,FUNC
zenâ,NOUN,NOUN
in,ADJ,ADJ
sce,NOUN,NOUN
l’,NOUN,NOUN
Aurelia,PROPN,NOUN
tra,X,OTHER
a,AUX,VERB
Vexima,VERB,VERB
e,X,OTHER
Rensen,PROPN,NOUN
",",PUNCT,PUNCT
à,ADP,FUNC
levante,NOUN,NOUN
da,VERB,VERB
galleria,NOUN,NOUN
do,ADP,FUNC
Pisso,PROPN,NOUN
.,PUNCT,PUNCT
A,AUX,VERB
stradda,VERB,VERB
a,AUX,VERB
l’,NOUN,NOUN
é,CCONJ,FUNC
stæta,NOUN,NOUN
interrotta,VERB,VERB
e,PRON,PRON
ghe,ADJ,ADJ
vorrià,NOUN,NOUN
a,AUX,VERB
-,DET,PRON
o,NOUN,NOUN
manco,VERB,VERB
un,DET,PRON
meise,NOUN,NOUN
de,ADP,FUNC
travaggio,NOUN,NOUN
",",PUNCT,PUNCT
con,PROPN,NOUN
l’,NOUN,NOUN
addeuvio,ADJ,ADJ
de,ADP,FUNC
l’,NOUN,NOUN
esploxivo,NOUN,NOUN
",",PUNCT,PUNCT
pe,DET,PRON
mette,NOUN,NOUN
a,AUX,VERB
còsta,X,OTHER
in,X,OTHER
seguessa,X,OTHER
e,X,OTHER
arvî,VERB,VERB
torna,ADJ,ADJ
.,PUNCT,PUNCT
Pe,ADP,FUNC
l’,NOUN,NOUN
emergensa,VERB,VERB
da,DET,PRON
viabilitæ,NOUN,NOUN
l’,NOUN,NOUN
é,CCONJ,FUNC
stæto,NOUN,NOUN
approvou,VERB,VERB
de,ADP,FUNC
mesue,NOUN,NOUN
straordenäie,ADJ,ADJ
:,PUNCT,PUNCT
nisciun,ADJ,ADJ
pedaggio,ADJ,ADJ
in,ADJ,ADJ
sce,NOUN,NOUN
l’,ADJ,ADJ
autostradda,VERB,VERB
A10,NOUN,NOUN
tra,PROPN,NOUN
Rensen,PROPN,NOUN
e,PRON,PRON
Pra,ADV,ADV
’,NOUN,NOUN
",",PUNCT,PUNCT
e,PRON,PRON
i,ADJ,ADJ
treni,VERB,VERB
se,PRON,PRON
porrian,X,OTHER
piggiâ,NOUN,NOUN
co-i,VERB,VERB
biggetti,ADJ,ADJ
de,ADP,FUNC
l’,NOUN,NOUN
Amt,NOUN,NOUN
into,ADJ,ADJ
træto,ADV,ADV
Cogheuo,PROPN,NOUN
-,PROPN,NOUN
Otri,PROPN,NOUN
.,PUNCT,PUNCT
A,AUX,VERB
Procua,VERB,VERB
de,ADP,FUNC
Zena,PROPN,NOUN
a,VERB,VERB
l’,NOUN,NOUN
à,ADP,FUNC
averto,NOUN,NOUN
unn’,DET,PRON
investigaçion,NOUN,NOUN
pe,ADP,FUNC
fraña,AUX,VERB
corposa,VERB,VERB
",",PUNCT,PUNCT
pe,NOUN,NOUN
-,PRON,PRON
o,NOUN,NOUN
momento,VERB,VERB
contra,PROPN,NOUN
desconosciui,VERB,VERB
",",PUNCT,PUNCT
pe,DET,PRON
açertâ,NOUN,NOUN
se,PRON,PRON
gh’,VERB,VERB
é,NOUN,NOUN
de,ADP,FUNC
responsabilitæ,NOUN,NOUN
.,PUNCT,PUNCT
Za,NOUN,NOUN
do,NOUN,NOUN
2016,NUM,ADJ
l’,NOUN,NOUN
ea,CCONJ,FUNC
vegnuo,ADV,ADV
zu,ADJ,ADJ
di,AUX,VERB
magheu,NOUN,NOUN
pöco,ADV,ADV
primma,VERB,VERB
che,DET,PRON
passesse,NOUN,NOUN
a,AUX,VERB
Milan,PROPN,NOUN
-,PROPN,NOUN
Sanremmo,PROPN,NOUN
.,PUNCT,PUNCT
"

",SPACE,OTHER
O,NOUN,NOUN
conseggio,VERB,VERB
d’,PROPN,NOUN
amministraçion,NOUN,NOUN
de,ADP,FUNC
l’,NOUN,NOUN
Amt,NOUN,NOUN
de,ADP,FUNC
Zena,PROPN,NOUN
o,ADP,FUNC
l’,NOUN,NOUN
à,ADP,FUNC
approvou,NOUN,NOUN
i,ADJ,ADJ
conti,ADJ,ADJ
do,NOUN,NOUN
2024,NUM,ADJ
con,DET,PRON
unna,PROPN,NOUN
perdia,ADJ,ADJ
de,ADP,FUNC
"55,9",NUM,ADJ
mioin,NOUN,NOUN
d’,X,OTHER
euro,PROPN,NOUN
:,PUNCT,PUNCT
«,PUNCT,PUNCT
A,NOUN,NOUN
ciù,NOUN,NOUN
grande,ADJ,ADJ
inta,NOUN,NOUN
stöia,ADJ,ADJ
de,ADP,FUNC
l’,NOUN,NOUN
açienda,NOUN,NOUN
»,PUNCT,PUNCT
",",PUNCT,PUNCT
o,ADP,FUNC
commento,NOUN,NOUN
da,ADJ,ADJ
scindica,VERB,VERB
Silvia,ADP,FUNC
Salis,PROPN,NOUN
.,PUNCT,PUNCT
I,NOUN,NOUN
papê,VERB,VERB
çertifican,ADJ,ADJ
ascì,ADJ,ADJ
280,NUM,ADJ
mioin,NOUN,NOUN
de,ADP,FUNC
debiti,NOUN,NOUN
e,AUX,VERB
un,DET,PRON
patrimònio,NOUN,NOUN
netto,ADJ,ADJ
negativo,ADJ,ADJ
de,ADP,FUNC
"37,5",NUM,ADJ
mioin,NOUN,NOUN
.,PUNCT,PUNCT
Approvou,PROPN,NOUN
anche,ADJ,ADJ
l’,ADJ,ADJ
aggiornamento,VERB,VERB
do,ADP,FUNC
cian,NOUN,NOUN
de,ADP,FUNC
recatto,NOUN,NOUN
fin,NOUN,NOUN
a,VERB,VERB
-,PROPN,NOUN
o,NOUN,NOUN
2031,NUM,ADJ
.,PUNCT,PUNCT
«,PUNCT,PUNCT
Oua,PROPN,NOUN
ne,ADV,ADV
tocca,VERB,VERB
fâ,ADJ,ADJ
un,DET,PRON
sfòrso,NOUN,NOUN
econòmico,ADJ,ADJ
stramesuou,X,OTHER
pe,ADP,FUNC
schivâ,NOUN,NOUN
o,ADP,FUNC
fallimento,NOUN,NOUN
",",PUNCT,PUNCT
ma,DET,PRON
o,ADP,FUNC
Commun,PROPN,NOUN
o,ADP,FUNC
no,X,OTHER
peu,ADV,ADV
fâghela,PRON,PRON
da,PRON,PRON
solo,VERB,VERB
»,PUNCT,PUNCT
",",PUNCT,PUNCT
a,AUX,VERB
l’,NOUN,NOUN
à,ADP,FUNC
dito,NOUN,NOUN
torna,ADJ,ADJ
a,AUX,VERB
scindica,VERB,VERB
.,PUNCT,PUNCT
Intanto,NOUN,NOUN
a,AUX,VERB
Procua,PROPN,NOUN
a,VERB,VERB
l’,NOUN,NOUN
à,ADP,FUNC
mandou,PROPN,NOUN
di,ADP,FUNC
inviti,NOUN,NOUN
à,ADP,FUNC
quattro,NOUN,NOUN
indagæ,ADJ,ADJ
pe,NOUN,NOUN
-,PROPN,NOUN
i,ADJ,ADJ
primmi,NOUN,NOUN
interrogatöi,ADJ,ADJ
:,PUNCT,PUNCT
son,DET,PRON
tutti,NOUN,NOUN
passæ,ADJ,ADJ
conseggê,ADP,FUNC
d’,ADV,ADV
amministraçion,NOUN,NOUN
de,ADP,FUNC
l’,NOUN,NOUN
açienda,NOUN,NOUN
.,PUNCT,PUNCT
"

",SPACE,OTHER
A,AUX,VERB
Region,NOUN,NOUN
Liguria,PROPN,NOUN
a,VERB,VERB
l’,NOUN,NOUN
à,ADP,FUNC
dæto,ADJ,ADJ
a,AUX,VERB
luxe,ADJ,ADJ
verde,ADJ,ADJ
a,VERB,VERB
-,ADJ,ADJ
o,NOUN,NOUN
tunnel,NOUN,NOUN
da,DET,PRON
Fontañaboña,NOUN,NOUN
ch’,ADJ,ADJ
o,ADP,FUNC
l’,NOUN,NOUN
unià,PRON,PRON
a,AUX,VERB
rivea,VERB,VERB
e,CCONJ,FUNC
l’,NOUN,NOUN
entrotæra,VERB,VERB
do,NOUN,NOUN
Tigullio,PROPN,NOUN
.,PUNCT,PUNCT
«,NOUN,NOUN
Un,DET,PRON
passo,ADJ,ADJ
avanti,ADJ,ADJ
fondamentale,ADJ,ADJ
»,PUNCT,PUNCT
",",PUNCT,PUNCT
o,ADP,FUNC
commento,NOUN,NOUN
do,X,OTHER
prescidente,ADJ,ADJ
Bucci,PROPN,NOUN
e,VERB,VERB
de,ADP,FUNC
l’,NOUN,NOUN
assessô,VERB,VERB
Scajola,PROPN,NOUN
.,PUNCT,PUNCT
Oua,NOUN,NOUN
s’,X,OTHER
arvià,VERB,VERB
a,AUX,VERB
conferensa,VERB,VERB
di,DET,PRON
serviçi,ADJ,ADJ
pe,DET,PRON
l’,NOUN,NOUN
approvaçion,NOUN,NOUN
definitiva,VERB,VERB
do,DET,PRON
progetto,ADV,ADV
.,PUNCT,PUNCT
O,NOUN,NOUN
travaggio,VERB,VERB
o,ADP,FUNC
prevedde,NOUN,NOUN
unna,VERB,VERB
rampa,VERB,VERB
longa,ADV,ADV
"5,6",NUM,ADJ
chilòmetri,PROPN,NOUN
e,X,OTHER
doe,NOUN,NOUN
gallerie,VERB,VERB
che,PROPN,NOUN
portian,PROPN,NOUN
da,DET,PRON
l’,NOUN,NOUN
autostradda,ADJ,ADJ
A12,VERB,VERB
a,AUX,VERB
-,PRON,PRON
a,AUX,VERB
valle,ADJ,ADJ
e,X,OTHER
a,AUX,VERB
-,PRON,PRON
a,AUX,VERB
reversa,VERB,VERB
.,PUNCT,PUNCT
À,ADP,FUNC
Rapallo,PROPN,NOUN
",",PUNCT,PUNCT
però,NOUN,NOUN
",",PUNCT,PUNCT
no,X,OTHER
s’,X,OTHER
afferma,X,OTHER
e,PRON,PRON
proteste,ADJ,ADJ
:,PUNCT,PUNCT
«,PUNCT,PUNCT
A,NOUN,NOUN
l’,NOUN,NOUN
é,AUX,VERB
unna,VERB,VERB
deçixon,ADV,ADV
fæta,NOUN,NOUN
chinâ,ADV,ADV
da,DET,PRON
l’,NOUN,NOUN
erto,ADJ,ADJ
ch’,ADJ,ADJ
a,VERB,VERB
deuvia,PROPN,NOUN
o,ADP,FUNC
territöio,VERB,VERB
comme,ADP,FUNC
spaçio,NOUN,NOUN
de,ADP,FUNC
sacrifiçio,NOUN,NOUN
",",PUNCT,PUNCT
no,X,OTHER
ne,ADV,ADV
serve,VERB,VERB
un,DET,PRON
tunnel,NOUN,NOUN
pe,ADJ,ADJ
scappâ,NOUN,NOUN
ciù,VERB,VERB
a,AUX,VERB
-,PRON,PRON
a,AUX,VERB
spedia,ADJ,ADJ
»,PUNCT,PUNCT
.,PUNCT,PUNCT
"

",SPACE,OTHER
Unna,PROPN,NOUN
fraña,VERB,VERB
stramesuâ,NOUN,NOUN
a,VERB,VERB
l’,NOUN,NOUN
à,ADP,FUNC
lasciou,NOUN,NOUN
in,X,OTHER
peuixo,NUM,ADJ
o,ADP,FUNC
paise,NOUN,NOUN
de,ADP,FUNC
Niscemi,PROPN,NOUN
",",PUNCT,PUNCT
in,X,OTHER
Siçilia,PROPN,NOUN
",",PUNCT,PUNCT
in,VERB,VERB
provinsa,VERB,VERB
de,ADP,FUNC
Caltanissetta,PROPN,NOUN
.,PUNCT,PUNCT
Tutta,PROPN,NOUN
a,AUX,VERB
colliña,VERB,VERB
a,AUX,VERB
l’,NOUN,NOUN
à,ADP,FUNC
comensou,PROPN,NOUN
à,ADP,FUNC
deruâ,NOUN,NOUN
e,NOUN,NOUN
1.600,NUM,ADJ
persoñe,NOUN,NOUN
son,DET,PRON
stæte,NOUN,NOUN
scorrie,NOUN,NOUN
d’,X,OTHER
in,X,OTHER
cà,X,OTHER
.,PUNCT,PUNCT
«,PUNCT,PUNCT
A,NOUN,NOUN
l’,NOUN,NOUN
é,VERB,VERB
pezo,VERB,VERB
che,NOUN,NOUN
o,ADP,FUNC
Vajont,PROPN,NOUN
",",PUNCT,PUNCT
l’,NOUN,NOUN
é,ADP,FUNC
vegnuo,ADV,ADV
zu,ADP,FUNC
350,NUM,ADJ
metri,ADJ,ADJ
cubbi,ADV,ADV
»,PUNCT,PUNCT
",",PUNCT,PUNCT
o,ADP,FUNC
l’,NOUN,NOUN
à,ADP,FUNC
dito,NOUN,NOUN
o,ADP,FUNC
cappo,VERB,VERB
da,X,OTHER
Proteçion,NOUN,NOUN
çivile,ADJ,ADJ
Ciciliano,PROPN,NOUN
.,PUNCT,PUNCT
Inta,PROPN,NOUN
mæxima,ADV,ADV
zöna,ADJ,ADJ
gh’,NOUN,NOUN
ea,CCONJ,FUNC
stæto,NOUN,NOUN
unna,PROPN,NOUN
fraña,VERB,VERB
devastante,ADJ,ADJ
do,ADP,FUNC
1997,NUM,ADJ
",",PUNCT,PUNCT
ma,DET,PRON
i,PRON,PRON
indennizzi,ADV,ADV
son,DET,PRON
arrivæ,NOUN,NOUN
dòppo,VERB,VERB
di,NOUN,NOUN
anni,PROPN,NOUN
.,PUNCT,PUNCT
«,PROPN,NOUN
Stavòtta,PROPN,NOUN
faiemo,VERB,VERB
a,AUX,VERB
-,PRON,PRON
a,AUX,VERB
spedia,ADJ,ADJ
»,PUNCT,PUNCT
",",PUNCT,PUNCT
a,AUX,VERB
l’,NOUN,NOUN
à,ADP,FUNC
asseguou,NOUN,NOUN
a,AUX,VERB
prescidente,ADJ,ADJ
do,DET,PRON
Conseggio,NOUN,NOUN
Giorgia,PROPN,NOUN
Meloni,PROPN,NOUN
ch’,ADJ,ADJ
a,AUX,VERB
l’,NOUN,NOUN
à,ADP,FUNC
promisso,NOUN,NOUN
unna,VERB,VERB
primma,VERB,VERB
assegnaçion,NOUN,NOUN
de,ADP,FUNC
100,NUM,ADJ
mioin,NOUN,NOUN
.,PUNCT,PUNCT
Intanto,PROPN,NOUN
se,PRON,PRON
leva,ADJ,ADJ
a,AUX,VERB
voxe,VERB,VERB
de,ADP,FUNC
chi,NOUN,NOUN
vorrieiva,NOUN,NOUN
destinâ,NOUN,NOUN
à,ADP,FUNC
l’,NOUN,NOUN
emergensa,VERB,VERB
i,ADJ,ADJ
dinæ,NOUN,NOUN
do,ADP,FUNC
ponte,NOUN,NOUN
in,X,OTHER
sciô,ADJ,ADJ
Streito,ADJ,ADJ
",",PUNCT,PUNCT
"1,3",NUM,ADJ
miliardi,NOUN,NOUN
d’,ADV,ADV
euro,PROPN,NOUN
.,PUNCT,PUNCT
«,PROPN,NOUN
Quelli,PROPN,NOUN
no,X,OTHER
se,PRON,PRON
toccan,VERB,VERB
",",PUNCT,PUNCT
ne,ADV,ADV
troviemo,VERB,VERB
di,DET,PRON
atri,PROPN,NOUN
»,PUNCT,PUNCT
",",PUNCT,PUNCT
a,AUX,VERB
respòsta,ADJ,ADJ
do,NOUN,NOUN
ministro,PROPN,NOUN
Salvini,PROPN,NOUN
.,PUNCT,PUNCT
O,NOUN,NOUN
Tajani,PROPN,NOUN
ciù,ADJ,ADJ
tenio,NOUN,NOUN
:,PUNCT,PUNCT
«,NUM,ADJ
O,NOUN,NOUN
travaggio,VERB,VERB
o,ADP,FUNC
va,VERB,VERB
fæto,ADJ,ADJ
",",PUNCT,PUNCT
ma,DET,PRON
se,PRON,PRON
gh’,VERB,VERB
appensemmo,VERB,VERB
»,PUNCT,PUNCT
.,PUNCT,PUNCT
"

",SPACE,OTHER
Polemica,PROPN,NOUN
in,X,OTHER
Italia,PROPN,NOUN
pe,X,OTHER
-,PRON,PRON
a,AUX,VERB
presensa,VERB,VERB
a,AUX,VERB
-,PRON,PRON
e,X,OTHER
Olimpiade,PROPN,NOUN
d’,ADV,ADV
inverno,VERB,VERB
di,ADP,FUNC
agenti,NOUN,NOUN
americhen,PROPN,NOUN
de,ADP,FUNC
l’,NOUN,NOUN
Ice,PROPN,NOUN
.,PUNCT,PUNCT
O,NOUN,NOUN
Governo,PROPN,NOUN
o,ADP,FUNC
l’,NOUN,NOUN
à,ADP,FUNC
asseguou,NOUN,NOUN
che,NOUN,NOUN
no,X,OTHER
gh’,NOUN,NOUN
avian,NOUN,NOUN
de,ADP,FUNC
fonçioin,NOUN,NOUN
operative,ADJ,ADJ
inte,ADJ,ADJ
stradde,ADJ,ADJ
",",PUNCT,PUNCT
ma,DET,PRON
che,NOUN,NOUN
travaggian,PROPN,NOUN
co-e,X,OTHER
sale,ADJ,ADJ
operative,ADJ,ADJ
de,ADP,FUNC
autoritæ,VERB,VERB
italiaña,NOUN,NOUN
pe,AUX,VERB
avvardâ,VERB,VERB
e,PRON,PRON
delegaçioin,NOUN,NOUN
di,CCONJ,FUNC
Stati,PROPN,NOUN
Unii,PROPN,NOUN
.,PUNCT,PUNCT
O,VERB,VERB
scindico,ADJ,ADJ
de,ADP,FUNC
Milan,PROPN,NOUN
Beppe,PROPN,NOUN
Salis,PROPN,NOUN
:,PUNCT,PUNCT
«,PROPN,NOUN
Chì,PROPN,NOUN
no,X,OTHER
son,DET,PRON
benvegnui,NOUN,NOUN
",",PUNCT,PUNCT
no,X,OTHER
me,PRON,PRON
sento,NOUN,NOUN
protezzuo,ADJ,ADJ
da,X,OTHER
-,NOUN,NOUN
o,NOUN,NOUN
ministro,PROPN,NOUN
Piantedosi,PROPN,NOUN
»,PUNCT,PUNCT
.,PUNCT,PUNCT
O,NOUN,NOUN
Antonio,PROPN,NOUN
Tajani,PROPN,NOUN
",",PUNCT,PUNCT
ministro,NOUN,NOUN
de,ADP,FUNC
l’,NOUN,NOUN
Estranxeo,PROPN,NOUN
",",PUNCT,PUNCT
o,ADP,FUNC
l’,NOUN,NOUN
à,ADP,FUNC
respòsto,NOUN,NOUN
:,PUNCT,PUNCT
«,PROPN,NOUN
No,NOUN,NOUN
l’,NOUN,NOUN
é,VERB,VERB
ch’,ADJ,ADJ
arriva,VERB,VERB
e,AUX,VERB
SS,PROPN,NOUN
»,PUNCT,PUNCT
.,PUNCT,PUNCT
Un,DET,PRON
atro,NOUN,NOUN
caxo,NOUN,NOUN
o,ADP,FUNC
l’,NOUN,NOUN
é,ADP,FUNC
scciuppou,ADJ,ADJ
in,DET,PRON
sce,ADV,ADV
l’,ADJ,ADJ
invito,VERB,VERB
à,ADP,FUNC
Casapound,NOUN,NOUN
pe,ADP,FUNC
unna,NOUN,NOUN
conferensa,VERB,VERB
in,ADJ,ADJ
scî,NOUN,NOUN
migranti,ADJ,ADJ
a,AUX,VERB
-,PRON,PRON
a,AUX,VERB
Camia,PROPN,NOUN
promòssa,VERB,VERB
da,CCONJ,FUNC
un,DET,PRON
deputou,NOUN,NOUN
da,DET,PRON
Lega,PROPN,NOUN
.,PUNCT,PUNCT
E,NOUN,NOUN
o,ADP,FUNC
Roberto,PROPN,NOUN
Vannacci,PROPN,NOUN
o,ADP,FUNC
l’,NOUN,NOUN
à,ADP,FUNC
depoxitou,NOUN,NOUN
o,ADP,FUNC
scimbolo,VERB,VERB
do,ADP,FUNC
seu,DET,PRON
partio,NOUN,NOUN
",",PUNCT,PUNCT
Futuro,PROPN,NOUN
Nazionale,PROPN,NOUN
.,PUNCT,PUNCT
"

",SPACE,OTHER
Un,DET,PRON
òmmo,NOUN,NOUN
de,ADP,FUNC
28,NUM,ADJ
anni,NOUN,NOUN
",",PUNCT,PUNCT
de,ADP,FUNC
naçionalitæ,NOUN,NOUN
marocchiña,PROPN,NOUN
",",PUNCT,PUNCT
o,ADP,FUNC
l’,NOUN,NOUN
é,VERB,VERB
stæto,NOUN,NOUN
ammassou,PROPN,NOUN
con,X,OTHER
un,DET,PRON
corpo,NOUN,NOUN
de,ADP,FUNC
pistòlla,NOUN,NOUN
da,VERB,VERB
un,DET,PRON
poliçiotto,NOUN,NOUN
a,VERB,VERB
-,PROPN,NOUN
o,NOUN,NOUN
quæ,NUM,ADJ
o,AUX,VERB
s’,VERB,VERB
ea,ADV,ADV
avvexinou,VERB,VERB
con,VERB,VERB
unn’,PROPN,NOUN
arma,AUX,VERB
fäsa,ADJ,ADJ
.,PUNCT,PUNCT
O,NOUN,NOUN
l’,NOUN,NOUN
é,ADP,FUNC
capitou,ADJ,ADJ
a,AUX,VERB
-,ADV,ADV
i,ADJ,ADJ
26,PRON,PRON
de,ADP,FUNC
zenâ,NOUN,NOUN
à,ADP,FUNC
Milan,PROPN,NOUN
",",PUNCT,PUNCT
vexin,VERB,VERB
a,AUX,VERB
-,PROPN,NOUN
o,NOUN,NOUN
«,PROPN,NOUN
bòsco,ADV,ADV
da,X,OTHER
dröga,ADP,FUNC
»,PUNCT,PUNCT
",",PUNCT,PUNCT
comme,ADP,FUNC
se,PRON,PRON
ghe,X,OTHER
dixe,VERB,VERB
.,PUNCT,PUNCT
I,NOUN,NOUN
agenti,NOUN,NOUN
ean,AUX,VERB
apreuvo,ADJ,ADJ
à,ADP,FUNC
arrestâ,NOUN,NOUN
un,DET,PRON
ch’,NOUN,NOUN
o,ADP,FUNC
vendeiva,VERB,VERB
quande,ADJ,ADJ
o,ADP,FUNC
zoeno,ADV,ADV
o,ADP,FUNC
s’,VERB,VERB
é,PRON,PRON
avvexinou,VERB,VERB
co-a,NOUN,NOUN
pistòlla,NOUN,NOUN
à,ADP,FUNC
salve,VERB,VERB
.,PUNCT,PUNCT
O,NOUN,NOUN
poliçiotto,ADJ,ADJ
o,ADP,FUNC
gh’,VERB,VERB
à,ADP,FUNC
commandou,NOUN,NOUN
de,ADP,FUNC
fermâse,NOUN,NOUN
",",PUNCT,PUNCT
dapeu,ADV,ADV
o,ADP,FUNC
l’,NOUN,NOUN
à,ADP,FUNC
sparou,NOUN,NOUN
inta,VERB,VERB
parte,ADJ,ADJ
erta,ADJ,ADJ
do,ADP,FUNC
còrpo,NOUN,NOUN
.,PUNCT,PUNCT
No,ADP,FUNC
gh’,NOUN,NOUN
é,ADJ,ADJ
stæto,NOUN,NOUN
mainea,ADJ,ADJ
de,ADP,FUNC
sarvâlo,NOUN,NOUN
.,PUNCT,PUNCT
L’,PROPN,NOUN
agente,NOUN,NOUN
ch’,ADJ,ADJ
o,ADP,FUNC
gh’,VERB,VERB
à,ADP,FUNC
tiou,VERB,VERB
",",PUNCT,PUNCT
interrogou,ADJ,ADJ
in,NOUN,NOUN
questua,PRON,PRON
",",PUNCT,PUNCT
o,ADP,FUNC
l’,NOUN,NOUN
é,ADP,FUNC
indagou,ADJ,ADJ
.,PUNCT,PUNCT
«,PROPN,NOUN
Me,NOUN,NOUN
son,DET,PRON
attrovou,NOUN,NOUN
poia,NOUN,NOUN
»,PUNCT,PUNCT
",",PUNCT,PUNCT
o,ADP,FUNC
l’,NOUN,NOUN
à,ADP,FUNC
dito,NOUN,NOUN
.,PUNCT,PUNCT
«,NOUN,NOUN
No,NOUN,NOUN
ghe,ADJ,ADJ
saià,NOUN,NOUN
de,ADP,FUNC
scui,NOUN,NOUN
",",PUNCT,PUNCT
domando,NOUN,NOUN
solo,ADJ,ADJ
de,ADP,FUNC
no,ADJ,ADJ
presumme,NOUN,NOUN
ch’,ADJ,ADJ
o,ADP,FUNC
l’,NOUN,NOUN
é,NOUN,NOUN
corpeive,ADJ,ADJ
»,PUNCT,PUNCT
",",PUNCT,PUNCT
o,ADP,FUNC
l’,NOUN,NOUN
à,ADP,FUNC
dito,NOUN,NOUN
o,ADP,FUNC
ministro,PROPN,NOUN
Piantedosi,PROPN,NOUN
.,PUNCT,PUNCT
O,NOUN,NOUN
Salvini,PROPN,NOUN
",",PUNCT,PUNCT
incangio,VERB,VERB
:,PUNCT,PUNCT
«,PUNCT,PUNCT
Son,DET,PRON
da,NOUN,NOUN
-,NOUN,NOUN
a,AUX,VERB
parte,VERB,VERB
do,PRON,PRON
poliçiòtto,VERB,VERB
",",PUNCT,PUNCT
sensa,VERB,VERB
fâ,ADJ,ADJ
di,DET,PRON
descorsci,VERB,VERB
»,PUNCT,PUNCT
.,PUNCT,PUNCT
"

",SPACE,OTHER
A,AUX,VERB
tenscion,VERB,VERB
à,ADP,FUNC
l’,NOUN,NOUN
arresta,PROPN,NOUN
ertiscima,VERB,VERB
à,ADP,FUNC
Minneapolis,PROPN,NOUN
",",PUNCT,PUNCT
inti,NOUN,NOUN
Stati,PROPN,NOUN
Unii,PROPN,NOUN
",",PUNCT,PUNCT
donde,NOUN,NOUN
unn’,DET,PRON
atra,AUX,VERB
persoña,ADJ,ADJ
a,AUX,VERB
l’,NOUN,NOUN
é,ADP,FUNC
stæta,NOUN,NOUN
ammassâ,ADV,ADV
da,PRON,PRON
-,NOUN,NOUN
i,ADJ,ADJ
agenti,NOUN,NOUN
de,ADP,FUNC
l’,NOUN,NOUN
Ice,PROPN,NOUN
",",PUNCT,PUNCT
l’,NOUN,NOUN
agençia,VERB,VERB
federale,NOUN,NOUN
americaña,PROPN,NOUN
pe,X,OTHER
-,PROPN,NOUN
o,NOUN,NOUN
contròllo,NOUN,NOUN
de,ADP,FUNC
l’,NOUN,NOUN
inmigraçion,NOUN,NOUN
.,PUNCT,PUNCT
Dòppo,NOUN,NOUN
a,AUX,VERB
mòrte,VERB,VERB
da,X,OTHER
Renée,NOUN,NOUN
Good,PROPN,NOUN
a,AUX,VERB
-,ADV,ADV
i,ADJ,ADJ
7,PRON,PRON
de,ADP,FUNC
zenâ,NOUN,NOUN
",",PUNCT,PUNCT
inte,ADJ,ADJ
di,X,OTHER
scontri,NOUN,NOUN
a,AUX,VERB
-,ADV,ADV
i,ADJ,ADJ
24,NUM,ADJ
un,DET,PRON
agente,NOUN,NOUN
o,ADP,FUNC
l’,NOUN,NOUN
à,ADP,FUNC
sparou,NOUN,NOUN
a,AUX,VERB
-,PROPN,NOUN
o,NOUN,NOUN
Alex,PROPN,NOUN
Jeffrey,PROPN,NOUN
Pretti,PROPN,NOUN
",",PUNCT,PUNCT
un,DET,PRON
òmmo,NOUN,NOUN
de,ADP,FUNC
37,NUM,ADJ
anni,NOUN,NOUN
ch’,ADJ,ADJ
o,ADP,FUNC
fava,ADV,ADV
l’,NOUN,NOUN
infermê,VERB,VERB
pe,NOUN,NOUN
-,DET,PRON
i,ADJ,ADJ
veteren,NOUN,NOUN
e,X,OTHER
inte,ADJ,ADJ
quello,X,OTHER
momento,NOUN,NOUN
",",PUNCT,PUNCT
comme,SCONJ,FUNC
se,PRON,PRON
vedde,VERB,VERB
da,VERB,VERB
-,VERB,VERB
i,ADJ,ADJ
video,NOUN,NOUN
",",PUNCT,PUNCT
o,ADP,FUNC
çercava,ADV,ADV
d’,ADV,ADV
aggiuttâ,CCONJ,FUNC
unna,ADJ,ADJ
dònna,VERB,VERB
sponciâ,NOUN,NOUN
in,X,OTHER
tæra,X,OTHER
.,PUNCT,PUNCT
Pe,ADV,ADV
-,PROPN,NOUN
o,NOUN,NOUN
departimento,NOUN,NOUN
pe,X,OTHER
-,PRON,PRON
a,AUX,VERB
seguessa,VERB,VERB
interna,PROPN,NOUN
",",PUNCT,PUNCT
incangio,VERB,VERB
",",PUNCT,PUNCT
o,ADP,FUNC
l’,NOUN,NOUN
à,ADP,FUNC
rexistio,NOUN,NOUN
con,ADJ,ADJ
violensa,VERB,VERB
.,PUNCT,PUNCT
O,NOUN,NOUN
governatô,VERB,VERB
o,ADP,FUNC
l’,NOUN,NOUN
à,ADP,FUNC
domandou,PROPN,NOUN
a,AUX,VERB
-,DET,PRON
o,NOUN,NOUN
Trump,PROPN,NOUN
de,ADP,FUNC
ciantâ,NOUN,NOUN
lì,DET,PRON
con,DET,PRON
ste,NOUN,NOUN
operaçioin,NOUN,NOUN
.,PUNCT,PUNCT
O,NOUN,NOUN
prescidente,ADJ,ADJ
o,ADP,FUNC
l’,NOUN,NOUN
à,ADP,FUNC
averto,NOUN,NOUN
a,AUX,VERB
-,PROPN,NOUN
o,PRON,PRON
retio,ADV,ADV
:,PUNCT,PUNCT
«,PUNCT,PUNCT
À,ADP,FUNC
un,DET,PRON
çerto,NOUN,NOUN
ponto,ADJ,ADJ
se,PRON,PRON
n’,PROPN,NOUN
aniemo,ADJ,ADJ
",",PUNCT,PUNCT
emmo,NOUN,NOUN
fæto,ADJ,ADJ
un,DET,PRON
travaggio,NOUN,NOUN
mäveggioso,NOUN,NOUN
»,PUNCT,PUNCT
.,PUNCT,PUNCT
"

",SPACE,OTHER
O,NOUN,NOUN
prescidente,ADJ,ADJ
american,ADJ,ADJ
Donald,NOUN,NOUN
Trump,PROPN,NOUN
o,ADP,FUNC
l’,NOUN,NOUN
à,ADP,FUNC
annonçiou,PROPN,NOUN
a,AUX,VERB
tregua,VERB,VERB
do,DET,PRON
zeo,NOUN,NOUN
in,X,OTHER
Ucraina,PROPN,NOUN
:,PUNCT,PUNCT
«,NUM,ADJ
Ò,X,OTHER
domandou,PROPN,NOUN
a,AUX,VERB
-,DET,PRON
o,AUX,VERB
Putin,PROPN,NOUN
de,ADP,FUNC
no,PROPN,NOUN
sparâ,ADJ,ADJ
pe,PRON,PRON
unna,VERB,VERB
settemaña,VERB,VERB
za,ADP,FUNC
che,DET,PRON
gh’,NOUN,NOUN
é,CCONJ,FUNC
freido,NOUN,NOUN
e,PRON,PRON
lê,PRON,PRON
o,ADP,FUNC
l’,NOUN,NOUN
à,ADP,FUNC
açettou,PROPN,NOUN
»,PUNCT,PUNCT
.,PUNCT,PUNCT
O,NOUN,NOUN
Cremlin,PROPN,NOUN
",",PUNCT,PUNCT
però,NOUN,NOUN
",",PUNCT,PUNCT
o,ADP,FUNC
l’,NOUN,NOUN
à,ADP,FUNC
frenou,VERB,VERB
:,PUNCT,PUNCT
«,PROPN,NOUN
Sospendiemo,PROPN,NOUN
i,ADJ,ADJ
attacchi,PRON,PRON
solo,VERB,VERB
in,DET,PRON
sce,NOUN,NOUN
Kiev,PROPN,NOUN
",",PUNCT,PUNCT
no,X,OTHER
da,X,OTHER
-,PRON,PRON
e,ADV,ADV
atre,NOUN,NOUN
parte,VERB,VERB
»,PUNCT,PUNCT
.,PUNCT,PUNCT
Inta,NOUN,NOUN
capitale,ADJ,ADJ
miggiæa,PRON,PRON
de,ADP,FUNC
persoñe,NOUN,NOUN
son,DET,PRON
sensa,NOUN,NOUN
rescädamento,ADJ,ADJ
con,NOUN,NOUN
temperatue,VERB,VERB
fin,NOUN,NOUN
à,ADP,FUNC
30,NUM,ADJ
graddi,NOUN,NOUN
sotta,ADJ,ADJ
o,ADP,FUNC
zero,PROPN,NOUN
.,PUNCT,PUNCT
Intanto,NOUN,NOUN
o,ADJ,ADJ
Trump,PROPN,NOUN
o,ADP,FUNC
l’,NOUN,NOUN
à,ADP,FUNC
menassou,PROPN,NOUN
torna,ADJ,ADJ
l’,NOUN,NOUN
Iran,PROPN,NOUN
:,PUNCT,PUNCT
«,PUNCT,PUNCT
Sensa,VERB,VERB
un,DET,PRON
accòrdio,NOUN,NOUN
in,ADJ,ADJ
sciô,ADJ,ADJ
nucleare,ADJ,ADJ
",",PUNCT,PUNCT
l’,NOUN,NOUN
attacco,VERB,VERB
ch’,ADJ,ADJ
o,ADP,FUNC
vëgne,NOUN,NOUN
o,ADP,FUNC
saià,NOUN,NOUN
ben,VERB,VERB
ben,X,OTHER
pezo,VERB,VERB
de,ADP,FUNC
quello,NOUN,NOUN
de,ADP,FUNC
zugno,NOUN,NOUN
»,PUNCT,PUNCT
.,PUNCT,PUNCT
«,PROPN,NOUN
Inte,PROPN,NOUN
sto,PRON,PRON
caxo,VERB,VERB
reagiemo,ADV,ADV
comme,ADP,FUNC
no,ADJ,ADJ
emmo,NOUN,NOUN
mai,NOUN,NOUN
fæto,ADJ,ADJ
primma,ADV,ADV
»,PUNCT,PUNCT
",",PUNCT,PUNCT
a,AUX,VERB
replica,VERB,VERB
de,ADP,FUNC
Teheran,PROPN,NOUN
.,PUNCT,PUNCT
L’,PROPN,NOUN
Union,PROPN,NOUN
europea,ADJ,ADJ
a,AUX,VERB
l’,NOUN,NOUN
à,ADP,FUNC
misso,ADJ,ADJ
i,CCONJ,FUNC
pasdaran,NOUN,NOUN
inta,VERB,VERB
lista,PROPN,NOUN
de,ADP,FUNC
organizzaçioin,NOUN,NOUN
terroristiche,ADJ,ADJ
.,PUNCT,PUNCT
"

",SPACE,OTHER
Son,DET,PRON
quattro,NOUN,NOUN
i,ADJ,ADJ
indagæ,NOUN,NOUN
pe,ADP,FUNC
l’,NOUN,NOUN
inçendio,ADJ,ADJ
do,ADP,FUNC
Primmo,NOUN,NOUN
de,ADP,FUNC
l’,NOUN,NOUN
anno,NOUN,NOUN
à,ADP,FUNC
Crans,PROPN,NOUN
-,PROPN,NOUN
Montana,PROPN,NOUN
",",PUNCT,PUNCT
in,PROPN,NOUN
Svissera,PROPN,NOUN
",",PUNCT,PUNCT
donde,VERB,VERB
40,NUM,ADJ
persoñe,VERB,VERB
son,DET,PRON
mòrte,NOUN,NOUN
e,NOUN,NOUN
116,NUM,ADJ
son,DET,PRON
arrestæ,NOUN,NOUN
ferie,NOUN,NOUN
.,PUNCT,PUNCT
In,DET,PRON
ciù,ADP,FUNC
che,NOUN,NOUN
o,ADP,FUNC
Jacques,PROPN,NOUN
e,X,OTHER
a,VERB,VERB
Jessica,PROPN,NOUN
Moretti,PROPN,NOUN
",",PUNCT,PUNCT
maio,PROPN,NOUN
e,VERB,VERB
moggê,ADV,ADV
",",PUNCT,PUNCT
gh’,ADJ,ADJ
é,NOUN,NOUN
de,ADP,FUNC
accuse,NOUN,NOUN
pe,ADV,ADV
-,PROPN,NOUN
o,NOUN,NOUN
responsabile,NOUN,NOUN
pe,ADV,ADV
-,ADV,ADV
a,AUX,VERB
seguessa,ADV,ADV
pubrica,VERB,VERB
do,ADP,FUNC
Commun,PROPN,NOUN
",",PUNCT,PUNCT
Christophe,PROPN,NOUN
Balet,PROPN,NOUN
",",PUNCT,PUNCT
e,PRON,PRON
chi,AUX,VERB
gh’,NOUN,NOUN
ea,CCONJ,FUNC
primma,NOUN,NOUN
",",PUNCT,PUNCT
Ken,PROPN,NOUN
Jacquemoud,PROPN,NOUN
.,PUNCT,PUNCT
Dòppo,NOUN,NOUN
a,AUX,VERB
liberaçion,VERB,VERB
di,ADP,FUNC
bacchen,PROPN,NOUN
do,ADP,FUNC
Constellation,NOUN,NOUN
s’,VERB,VERB
é,ADP,FUNC
averto,NOUN,NOUN
o,ADP,FUNC
scontro,ADV,ADV
diplomatico,NOUN,NOUN
tra,X,OTHER
Italia,PROPN,NOUN
e,X,OTHER
Svissera,PROPN,NOUN
co-o,X,OTHER
reciammo,VERB,VERB
à,ADP,FUNC
Romma,PROPN,NOUN
de,ADP,FUNC
l’,NOUN,NOUN
ambasciou,PROPN,NOUN
.,PUNCT,PUNCT
Pe,PUNCT,PUNCT
fâlo,NOUN,NOUN
tornâ,ADJ,ADJ
inderê,ADJ,ADJ
o,ADP,FUNC
Governo,PROPN,NOUN
o,ADP,FUNC
veu,NOUN,NOUN
«,PUNCT,PUNCT
unn’,X,OTHER
effettiva,VERB,VERB
conlaboraçion,NOUN,NOUN
tra,PROPN,NOUN
e,AUX,VERB
autoritæ,VERB,VERB
giudiçiäie,ADJ,ADJ
di,CCONJ,FUNC
doî,ADP,FUNC
Stati,PROPN,NOUN
»,PROPN,NOUN
e,AUX,VERB
«,PROPN,NOUN
a,AUX,VERB
constituçion,NOUN,NOUN
a,AUX,VERB
-,PRON,PRON
a,AUX,VERB
spedia,ADJ,ADJ
de,ADP,FUNC
unna,PROPN,NOUN
squaddra,VERB,VERB
investigativa,ADJ,ADJ
commun»,PROPN,NOUN
.,PUNCT,PUNCT
Anche,NOUN,NOUN
a,AUX,VERB
passâ,VERB,VERB
prescidente,ADJ,ADJ
e,AUX,VERB
direttoa,ADJ,ADJ
generale,ADJ,ADJ
de,ADP,FUNC
l’,NOUN,NOUN
Amt,PROPN,NOUN
",",PUNCT,PUNCT
a,AUX,VERB
Ilaria,PROPN,NOUN
Gavuglio,PROPN,NOUN
",",PUNCT,PUNCT
a,AUX,VERB
l’,NOUN,NOUN
é,ADP,FUNC
indagâ,NOUN,NOUN
da,X,OTHER
-,PRON,PRON
a,AUX,VERB
Procua,VERB,VERB
de,ADP,FUNC
Zena,PROPN,NOUN
pe,ADP,FUNC
fäso,NOUN,NOUN
inti,PRON,PRON
conti,ADJ,ADJ
e,PRON,PRON
bancarotta,ADJ,ADJ
de,ADP,FUNC
sfrouxo,NOUN,NOUN
.,PUNCT,PUNCT
A,ADP,FUNC
guardia,NOUN,NOUN
de,ADP,FUNC
finansa,VERB,VERB
a,AUX,VERB
l’,NOUN,NOUN
é,VERB,VERB
arrivâ,ADJ,ADJ
into,ADJ,ADJ
seu,DET,PRON
studio,NOUN,NOUN
privou,ADJ,ADJ
da,DET,PRON
commerçialista,NOUN,NOUN
e,X,OTHER
a,AUX,VERB
gh’,VERB,VERB
à,ADP,FUNC
piggiou,NOUN,NOUN
o,ADP,FUNC
telefono,NOUN,NOUN
e,PRON,PRON
i,ADJ,ADJ
papê,VERB,VERB
relativi,VERB,VERB
à,ADP,FUNC
l’,NOUN,NOUN
açienda,NOUN,NOUN
",",PUNCT,PUNCT
dapeu,ADV,ADV
a,AUX,VERB
l’,NOUN,NOUN
é,ADP,FUNC
tornâ,NOUN,NOUN
inti,ADJ,ADJ
scagni,NOUN,NOUN
de,ADP,FUNC
l’,NOUN,NOUN
Amt,PROPN,NOUN
.,PUNCT,PUNCT
Inti,PROPN,NOUN
giorni,NOUN,NOUN
passæ,ADJ,ADJ
di,ADP,FUNC
atri,PROPN,NOUN
componenti,DET,PRON
do,NOUN,NOUN
conseggio,NOUN,NOUN
d’,ADV,ADV
amministraçion,NOUN,NOUN
passou,PROPN,NOUN
aivan,PROPN,NOUN
za,ADP,FUNC
reçevuo,VERB,VERB
un,DET,PRON
avviso,NOUN,NOUN
de,ADP,FUNC
garançia,NOUN,NOUN
.,PUNCT,PUNCT
Intanto,PROPN,NOUN
se,PRON,PRON
va,VERB,VERB
avanti,ADJ,ADJ
co-i,VERB,VERB
incontri,VERB,VERB
pe,PRON,PRON
sarvâ,NOUN,NOUN
a,AUX,VERB
soçietæ,ADJ,ADJ
da,X,OTHER
-,PRON,PRON
o,NOUN,NOUN
fallimento,NOUN,NOUN
:,PUNCT,PUNCT
pe,NOUN,NOUN
-,PROPN,NOUN
o,NOUN,NOUN
2026,NUM,ADJ
servià,NOUN,NOUN
98,NUM,ADJ
mioin,NOUN,NOUN
de,ADP,FUNC
dinæ,NOUN,NOUN
in,ADJ,ADJ
ciù,NOUN,NOUN
in,ADJ,ADJ
sciô,ADJ,ADJ
capitale,ADJ,ADJ
",",PUNCT,PUNCT
ancon,VERB,VERB
da,DET,PRON
capî,NOUN,NOUN
cöse,PROPN,NOUN
ghe,DET,PRON
mettià,NOUN,NOUN
a,VERB,VERB
Region,NOUN,NOUN
.,PUNCT,PUNCT
O,NOUN,NOUN
2025,NUM,ADJ
ascì,NOUN,NOUN
o,ADP,FUNC
se,PRON,PRON
serrià,VERB,VERB
in,X,OTHER
perdia,ADJ,ADJ
",",PUNCT,PUNCT
s’,VERB,VERB
astimma,X,OTHER
atri,PROPN,NOUN
25,NUM,ADJ
mioin,NOUN,NOUN
.,PUNCT,PUNCT
A,AUX,VERB
scindica,VERB,VERB
Salis,PROPN,NOUN
:,PUNCT,PUNCT
«,PUNCT,PUNCT
A,NOUN,NOUN
l’,NOUN,NOUN
é,CCONJ,FUNC
unna,VERB,VERB
bomba,ADJ,ADJ
in,NOUN,NOUN
scî,NOUN,NOUN
conti,ADJ,ADJ
do,NOUN,NOUN
Commun,PROPN,NOUN
»,PUNCT,PUNCT
.,PUNCT,PUNCT
"

",SPACE,OTHER
Unna,PROPN,NOUN
barca,PROPN,NOUN
da,X,OTHER
pesca,NOUN,NOUN
a,AUX,VERB
l’,NOUN,NOUN
é,VERB,VERB
anæta,NOUN,NOUN
a,AUX,VERB
-,DET,PRON
o,X,OTHER
fondo,NOUN,NOUN
feua,X,OTHER
da,X,OTHER
-,NOUN,NOUN
o,NOUN,NOUN
monte,NOUN,NOUN
de,ADP,FUNC
Portofin,PROPN,NOUN
a,AUX,VERB
-,PRON,PRON
i,ADJ,ADJ
2,NUM,ADJ
de,ADP,FUNC
frevâ,PROPN,NOUN
.,PUNCT,PUNCT
À,ADP,FUNC
bordo,NOUN,NOUN
gh’,NOUN,NOUN
ea,CCONJ,FUNC
doe,NOUN,NOUN
persoñe,VERB,VERB
:,PUNCT,PUNCT
un,DET,PRON
pescou,NOUN,NOUN
de,ADP,FUNC
28,NUM,ADJ
anni,NOUN,NOUN
",",PUNCT,PUNCT
sarvou,VERB,VERB
da,VERB,VERB
un,DET,PRON
remorco,NOUN,NOUN
dòppo,ADJ,ADJ
l’,NOUN,NOUN
açidente,NOUN,NOUN
",",PUNCT,PUNCT
e,NOUN,NOUN
o,ADP,FUNC
comandante,NOUN,NOUN
do,NOUN,NOUN
quæ,PRON,PRON
no,X,OTHER
s’,VERB,VERB
é,ADP,FUNC
ciù,NOUN,NOUN
trovou,VERB,VERB
niente,ADJ,ADJ
.,PUNCT,PUNCT
Segondo,PROPN,NOUN
a,AUX,VERB
reconstruçion,NOUN,NOUN
",",PUNCT,PUNCT
l’,NOUN,NOUN
ea,CCONJ,FUNC
stæto,VERB,VERB
pròpio,VERB,VERB
lê,PRON,PRON
à,ADP,FUNC
ciammâ,NOUN,NOUN
aggiutto,AUX,VERB
perché,ADJ,ADJ
intrava,ADJ,ADJ
de,ADP,FUNC
l’,NOUN,NOUN
ægua,NOUN,NOUN
da,DET,PRON
unna,VERB,VERB
falla,ADJ,ADJ
.,PUNCT,PUNCT
O,NOUN,NOUN
mocciaccio,PRON,PRON
o,ADP,FUNC
s’,VERB,VERB
é,CCONJ,FUNC
cacciou,VERB,VERB
in,X,OTHER
mâ,PROPN,NOUN
e,PROPN,NOUN
o,ADP,FUNC
l’,NOUN,NOUN
é,CCONJ,FUNC
stæto,VERB,VERB
portou,VERB,VERB
à,ADP,FUNC
l’,NOUN,NOUN
uspiâ,ADJ,ADJ
",",PUNCT,PUNCT
ma,DET,PRON
o,ADP,FUNC
comandante,NOUN,NOUN
",",PUNCT,PUNCT
o,ADP,FUNC
tunexin,NOUN,NOUN
Dhib,PROPN,NOUN
Zouahier,PROPN,NOUN
Ben,PROPN,NOUN
Ali,PROPN,NOUN
",",PUNCT,PUNCT
o,ADP,FUNC
no,X,OTHER
l’,NOUN,NOUN
à,ADP,FUNC
abbandonou,VERB,VERB
a,AUX,VERB
barca,VERB,VERB
à,ADP,FUNC
tempo,NOUN,NOUN
e,INTJ,OTHER
o,ADP,FUNC
l’,NOUN,NOUN
é,VERB,VERB
stæto,VERB,VERB
tiou,AUX,VERB
drento,NOUN,NOUN
a,AUX,VERB
-,PROPN,NOUN
o,NOUN,NOUN
remoin,NOUN,NOUN
.,PUNCT,PUNCT
O,NOUN,NOUN
còrpo,NOUN,NOUN
o,ADP,FUNC
no,ADJ,ADJ
l’,NOUN,NOUN
é,ADP,FUNC
ciù,NOUN,NOUN
vegnuo,ADV,ADV
à,ADP,FUNC
galla,PROPN,NOUN
",",PUNCT,PUNCT
a,AUX,VERB
çerchia,PRON,PRON
a,AUX,VERB
va,VERB,VERB
avanti,ADJ,ADJ
",",PUNCT,PUNCT
ma,DET,PRON
inte,NOUN,NOUN
quello,ADP,FUNC
ponto,NOUN,NOUN
o,ADP,FUNC
fondo,NOUN,NOUN
o,ADP,FUNC
l’,NOUN,NOUN
arriva,VERB,VERB
à,ADP,FUNC
300,NUM,ADJ
metri,NOUN,NOUN
e,X,OTHER
no,X,OTHER
se,PRON,PRON
ghe,VERB,VERB
peu,ADV,ADV
chinâ,ADV,ADV
.,PUNCT,PUNCT
"

",SPACE,OTHER
I,NOUN,NOUN
pòrti,VERB,VERB
de,ADP,FUNC
Zena,PROPN,NOUN
e,AUX,VERB
Saña,PROPN,NOUN
an,NOUN,NOUN
marcou,VERB,VERB
un,DET,PRON
neuvo,NOUN,NOUN
record,ADJ,ADJ
de,ADP,FUNC
trafeghi,NOUN,NOUN
do,ADP,FUNC
2025,NUM,ADJ
",",PUNCT,PUNCT
arrivando,ADJ,ADJ
squæxi,ADV,ADV
à,ADP,FUNC
3,NUM,ADJ
mioin,NOUN,NOUN
de,ADP,FUNC
Teu,PROPN,NOUN
mesciæ,ADJ,ADJ
",",PUNCT,PUNCT
in,NOUN,NOUN
montâ,ADJ,ADJ
do,ADP,FUNC
"6,3",NUM,ADJ
%,NOUN,NOUN
da,VERB,VERB
-,PRON,PRON
o,ADP,FUNC
2024,NUM,ADJ
",",PUNCT,PUNCT
pe,DET,PRON
de,ADP,FUNC
ciù,NOUN,NOUN
inte,ADJ,ADJ
un,DET,PRON
contesto,NOUN,NOUN
internaçionale,ADJ,ADJ
segnou,VERB,VERB
da,DET,PRON
l’,NOUN,NOUN
inçertessa,ADJ,ADJ
geopolitica,PROPN,NOUN
e,X,OTHER
da,X,OTHER
-,PRON,PRON
a,AUX,VERB
tenscion,ADJ,ADJ
.,PUNCT,PUNCT
In,DET,PRON
termini,NOUN,NOUN
de,ADP,FUNC
peiso,NOUN,NOUN
",",PUNCT,PUNCT
da,PRON,PRON
-,PRON,PRON
o,ADP,FUNC
scistema,ADJ,ADJ
portuale,ADJ,ADJ
do,NOUN,NOUN
Mâ,PROPN,NOUN
Ligure,NOUN,NOUN
de,ADP,FUNC
Ponente,NOUN,NOUN
l’,NOUN,NOUN
é,ADP,FUNC
passou,NOUN,NOUN
"62,9",NUM,ADJ
mioin,NOUN,NOUN
de,ADP,FUNC
tonnëi,NOUN,NOUN
",",PUNCT,PUNCT
un,DET,PRON
pö,PRON,PRON
ciù,NOUN,NOUN
basso,NOUN,NOUN
che,NOUN,NOUN
o,ADP,FUNC
2024,NUM,ADJ
(,PUNCT,PUNCT
meno,NOUN,NOUN
"0,8",NUM,ADJ
%,NOUN,NOUN
),PUNCT,PUNCT
.,PUNCT,PUNCT
O,NOUN,NOUN
trafego,VERB,VERB
di,ADP,FUNC
passaggê,NOUN,NOUN
o,ADP,FUNC
l’,NOUN,NOUN
é,ADP,FUNC
cresciuo,NOUN,NOUN
",",PUNCT,PUNCT
con,NOUN,NOUN
passâ,NOUN,NOUN
o,ADP,FUNC
livello,PROPN,NOUN
di,ADP,FUNC
5,NUM,ADJ
mioin,NOUN,NOUN
tra,PROPN,NOUN
Zena,PROPN,NOUN
e,X,OTHER
Saña,PROPN,NOUN
:,PUNCT,PUNCT
e,PRON,PRON
croxee,X,OTHER
an,NOUN,NOUN
marcou,VERB,VERB
un,DET,PRON
"6,1",NUM,ADJ
%,NOUN,NOUN
in,X,OTHER
ciù,NOUN,NOUN
.,PUNCT,PUNCT
«,PUNCT,PUNCT
Un,DET,PRON
sato,NOUN,NOUN
pe,NOUN,NOUN
-,PROPN,NOUN
o,NOUN,NOUN
nòstro,ADJ,ADJ
scistema,ADJ,ADJ
portuale,ADJ,ADJ
–,NOUN,NOUN
o,ADP,FUNC
commento,NOUN,NOUN
do,X,OTHER
prescidente,ADJ,ADJ
Matteo,PROPN,NOUN
Paroli,PROPN,NOUN
–,ADJ,ADJ
.,PUNCT,PUNCT
A,ADP,FUNC
l’,NOUN,NOUN
é,VERB,VERB
a,AUX,VERB
preuva,VERB,VERB
che,NOUN,NOUN
semmo,ADJ,ADJ
boin,NOUN,NOUN
à,ADP,FUNC
attrae,VERB,VERB
di,DET,PRON
trafeghi,VERB,VERB
e,X,OTHER
adattâse,NOUN,NOUN
a,AUX,VERB
-,ADV,ADV
i,ADJ,ADJ
cangiamenti,NOUN,NOUN
do,ADP,FUNC
mercou,NOUN,NOUN
»,PUNCT,PUNCT
.,PUNCT,PUNCT
"

",SPACE,OTHER
O,NOUN,NOUN
Governo,PROPN,NOUN
o,ADP,FUNC
l’,NOUN,NOUN
à,ADP,FUNC
inandiou,PROPN,NOUN
a,AUX,VERB
streita,VERB,VERB
in,X,OTHER
sciâ,NOUN,NOUN
seguessa,ADJ,ADJ
dòppo,ADJ,ADJ
i,ADJ,ADJ
scontri,PROPN,NOUN
di,ADP,FUNC
31,PRON,PRON
de,ADP,FUNC
zenâ,NOUN,NOUN
à,ADP,FUNC
Turin,PROPN,NOUN
",",PUNCT,PUNCT
donde,NOUN,NOUN
gh’,NOUN,NOUN
ea,ADV,ADV
a,AUX,VERB
manifestaçion,NOUN,NOUN
pe,X,OTHER
no,X,OTHER
serrâ,PRON,PRON
o,ADP,FUNC
çentro,NOUN,NOUN
soçiale,ADJ,ADJ
Askatasuna,PROPN,NOUN
.,PUNCT,PUNCT
L’,PROPN,NOUN
imagine,NOUN,NOUN
de,ADP,FUNC
un,DET,PRON
poliçiòtto,NOUN,NOUN
contornou,VERB,VERB
e,AUX,VERB
piggiou,VERB,VERB
à,ADP,FUNC
baccæ,NOUN,NOUN
da,DET,PRON
da,DET,PRON
gente,ADJ,ADJ
ingiarmæ,PROPN,NOUN
a,AUX,VERB
l’,NOUN,NOUN
à,ADP,FUNC
fæto,NOUN,NOUN
o,ADP,FUNC
gio,ADJ,ADJ
d’,PROPN,NOUN
Italia,PROPN,NOUN
.,PUNCT,PUNCT
O,NOUN,NOUN
ministëio,NOUN,NOUN
de,ADP,FUNC
l’,NOUN,NOUN
Interno,PROPN,NOUN
o,ADP,FUNC
l’,NOUN,NOUN
à,ADP,FUNC
studiou,NOUN,NOUN
de,ADP,FUNC
mesue,NOUN,NOUN
comme,ADP,FUNC
a,AUX,VERB
proteçion,NOUN,NOUN
penale,ADJ,ADJ
pe,NOUN,NOUN
-,PROPN,NOUN
i,ADJ,ADJ
agenti,NOUN,NOUN
e,AUX,VERB
un,DET,PRON
fermo,NOUN,NOUN
preventivo,NOUN,NOUN
in,X,OTHER
sciô,ADJ,ADJ
modello,NOUN,NOUN
do,X,OTHER
Daspo,PROPN,NOUN
pe,ADV,ADV
-,PROPN,NOUN
i,ADJ,ADJ
tifoxi,NOUN,NOUN
.,PUNCT,PUNCT
«,PUNCT,PUNCT
Gh’,NOUN,NOUN
é,DET,PRON
stæto,NOUN,NOUN
unna,ADJ,ADJ
reisa,ADJ,ADJ
di,PRON,PRON
conti,ADJ,ADJ
co-o,NOUN,NOUN
Stato,PROPN,NOUN
democratico,PROPN,NOUN
»,PUNCT,PUNCT
",",PUNCT,PUNCT
o,ADP,FUNC
l’,NOUN,NOUN
à,ADP,FUNC
dito,NOUN,NOUN
o,ADP,FUNC
ministro,ADJ,ADJ
Piantedosi,PROPN,NOUN
in,X,OTHER
parlamento,ADJ,ADJ
con,NOUN,NOUN
parlâ,VERB,VERB
de,ADP,FUNC
dinamiche,NOUN,NOUN
everscive,ADJ,ADJ
e,AUX,VERB
terroriximo,VERB,VERB
.,PUNCT,PUNCT
O,NOUN,NOUN
prescidente,ADJ,ADJ
da,ADJ,ADJ
Repubrica,PROPN,NOUN
",",PUNCT,PUNCT
però,NOUN,NOUN
",",PUNCT,PUNCT
o,ADP,FUNC
l’,NOUN,NOUN
à,ADP,FUNC
fermou,ADJ,ADJ
e,AUX,VERB
nòrme,AUX,VERB
do,NOUN,NOUN
decreto,NOUN,NOUN
costrenzendo,ADJ,ADJ
à,ADP,FUNC
di,DET,PRON
cangiamenti,NOUN,NOUN
.,PUNCT,PUNCT
O,NOUN,NOUN
giudiçe,NOUN,NOUN
o,ADP,FUNC
porrià,NOUN,NOUN
deçidde,ADJ,ADJ
de,ADP,FUNC
proibî,NOUN,NOUN
e,PROPN,NOUN
manifestaçioin,NOUN,NOUN
a,AUX,VERB
-,DET,PRON
i,ADJ,ADJ
condannæ,NOUN,NOUN
pe,ADP,FUNC
devastaçion,NOUN,NOUN
.,PUNCT,PUNCT
A,NOUN,NOUN
Meloni,PROPN,NOUN
:,PUNCT,PUNCT
«,PROPN,NOUN
Serve,VERB,VERB
un,DET,PRON
scistema,NOUN,NOUN
ciù,NOUN,NOUN
duo,PRON,PRON
»,PUNCT,PUNCT
.,PUNCT,PUNCT
"

",SPACE,OTHER
O,NOUN,NOUN
generale,ADJ,ADJ
Roberto,PROPN,NOUN
Vannacci,PROPN,NOUN
o,ADP,FUNC
l’,NOUN,NOUN
à,ADP,FUNC
offiçializzou,NOUN,NOUN
l’,ADJ,ADJ
addio,NOUN,NOUN
a,AUX,VERB
-,ADV,ADV
a,AUX,VERB
Lega,PROPN,NOUN
e,PRON,PRON
a,AUX,VERB
fondaçion,VERB,VERB
do,ADJ,ADJ
seu,DET,PRON
partio,NOUN,NOUN
Futuro,PROPN,NOUN
Nazionale,PROPN,NOUN
:,PUNCT,PUNCT
«,NUM,ADJ
Veuggio,NOUN,NOUN
anâ,ADJ,ADJ
avanti,VERB,VERB
à,ADP,FUNC
scombatte,VERB,VERB
pe,NOUN,NOUN
-,PRON,PRON
a,AUX,VERB
mæ,PRON,PRON
patria,NOUN,NOUN
sensa,VERB,VERB
mastrussi,ADV,ADV
»,PUNCT,PUNCT
",",PUNCT,PUNCT
o,ADP,FUNC
l’,NOUN,NOUN
à,ADP,FUNC
dito,NOUN,NOUN
.,PUNCT,PUNCT
O,ADP,FUNC
l’,NOUN,NOUN
arrestià,NOUN,NOUN
into,ADJ,ADJ
Parlamento,PROPN,NOUN
europeo,PROPN,NOUN
passando,ADJ,ADJ
a,AUX,VERB
-,DET,PRON
o,AUX,VERB
gruppo,ADJ,ADJ
mesccio,NOUN,NOUN
.,PUNCT,PUNCT
O,NOUN,NOUN
Salvini,PROPN,NOUN
o,ADP,FUNC
l’,NOUN,NOUN
à,ADP,FUNC
espresso,NOUN,NOUN
a,AUX,VERB
seu,DET,PRON
deluxon,NOUN,NOUN
:,PUNCT,PUNCT
«,PUNCT,PUNCT
A,NOUN,NOUN
Lega,PROPN,NOUN
a,AUX,VERB
l’,NOUN,NOUN
aiva,ADJ,ADJ
piggiou,PROPN,NOUN
quande,ADJ,ADJ
o,ADP,FUNC
l’,NOUN,NOUN
ea,CCONJ,FUNC
arrestou,ADJ,ADJ
da,PRON,PRON
solo,VERB,VERB
»,PUNCT,PUNCT
.,PUNCT,PUNCT
Lê,NUM,ADJ
o,ADP,FUNC
gh’,VERB,VERB
à,ADP,FUNC
respòsto,NOUN,NOUN
:,PUNCT,PUNCT
«,NUM,ADJ
O,NOUN,NOUN
traditô,PROPN,NOUN
o,ADP,FUNC
l’,NOUN,NOUN
é,NOUN,NOUN
o,ADP,FUNC
Salvini,PROPN,NOUN
",",PUNCT,PUNCT
da,PROPN,NOUN
-,PRON,PRON
e,PRON,PRON
arme,VERB,VERB
à,ADP,FUNC
l’,NOUN,NOUN
Ucraina,PROPN,NOUN
a,AUX,VERB
-,ADV,ADV
i,ADJ,ADJ
prinçippi,VERB,VERB
in,X,OTHER
sciâ,NOUN,NOUN
famiggia,VERB,VERB
fin,NOUN,NOUN
a,AUX,VERB
-,PRON,PRON
a,AUX,VERB
lezze,PROPN,NOUN
Fornero,PROPN,NOUN
»,PUNCT,PUNCT
.,PUNCT,PUNCT
O,NOUN,NOUN
Vannacci,PROPN,NOUN
l’,NOUN,NOUN
à,ADP,FUNC
minsonou,VERB,VERB
un,DET,PRON
sondaggio,NOUN,NOUN
ch’,ADJ,ADJ
o,ADP,FUNC
dà,VERB,VERB
o,ADP,FUNC
seu,DET,PRON
partio,NOUN,NOUN
a,AUX,VERB
-,DET,PRON
o,NOUN,NOUN
4,NUM,ADJ
%,NOUN,NOUN
.,PUNCT,PUNCT
Doî,ADP,FUNC
deputæ,NUM,ADJ
elezzui,NOUN,NOUN
co-a,NOUN,NOUN
Lega,NOUN,NOUN
",",PUNCT,PUNCT
o,ADP,FUNC
Sasso,PROPN,NOUN
e,NOUN,NOUN
o,ADP,FUNC
Ziello,PROPN,NOUN
",",PUNCT,PUNCT
an,NOUN,NOUN
lasciou,ADJ,ADJ
o,ADP,FUNC
gruppo,NOUN,NOUN
a,AUX,VERB
-,PRON,PRON
a,AUX,VERB
Camia,PROPN,NOUN
.,PUNCT,PUNCT
Scceuppa,PROPN,NOUN
a,AUX,VERB
guæra,PROPN,NOUN
legale,ADJ,ADJ
in,X,OTHER
sciô,ADJ,ADJ
scimbolo,VERB,VERB
do,DET,PRON
partio,NOUN,NOUN
",",PUNCT,PUNCT
stæto,VERB,VERB
registrou,VERB,VERB
do,ADP,FUNC
2010,NUM,ADJ
da,VERB,VERB
un,DET,PRON
esponente,NOUN,NOUN
do,ADP,FUNC
Movimento,PROPN,NOUN
5,NUM,ADJ
Stelle,PROPN,NOUN
e,AUX,VERB
descheito,VERB,VERB
do,ADP,FUNC
2020,NUM,ADJ
.,PUNCT,PUNCT
"

",SPACE,OTHER
À,ADP,FUNC
Milan,PROPN,NOUN
a,AUX,VERB
-,ADV,ADV
i,ADJ,ADJ
6,PRON,PRON
de,ADP,FUNC
frevâ,PROPN,NOUN
gh’,VERB,VERB
é,PRON,PRON
stæto,VERB,VERB
a,AUX,VERB
çeimònia,VERB,VERB
d’,ADV,ADV
avertua,VERB,VERB
de,ADP,FUNC
Olimpiade,NOUN,NOUN
d’,PROPN,NOUN
inverno,ADJ,ADJ
",",PUNCT,PUNCT
un,DET,PRON
spettacolo,ADJ,ADJ
con,NOUN,NOUN
doî,ADP,FUNC
miliardi,PROPN,NOUN
e,PRON,PRON
passa,VERB,VERB
de,ADP,FUNC
telespettatoî,NOUN,NOUN
e,AUX,VERB
atleti,VERB,VERB
de,ADP,FUNC
93,NUM,ADJ
Paixi,PROPN,NOUN
.,PUNCT,PUNCT
In,DET,PRON
tribuña,NUM,ADJ
ciù,NOUN,NOUN
de,ADP,FUNC
50,NUM,ADJ
cappi,NOUN,NOUN
de,ADP,FUNC
Stato,PROPN,NOUN
e,VERB,VERB
de,ADP,FUNC
governo,NOUN,NOUN
",",PUNCT,PUNCT
tra,PROPN,NOUN
i,ADJ,ADJ
quæ,SCONJ,FUNC
o,ADP,FUNC
Mattarella,PROPN,NOUN
",",PUNCT,PUNCT
a,AUX,VERB
Meloni,PROPN,NOUN
",",PUNCT,PUNCT
o,ADP,FUNC
viçeprescidente,NOUN,NOUN
american,ADJ,ADJ
Vance,PROPN,NOUN
e,VERB,VERB
o,ADP,FUNC
segretäio,NOUN,NOUN
generale,ADJ,ADJ
de,ADP,FUNC
l’,NOUN,NOUN
Onu,PROPN,NOUN
Guterres,PROPN,NOUN
.,PUNCT,PUNCT
Tra,NOUN,NOUN
i,ADJ,ADJ
artisti,NOUN,NOUN
a,AUX,VERB
Mariah,PROPN,NOUN
Carey,PROPN,NOUN
",",PUNCT,PUNCT
o,ADP,FUNC
Bocelli,PROPN,NOUN
",",PUNCT,PUNCT
o,ADP,FUNC
Ghali,PROPN,NOUN
",",PUNCT,PUNCT
o,ADP,FUNC
Favino,PROPN,NOUN
",",PUNCT,PUNCT
o,ADP,FUNC
Impacciatore,PROPN,NOUN
co-a,VERB,VERB
voxe,VERB,VERB
da,X,OTHER
Matilda,NOUN,NOUN
De,ADP,FUNC
Angelis,PROPN,NOUN
.,PUNCT,PUNCT
Inti,PROPN,NOUN
giorni,ADJ,ADJ
primma,ADV,ADV
gh’,PRON,PRON
ea,CCONJ,FUNC
stæto,VERB,VERB
di,PRON,PRON
attacchi,AUX,VERB
informatichi,VERB,VERB
da,PRON,PRON
parte,VERB,VERB
di,NOUN,NOUN
hacker,PROPN,NOUN
filo,ADJ,ADJ
-,NOUN,NOUN
rusci,NOUN,NOUN
contra,ADJ,ADJ
di,AUX,VERB
obiettivi,VERB,VERB
diplomatichi,VERB,VERB
e,PRON,PRON
ascì,NOUN,NOUN
di,NOUN,NOUN
aberghi,VERB,VERB
de,ADP,FUNC
Cortina,PROPN,NOUN
.,PUNCT,PUNCT
Sabbo,ADJ,ADJ
a,AUX,VERB
primma,ADV,ADV
medaggia,ADJ,ADJ
do,NOUN,NOUN
sci,ADP,FUNC
.,PUNCT,PUNCT
"

",SPACE,OTHER
O,NOUN,NOUN
prescidente,ADJ,ADJ
american,ADJ,ADJ
Donald,NOUN,NOUN
Trump,PROPN,NOUN
o,ADP,FUNC
veu,NOUN,NOUN
portâ,ADJ,ADJ
o,ADP,FUNC
scistema,NOUN,NOUN
elettorale,ADJ,ADJ
sotta,PROPN,NOUN
o,ADP,FUNC
contròllo,NOUN,NOUN
federale,ADJ,ADJ
",",PUNCT,PUNCT
sciben,X,OTHER
che,PRON,PRON
a,AUX,VERB
Constituçion,NOUN,NOUN
americaña,PROPN,NOUN
a,AUX,VERB
delega,VERB,VERB
l’,NOUN,NOUN
amministraçion,NOUN,NOUN
do,ADP,FUNC
voto,NOUN,NOUN
a,AUX,VERB
-,ADV,ADV
i,ADJ,ADJ
Stati,PROPN,NOUN
.,PUNCT,PUNCT
O,NOUN,NOUN
tycoon,VERB,VERB
o,ADP,FUNC
temme,ADV,ADV
e,PRON,PRON
eleçioin,NOUN,NOUN
de,ADP,FUNC
mezo,NOUN,NOUN
e,NOUN,NOUN
o,ADP,FUNC
parla,NOUN,NOUN
torna,NOUN,NOUN
de,ADP,FUNC
teorie,NOUN,NOUN
in,ADJ,ADJ
scî,NOUN,NOUN
imbròggi,PROPN,NOUN
do,NOUN,NOUN
2020,NUM,ADJ
.,PUNCT,PUNCT
Intanto,NOUN,NOUN
l’,NOUN,NOUN
é,ADP,FUNC
scciuppou,ADJ,ADJ
unna,VERB,VERB
tempesta,X,OTHER
in,X,OTHER
sciô,ADJ,ADJ
video,VERB,VERB
scompartio,NOUN,NOUN
da,X,OTHER
-,PRON,PRON
o,NOUN,NOUN
Trump,PROPN,NOUN
donde,PROPN,NOUN
o,ADP,FUNC
passou,PROPN,NOUN
prescidente,VERB,VERB
Obama,X,OTHER
e,PRON,PRON
seu,PRON,PRON
moggê,ADJ,ADJ
son,DET,PRON
representæ,VERB,VERB
comme,ADP,FUNC
de,ADP,FUNC
scimie,NOUN,NOUN
.,PUNCT,PUNCT
Da,PROPN,NOUN
ciù,NOUN,NOUN
parte,VERB,VERB
l’,NOUN,NOUN
é,ADJ,ADJ
arrivou,VERB,VERB
de,DET,PRON
accuse,NOUN,NOUN
de,ADP,FUNC
razziximo,NOUN,NOUN
.,PUNCT,PUNCT
«,PUNCT,PUNCT
A,NOUN,NOUN
l’,NOUN,NOUN
é,CCONJ,FUNC
unna,VERB,VERB
persoña,ADJ,ADJ
gramma,ADJ,ADJ
»,PUNCT,PUNCT
",",PUNCT,PUNCT
commenta,VERB,VERB
i,ADJ,ADJ
democratichi,VERB,VERB
.,PUNCT,PUNCT
In,DET,PRON
sciô,ADJ,ADJ
fronte,VERB,VERB
de,ADP,FUNC
l’,NOUN,NOUN
estranxeo,ADJ,ADJ
",",PUNCT,PUNCT
va,VERB,VERB
avanti,ADJ,ADJ
e,X,OTHER
trattative,ADJ,ADJ
con,VERB,VERB
l’,NOUN,NOUN
Iran,PROPN,NOUN
pe,ADP,FUNC
schivâ,NOUN,NOUN
unn’,X,OTHER
atra,VERB,VERB
guæra,PROPN,NOUN
.,PUNCT,PUNCT
"

",SPACE,OTHER
Neuvo,PROPN,NOUN
attentato,VERB,VERB
à,ADP,FUNC
Mosca,PROPN,NOUN
",",PUNCT,PUNCT
stavòtta,PROPN,NOUN
contra,VERB,VERB
o,ADP,FUNC
segondo,PRON,PRON
di,PUNCT,PUNCT
serviçi,ADJ,ADJ
segretti,NOUN,NOUN
militari,PROPN,NOUN
rusci,NOUN,NOUN
",",PUNCT,PUNCT
o,ADP,FUNC
Vladimir,PROPN,NOUN
Alekseyev,PROPN,NOUN
.,PUNCT,PUNCT
O,NOUN,NOUN
generale,ADJ,ADJ
",",PUNCT,PUNCT
divöto,VERB,VERB
do,NOUN,NOUN
prescidente,PROPN,NOUN
Putin,PROPN,NOUN
",",PUNCT,PUNCT
o,ADP,FUNC
l’,NOUN,NOUN
é,ADP,FUNC
stæto,NOUN,NOUN
corpio,PROPN,NOUN
con,NOUN,NOUN
di,AUX,VERB
spari,NOUN,NOUN
in,X,OTHER
sciô,ADJ,ADJ
ballou,ADJ,ADJ
de,ADP,FUNC
cà,ADP,FUNC
e,NOUN,NOUN
o,ADP,FUNC
l’,NOUN,NOUN
é,ADP,FUNC
inte,ADJ,ADJ
unna,ADJ,ADJ
condiçion,VERB,VERB
graviscima,ADV,ADV
.,PUNCT,PUNCT
O,NOUN,NOUN
ministro,NOUN,NOUN
de,ADP,FUNC
l’,NOUN,NOUN
Estranxeo,PROPN,NOUN
Lavrov,PROPN,NOUN
o,ADP,FUNC
l’,NOUN,NOUN
accusa,VERB,VERB
:,PUNCT,PUNCT
«,PROPN,NOUN
L’,PROPN,NOUN
inçenta,PROPN,NOUN
a,AUX,VERB
mostra,VERB,VERB
a,AUX,VERB
voentæ,VERB,VERB
de,ADP,FUNC
Kiev,PROPN,NOUN
de,ADP,FUNC
mandâ,NOUN,NOUN
à,ADP,FUNC
l’,NOUN,NOUN
äia,PROPN,NOUN
e,PRON,PRON
negoçiaçioin,NOUN,NOUN
»,PUNCT,PUNCT
.,PUNCT,PUNCT
Intanto,NOUN,NOUN
in,X,OTHER
Ucraina,PROPN,NOUN
a,AUX,VERB
tregua,VERB,VERB
do,DET,PRON
zeo,NOUN,NOUN
a,AUX,VERB
l’,NOUN,NOUN
é,ADJ,ADJ
finia,NOUN,NOUN
e,CCONJ,FUNC
l’,NOUN,NOUN
é,ADP,FUNC
comensou,PROPN,NOUN
torna,ADJ,ADJ
i,ADJ,ADJ
attacchi,VERB,VERB
in,ADJ,ADJ
scê,NOUN,NOUN
infrastruttue,ADJ,ADJ
energetiche,ADJ,ADJ
.,PUNCT,PUNCT
L’,PROPN,NOUN
Union,PROPN,NOUN
europea,ADJ,ADJ
a,VERB,VERB
l’,NOUN,NOUN
à,ADP,FUNC
presentou,NOUN,NOUN
o,ADP,FUNC
vinteximo,PROPN,NOUN
pacchetto,ADJ,ADJ
de,ADP,FUNC
sançioin,NOUN,NOUN
contra,ADJ,ADJ
a,AUX,VERB
Ruscia,PROPN,NOUN
pe,PRON,PRON
«,PUNCT,PUNCT
costrenze,NOUN,NOUN
o,ADP,FUNC
Putin,PROPN,NOUN
a,AUX,VERB
-,PRON,PRON
a,AUX,VERB
paxe,ADJ,ADJ
»,PUNCT,PUNCT
.,PUNCT,PUNCT
"

",SPACE,OTHER
Cresce,NOUN,NOUN
o,ADP,FUNC
conto,NOUN,NOUN
di,AUX,VERB
mòrti,PROPN,NOUN
inta,VERB,VERB
strage,ADJ,ADJ
de,ADP,FUNC
Crans,PROPN,NOUN
-,PROPN,NOUN
Montana,PROPN,NOUN
a,AUX,VERB
-,DET,PRON
o,AUX,VERB
Primmo,NOUN,NOUN
de,ADP,FUNC
l’,NOUN,NOUN
anno,NOUN,NOUN
.,PUNCT,PUNCT
Un,DET,PRON
zoeno,NOUN,NOUN
de,ADP,FUNC
18,NUM,ADJ
anni,NOUN,NOUN
ch’,ADJ,ADJ
o,ADP,FUNC
l’,NOUN,NOUN
ea,CCONJ,FUNC
recoverou,VERB,VERB
à,ADP,FUNC
l’,NOUN,NOUN
uspiâ,ADJ,ADJ
de,ADP,FUNC
Zurigo,PROPN,NOUN
o,ADP,FUNC
no,X,OTHER
ghe,X,OTHER
l’,NOUN,NOUN
à,ADP,FUNC
fæta,NOUN,NOUN
.,PUNCT,PUNCT
E,NOUN,NOUN
vittime,ADJ,ADJ
oua,ADJ,ADJ
son,DET,PRON
41,NUM,ADJ
",",PUNCT,PUNCT
i,ADJ,ADJ
ferii,VERB,VERB
115,NUM,ADJ
",",PUNCT,PUNCT
tanti,ADV,ADV
inte,ADJ,ADJ
unna,ADJ,ADJ
condiçion,VERB,VERB
grave,ADJ,ADJ
pe,NOUN,NOUN
-,PROPN,NOUN
e,PRON,PRON
bruxeuie,ADJ,ADJ
.,PUNCT,PUNCT
Da,PROPN,NOUN
l’,NOUN,NOUN
investigaçion,NOUN,NOUN
l’,NOUN,NOUN
é,ADJ,ADJ
vegnuo,ADV,ADV
feua,VERB,VERB
che,NOUN,NOUN
i,ADJ,ADJ
contròlli,NOUN,NOUN
mancæ,PROPN,NOUN
into,ADJ,ADJ
locale,ADJ,ADJ
Le,DET,PRON
Constellation,NOUN,NOUN
",",PUNCT,PUNCT
da,X,OTHER
-,PROPN,NOUN
o,NOUN,NOUN
2019,NUM,ADJ
a,AUX,VERB
-,PROPN,NOUN
o,NOUN,NOUN
2025,NUM,ADJ
",",PUNCT,PUNCT
saieivan,PROPN,NOUN
stæti,VERB,VERB
caxonæ,ADV,ADV
da,ADJ,ADJ
di,ADP,FUNC
problemi,NOUN,NOUN
d’,X,OTHER
aggiornamento,VERB,VERB
do,X,OTHER
scistema,ADJ,ADJ
informatico,NOUN,NOUN
ch’,ADJ,ADJ
o,ADP,FUNC
gestisce,PROPN,NOUN
a,AUX,VERB
proçedua,ADJ,ADJ
.,PUNCT,PUNCT
L’,PROPN,NOUN
à,ADP,FUNC
dito,NOUN,NOUN
o,ADP,FUNC
Christophe,DET,PRON
Balet,PROPN,NOUN
",",PUNCT,PUNCT
responsabile,NOUN,NOUN
da,ADJ,ADJ
seguessa,VERB,VERB
do,ADP,FUNC
Commun,PROPN,NOUN
",",PUNCT,PUNCT
inte,ADJ,ADJ
l’,ADJ,ADJ
interrogatöio,ADJ,ADJ
à,ADP,FUNC
Sion,PROPN,NOUN
.,PUNCT,PUNCT
Presente,PROPN,NOUN
anche,NOUN,NOUN
o,ADP,FUNC
baccan,NOUN,NOUN
Jacques,PROPN,NOUN
Moretti,PROPN,NOUN
",",PUNCT,PUNCT
tornou,NOUN,NOUN
in,X,OTHER
libertæ,NOUN,NOUN
dòppo,ADJ,ADJ
o,ADP,FUNC
pagamento,NOUN,NOUN
da,ADJ,ADJ
cauçion,NOUN,NOUN
.,PUNCT,PUNCT
"
",SPACE,OTHER
Unna,PROPN,NOUN
figgiña,X,OTHER
de,ADP,FUNC
doî,DET,PRON
anni,PROPN,NOUN
",",PUNCT,PUNCT
de,ADP,FUNC
nomme,NOUN,NOUN
Beatrice,PROPN,NOUN
",",PUNCT,PUNCT
a,AUX,VERB
l’,NOUN,NOUN
é,CCONJ,FUNC
mòrta,NOUN,NOUN
à,ADP,FUNC
Bordighea,PROPN,NOUN
a,AUX,VERB
-,ADV,ADV
i,ADJ,ADJ
9,NUM,ADJ
de,ADP,FUNC
zenâ,NOUN,NOUN
.,PUNCT,PUNCT
I,NOUN,NOUN
soccorritoî,VERB,VERB
l’,NOUN,NOUN
an,NOUN,NOUN
trovâ,VERB,VERB
za,DET,PRON
co-o,ADJ,ADJ
cheu,NOUN,NOUN
ch’,ADJ,ADJ
o,ADP,FUNC
no,NOUN,NOUN
batteiva,VERB,VERB
ciù,PRON,PRON
.,PUNCT,PUNCT
A,AUX,VERB
moæ,VERB,VERB
",",PUNCT,PUNCT
Manuela,PROPN,NOUN
Aiello,PROPN,NOUN
de,ADP,FUNC
43,NUM,ADJ
anni,NOUN,NOUN
",",PUNCT,PUNCT
a,AUX,VERB
l’,NOUN,NOUN
é,CCONJ,FUNC
stæta,NOUN,NOUN
arrestâ,ADJ,ADJ
e,PRON,PRON
missa,VERB,VERB
in,X,OTHER
prexon,ADJ,ADJ
à,ADP,FUNC
Pontedeximo,PROPN,NOUN
.,PUNCT,PUNCT
O,NOUN,NOUN
mego,NOUN,NOUN
legale,ADJ,ADJ
o,ADP,FUNC
l’,NOUN,NOUN
à,ADP,FUNC
trovou,NOUN,NOUN
di,ADP,FUNC
negroin,NOUN,NOUN
in,NOUN,NOUN
sciô,ADJ,ADJ
còrpo,PROPN,NOUN
da,ADJ,ADJ
picciña,NOUN,NOUN
.,PUNCT,PUNCT
A,NOUN,NOUN
moæ,NOUN,NOUN
a,VERB,VERB
l’,NOUN,NOUN
à,ADP,FUNC
dito,NOUN,NOUN
ch’,ADJ,ADJ
a,AUX,VERB
l’,NOUN,NOUN
ea,CCONJ,FUNC
cheita,VERB,VERB
da,X,OTHER
unna,VERB,VERB
scâ,ADJ,ADJ
",",PUNCT,PUNCT
ma,DET,PRON
che,NOUN,NOUN
paiva,ADJ,ADJ
ch’,ADJ,ADJ
a,AUX,VERB
stesse,VERB,VERB
ben,ADJ,ADJ
ascì,NOUN,NOUN
ch’,ADJ,ADJ
a,VERB,VERB
mostrava,VERB,VERB
di,ADP,FUNC
problemi,NOUN,NOUN
de,ADP,FUNC
respiaçion,NOUN,NOUN
.,PUNCT,PUNCT
Pe,ADV,ADV
-,PRON,PRON
i,ADJ,ADJ
inquirenti,ADJ,ADJ
",",PUNCT,PUNCT
però,NOUN,NOUN
",",PUNCT,PUNCT
quelli,PRON,PRON
segni,VERB,VERB
saieivan,PROPN,NOUN
stæti,VERB,VERB
caxonæ,ADV,ADV
da,DET,PRON
unna,VERB,VERB
violensa,VERB,VERB
e,NOUN,NOUN
no,X,OTHER
da,X,OTHER
un,DET,PRON
açidente,NOUN,NOUN
.,PUNCT,PUNCT
Dòppo,VERB,VERB
l’,NOUN,NOUN
interrogatöio,NOUN,NOUN
l’,NOUN,NOUN
é,ADJ,ADJ
vegnuo,ADV,ADV
feua,VERB,VERB
che,PRON,PRON
a,AUX,VERB
figgetta,VERB,VERB
a,AUX,VERB
saieiva,ADJ,ADJ
mòrta,NOUN,NOUN
à,ADP,FUNC
Preinoudo,PROPN,NOUN
",",PUNCT,PUNCT
donde,NOUN,NOUN
stava,NOUN,NOUN
o,ADP,FUNC
compagno,VERB,VERB
da,DET,PRON
dònna,NOUN,NOUN
",",PUNCT,PUNCT
lê,DET,PRON
ascì,NOUN,NOUN
indagou,ADJ,ADJ
",",PUNCT,PUNCT
e,PRON,PRON
donde,VERB,VERB
tutte,NOUN,NOUN
træ,DET,PRON
e,AUX,VERB
figge,VERB,VERB
aivan,PROPN,NOUN
passou,PROPN,NOUN
a,AUX,VERB
neutte,ADV,ADV
.,PUNCT,PUNCT
"

",SPACE,OTHER
Con,DET,PRON
300,NUM,ADJ
chilli,VERB,VERB
de,ADP,FUNC
povie,NOUN,NOUN
missi,ADV,ADV
inte,ADJ,ADJ
24,NUM,ADJ
beuggi,NOUN,NOUN
l’,NOUN,NOUN
é,ADP,FUNC
sätou,ADJ,ADJ
pe,ADP,FUNC
l’,NOUN,NOUN
äia,PROPN,NOUN
o,ADP,FUNC
magheu,NOUN,NOUN
de,ADP,FUNC
2mia,NUM,ADJ
tonnëi,PROPN,NOUN
e,AUX,VERB
720,NUM,ADJ
metri,ADJ,ADJ
cubbi,VERB,VERB
(,PUNCT,PUNCT
comme,ADP,FUNC
un,DET,PRON
palaçio,NOUN,NOUN
de,ADP,FUNC
quattro,NOUN,NOUN
cen,PRON,PRON
),PUNCT,PUNCT
arrestou,NOUN,NOUN
appeiso,NOUN,NOUN
in,X,OTHER
sce,NOUN,NOUN
l’,ADJ,ADJ
Aurelia,PROPN,NOUN
dòppo,ADJ,ADJ
a,AUX,VERB
fraña,VERB,VERB
di,ADP,FUNC
25,PRON,PRON
de,ADP,FUNC
zenâ,NOUN,NOUN
tra,PRON,PRON
Vexima,PROPN,NOUN
e,X,OTHER
Rensen,PROPN,NOUN
.,PUNCT,PUNCT
O,NOUN,NOUN
travaggio,VERB,VERB
",",PUNCT,PUNCT
fæto,NOUN,NOUN
fâ,ADJ,ADJ
da,ADJ,ADJ
l’,NOUN,NOUN
Anas,PROPN,NOUN
à,ADP,FUNC
unna,NOUN,NOUN
dita,ADJ,ADJ
speçializzâ,NOUN,NOUN
",",PUNCT,PUNCT
o,ADP,FUNC
l’,NOUN,NOUN
é,ADP,FUNC
stæto,NOUN,NOUN
compio,PROPN,NOUN
a,AUX,VERB
-,ADV,ADV
i,ADJ,ADJ
13,PRON,PRON
de,ADP,FUNC
frevâ,PROPN,NOUN
à,ADP,FUNC
doe,NOUN,NOUN
e,AUX,VERB
meza,VERB,VERB
de,ADP,FUNC
doppodisnâ,NOUN,NOUN
.,PUNCT,PUNCT
Gh’,NOUN,NOUN
é,DET,PRON
stæto,NOUN,NOUN
beseugno,ADJ,ADJ
d’,ADV,ADV
affermâ,VERB,VERB
i,ADJ,ADJ
treni,NOUN,NOUN
pe,ADP,FUNC
unn’,NOUN,NOUN
oa,ADP,FUNC
pöcassæ,ADV,ADV
",",PUNCT,PUNCT
incangio,VERB,VERB
l’,ADJ,ADJ
autostradda,ADJ,ADJ
a,AUX,VERB
no,VERB,VERB
l’,NOUN,NOUN
à,ADP,FUNC
mai,NOUN,NOUN
serrou,NOUN,NOUN
.,PUNCT,PUNCT
Oua,PRON,PRON
se,PRON,PRON
travaggia,VERB,VERB
pe,DET,PRON
arvî,NOUN,NOUN
torna,ADJ,ADJ
a,AUX,VERB
stradda,VERB,VERB
pe,VERB,VERB
-,PROPN,NOUN
o,NOUN,NOUN
1,NUM,ADJ
°,NOUN,NOUN
de,ADP,FUNC
marso,NOUN,NOUN
",",PUNCT,PUNCT
a,AUX,VERB
-,DET,PRON
o,NOUN,NOUN
manco,VERB,VERB
con,ADP,FUNC
unn’,ADP,FUNC
andania,NOUN,NOUN
.,PUNCT,PUNCT
E,NOUN,NOUN
prie,NOUN,NOUN
vegnue,VERB,VERB
zu,ADP,FUNC
da,PRON,PRON
-,PRON,PRON
a,AUX,VERB
còsta,X,OTHER
saian,X,OTHER
addeuviæ,X,OTHER
pe,PRON,PRON
rinforsâ,NOUN,NOUN
a,AUX,VERB
scuggea,ADJ,ADJ
sotta,PROPN,NOUN
a,AUX,VERB
stradda,VERB,VERB
comme,ADP,FUNC
proteçion,NOUN,NOUN
da,VERB,VERB
-,NOUN,NOUN
i,ADJ,ADJ
mouxi,NOUN,NOUN
.,PUNCT,PUNCT
"

",SPACE,OTHER
O,NOUN,NOUN
Commun,PROPN,NOUN
de,ADP,FUNC
Zena,PROPN,NOUN
o,ADP,FUNC
l’,NOUN,NOUN
à,ADP,FUNC
deciarou,NOUN,NOUN
l’,NOUN,NOUN
interesse,VERB,VERB
pubrico,ADJ,ADJ
in,X,OTHER
sciâ,NOUN,NOUN
propòsta,ADJ,ADJ
de,ADP,FUNC
Zena,PROPN,NOUN
e,X,OTHER
Sandöia,PROPN,NOUN
pe,X,OTHER
-,PRON,PRON
a,AUX,VERB
conçescion,X,OTHER
do,DET,PRON
stadio,ADJ,ADJ
Ferraris,PROPN,NOUN
.,PUNCT,PUNCT
E,AUX,VERB
squaddre,VERB,VERB
an,NOUN,NOUN
promisso,ADJ,ADJ
di,ADP,FUNC
investimenti,VERB,VERB
pe,ADP,FUNC
100,NUM,ADJ
mioin,NOUN,NOUN
e,CCONJ,FUNC
passa,VERB,VERB
pe,CCONJ,FUNC
renovâlo,NOUN,NOUN
in,X,OTHER
cangio,VERB,VERB
do,PRON,PRON
drito,NOUN,NOUN
de,ADP,FUNC
terren,NOUN,NOUN
pe,NOUN,NOUN
99,NUM,ADJ
anni,NOUN,NOUN
(,PUNCT,PUNCT
di,NOUN,NOUN
quæ,DET,PRON
50,PRON,PRON
de,ADP,FUNC
badda,PROPN,NOUN
che,NOUN,NOUN
van,X,OTHER
comme,ADP,FUNC
6,NUM,ADJ
mioin,NOUN,NOUN
),PUNCT,PUNCT
.,PUNCT,PUNCT
A,AUX,VERB
scindica,VERB,VERB
Silvia,ADP,FUNC
Salis,PROPN,NOUN
a,AUX,VERB
l’,NOUN,NOUN
à,ADP,FUNC
dito,NOUN,NOUN
che,ADJ,ADJ
i,ADJ,ADJ
19,NUM,ADJ
mioin,NOUN,NOUN
che,DET,PRON
i,ADJ,ADJ
club,VERB,VERB
voeivan,VERB,VERB
mette,NOUN,NOUN
à,ADP,FUNC
carrego,VERB,VERB
do,DET,PRON
Commun,PROPN,NOUN
dovià,ADJ,ADJ
çercâli,NOUN,NOUN
e,AUX,VERB
soçietæ,ADJ,ADJ
pe,ADP,FUNC
mezo,VERB,VERB
d’,ADV,ADV
atre,NOUN,NOUN
vivagne,ADJ,ADJ
de,ADP,FUNC
finançiamento,NOUN,NOUN
.,PUNCT,PUNCT
Oua,NOUN,NOUN
o,ADP,FUNC
consòrçio,VERB,VERB
Stadium,PROPN,NOUN
",",PUNCT,PUNCT
formou,NOUN,NOUN
da,X,OTHER
Zena,PROPN,NOUN
e,X,OTHER
Sandöia,PROPN,NOUN
",",PUNCT,PUNCT
o,ADP,FUNC
l’,NOUN,NOUN
avià,PROPN,NOUN
da,PRON,PRON
consegnâ,VERB,VERB
o,ADP,FUNC
progetto,ADV,ADV
de,ADP,FUNC
fattibilitæ,PROPN,NOUN
da,PRON,PRON
chì,PRON,PRON
a,AUX,VERB
-,PRON,PRON
a,AUX,VERB
meitæ,NOUN,NOUN
de,ADP,FUNC
marso,NOUN,NOUN
.,PUNCT,PUNCT
L’,PROPN,NOUN
intençion,NOUN,NOUN
a,AUX,VERB
l’,NOUN,NOUN
é,CCONJ,FUNC
delongo,NOUN,NOUN
quella,SCONJ,FUNC
d’,X,OTHER
aveighe,ADJ,ADJ
un,DET,PRON
stadio,NOUN,NOUN
bon,ADJ,ADJ
à,ADP,FUNC
ospitâ,VERB,VERB
di,DET,PRON
spettacoli,VERB,VERB
e,DET,PRON
ascì,NOUN,NOUN
de,ADP,FUNC
partie,NOUN,NOUN
di,ADP,FUNC
Europëi,PROPN,NOUN
de,ADP,FUNC
ballon,NOUN,NOUN
do,NOUN,NOUN
2032,NUM,ADJ
.,PUNCT,PUNCT
"

",SPACE,OTHER
«,PUNCT,PUNCT
Pe,ADV,ADV
-,PROPN,NOUN
o,NOUN,NOUN
no,X,OTHER
votià,NOUN,NOUN
e,PRON,PRON
persoñe,VERB,VERB
daben,X,OTHER
",",PUNCT,PUNCT
pe,PROPN,NOUN
-,PROPN,NOUN
o,NOUN,NOUN
scì,NOUN,NOUN
i,ADJ,ADJ
imputæ,VERB,VERB
e,PROPN,NOUN
i,ADJ,ADJ
framassoin,NOUN,NOUN
corrotti,ADJ,ADJ
»,PUNCT,PUNCT
.,PUNCT,PUNCT
Ste,X,OTHER
poule,X,OTHER
do,ADP,FUNC
Nicola,PROPN,NOUN
Gratteri,PROPN,NOUN
",",PUNCT,PUNCT
o,ADP,FUNC
procuou,NOUN,NOUN
de,ADP,FUNC
Napoli,NOUN,NOUN
",",PUNCT,PUNCT
insciamman,VERB,VERB
a,AUX,VERB
discuscion,NOUN,NOUN
in,ADJ,ADJ
sciô,ADJ,ADJ
referendum,VERB,VERB
in,X,OTHER
sciâ,NOUN,NOUN
giustiçia,ADJ,ADJ
.,PUNCT,PUNCT
O,NOUN,NOUN
ministro,ADJ,ADJ
Nordio,PROPN,NOUN
o,ADP,FUNC
l’,NOUN,NOUN
à,ADP,FUNC
commentou,ADJ,ADJ
:,PUNCT,PUNCT
«,PROPN,NOUN
Me,NOUN,NOUN
domando,NOUN,NOUN
se,PRON,PRON
l’,NOUN,NOUN
examme,ADJ,ADJ
pscico,ADJ,ADJ
-,ADJ,ADJ
attitudinale,ADJ,ADJ
o,ADP,FUNC
no,X,OTHER
ghe,X,OTHER
veugge,VERB,VERB
anche,NOUN,NOUN
pe,ADV,ADV
-,X,OTHER
a,AUX,VERB
fin,NOUN,NOUN
da,PRON,PRON
carrea,VERB,VERB
»,PUNCT,PUNCT
.,PUNCT,PUNCT
O,NOUN,NOUN
ministro,ADJ,ADJ
Tajani,PROPN,NOUN
o,ADP,FUNC
l’,NOUN,NOUN
à,ADP,FUNC
parlou,NOUN,NOUN
de,ADP,FUNC
un,DET,PRON
«,NOUN,NOUN
attacco,VERB,VERB
a,AUX,VERB
-,ADV,ADV
a,AUX,VERB
democraçia,VERB,VERB
»,PUNCT,PUNCT
.,PUNCT,PUNCT
Ma,DET,PRON
o,ADJ,ADJ
magistrato,NOUN,NOUN
o,ADP,FUNC
l’,NOUN,NOUN
à,ADP,FUNC
replicou,NOUN,NOUN
:,PUNCT,PUNCT
«,PROPN,NOUN
E,NOUN,NOUN
menasse,VERB,VERB
no,X,OTHER
me,PRON,PRON
faian,VERB,VERB
taxei,ADJ,ADJ
»,PUNCT,PUNCT
.,PUNCT,PUNCT
Intanto,PROPN,NOUN
a,AUX,VERB
prescidente,ADJ,ADJ
do,DET,PRON
Conseggio,NOUN,NOUN
Giorgia,PROPN,NOUN
Meloni,PROPN,NOUN
a,VERB,VERB
l’,NOUN,NOUN
à,ADP,FUNC
definio,NOUN,NOUN
i,ADJ,ADJ
manifestanti,PROPN,NOUN
contra,PROPN,NOUN
e,X,OTHER
Olimpiade,PROPN,NOUN
di,PRON,PRON
«,PROPN,NOUN
nemixi,NOUN,NOUN
de,ADP,FUNC
l’,NOUN,NOUN
Italia,PROPN,NOUN
»,PUNCT,PUNCT
.,PUNCT,PUNCT
E,NOUN,NOUN
oppoxiçioin,NOUN,NOUN
promettan,ADJ,ADJ
battaggia,NOUN,NOUN
in,ADJ,ADJ
sciô,ADJ,ADJ
neuvo,NOUN,NOUN
decreto,ADV,ADV
in,X,OTHER
sciâ,NOUN,NOUN
seguessa,VERB,VERB
.,PUNCT,PUNCT
Neuvi,PROPN,NOUN
ascadi,PROPN,NOUN
pe,NOUN,NOUN
-,X,OTHER
a,AUX,VERB
ministra,ADJ,ADJ
Santanchè,ADJ,ADJ
",",PUNCT,PUNCT
indagâ,ADJ,ADJ
à,ADP,FUNC
Milan,PROPN,NOUN
pe,DET,PRON
unn’,PRON,PRON
atra,AUX,VERB
ipòtexi,VERB,VERB
de,ADP,FUNC
bancarotta,NOUN,NOUN
de,ADP,FUNC
sfrouxo,NOUN,NOUN
.,PUNCT,PUNCT
"

",SPACE,OTHER
O,NOUN,NOUN
Tribunâ,NOUN,NOUN
de,ADP,FUNC
Bari,PROPN,NOUN
o,ADP,FUNC
l’,NOUN,NOUN
à,ADP,FUNC
condannou,VERB,VERB
12,NUM,ADJ
militanti,NOUN,NOUN
de,ADP,FUNC
CasaPound,NOUN,NOUN
pe,PRON,PRON
avei,NOUN,NOUN
formou,ADV,ADV
torna,ADJ,ADJ
o,ADP,FUNC
partio,NOUN,NOUN
fascista,PROPN,NOUN
.,PUNCT,PUNCT
A,AUX,VERB
sentensa,VERB,VERB
",",PUNCT,PUNCT
con,NOUN,NOUN
de,ADP,FUNC
peñe,ADJ,ADJ
fin,NOUN,NOUN
à,ADP,FUNC
doî,DET,PRON
anni,PROPN,NOUN
e,AUX,VERB
mezo,VERB,VERB
e,AUX,VERB
interdiçion,NOUN,NOUN
da,VERB,VERB
-,NOUN,NOUN
i,ADJ,ADJ
driti,ADJ,ADJ
politichi,VERB,VERB
pe,CCONJ,FUNC
çinque,ADJ,ADJ
anni,PROPN,NOUN
",",PUNCT,PUNCT
a,AUX,VERB
l’,NOUN,NOUN
é,CCONJ,FUNC
stæta,NOUN,NOUN
prononçiâ,VERB,VERB
apreuvo,ADJ,ADJ
à,ADP,FUNC
unn’,DET,PRON
aggrescion,NOUN,NOUN
à,ADP,FUNC
di,DET,PRON
militanti,NOUN,NOUN
antifascisti,VERB,VERB
che,NOUN,NOUN
tornavan,PROPN,NOUN
da,ADJ,ADJ
un,DET,PRON
corteo,NOUN,NOUN
",",PUNCT,PUNCT
unn’,DET,PRON
açion,NOUN,NOUN
reconosciua,VERB,VERB
comme,ADP,FUNC
tipica,NOUN,NOUN
de,ADP,FUNC
squaddre,VERB,VERB
fasciste,ADJ,ADJ
.,PUNCT,PUNCT
A,ADP,FUNC
l’,NOUN,NOUN
é,VERB,VERB
a,AUX,VERB
primma,VERB,VERB
vòtta,ADJ,ADJ
in,X,OTHER
Italia,X,OTHER
che,X,OTHER
s’,X,OTHER
applica,ADJ,ADJ
a,AUX,VERB
lezze,PROPN,NOUN
Scelba,NOUN,NOUN
pe,ADP,FUNC
CasaPound,NOUN,NOUN
.,PUNCT,PUNCT
L’,PROPN,NOUN
oppoxiçion,NOUN,NOUN
a,AUX,VERB
ciamma,PRON,PRON
torna,ADJ,ADJ
a,VERB,VERB
seu,DET,PRON
desfæta,NOUN,NOUN
e,ADJ,ADJ
o,ADP,FUNC
desbarasso,NOUN,NOUN
do,DET,PRON
scito,NOUN,NOUN
stòrico,ADJ,ADJ
occupou,VERB,VERB
da,PRON,PRON
-,NOUN,NOUN
o,ADP,FUNC
2003,NUM,ADJ
à,ADP,FUNC
Romma,PROPN,NOUN
.,PUNCT,PUNCT
Anche,ADJ,ADJ
Forza,PROPN,NOUN
Italia,PROPN,NOUN
a,AUX,VERB
l’,NOUN,NOUN
é,ADP,FUNC
d’,ADV,ADV
accòrdio,ADJ,ADJ
",",PUNCT,PUNCT
ma,DET,PRON
a,AUX,VERB
preçisa,VERB,VERB
che,PRON,PRON
«,PUNCT,PUNCT
tocca,NOUN,NOUN
a,AUX,VERB
-,ADV,ADV
i,ADJ,ADJ
giudiçi,VERB,VERB
desfâ,NOUN,NOUN
l’,ADJ,ADJ
organizzaçion,NOUN,NOUN
»,PUNCT,PUNCT
.,PUNCT,PUNCT
"

",SPACE,OTHER
O,NOUN,NOUN
tempo,VERB,VERB
grammo,VERB,VERB
o,ADP,FUNC
l’,NOUN,NOUN
à,ADP,FUNC
corpio,NOUN,NOUN
torna,ADJ,ADJ
l’,ADJ,ADJ
Italia,PROPN,NOUN
à,ADP,FUNC
doe,NOUN,NOUN
settemañe,PROPN,NOUN
da,X,OTHER
-,PRON,PRON
o,NOUN,NOUN
çiclon,PROPN,NOUN
Harry,PROPN,NOUN
.,PUNCT,PUNCT
À,ADP,FUNC
Formello,PROPN,NOUN
",",PUNCT,PUNCT
vexin,VERB,VERB
à,ADP,FUNC
Romma,PROPN,NOUN
",",PUNCT,PUNCT
unna,VERB,VERB
fraña,VERB,VERB
caxonâ,VERB,VERB
da,CCONJ,FUNC
l’,NOUN,NOUN
ægua,NOUN,NOUN
cheita,VERB,VERB
delongo,PROPN,NOUN
pe,ADP,FUNC
di,PRON,PRON
giorni,NOUN,NOUN
a,AUX,VERB
l’,NOUN,NOUN
à,ADP,FUNC
investio,ADJ,ADJ
un,DET,PRON
casamento,NOUN,NOUN
de,ADP,FUNC
trei,ADJ,ADJ
cen,PROPN,NOUN
:,PUNCT,PUNCT
un,DET,PRON
òmmo,NOUN,NOUN
de,ADP,FUNC
58,NUM,ADJ
anni,NOUN,NOUN
o,ADP,FUNC
l’,NOUN,NOUN
é,ADJ,ADJ
mòrto,ADJ,ADJ
e,AUX,VERB
træ,PRON,PRON
persoñe,NOUN,NOUN
son,DET,PRON
arrestæ,NOUN,NOUN
ferie,ADJ,ADJ
.,PUNCT,PUNCT
In,DET,PRON
Calabria,PROPN,NOUN
di,AUX,VERB
sciummi,VERB,VERB
son,DET,PRON
anæti,NOUN,NOUN
de,ADP,FUNC
sorva,NOUN,NOUN
e,AUX,VERB
ben,VERB,VERB
ben,VERB,VERB
de,ADP,FUNC
famigge,PROPN,NOUN
se,PRON,PRON
son,DET,PRON
attrovæ,NOUN,NOUN
isoæ,ADJ,ADJ
.,PUNCT,PUNCT
Un,DET,PRON
elicòttero,NOUN,NOUN
di,NOUN,NOUN
pompê,VERB,VERB
o,ADP,FUNC
l’,NOUN,NOUN
à,ADP,FUNC
tiou,ADV,ADV
sciù,ADJ,ADJ
10,NUM,ADJ
persoñe,NOUN,NOUN
.,PUNCT,PUNCT
Raffeghe,NOUN,NOUN
de,ADP,FUNC
vento,NOUN,NOUN
fin,ADJ,ADJ
à,ADP,FUNC
137,NUM,ADJ
chilòmetri,NOUN,NOUN
à,ADP,FUNC
l’,NOUN,NOUN
oa,AUX,VERB
in,NOUN,NOUN
provinsa,VERB,VERB
de,ADP,FUNC
Reggio,PROPN,NOUN
",",PUNCT,PUNCT
stradde,ADJ,ADJ
serræ,NOUN,NOUN
",",PUNCT,PUNCT
isoe,PROPN,NOUN
che,ADJ,ADJ
no,VERB,VERB
se,PRON,PRON
ghe,ADJ,ADJ
peu,ADV,ADV
arrivâ,ADJ,ADJ
",",PUNCT,PUNCT
neuvi,ADJ,ADJ
danni,NOUN,NOUN
pe,NOUN,NOUN
-,PROPN,NOUN
i,ADJ,ADJ
mouxi,NOUN,NOUN
in,NOUN,NOUN
Siçilia,PROPN,NOUN
.,PUNCT,PUNCT
E,NOUN,NOUN
inti,ADJ,ADJ
giorni,VERB,VERB
che,NOUN,NOUN
vëgne,NOUN,NOUN
se,PRON,PRON
prevedde,VERB,VERB
unn’,DET,PRON
atra,ADJ,ADJ
perturbaçion,NOUN,NOUN
",",PUNCT,PUNCT
torna,NOUN,NOUN
in,ADJ,ADJ
sciô,ADJ,ADJ
Çentro,PROPN,NOUN
e,X,OTHER
SuD,NOUN,NOUN
Italia,PROPN,NOUN
e,X,OTHER
a,AUX,VERB
Sardegna,NOUN,NOUN
ascì,ADJ,ADJ
.,PUNCT,PUNCT
"

",SPACE,OTHER
«,PUNCT,PUNCT
Co-i,VERB,VERB
Stati,PROPN,NOUN
Unii,PROPN,NOUN
s’,VERB,VERB
é,ADP,FUNC
averto,ADJ,ADJ
unna,ADJ,ADJ
scciappeuia,VERB,VERB
",",PUNCT,PUNCT
l’,NOUN,NOUN
ordine,NOUN,NOUN
de,ADP,FUNC
dòppo,NOUN,NOUN
a,AUX,VERB
guæra,PROPN,NOUN
o,ADP,FUNC
no,X,OTHER
l’,NOUN,NOUN
existe,VERB,VERB
ciù,ADV,ADV
»,PUNCT,PUNCT
.,PUNCT,PUNCT
O,ADP,FUNC
l’,NOUN,NOUN
é,ADP,FUNC
l’,ADJ,ADJ
avvertimento,NOUN,NOUN
do,ADP,FUNC
cançellê,NOUN,NOUN
todesco,ADJ,ADJ
Friedrich,PROPN,NOUN
Merz,PROPN,NOUN
a,AUX,VERB
-,PRON,PRON
a,AUX,VERB
conferensa,VERB,VERB
de,DET,PRON
Monego,PROPN,NOUN
de,ADP,FUNC
Baviera,PROPN,NOUN
in,X,OTHER
sciâ,NOUN,NOUN
seguessa,VERB,VERB
.,PUNCT,PUNCT
O,NOUN,NOUN
prescidente,ADJ,ADJ
ucraino,ADJ,ADJ
Zelensky,NOUN,NOUN
",",PUNCT,PUNCT
presente,ADJ,ADJ
lê,DET,PRON
ascì,NOUN,NOUN
",",PUNCT,PUNCT
o,ADP,FUNC
l’,NOUN,NOUN
à,ADP,FUNC
fæto,NOUN,NOUN
prescion,NOUN,NOUN
à,ADP,FUNC
l’,NOUN,NOUN
Euröpa,PROPN,NOUN
.,PUNCT,PUNCT
Segondo,PROPN,NOUN
o,ADP,FUNC
Financial,NOUN,NOUN
Times,NOUN,NOUN
o,ADP,FUNC
porrieiva,NOUN,NOUN
annonçiâ,NOUN,NOUN
un,DET,PRON
cian,NOUN,NOUN
pe,NOUN,NOUN
-,PRON,PRON
e,PRON,PRON
eleçioin,VERB,VERB
e,VERB,VERB
un,DET,PRON
referendum,NOUN,NOUN
in,ADJ,ADJ
sce,NOUN,NOUN
un,DET,PRON
accòrdio,NOUN,NOUN
de,ADP,FUNC
paxe,NOUN,NOUN
a,AUX,VERB
-,ADV,ADV
i,ADJ,ADJ
24,PRON,PRON
de,ADP,FUNC
frevâ,PROPN,NOUN
",",PUNCT,PUNCT
quarto,PROPN,NOUN
anniversäio,NOUN,NOUN
de,ADP,FUNC
l’,NOUN,NOUN
invaxon,NOUN,NOUN
ruscia,ADJ,ADJ
.,PUNCT,PUNCT
Ma,DET,PRON
Kiev,NOUN,NOUN
dapeu,ADV,ADV
a,AUX,VERB
l’,NOUN,NOUN
à,ADP,FUNC
frenou,VERB,VERB
:,PUNCT,PUNCT
«,PROPN,NOUN
Pe,ADV,ADV
fin,NOUN,NOUN
che,X,OTHER
no,X,OTHER
ghe,ADJ,ADJ
saià,NOUN,NOUN
de,ADP,FUNC
seguessa,VERB,VERB
",",PUNCT,PUNCT
nisciun,ADJ,ADJ
annonçio,VERB,VERB
de,ADP,FUNC
voto,NOUN,NOUN
»,PUNCT,PUNCT
.,PUNCT,PUNCT
Mosca,NOUN,NOUN
a,AUX,VERB
l’,NOUN,NOUN
à,ADP,FUNC
annonçiou,PROPN,NOUN
un,DET,PRON
neuvo,NOUN,NOUN
gio,ADJ,ADJ
de,ADP,FUNC
negoçiaçion,NOUN,NOUN
co-a,NOUN,NOUN
presensa,VERB,VERB
di,DET,PRON
Stati,PROPN,NOUN
Unii,PROPN,NOUN
a,AUX,VERB
-,DET,PRON
i,ADJ,ADJ
17,NUM,ADJ
e,NOUN,NOUN
18,NUM,ADJ
de,ADP,FUNC
frevâ,PROPN,NOUN
in,X,OTHER
Svissera,PROPN,NOUN
.,PUNCT,PUNCT
"

",SPACE,OTHER
O,NOUN,NOUN
caxo,VERB,VERB
Epstein,ADP,FUNC
",",PUNCT,PUNCT
apreuvo,NOUN,NOUN
à,ADP,FUNC
sciätâ,NOUN,NOUN
i,ADJ,ADJ
Stati,PROPN,NOUN
Unii,PROPN,NOUN
",",PUNCT,PUNCT
o,ADP,FUNC
l’,NOUN,NOUN
investe,ADJ,ADJ
anche,ADJ,ADJ
a,VERB,VERB
Gran,PROPN,NOUN
Bretagna,PROPN,NOUN
.,PUNCT,PUNCT
O,NOUN,NOUN
re,ADP,FUNC
Carlo,PROPN,NOUN
",",PUNCT,PUNCT
in,X,OTHER
pensceo,NOUN,NOUN
pe,PRON,PRON
quello,VERB,VERB
che,ADJ,ADJ
porrieiva,NOUN,NOUN
vegnî,NOUN,NOUN
feua,VERB,VERB
in,X,OTHER
sciô,VERB,VERB
fræ,ADP,FUNC
Andria,PROPN,NOUN
",",PUNCT,PUNCT
o,ADP,FUNC
s’,VERB,VERB
é,ADP,FUNC
dito,NOUN,NOUN
pronto,ADJ,ADJ
à,ADP,FUNC
conlaborâ,NOUN,NOUN
co-a,NOUN,NOUN
poliçia,VERB,VERB
.,PUNCT,PUNCT
O,NOUN,NOUN
primmo,VERB,VERB
ministro,ADV,ADV
Starmer,VERB,VERB
o,ADP,FUNC
tëgne,ADJ,ADJ
duo,DET,PRON
con,DET,PRON
tutto,ADJ,ADJ
che,NOUN,NOUN
da,VERB,VERB
-,NOUN,NOUN
i,ADJ,ADJ
file,VERB,VERB
l’,ADJ,ADJ
é,CCONJ,FUNC
sciortio,ADJ,ADJ
di,CCONJ,FUNC
ligammi,PRON,PRON
tra,PROPN,NOUN
l’,NOUN,NOUN
imprenditô,PROPN,NOUN
e,PRON,PRON
o,ADP,FUNC
Peter,VERB,VERB
Mandelson,PROPN,NOUN
",",PUNCT,PUNCT
un,PRON,PRON
di,ADP,FUNC
protagonisti,NOUN,NOUN
stòrichi,ADJ,ADJ
di,ADP,FUNC
Labour,PROPN,NOUN
.,PUNCT,PUNCT
A,ADP,FUNC
comprixe,ADJ,ADJ
Ghislaine,PROPN,NOUN
Maxwell,PROPN,NOUN
a,AUX,VERB
no,VERB,VERB
l’,NOUN,NOUN
à,ADP,FUNC
parlou,NOUN,NOUN
davanti,ADJ,ADJ
a,VERB,VERB
-,PROPN,NOUN
o,NOUN,NOUN
Congresso,PROPN,NOUN
.,PUNCT,PUNCT
A,NOUN,NOUN
Kathy,NOUN,NOUN
Ruemmler,PROPN,NOUN
",",PUNCT,PUNCT
responsabile,NOUN,NOUN
legale,ADJ,ADJ
da,VERB,VERB
Goldman,PROPN,NOUN
Sachs,PROPN,NOUN
e,PRON,PRON
passâ,NOUN,NOUN
consulente,ADJ,ADJ
legale,ADJ,ADJ
da,X,OTHER
Casa,PROPN,NOUN
Gianca,PROPN,NOUN
co-o,X,OTHER
Obama,X,OTHER
",",PUNCT,PUNCT
a,AUX,VERB
l’,NOUN,NOUN
à,ADP,FUNC
dæto,NOUN,NOUN
e,PRON,PRON
dimiscioin,X,OTHER
:,PUNCT,PUNCT
a,AUX,VERB
l’,NOUN,NOUN
avieiva,VERB,VERB
avuo,ADJ,ADJ
unna,NOUN,NOUN
longa,VERB,VERB
relaçion,NOUN,NOUN
co-o,ADJ,ADJ
Epstein,NOUN,NOUN
e,X,OTHER
a,AUX,VERB
ghe,ADJ,ADJ
conseggiava,NOUN,NOUN
comme,ADP,FUNC
responde,NOUN,NOUN
a,AUX,VERB
-,PRON,PRON
e,PRON,PRON
domande,VERB,VERB
in,X,OTHER
scî,NOUN,NOUN
seu,DET,PRON
crimini,VERB,VERB
sessuali,ADJ,ADJ
.,PUNCT,PUNCT
"

",SPACE,OTHER
A,X,OTHER
Jessica,PROPN,NOUN
Moretti,PROPN,NOUN
",",PUNCT,PUNCT
a,AUX,VERB
baccaña,VERB,VERB
do,DET,PRON
Constellation,NOUN,NOUN
de,ADP,FUNC
Crans,PROPN,NOUN
-,PROPN,NOUN
Montana,PROPN,NOUN
donde,VERB,VERB
41,NUM,ADJ
persoñe,VERB,VERB
son,DET,PRON
mòrte,NOUN,NOUN
a,AUX,VERB
-,DET,PRON
o,AUX,VERB
Primmo,NOUN,NOUN
de,ADP,FUNC
l’,NOUN,NOUN
anno,NOUN,NOUN
",",PUNCT,PUNCT
a,AUX,VERB
l’,NOUN,NOUN
à,ADP,FUNC
ammisso,PROPN,NOUN
cianzendo,PROPN,NOUN
e,AUX,VERB
mancanse,NOUN,NOUN
inta,VERB,VERB
seguessa,VERB,VERB
:,PUNCT,PUNCT
«,PUNCT,PUNCT
E,NOUN,NOUN
preuve,NOUN,NOUN
de,ADP,FUNC
fuga,NOUN,NOUN
no,X,OTHER
s’,VERB,VERB
en,ADP,FUNC
mai,NOUN,NOUN
fæte,ADV,ADV
»,PUNCT,PUNCT
.,PUNCT,PUNCT
Pöco,ADV,ADV
primma,ADV,ADV
un,DET,PRON
gruppo,NOUN,NOUN
de,ADP,FUNC
pænti,NOUN,NOUN
de,ADP,FUNC
vittime,NOUN,NOUN
o,ADP,FUNC
l’,NOUN,NOUN
aiva,ADJ,ADJ
çercou,AUX,VERB
d’,ADV,ADV
aggredî,ADJ,ADJ
i,ADJ,ADJ
Moretti,PROPN,NOUN
.,PUNCT,PUNCT
«,PROPN,NOUN
Capimmo,PROPN,NOUN
a,AUX,VERB
vòstra,ADV,ADV
raggia,VERB,VERB
",",PUNCT,PUNCT
se,PRON,PRON
piggiemo,VERB,VERB
e,AUX,VERB
nòstre,NOUN,NOUN
responsabilitæ,NOUN,NOUN
»,PUNCT,PUNCT
",",PUNCT,PUNCT
an,NOUN,NOUN
dito,ADJ,ADJ
.,PUNCT,PUNCT
O,NOUN,NOUN
Jacques,PROPN,NOUN
ascì,ADJ,ADJ
o,ADP,FUNC
s’,VERB,VERB
é,ADP,FUNC
scusou,PROPN,NOUN
co-e,PUNCT,PUNCT
famigge,PROPN,NOUN
e,NOUN,NOUN
o,ADP,FUNC
l’,NOUN,NOUN
à,ADP,FUNC
attaccou,NOUN,NOUN
o,ADP,FUNC
Commun,PROPN,NOUN
:,PUNCT,PUNCT
«,NUM,ADJ
O,NOUN,NOUN
scistema,ADJ,ADJ
de,ADP,FUNC
ventilaçion,NOUN,NOUN
do,NOUN,NOUN
locale,ADJ,ADJ
o,ADP,FUNC
no,X,OTHER
l’,NOUN,NOUN
é,ADP,FUNC
mai,NOUN,NOUN
stæto,ADJ,ADJ
controllou,PROPN,NOUN
»,PUNCT,PUNCT
",",PUNCT,PUNCT
o,ADP,FUNC
l’,NOUN,NOUN
à,ADP,FUNC
dito,NOUN,NOUN
a,AUX,VERB
-,ADV,ADV
i,ADJ,ADJ
magistrati,PROPN,NOUN
.,PUNCT,PUNCT
Intanto,NOUN,NOUN
i,ADJ,ADJ
ferii,VERB,VERB
recoveræ,VERB,VERB
à,ADP,FUNC
Milan,PROPN,NOUN
no,X,OTHER
reisegan,NOUN,NOUN
ciù,ADJ,ADJ
de,ADP,FUNC
moî,NOUN,NOUN
.,PUNCT,PUNCT
Unna,PROPN,NOUN
dònna,VERB,VERB
de,ADP,FUNC
55,NUM,ADJ
anni,NOUN,NOUN
a,AUX,VERB
l’,NOUN,NOUN
é,VERB,VERB
tornâ,NOUN,NOUN
in,X,OTHER
Svissera,PROPN,NOUN
.,PUNCT,PUNCT
Torna,PROPN,NOUN
derui,ADJ,ADJ
e,NOUN,NOUN
guasti,ADJ,ADJ
à,ADP,FUNC
Zena,PROPN,NOUN
pe,X,OTHER
-,PRON,PRON
o,AUX,VERB
tempo,VERB,VERB
grammo,ADJ,ADJ
.,PUNCT,PUNCT
Inta,PROPN,NOUN
neutte,AUX,VERB
tra,PRON,PRON
i,ADJ,ADJ
18,NUM,ADJ
e,NOUN,NOUN
i,ADJ,ADJ
19,PRON,PRON
de,ADP,FUNC
frevâ,PROPN,NOUN
un,DET,PRON
miägion,NOUN,NOUN
o,ADP,FUNC
l’,NOUN,NOUN
é,ADJ,ADJ
vegnuo,ADV,ADV
zu,ADJ,ADJ
a,VERB,VERB
-,PROPN,NOUN
o,NOUN,NOUN
Lagasso,PROPN,NOUN
",",PUNCT,PUNCT
de,ADP,FUNC
d’,X,OTHER
ato,PROPN,NOUN
a,AUX,VERB
-,PRON,PRON
a,AUX,VERB
vegia,VERB,VERB
caserma,NOUN,NOUN
Gavoglio,PROPN,NOUN
.,PUNCT,PUNCT
Un,DET,PRON
casamento,NOUN,NOUN
intrego,ADJ,ADJ
in,X,OTHER
stradda,VERB,VERB
Napoli,NOUN,NOUN
o,ADP,FUNC
l’,NOUN,NOUN
é,VERB,VERB
stæto,ADJ,ADJ
desbarassou,PROPN,NOUN
perché,ADJ,ADJ
o,ADP,FUNC
seu,PRON,PRON
vexin,VERB,VERB
a,AUX,VERB
-,DET,PRON
i,ADJ,ADJ
fondi,PROPN,NOUN
o,ADP,FUNC
l’,NOUN,NOUN
é,ADP,FUNC
prefondou,NOUN,NOUN
",",PUNCT,PUNCT
52,NUM,ADJ
persoñe,NOUN,NOUN
son,DET,PRON
stæte,NOUN,NOUN
scorrie,NOUN,NOUN
d’,X,OTHER
in,X,OTHER
cà,X,OTHER
e,X,OTHER
no,X,OTHER
an,NOUN,NOUN
posciuo,ADJ,ADJ
ciù,NOUN,NOUN
tornâghe,ADJ,ADJ
tanto,ADV,ADV
che,X,OTHER
s’,VERB,VERB
aspeta,PROPN,NOUN
e,PRON,PRON
verifiche,VERB,VERB
di,ADP,FUNC
tecnichi,NOUN,NOUN
.,PUNCT,PUNCT
A,ADV,ADV
-,PRON,PRON
i,ADJ,ADJ
20,PRON,PRON
de,ADP,FUNC
frevâ,PROPN,NOUN
unn’,DET,PRON
atra,AUX,VERB
miagia,ADJ,ADJ
a,AUX,VERB
l’,NOUN,NOUN
é,ADJ,ADJ
deruâ,NOUN,NOUN
in,NOUN,NOUN
Castelletto,PROPN,NOUN
",",PUNCT,PUNCT
in,X,OTHER
passo,ADJ,ADJ
Barsanti,PROPN,NOUN
",",PUNCT,PUNCT
davanti,ADJ,ADJ
à,ADP,FUNC
un,DET,PRON
vegio,NOUN,NOUN
refuggio,PROPN,NOUN
da,DET,PRON
guæra,PROPN,NOUN
addeuviou,ADJ,ADJ
comme,ADP,FUNC
garaxe,NOUN,NOUN
.,PUNCT,PUNCT
I,NOUN,NOUN
pompê,VERB,VERB
an,NOUN,NOUN
controllou,NOUN,NOUN
che,X,OTHER
no,X,OTHER
ghe,X,OTHER
fïse,NOUN,NOUN
arrestou,ADJ,ADJ
sotta,VERB,VERB
quarchedun,PROPN,NOUN
.,PUNCT,PUNCT
Doî,PROPN,NOUN
palaçi,NOUN,NOUN
son,DET,PRON
stæti,NOUN,NOUN
investii,NOUN,NOUN
da,X,OTHER
-,PRON,PRON
a,AUX,VERB
fraña,VERB,VERB
",",PUNCT,PUNCT
un,DET,PRON
scito,NOUN,NOUN
a,AUX,VERB
-,DET,PRON
o,NOUN,NOUN
cian,NOUN,NOUN
terren,X,OTHER
con,NOUN,NOUN
trei,ADJ,ADJ
rescidenti,ADJ,ADJ
o,ADP,FUNC
l’,NOUN,NOUN
é,CCONJ,FUNC
stæto,NOUN,NOUN
desbarassou,PROPN,NOUN
.,PUNCT,PUNCT
"

",SPACE,OTHER
O,NOUN,NOUN
ministëio,NOUN,NOUN
da,ADJ,ADJ
Giustiçia,PROPN,NOUN
o,ADP,FUNC
l’,NOUN,NOUN
à,ADP,FUNC
domandou,NOUN,NOUN
de,ADP,FUNC
constituîse,NOUN,NOUN
parte,ADJ,ADJ
çivile,NOUN,NOUN
e,PRON,PRON
o,ADP,FUNC
l’,NOUN,NOUN
à,ADP,FUNC
ciammou,NOUN,NOUN
unna,ADJ,ADJ
refæta,VERB,VERB
de,ADP,FUNC
5,NUM,ADJ
mioin,NOUN,NOUN
d’,ADV,ADV
euro,PROPN,NOUN
pe,X,OTHER
-,PROPN,NOUN
e,PRON,PRON
speise,VERB,VERB
de,ADP,FUNC
un,DET,PRON
tòcco,NOUN,NOUN
do,ADP,FUNC
proçesso,PROPN,NOUN
pe,DET,PRON
corruçion,NOUN,NOUN
ch’,ADJ,ADJ
o,ADP,FUNC
l’,NOUN,NOUN
à,ADP,FUNC
avuo,ADJ,ADJ
da,DET,PRON
fâ,ADJ,ADJ
anche,NOUN,NOUN
co-o,ADJ,ADJ
passou,PROPN,NOUN
prescidente,VERB,VERB
da,ADJ,ADJ
Region,NOUN,NOUN
Giovanni,PROPN,NOUN
Toti,PROPN,NOUN
.,PUNCT,PUNCT
Anche,NOUN,NOUN
o,ADP,FUNC
ministëio,NOUN,NOUN
de,ADP,FUNC
l’,NOUN,NOUN
Interno,PROPN,NOUN
o,ADP,FUNC
veu,NOUN,NOUN
500mia,ADJ,ADJ
euro,PROPN,NOUN
pe,X,OTHER
-,PRON,PRON
o,PRON,PRON
danno,VERB,VERB
d’,ADV,ADV
imagine,ADJ,ADJ
.,PUNCT,PUNCT
O,NOUN,NOUN
giudiçe,NOUN,NOUN
o,ADP,FUNC
deçiddià,NOUN,NOUN
in,X,OTHER
arvî,PROPN,NOUN
se,PRON,PRON
accheugge,VERB,VERB
e,PRON,PRON
domande,VERB,VERB
.,PUNCT,PUNCT
A,AUX,VERB
Procua,PROPN,NOUN
a,AUX,VERB
l’,NOUN,NOUN
aiva,VERB,VERB
ciammou,NOUN,NOUN
o,ADP,FUNC
proçesso,VERB,VERB
pe,ADV,ADV
-,PROPN,NOUN
o,NOUN,NOUN
passou,NOUN,NOUN
cappo,VERB,VERB
de,ADP,FUNC
gabinetto,NOUN,NOUN
da,VERB,VERB
Region,NOUN,NOUN
Matteo,PROPN,NOUN
Cozzani,PROPN,NOUN
e,X,OTHER
pe,X,OTHER
-,PROPN,NOUN
o,AUX,VERB
Paolo,PROPN,NOUN
Piacenza,PROPN,NOUN
",",PUNCT,PUNCT
alantô,VERB,VERB
segretäio,ADJ,ADJ
generale,ADJ,ADJ
de,ADP,FUNC
l’,NOUN,NOUN
Autoritæ,PROPN,NOUN
portuale,ADJ,ADJ
de,ADP,FUNC
Zena,PROPN,NOUN
e,AUX,VERB
Saña,PROPN,NOUN
e,AUX,VERB
ancheu,NOUN,NOUN
prescidente,ADJ,ADJ
de,ADP,FUNC
quella,DET,PRON
do,PRON,PRON
Tirren,ADJ,ADJ
meridionale,ADJ,ADJ
e,X,OTHER
Iònio,PROPN,NOUN
.,PUNCT,PUNCT
"

",SPACE,OTHER
Unna,PROPN,NOUN
delegaçion,VERB,VERB
de,ADP,FUNC
Genova,PROPN,NOUN
Antifascista,PROPN,NOUN
",",PUNCT,PUNCT
l’,NOUN,NOUN
organizzaçion,NOUN,NOUN
che,PRON,PRON
tutti,NOUN,NOUN
i,ADJ,ADJ
sabbi,ADJ,ADJ
a,AUX,VERB
manifesta,VERB,VERB
a,AUX,VERB
-,ADV,ADV
a,X,OTHER
Foxe,PROPN,NOUN
contra,ADJ,ADJ
o,ADP,FUNC
scito,NOUN,NOUN
de,ADP,FUNC
CasaPound,NOUN,NOUN
",",PUNCT,PUNCT
a,AUX,VERB
l’,NOUN,NOUN
é,CCONJ,FUNC
stæta,NOUN,NOUN
reçevua,VERB,VERB
a,AUX,VERB
-,ADV,ADV
i,ADJ,ADJ
17,PRON,PRON
de,ADP,FUNC
frevâ,PROPN,NOUN
da,X,OTHER
-,PRON,PRON
a,AUX,VERB
scindica,VERB,VERB
Silvia,PROPN,NOUN
Salis,PROPN,NOUN
.,PUNCT,PUNCT
«,PUNCT,PUNCT
A,AUX,VERB
presensa,VERB,VERB
de,ADP,FUNC
CasaPound,NOUN,NOUN
a,AUX,VERB
no,X,OTHER
ghe,X,OTHER
gusta,NOUN,NOUN
à,ADP,FUNC
st’,ADV,ADV
amministraçion,NOUN,NOUN
»,PUNCT,PUNCT
",",PUNCT,PUNCT
a,AUX,VERB
poxiçion,NOUN,NOUN
da,DET,PRON
Salis,PROPN,NOUN
.,PUNCT,PUNCT
Pe,ADP,FUNC
l’,NOUN,NOUN
assoçiaçion,NOUN,NOUN
de,ADP,FUNC
drita,VERB,VERB
estremma,PROPN,NOUN
e,PRON,PRON
poule,VERB,VERB
da,DET,PRON
scindica,VERB,VERB
son,DET,PRON
«,NOUN,NOUN
de,ADP,FUNC
feua,ADJ,ADJ
do,DET,PRON
perimetro,NOUN,NOUN
do,ADP,FUNC
drito,NOUN,NOUN
»,PUNCT,PUNCT
.,PUNCT,PUNCT
E,PRON,PRON
lê,PRON,PRON
a,AUX,VERB
gh’,VERB,VERB
à,ADP,FUNC
replicou,NOUN,NOUN
:,PUNCT,PUNCT
«,PROPN,NOUN
Loiatri,PROPN,NOUN
son,DET,PRON
de,ADP,FUNC
feua,NOUN,NOUN
da,X,OTHER
-,PRON,PRON
o,NOUN,NOUN
perimetro,NOUN,NOUN
da,DET,PRON
Constituçion,NOUN,NOUN
»,PUNCT,PUNCT
e,X,OTHER
«,PUNCT,PUNCT
devan,NOUN,NOUN
ringraçiâ,ADJ,ADJ
l’,VERB,VERB
ideologia,PROPN,NOUN
che,NOUN,NOUN
contrastan,PRON,PRON
se,PRON,PRON
peuan,VERB,VERB
existe,VERB,VERB
»,PUNCT,PUNCT
.,PUNCT,PUNCT
Intanto,NOUN,NOUN
un,DET,PRON
comitato,NOUN,NOUN
da,CCONJ,FUNC
Foxe,NOUN,NOUN
o,ADP,FUNC
l’,NOUN,NOUN
à,ADP,FUNC
denonçiou,PRON,PRON
i,ADJ,ADJ
responsabili,NOUN,NOUN
da,ADJ,ADJ
pagina,VERB,VERB
de,ADP,FUNC
Genova,PROPN,NOUN
Antifascista,PROPN,NOUN
pe,X,OTHER
violensa,VERB,VERB
e,AUX,VERB
menasse,NOUN,NOUN
",",PUNCT,PUNCT
con,PROPN,NOUN
domandâ,PROPN,NOUN
a,AUX,VERB
-,PRON,PRON
a,AUX,VERB
scindica,VERB,VERB
Salis,PROPN,NOUN
a,AUX,VERB
mesua,VERB,VERB
do,NOUN,NOUN
Daspo,PROPN,NOUN
",",PUNCT,PUNCT
sciben,NOUN,NOUN
ch’,ADJ,ADJ
a,AUX,VERB
pertocchieiva,VERB,VERB
a,AUX,VERB
-,VERB,VERB
o,PRON,PRON
questô,PROPN,NOUN
.,PUNCT,PUNCT
"

",SPACE,OTHER
Va,VERB,VERB
avanti,VERB,VERB
à,ADP,FUNC
son,DET,PRON
de,DET,PRON
scontri,NOUN,NOUN
a,X,OTHER
campagna,X,OTHER
pe,VERB,VERB
-,PROPN,NOUN
o,ADJ,ADJ
referendum,NOUN,NOUN
in,X,OTHER
sciâ,NOUN,NOUN
giustiçia,VERB,VERB
di,ADP,FUNC
22,NUM,ADJ
e,NOUN,NOUN
23,NUM,ADJ
de,ADP,FUNC
marso,NOUN,NOUN
.,PUNCT,PUNCT
O,NOUN,NOUN
ministro,ADJ,ADJ
Nordio,PROPN,NOUN
inte,ADJ,ADJ
unn’,ADJ,ADJ
intervista,NOUN,NOUN
o,ADP,FUNC
l’,NOUN,NOUN
à,ADP,FUNC
parlou,NOUN,NOUN
de,ADP,FUNC
«,PUNCT,PUNCT
scistema,ADJ,ADJ
para,NOUN,NOUN
-,NOUN,NOUN
mafioso,PROPN,NOUN
»,PUNCT,PUNCT
a,AUX,VERB
-,AUX,VERB
o,NOUN,NOUN
Csm,NOUN,NOUN
",",PUNCT,PUNCT
tiando,NOUN,NOUN
sciù,VERB,VERB
un,DET,PRON
atro,NOUN,NOUN
invexendo,NOUN,NOUN
.,PUNCT,PUNCT
Dapeu,PROPN,NOUN
o,ADP,FUNC
l’,NOUN,NOUN
à,ADP,FUNC
domandou,PROPN,NOUN
a,VERB,VERB
lista,PROPN,NOUN
di,AUX,VERB
nommi,VERB,VERB
di,PRON,PRON
donatoî,NOUN,NOUN
do,ADP,FUNC
comitato,NOUN,NOUN
pe,NOUN,NOUN
-,PROPN,NOUN
o,NOUN,NOUN
no,NOUN,NOUN
.,PUNCT,PUNCT
O,NOUN,NOUN
Mattarella,PROPN,NOUN
o,ADP,FUNC
l’,NOUN,NOUN
à,ADP,FUNC
reciammou,NOUN,NOUN
e,PRON,PRON
instituçioin,VERB,VERB
à,ADP,FUNC
respettâ,PROPN,NOUN
o,ADP,FUNC
Csm,NOUN,NOUN
",",PUNCT,PUNCT
do,NOUN,NOUN
quæ,PRON,PRON
o,ADP,FUNC
l’,NOUN,NOUN
é,ADP,FUNC
prescidente,ADJ,ADJ
.,PUNCT,PUNCT
A,NOUN,NOUN
Meloni,PROPN,NOUN
ascì,ADJ,ADJ
a,VERB,VERB
l’,NOUN,NOUN
à,ADP,FUNC
asbasciou,NOUN,NOUN
o,ADP,FUNC
ton,NOUN,NOUN
:,PUNCT,PUNCT
«,PROPN,NOUN
Poule,X,OTHER
giuste,VERB,VERB
",",PUNCT,PUNCT
veddo,VERB,VERB
un,DET,PRON
tentativo,NOUN,NOUN
d’,PROPN,NOUN
arrebellâ,PROPN,NOUN
a,AUX,VERB
campagna,X,OTHER
elettorale,ADJ,ADJ
inte,ADJ,ADJ
unna,VERB,VERB
lòtta,AUX,VERB
inta,VERB,VERB
bratta,VERB,VERB
»,PUNCT,PUNCT
.,PUNCT,PUNCT
Ma,DET,PRON
da,PRON,PRON
lì,PRON,PRON
à,ADP,FUNC
pöco,NOUN,NOUN
o,ADP,FUNC
sottosegretäio,NOUN,NOUN
Mantovano,PROPN,NOUN
o,ADP,FUNC
l’,NOUN,NOUN
à,ADP,FUNC
sciusciou,PROPN,NOUN
torna,ADJ,ADJ
into,ADJ,ADJ
feugo,ADJ,ADJ
:,PUNCT,PUNCT
«,NUM,ADJ
O,NOUN,NOUN
Gratteri,PROPN,NOUN
o,ADP,FUNC
l’,NOUN,NOUN
indaga,PUNCT,PUNCT
chi,VERB,VERB
vota,NOUN,NOUN
scì,SCONJ,FUNC
»,PUNCT,PUNCT
?,PUNCT,PUNCT
A,AUX,VERB
referensa,VERB,VERB
a,VERB,VERB
l’,NOUN,NOUN
é,ADJ,ADJ
à,ADP,FUNC
unna,PRON,PRON
frase,NOUN,NOUN
do,ADP,FUNC
procuou,NOUN,NOUN
de,ADP,FUNC
Napoli,NOUN,NOUN
:,PUNCT,PUNCT
«,NUM,ADJ
Gh’,NOUN,NOUN
é,NOUN,NOUN
di,AUX,VERB
pregiudicæ,VERB,VERB
e,PRON,PRON
di,NOUN,NOUN
seu,PRON,PRON
pænti,PROPN,NOUN
",",PUNCT,PUNCT
veddemmo,NOUN,NOUN
se,PRON,PRON
ciù,X,OTHER
avanti,ADJ,ADJ
serve,VERB,VERB
de,ADP,FUNC
l’,NOUN,NOUN
atro,NOUN,NOUN
»,PUNCT,PUNCT
.,PUNCT,PUNCT
"

",SPACE,OTHER
Tutta,PROPN,NOUN
l’,ADJ,ADJ
Italia,PROPN,NOUN
a,AUX,VERB
l’,NOUN,NOUN
ammia,PROPN,NOUN
in,X,OTHER
anscietæ,NOUN,NOUN
a,VERB,VERB
stöia,X,OTHER
de,ADP,FUNC
un,DET,PRON
figgin,NOUN,NOUN
de,ADP,FUNC
doî,DET,PRON
anni,NOUN,NOUN
in,X,OTHER
condiçioin,NOUN,NOUN
graviscime,ADJ,ADJ
à,ADP,FUNC
l’,NOUN,NOUN
uspiâ,ADJ,ADJ
Monaldi,NOUN,NOUN
de,ADP,FUNC
Napoli,NOUN,NOUN
dòppo,VERB,VERB
che,NOUN,NOUN
i,ADJ,ADJ
meghi,NOUN,NOUN
gh’,AUX,VERB
an,NOUN,NOUN
tranciantou,ADJ,ADJ
un,DET,PRON
cheu,NOUN,NOUN
«,PUNCT,PUNCT
bruxou,ADJ,ADJ
»,PROPN,NOUN
da,X,OTHER
-,PRON,PRON
a,AUX,VERB
giassa,NOUN,NOUN
into,ADJ,ADJ
stramuo,ADJ,ADJ
.,PUNCT,PUNCT
I,NOUN,NOUN
esperti,VERB,VERB
arrivæ,VERB,VERB
da,DET,PRON
tutto,ADJ,ADJ
o,ADP,FUNC
Paise,PROPN,NOUN
an,NOUN,NOUN
dito,NOUN,NOUN
che,ADJ,ADJ
e,AUX,VERB
seu,PRON,PRON
condiçioin,NOUN,NOUN
no,X,OTHER
ghe,X,OTHER
permettan,VERB,VERB
de,ADP,FUNC
reçeive,ADJ,ADJ
un,DET,PRON
òrgano,NOUN,NOUN
neuvo,ADJ,ADJ
.,PUNCT,PUNCT
O,NOUN,NOUN
piccin,NOUN,NOUN
o,ADP,FUNC
l’,NOUN,NOUN
arresta,ADJ,ADJ
attaccou,VERB,VERB
a,AUX,VERB
-,PRON,PRON
e,PRON,PRON
machine,VERB,VERB
ma,DET,PRON
çerte,NOUN,NOUN
terapie,NOUN,NOUN
son,DET,PRON
stæte,NOUN,NOUN
sospeise,NOUN,NOUN
e,CCONJ,FUNC
l’,NOUN,NOUN
é,VERB,VERB
stæto,NOUN,NOUN
inandiou,ADJ,ADJ
un,DET,PRON
percorso,NOUN,NOUN
pe,AUX,VERB
ammermâ,NOUN,NOUN
o,ADP,FUNC
dô,NOUN,NOUN
.,PUNCT,PUNCT
A,NOUN,NOUN
moæ,NOUN,NOUN
a,VERB,VERB
l’,NOUN,NOUN
à,ADP,FUNC
açettou,ADJ,ADJ
l’,NOUN,NOUN
idea,NOUN,NOUN
che,NOUN,NOUN
seu,PRON,PRON
figgio,NOUN,NOUN
o,ADP,FUNC
no,X,OTHER
vivià,VERB,VERB
ciù,PRON,PRON
",",PUNCT,PUNCT
comme,SCONJ,FUNC
reportou,NOUN,NOUN
da,X,OTHER
-,NOUN,NOUN
i,ADJ,ADJ
avvocati,PROPN,NOUN
.,PUNCT,PUNCT
Unn’,DET,PRON
investigaçion,NOUN,NOUN
a,VERB,VERB
l’,NOUN,NOUN
é,CCONJ,FUNC
stæta,NOUN,NOUN
averta,ADJ,ADJ
con,VERB,VERB
l’,NOUN,NOUN
ipòtexi,VERB,VERB
de,ADP,FUNC
responsabilitæ,NOUN,NOUN
corposa,VERB,VERB
pe,DET,PRON
mòrte,NOUN,NOUN
ò,ADP,FUNC
lexoin,NOUN,NOUN
.,PUNCT,PUNCT
L’,DET,PRON
errô,NOUN,NOUN
ciù,ADP,FUNC
gròsso,ADJ,ADJ
o,ADP,FUNC
saieiva,ADJ,ADJ
stæto,NOUN,NOUN
l’,NOUN,NOUN
uso,PROPN,NOUN
da,DET,PRON
giassa,NOUN,NOUN
secca,ADJ,ADJ
incangio,VERB,VERB
de,ADP,FUNC
quella,PROPN,NOUN
normale,ADJ,ADJ
.,PUNCT,PUNCT
"

",SPACE,OTHER
L’,PROPN,NOUN
é,ADP,FUNC
scciuppou,ADJ,ADJ
un,DET,PRON
ciæto,NOUN,NOUN
in,ADJ,ADJ
sciô,ADJ,ADJ
concorso,VERB,VERB
pubrico,ADJ,ADJ
pe,ADP,FUNC
400,NUM,ADJ
pòsti,NOUN,NOUN
da,ADJ,ADJ
scrivan,ADJ,ADJ
.,PUNCT,PUNCT
In,DET,PRON
sce,NOUN,NOUN
un,DET,PRON
papê,NOUN,NOUN
sciortio,ADJ,ADJ
in,ADJ,ADJ
sciô,ADJ,ADJ
scito,VERB,VERB
do,ADP,FUNC
Conseggio,NOUN,NOUN
naçionale,ADJ,ADJ
gh’,NOUN,NOUN
ea,CCONJ,FUNC
di,ADP,FUNC
commenti,VERB,VERB
d’,PROPN,NOUN
arente,ADJ,ADJ
a,AUX,VERB
-,DET,PRON
i,ADJ,ADJ
nommi,NOUN,NOUN
di,AUX,VERB
candidæ,NOUN,NOUN
ch’,ADJ,ADJ
aivan,NOUN,NOUN
sostegnuo,ADJ,ADJ
a,AUX,VERB
preuva,NOUN,NOUN
scrita,ADJ,ADJ
do,NOUN,NOUN
2024,NUM,ADJ
:,PUNCT,PUNCT
«,PUNCT,PUNCT
graçiosa,NOUN,NOUN
»,PUNCT,PUNCT
",",PUNCT,PUNCT
«,PROPN,NOUN
fenòmeno,PROPN,NOUN
»,PUNCT,PUNCT
",",PUNCT,PUNCT
«,PUNCT,PUNCT
sarvou,ADJ,ADJ
in,ADJ,ADJ
sciô,ADJ,ADJ
çivile,ADJ,ADJ
»,PUNCT,PUNCT
.,PUNCT,PUNCT
O,NOUN,NOUN
file,NOUN,NOUN
o,ADP,FUNC
l’,NOUN,NOUN
é,CCONJ,FUNC
stæto,NOUN,NOUN
levou,PROPN,NOUN
a,AUX,VERB
-,PRON,PRON
a,AUX,VERB
spedia,ADJ,ADJ
",",PUNCT,PUNCT
ma,DET,PRON
o,ADP,FUNC
contegnuo,NOUN,NOUN
o,ADP,FUNC
l’,NOUN,NOUN
é,ADJ,ADJ
finio,NOUN,NOUN
in,X,OTHER
sciâ,ADJ,ADJ
Ræ,DET,PRON
o,ADP,FUNC
mæximo,NOUN,NOUN
.,PUNCT,PUNCT
O,NOUN,NOUN
ministro,ADJ,ADJ
da,DET,PRON
Giustiçia,PROPN,NOUN
Nordio,PROPN,NOUN
o,ADP,FUNC
l’,NOUN,NOUN
à,ADP,FUNC
replicou,NOUN,NOUN
a,AUX,VERB
-,PRON,PRON
e,PRON,PRON
polemiche,ADJ,ADJ
de,ADP,FUNC
l’,NOUN,NOUN
oppoxiçion,VERB,VERB
:,PUNCT,PUNCT
«,PROPN,NOUN
No,PROPN,NOUN
gh’,DET,PRON
emmo,NOUN,NOUN
nisciun,ADJ,ADJ
poei,NOUN,NOUN
de,ADP,FUNC
contròllo,PROPN,NOUN
in,X,OTHER
scî,NOUN,NOUN
loei,NOUN,NOUN
da,ADJ,ADJ
commiscion,NOUN,NOUN
»,PUNCT,PUNCT
.,PUNCT,PUNCT
O,NOUN,NOUN
Conseggio,PROPN,NOUN
di,CCONJ,FUNC
scriven,PROPN,NOUN
o,ADP,FUNC
l’,NOUN,NOUN
à,ADP,FUNC
dito,NOUN,NOUN
ch’,ADJ,ADJ
o,ADP,FUNC
l’,NOUN,NOUN
à,ADP,FUNC
«,PUNCT,PUNCT
inandiou,PROPN,NOUN
e,AUX,VERB
iniçiative,VERB,VERB
che,NOUN,NOUN
ghe,ADJ,ADJ
veu,PRON,PRON
»,PUNCT,PUNCT
.,PUNCT,PUNCT
O,NOUN,NOUN
Codacons,NOUN,NOUN
intanto,NOUN,NOUN
o,ADP,FUNC
studia,NOUN,NOUN
de,ADP,FUNC
açioin,NOUN,NOUN
pe,CCONJ,FUNC
scassâ,NOUN,NOUN
o,ADP,FUNC
concorso,VERB,VERB
.,PUNCT,PUNCT
"

",SPACE,OTHER
O,NOUN,NOUN
caxo,VERB,VERB
Epstein,NOUN,NOUN
o,ADP,FUNC
s’,VERB,VERB
allarga,ADJ,ADJ
ôtramâ,NOUN,NOUN
:,PUNCT,PUNCT
o,ADP,FUNC
passou,NOUN,NOUN
prinçipe,VERB,VERB
Andria,PROPN,NOUN
d’,PROPN,NOUN
Inghiltæra,PROPN,NOUN
o,ADP,FUNC
l’,NOUN,NOUN
é,CCONJ,FUNC
stæto,NOUN,NOUN
arrestou,ADJ,ADJ
con,NOUN,NOUN
l’,NOUN,NOUN
accusa,VERB,VERB
d’,X,OTHER
avei,NOUN,NOUN
scompartio,NOUN,NOUN
de,ADP,FUNC
informaçioin,NOUN,NOUN
reservæ,VERB,VERB
con,ADP,FUNC
l’,NOUN,NOUN
imprenditô,ADJ,ADJ
pedòfilo,NOUN,NOUN
da,DET,PRON
emissäio,NOUN,NOUN
de,ADP,FUNC
commerçio,NOUN,NOUN
do,ADP,FUNC
governo,NOUN,NOUN
.,PUNCT,PUNCT
Dòppo,PROPN,NOUN
dozz’,PROPN,NOUN
oe,X,OTHER
d’,ADV,ADV
interrogatöi,VERB,VERB
o,ADP,FUNC
l’,NOUN,NOUN
é,ADJ,ADJ
stæto,VERB,VERB
lasciou,PRON,PRON
anâ,PROPN,NOUN
.,PUNCT,PUNCT
«,PROPN,NOUN
Che,PROPN,NOUN
a,AUX,VERB
giustiçia,VERB,VERB
a,AUX,VERB
fasse,VERB,VERB
o,ADP,FUNC
seu,DET,PRON
travaggio,NOUN,NOUN
»,PUNCT,PUNCT
",",PUNCT,PUNCT
o,ADP,FUNC
commento,NOUN,NOUN
do,NOUN,NOUN
re,ADP,FUNC
Carlo,PROPN,NOUN
",",PUNCT,PUNCT
seu,NOUN,NOUN
fræ,VERB,VERB
.,PUNCT,PUNCT
A,AUX,VERB
poliçia,VERB,VERB
a,ADP,FUNC
l’,NOUN,NOUN
à,ADP,FUNC
perquixio,NOUN,NOUN
de,ADP,FUNC
rescidense,NOUN,NOUN
da,ADJ,ADJ
famiggia,VERB,VERB
reale,ADJ,ADJ
.,PUNCT,PUNCT
Pe,ADV,ADV
-,PROPN,NOUN
i,ADJ,ADJ
media,PROPN,NOUN
naçionali,X,OTHER
",",PUNCT,PUNCT
derê,VERB,VERB
a,AUX,VERB
-,DET,PRON
o,NOUN,NOUN
fermo,NOUN,NOUN
gh’,NOUN,NOUN
é,ADP,FUNC
l’,NOUN,NOUN
ipòtexi,VERB,VERB
d’,ADV,ADV
elementi,VERB,VERB
ligæ,PROPN,NOUN
no,X,OTHER
solo,VERB,VERB
a,VERB,VERB
-,DET,PRON
o,AUX,VERB
caxo,VERB,VERB
Epstein,NOUN,NOUN
.,PUNCT,PUNCT
O,NOUN,NOUN
governo,ADV,ADV
de,ADP,FUNC
Londra,PROPN,NOUN
o,ADP,FUNC
loua,PROPN,NOUN
à,ADP,FUNC
unna,NOUN,NOUN
lezze,ADJ,ADJ
pe,ADP,FUNC
mette,NOUN,NOUN
o,ADP,FUNC
Andria,PROPN,NOUN
feua,PROPN,NOUN
da,X,OTHER
-,PRON,PRON
a,AUX,VERB
linia,VERB,VERB
de,ADP,FUNC
succescion,NOUN,NOUN
.,PUNCT,PUNCT
Segondo,PROPN,NOUN
un,DET,PRON
sondaggio,NOUN,NOUN
de,ADP,FUNC
YouGov,NOUN,NOUN
",",PUNCT,PUNCT
l’82,NUM,ADJ
%,NOUN,NOUN
di,AUX,VERB
britannichi,VERB,VERB
o,ADP,FUNC
l’,NOUN,NOUN
é,ADP,FUNC
da,DET,PRON
mæxima,ADV,ADV
.,PUNCT,PUNCT
"

",SPACE,OTHER
A,NOUN,NOUN
Corte,NOUN,NOUN
supremma,VERB,VERB
di,AUX,VERB
Stati,PROPN,NOUN
Unii,PROPN,NOUN
a,AUX,VERB
l’,NOUN,NOUN
à,ADP,FUNC
bocciou,PROPN,NOUN
à,ADP,FUNC
sorpreisa,NOUN,NOUN
i,ADJ,ADJ
daçi,NOUN,NOUN
impòsti,ADJ,ADJ
da,X,OTHER
-,PRON,PRON
o,AUX,VERB
prescidente,ADJ,ADJ
Donald,NOUN,NOUN
Trump,PROPN,NOUN
à,ADP,FUNC
mezo,NOUN,NOUN
mondo,ADJ,ADJ
",",PUNCT,PUNCT
un,PRON,PRON
di,DET,PRON
ponti,ADJ,ADJ
ciù,NOUN,NOUN
importanti,ADJ,ADJ
do,NOUN,NOUN
seu,NOUN,NOUN
segondo,NOUN,NOUN
incarrego,NOUN,NOUN
.,PUNCT,PUNCT
Pe,ADV,ADV
-,PROPN,NOUN
i,ADJ,ADJ
giudiçi,ADJ,ADJ
",",PUNCT,PUNCT
ch’,ADJ,ADJ
an,NOUN,NOUN
deçiso,NOUN,NOUN
con,X,OTHER
6,NUM,ADJ
scì,NOUN,NOUN
e,NOUN,NOUN
3,NUM,ADJ
no,NOUN,NOUN
",",PUNCT,PUNCT
«,PROPN,NOUN
o,NOUN,NOUN
no,X,OTHER
l’,NOUN,NOUN
aiva,ADJ,ADJ
o,ADP,FUNC
poei,NOUN,NOUN
de,ADP,FUNC
fâlo,PROPN,NOUN
»,PUNCT,PUNCT
.,PUNCT,PUNCT
Trei,ADJ,ADJ
de,ADP,FUNC
quelli,NOUN,NOUN
nominæ,NOUN,NOUN
da,ADJ,ADJ
-,VERB,VERB
i,ADJ,ADJ
repubrichen,PROPN,NOUN
an,NOUN,NOUN
votou,ADJ,ADJ
insemme,NOUN,NOUN
a,AUX,VERB
-,ADV,ADV
i,ADJ,ADJ
democratichi,VERB,VERB
.,PUNCT,PUNCT
A,NOUN,NOUN
fotta,VERB,VERB
do,DET,PRON
tycoon,NOUN,NOUN
:,PUNCT,PUNCT
«,PUNCT,PUNCT
A,NOUN,NOUN
l’,NOUN,NOUN
é,ADJ,ADJ
unna,VERB,VERB
vergheugna,NUM,ADJ
",",PUNCT,PUNCT
ma,DET,PRON
gh’,NOUN,NOUN
ò,ADP,FUNC
un,DET,PRON
cian,NOUN,NOUN
da,X,OTHER
-,PRON,PRON
a,AUX,VERB
parte,ADJ,ADJ
»,PUNCT,PUNCT
.,PUNCT,PUNCT
E,NOUN,NOUN
borse,ADJ,ADJ
an,NOUN,NOUN
comensou,PROPN,NOUN
à,ADP,FUNC
xoâ,NOUN,NOUN
",",PUNCT,PUNCT
ma,DET,PRON
o,ADP,FUNC
dòllaro,PROPN,NOUN
o,ADP,FUNC
l’,NOUN,NOUN
à,ADP,FUNC
perso,NOUN,NOUN
terren,ADJ,ADJ
.,PUNCT,PUNCT
L’,PROPN,NOUN
Union,PROPN,NOUN
europea,ADJ,ADJ
a,VERB,VERB
l’,NOUN,NOUN
aspeta,PROPN,NOUN
che,PRON,PRON
se,PRON,PRON
fasse,VERB,VERB
ciæo,NOUN,NOUN
",",PUNCT,PUNCT
o,ADP,FUNC
Canada,PROPN,NOUN
o,ADP,FUNC
festezza,ADJ,ADJ
:,PUNCT,PUNCT
«,PUNCT,PUNCT
A,NOUN,NOUN
l’,NOUN,NOUN
é,VERB,VERB
a,AUX,VERB
preuva,VERB,VERB
che,PROPN,NOUN
e,AUX,VERB
tariffe,VERB,VERB
no,X,OTHER
ean,NOUN,NOUN
giustificæ,ADJ,ADJ
»,PUNCT,PUNCT
.,PUNCT,PUNCT
Oua,VERB,VERB
l’,NOUN,NOUN
é,AUX,VERB
poscibile,ADJ,ADJ
che,PRON,PRON
se,PRON,PRON
fasse,VERB,VERB
di,AUX,VERB
recorsci,VERB,VERB
pe,DET,PRON
çentanæa,NOUN,NOUN
de,ADP,FUNC
miliardi,NOUN,NOUN
.,PUNCT,PUNCT
"

",SPACE,OTHER
O,NOUN,NOUN
prescidente,ADJ,ADJ
american,ADJ,ADJ
Donald,NOUN,NOUN
Trump,PROPN,NOUN
o,ADP,FUNC
l’,NOUN,NOUN
à,ADP,FUNC
inaugurou,NOUN,NOUN
o,ADP,FUNC
Bord,PROPN,NOUN
of,X,OTHER
Peace,PROPN,NOUN
pe,X,OTHER
Gazza,PROPN,NOUN
à,ADP,FUNC
Washington,PROPN,NOUN
.,PUNCT,PUNCT
Previsti,PROPN,NOUN
fondi,NOUN,NOUN
pe,NOUN,NOUN
10,NUM,ADJ
miliardi,NOUN,NOUN
",",PUNCT,PUNCT
sordatti,NOUN,NOUN
da,DET,PRON
çinque,ADJ,ADJ
Paixi,PROPN,NOUN
e,AUX,VERB
unna,VERB,VERB
base,NOUN,NOUN
pe,ADP,FUNC
5mia,NUM,ADJ
militari,PROPN,NOUN
.,PUNCT,PUNCT
A,AUX,VERB
-,ADV,ADV
a,AUX,VERB
çeimònia,VERB,VERB
20,NUM,ADJ
paixi,NOUN,NOUN
.,PUNCT,PUNCT
O,NOUN,NOUN
Vatican,PROPN,NOUN
o,ADP,FUNC
no,VERB,VERB
l’,NOUN,NOUN
à,ADP,FUNC
parteçipou,ADJ,ADJ
:,PUNCT,PUNCT
«,PROPN,NOUN
Unna,PROPN,NOUN
deçixon,ADV,ADV
ben,VERB,VERB
ben,VERB,VERB
fastidiosa,VERB,VERB
»,PUNCT,PUNCT
",",PUNCT,PUNCT
o,ADP,FUNC
commento,NOUN,NOUN
da,X,OTHER
Casa,PROPN,NOUN
Gianca,PROPN,NOUN
.,PUNCT,PUNCT
Intanto,NOUN,NOUN
i,ADJ,ADJ
Stati,PROPN,NOUN
Unii,PROPN,NOUN
son,DET,PRON
apreuvo,NOUN,NOUN
à,ADP,FUNC
valuâ,NOUN,NOUN
un,DET,PRON
attacco,ADJ,ADJ
«,PUNCT,PUNCT
preçiso,NOUN,NOUN
e,CCONJ,FUNC
limitou,ADJ,ADJ
»,PUNCT,PUNCT
contra,VERB,VERB
l’,NOUN,NOUN
Iran,PROPN,NOUN
dòppo,ADJ,ADJ
l’,NOUN,NOUN
ultimatum,VERB,VERB
che,NOUN,NOUN
o,ADP,FUNC
Trump,PROPN,NOUN
o,ADP,FUNC
l’,NOUN,NOUN
à,ADP,FUNC
dæto,NOUN,NOUN
a,AUX,VERB
-,ADV,ADV
i,ADJ,ADJ
ayatollah,PROPN,NOUN
.,PUNCT,PUNCT
Teheran,NOUN,NOUN
a,AUX,VERB
l’,NOUN,NOUN
à,ADP,FUNC
segnalou,PROPN,NOUN
«,PUNCT,PUNCT
un,DET,PRON
reisego,NOUN,NOUN
veo,ADP,FUNC
d’,ADV,ADV
aggrescion,PROPN,NOUN
militare,ADJ,ADJ
»,PUNCT,PUNCT
inte,ADJ,ADJ
unna,VERB,VERB
lettia,ADJ,ADJ
a,AUX,VERB
-,PROPN,NOUN
o,NOUN,NOUN
segretäio,NOUN,NOUN
generale,ADJ,ADJ
de,ADP,FUNC
l’,NOUN,NOUN
Onu,PROPN,NOUN
",",PUNCT,PUNCT
azzonzendo,NOUN,NOUN
ch’,ADJ,ADJ
a,AUX,VERB
no,X,OTHER
veu,X,OTHER
unna,VERB,VERB
guæra,ADJ,ADJ
ma,DET,PRON
ch’,NOUN,NOUN
a,AUX,VERB
respondià,PRON,PRON
«,PUNCT,PUNCT
con,DET,PRON
determinaçion,NOUN,NOUN
»,PUNCT,PUNCT
à,ADP,FUNC
un,DET,PRON
attacco,NOUN,NOUN
.,PUNCT,PUNCT
"
",SPACE,OTHER
À,ADP,FUNC
Zena,PROPN,NOUN
",",PUNCT,PUNCT
dòppo,ADJ,ADJ
scassou,PROPN,NOUN
o,ADP,FUNC
progetto,ADV,ADV
Skymetro,PROPN,NOUN
",",PUNCT,PUNCT
sata,NOUN,NOUN
feua,VERB,VERB
l’,NOUN,NOUN
ipòtexi,VERB,VERB
de,ADP,FUNC
unna,NOUN,NOUN
cabinovia,PRON,PRON
pe,CCONJ,FUNC
destrigâ,NOUN,NOUN
o,ADP,FUNC
problema,NOUN,NOUN
do,ADP,FUNC
traspòrto,NOUN,NOUN
pubrico,ADJ,ADJ
into,NOUN,NOUN
Besagno,PROPN,NOUN
.,PUNCT,PUNCT
Segondo,PROPN,NOUN
de,ADP,FUNC
indiscreçioin,NOUN,NOUN
a,AUX,VERB
l’,NOUN,NOUN
é,ADP,FUNC
sta,NOUN,NOUN
chì,VERB,VERB
a,VERB,VERB
propòsta,NOUN,NOUN
do,ADP,FUNC
Politecnico,PROPN,NOUN
de,ADP,FUNC
Milan,PROPN,NOUN
",",PUNCT,PUNCT
a,AUX,VERB
-,PROPN,NOUN
o,NOUN,NOUN
quæ,NUM,ADJ
o,ADP,FUNC
Commun,PROPN,NOUN
o,ADP,FUNC
l’,NOUN,NOUN
à,ADP,FUNC
assegnou,VERB,VERB
un,DET,PRON
studio,NOUN,NOUN
da,ADJ,ADJ
100mia,NUM,ADJ
euro,NOUN,NOUN
pe,ADP,FUNC
trovâ,NOUN,NOUN
unna,VERB,VERB
soluçion,NOUN,NOUN
.,PUNCT,PUNCT
A,AUX,VERB
scindica,VERB,VERB
Silvia,ADP,FUNC
Salis,PROPN,NOUN
a,AUX,VERB
no,X,OTHER
l’,NOUN,NOUN
à,ADP,FUNC
confermou,NOUN,NOUN
e,ADJ,ADJ
manco,VERB,VERB
denegou,ADJ,ADJ
:,PUNCT,PUNCT
«,PUNCT,PUNCT
Pe,ADV,ADV
fin,NOUN,NOUN
che,X,OTHER
no,X,OTHER
sciòrte,NOUN,NOUN
o,ADP,FUNC
studio,NOUN,NOUN
no,VERB,VERB
parlo,ADV,ADV
e,X,OTHER
no,X,OTHER
ô,X,OTHER
mostro,ADJ,ADJ
à,ADP,FUNC
nisciun,ADJ,ADJ
»,PUNCT,PUNCT
.,PUNCT,PUNCT
L’,PROPN,NOUN
oppoxiçion,NOUN,NOUN
a,AUX,VERB
l’,NOUN,NOUN
à,ADP,FUNC
attaccou,NOUN,NOUN
a,AUX,VERB
zonta,VERB,VERB
:,PUNCT,PUNCT
«,PROPN,NOUN
Tornemmo,PROPN,NOUN
a,AUX,VERB
-,ADV,ADV
i,ADV,ADV
tempi,VERB,VERB
do,ADP,FUNC
Marco,PROPN,NOUN
Doria,PROPN,NOUN
",",PUNCT,PUNCT
valuemmo,VERB,VERB
de,ADP,FUNC
domandâ,PROPN,NOUN
di,ADP,FUNC
açertamenti,ADJ,ADJ
in,X,OTHER
sce,NOUN,NOUN
un,DET,PRON
danno,NOUN,NOUN
a,AUX,VERB
-,ADV,ADV
i,ADJ,ADJ
conti,ADJ,ADJ
pubrichi,VERB,VERB
»,PUNCT,PUNCT
.,PUNCT,PUNCT
O,NOUN,NOUN
comitato,NOUN,NOUN
contra,ADJ,ADJ
o,ADP,FUNC
Skymetro,PROPN,NOUN
o,ADP,FUNC
l’,NOUN,NOUN
à,ADP,FUNC
za,DET,PRON
bocciou,PROPN,NOUN
l’,ADJ,ADJ
idea,NOUN,NOUN
.,PUNCT,PUNCT
O,NOUN,NOUN
viçescindico,ADJ,ADJ
Terrile,PROPN,NOUN
o,ADP,FUNC
l’,NOUN,NOUN
à,ADP,FUNC
asseguou,NOUN,NOUN
:,PUNCT,PUNCT
«,PROPN,NOUN
Nisciuña,NOUN,NOUN
impoxiçion,ADJ,ADJ
",",PUNCT,PUNCT
ghe,ADJ,ADJ
saià,ADJ,ADJ
un,DET,PRON
confronto,NOUN,NOUN
co-i,VERB,VERB
çitten,VERB,VERB
»,PUNCT,PUNCT
.,PUNCT,PUNCT
"

",SPACE,OTHER
Un,DET,PRON
figgeu,NOUN,NOUN
de,ADP,FUNC
9,NUM,ADJ
anni,NOUN,NOUN
o,ADP,FUNC
l’,NOUN,NOUN
é,ADJ,ADJ
cheito,NOUN,NOUN
d’,ADV,ADV
in,X,OTHER
sciô,VERB,VERB
terrassin,VERB,VERB
de,ADP,FUNC
unna,NOUN,NOUN
scheua,VERB,VERB
a,AUX,VERB
-,PRON,PRON
a,AUX,VERB
Pria,VERB,VERB
a,AUX,VERB
-,ADV,ADV
i,ADJ,ADJ
24,PRON,PRON
de,ADP,FUNC
frevâ,PROPN,NOUN
.,PUNCT,PUNCT
Dòppo,PROPN,NOUN
avei,NOUN,NOUN
fæto,ADJ,ADJ
un,DET,PRON
xeuo,NOUN,NOUN
de,ADP,FUNC
quattro,NUM,ADJ
metri,NOUN,NOUN
o,ADP,FUNC
l’,NOUN,NOUN
à,ADP,FUNC
piccou,ADJ,ADJ
a,AUX,VERB
testa,PROPN,NOUN
e,PRON,PRON
o,ADP,FUNC
l’,NOUN,NOUN
à,ADP,FUNC
reportou,NOUN,NOUN
de,ADP,FUNC
ferie,NOUN,NOUN
in,ADJ,ADJ
sce,NOUN,NOUN
tutto,ADJ,ADJ
o,ADP,FUNC
còrpo,NOUN,NOUN
.,PUNCT,PUNCT
O,ADP,FUNC
l’,NOUN,NOUN
é,CCONJ,FUNC
stæto,NOUN,NOUN
portou,ADP,FUNC
in,X,OTHER
condiçioin,VERB,VERB
grave,ADJ,ADJ
à,ADP,FUNC
l’,NOUN,NOUN
uspiâ,ADJ,ADJ
Santa,NOUN,NOUN
Coroña,PROPN,NOUN
e,PRON,PRON
da,PRON,PRON
lì,PRON,PRON
à,ADP,FUNC
pöco,NOUN,NOUN
l’,ADJ,ADJ
an,NOUN,NOUN
stramuou,NOUN,NOUN
a,AUX,VERB
-,DET,PRON
o,AUX,VERB
Gaslini,PROPN,NOUN
de,ADP,FUNC
Zena,PROPN,NOUN
.,PUNCT,PUNCT
Da,PROPN,NOUN
quello,VERB,VERB
che,X,OTHER
s’,VERB,VERB
é,AUX,VERB
capio,NOUN,NOUN
",",PUNCT,PUNCT
o,ADP,FUNC
scoläio,NOUN,NOUN
o,ADP,FUNC
s’,VERB,VERB
é,ADP,FUNC
arrembou,NOUN,NOUN
a,AUX,VERB
-,PRON,PRON
a,AUX,VERB
baleuistrâ,VERB,VERB
e,AUX,VERB
sta,PRON,PRON
chì,VERB,VERB
a,AUX,VERB
l’,NOUN,NOUN
é,VERB,VERB
vegnua,NUM,ADJ
zu,ADJ,ADJ
",",PUNCT,PUNCT
fòscia,ADJ,ADJ
pe,ADP,FUNC
un,DET,PRON
problema,NOUN,NOUN
de,ADP,FUNC
struttua,NOUN,NOUN
.,PUNCT,PUNCT
O,VERB,VERB
scindico,ADJ,ADJ
da,DET,PRON
Pria,NOUN,NOUN
Luigi,PROPN,NOUN
De,ADP,FUNC
Vincenzi,PROPN,NOUN
o,ADP,FUNC
l’,NOUN,NOUN
à,ADP,FUNC
commentou,ADJ,ADJ
:,PUNCT,PUNCT
«,PROPN,NOUN
Semmo,PROPN,NOUN
arrestæ,PROPN,NOUN
sciätæ,VERB,VERB
",",PUNCT,PUNCT
oua,ADV,ADV
voemmo,VERB,VERB
capî,ADJ,ADJ
cöse,PROPN,NOUN
l’,NOUN,NOUN
é,ADP,FUNC
capitou,ADJ,ADJ
»,PUNCT,PUNCT
.,PUNCT,PUNCT
E,NOUN,NOUN
condiçioin,VERB,VERB
do,NOUN,NOUN
figgeu,NOUN,NOUN
son,DET,PRON
in,ADJ,ADJ
megioamento,X,OTHER
e,X,OTHER
da,VERB,VERB
-,PRON,PRON
a,AUX,VERB
reanimaçion,NOUN,NOUN
o,ADP,FUNC
saià,NOUN,NOUN
portou,ADJ,ADJ
into,NOUN,NOUN
reparto,VERB,VERB
d’,PROPN,NOUN
ortopedia,PROPN,NOUN
.,PUNCT,PUNCT
"

",SPACE,OTHER
A,AUX,VERB
Procua,VERB,VERB
de,ADP,FUNC
Zena,PROPN,NOUN
a,AUX,VERB
l’,NOUN,NOUN
indaga,X,OTHER
in,X,OTHER
sce,ADV,ADV
quattro,NUM,ADJ
carabinê,NOUN,NOUN
pe,ADP,FUNC
tentativo,NOUN,NOUN
d’,ADV,ADV
esterscion,NOUN,NOUN
",",PUNCT,PUNCT
lexoin,NOUN,NOUN
e,AUX,VERB
calunnia,VERB,VERB
apreuvo,ADJ,ADJ
à,ADP,FUNC
un,DET,PRON
arresto,NOUN,NOUN
inte,ADJ,ADJ
un,DET,PRON
abergo,NOUN,NOUN
de,ADP,FUNC
Sestri,PROPN,NOUN
Levante,PROPN,NOUN
.,PUNCT,PUNCT
I,NOUN,NOUN
fæti,VERB,VERB
son,DET,PRON
di,DET,PRON
2,NUM,ADJ
di,NOUN,NOUN
novembre,NOUN,NOUN
.,PUNCT,PUNCT
Unna,DET,PRON
casaña,NOUN,NOUN
franseise,NOUN,NOUN
a,AUX,VERB
l’,NOUN,NOUN
aiva,ADJ,ADJ
avuo,ADJ,ADJ
un,DET,PRON
scciuppon,NOUN,NOUN
de,ADP,FUNC
raggia,NOUN,NOUN
perché,ADJ,ADJ
",",PUNCT,PUNCT
dòppo,ADJ,ADJ
pagou,NOUN,NOUN
o,ADP,FUNC
conto,PROPN,NOUN
da,X,OTHER
12mia,NUM,ADJ
euro,PROPN,NOUN
",",PUNCT,PUNCT
a,AUX,VERB
sostegniva,VERB,VERB
che,NOUN,NOUN
gh’,NOUN,NOUN
avessan,NOUN,NOUN
arröbou,VERB,VERB
un,DET,PRON
releuio,NOUN,NOUN
da,DET,PRON
10mia,PROPN,NOUN
euro,PROPN,NOUN
.,PUNCT,PUNCT
Into,NOUN,NOUN
verbale,ADJ,ADJ
i,ADJ,ADJ
militari,PROPN,NOUN
an,NOUN,NOUN
scrito,VERB,VERB
che,NOUN,NOUN
o,ADP,FUNC
franseise,NOUN,NOUN
o,ADP,FUNC
gh’,VERB,VERB
à,ADP,FUNC
dæto,NOUN,NOUN
di,PRON,PRON
cäsci,VERB,VERB
e,PRON,PRON
di,PRON,PRON
pugni,VERB,VERB
",",PUNCT,PUNCT
ma,DET,PRON
un,DET,PRON
un,DET,PRON
video,NOUN,NOUN
o,ADP,FUNC
mostrieiva,VERB,VERB
che,PRON,PRON
tutt’,NOUN,NOUN
assemme,VERB,VERB
ô,DET,PRON
caccian,PRON,PRON
pe,NOUN,NOUN
tæra,PROPN,NOUN
",",PUNCT,PUNCT
ghe,ADJ,ADJ
mettan,NOUN,NOUN
e,CCONJ,FUNC
magnette,VERB,VERB
",",PUNCT,PUNCT
ô,NOUN,NOUN
ferman,VERB,VERB
pe,DET,PRON
dexe,ADJ,ADJ
menuti,PROPN,NOUN
e,PRON,PRON
ô,PRON,PRON
carregan,VERB,VERB
à,ADP,FUNC
forsa,NOUN,NOUN
in,X,OTHER
sce,NOUN,NOUN
unn’,DET,PRON
ambulansa,NOUN,NOUN
.,PUNCT,PUNCT
L’,PROPN,NOUN
òmmo,NOUN,NOUN
o,ADP,FUNC
l’,NOUN,NOUN
é,NOUN,NOUN
sotta,PROPN,NOUN
proçesso,VERB,VERB
pe,ADV,ADV
rexistensa,VERB,VERB
e,PRON,PRON
lexoin,NOUN,NOUN
e,X,OTHER
i,ADJ,ADJ
militari,PROPN,NOUN
gh’,NOUN,NOUN
an,NOUN,NOUN
domandou,PROPN,NOUN
unna,VERB,VERB
refæta,VERB,VERB
da,X,OTHER
102mia,PROPN,NOUN
euro,PROPN,NOUN
",",PUNCT,PUNCT
dapeu,ADV,ADV
reduta,VERB,VERB
à,ADP,FUNC
36mia,NUM,ADJ
.,PUNCT,PUNCT
"

",SPACE,OTHER
O,NOUN,NOUN
l’,NOUN,NOUN
é,VERB,VERB
stæto,NOUN,NOUN
fermou,ADJ,ADJ
pe,ADJ,ADJ
ammassamento,NOUN,NOUN
volontäio,NOUN,NOUN
o,ADP,FUNC
poliçiòtto,VERB,VERB
Carmelo,PROPN,NOUN
Cinturrino,PROPN,NOUN
",",PUNCT,PUNCT
che,NOUN,NOUN
a,AUX,VERB
-,PRON,PRON
i,ADJ,ADJ
26,PRON,PRON
de,ADP,FUNC
zenâ,NOUN,NOUN
",",PUNCT,PUNCT
à,ADP,FUNC
Milan,PROPN,NOUN
",",PUNCT,PUNCT
o,ADP,FUNC
l’,NOUN,NOUN
à,ADP,FUNC
sparou,NOUN,NOUN
a,AUX,VERB
-,PROPN,NOUN
o,NOUN,NOUN
Abderrahim,PROPN,NOUN
Mansouri,PROPN,NOUN
",",PUNCT,PUNCT
un,DET,PRON
venditô,NOUN,NOUN
de,ADP,FUNC
dröga,VERB,VERB
de,ADP,FUNC
28,NUM,ADJ
anni,NOUN,NOUN
.,PUNCT,PUNCT
O,NOUN,NOUN
l’,NOUN,NOUN
aiva,VERB,VERB
dito,NOUN,NOUN
d’,ADV,ADV
aveighe,NOUN,NOUN
tiou,ADJ,ADJ
perché,ADJ,ADJ
stæto,ADJ,ADJ
menassou,PROPN,NOUN
con,X,OTHER
unna,VERB,VERB
pistòlla,ADJ,ADJ
",",PUNCT,PUNCT
ma,DET,PRON
l’,NOUN,NOUN
investigaçion,NOUN,NOUN
a,VERB,VERB
l’,NOUN,NOUN
à,ADP,FUNC
mostrou,NOUN,NOUN
che,NOUN,NOUN
l’,NOUN,NOUN
arma,ADJ,ADJ
a,AUX,VERB
l’,NOUN,NOUN
ea,CCONJ,FUNC
stæta,NOUN,NOUN
missa,VERB,VERB
dòppo,ADJ,ADJ
d’,X,OTHER
arente,ADJ,ADJ
a,AUX,VERB
-,DET,PRON
o,NOUN,NOUN
cadaveo,NOUN,NOUN
e,ADV,ADV
che,ADJ,ADJ
in,X,OTHER
çimma,ADJ,ADJ
gh’,ADJ,ADJ
ea,CCONJ,FUNC
solo,VERB,VERB
e,DET,PRON
impronte,ADJ,ADJ
de,ADP,FUNC
l’,NOUN,NOUN
agente,ADJ,ADJ
.,PUNCT,PUNCT
Un,DET,PRON
testimònio,NOUN,NOUN
o,ADP,FUNC
l’,NOUN,NOUN
à,ADP,FUNC
contou,NOUN,NOUN
ascì,ADJ,ADJ
che,NOUN,NOUN
o,ADP,FUNC
Mansouri,PROPN,NOUN
o,ADP,FUNC
l’,NOUN,NOUN
ea,CCONJ,FUNC
stæto,VERB,VERB
corpio,PROPN,NOUN
into,ADJ,ADJ
scappâ,ADJ,ADJ
.,PUNCT,PUNCT
O,NOUN,NOUN
Cinturrino,PROPN,NOUN
o,ADP,FUNC
l’,NOUN,NOUN
à,ADP,FUNC
ammisso,PROPN,NOUN
e,PRON,PRON
seu,NOUN,NOUN
responsabilitæ,NOUN,NOUN
:,PUNCT,PUNCT
«,PUNCT,PUNCT
Ciammo,PROPN,NOUN
scuse,ADJ,ADJ
à,ADP,FUNC
tutti,PROPN,NOUN
quelli,VERB,VERB
ch’,ADJ,ADJ
an,NOUN,NOUN
l’,NOUN,NOUN
uniforme,ADJ,ADJ
",",PUNCT,PUNCT
ò,CCONJ,FUNC
perso,VERB,VERB
o,ADP,FUNC
sæximo,PROPN,NOUN
»,PUNCT,PUNCT
.,PUNCT,PUNCT
Ma,DET,PRON
o,ADP,FUNC
l’,NOUN,NOUN
à,ADP,FUNC
denegou,NOUN,NOUN
d’,PROPN,NOUN
avei,NOUN,NOUN
piggiou,VERB,VERB
di,ADP,FUNC
dinæ,NOUN,NOUN
e,CCONJ,FUNC
da,PRON,PRON
dröga,VERB,VERB
da,PROPN,NOUN
-,PRON,PRON
a,AUX,VERB
vittima,VERB,VERB
.,PUNCT,PUNCT
Di,DET,PRON
colleghi,PROPN,NOUN
an,NOUN,NOUN
parlou,VERB,VERB
di,SCONJ,FUNC
seu,ADP,FUNC
metodi,NOUN,NOUN
violenti,NOUN,NOUN
.,PUNCT,PUNCT
O,NOUN,NOUN
Cinturrino,PROPN,NOUN
o,ADP,FUNC
l’,NOUN,NOUN
arresta,ADJ,ADJ
in,X,OTHER
prexon,ADJ,ADJ
e,PRON,PRON
o,ADP,FUNC
saià,NOUN,NOUN
levou,VERB,VERB
da,VERB,VERB
l’,NOUN,NOUN
incarrego,ADJ,ADJ
.,PUNCT,PUNCT
"

",SPACE,OTHER
Torna,PROPN,NOUN
polemiche,X,OTHER
in,X,OTHER
sciô,ADJ,ADJ
referendum,VERB,VERB
di,ADP,FUNC
22,NUM,ADJ
e,DET,PRON
23,NUM,ADJ
de,ADP,FUNC
marso,NOUN,NOUN
.,PUNCT,PUNCT
«,ADP,FUNC
In,NOUN,NOUN
Ruscia,PROPN,NOUN
no,X,OTHER
gh’,NOUN,NOUN
é,NOUN,NOUN
a,AUX,VERB
spartiçion,NOUN,NOUN
de,ADP,FUNC
carree,NOUN,NOUN
",",PUNCT,PUNCT
o,ADP,FUNC
Putin,PROPN,NOUN
o,ADP,FUNC
votieiva,NOUN,NOUN
no,NOUN,NOUN
»,PUNCT,PUNCT
",",PUNCT,PUNCT
e,X,OTHER
poule,VERB,VERB
do,ADV,ADV
sottosegretäio,NOUN,NOUN
a,AUX,VERB
-,PRON,PRON
a,AUX,VERB
Giustiçia,NOUN,NOUN
Fazzolari,PROPN,NOUN
.,PUNCT,PUNCT
«,PUNCT,PUNCT
Solo,PROPN,NOUN
che,DET,PRON
unna,VERB,VERB
sciortia,ADJ,ADJ
»,PUNCT,PUNCT
",",PUNCT,PUNCT
o,ADP,FUNC
l’,NOUN,NOUN
à,ADP,FUNC
azzonto,NOUN,NOUN
",",PUNCT,PUNCT
ma,DET,PRON
l’,NOUN,NOUN
oppoxiçion,NOUN,NOUN
a,AUX,VERB
l’,NOUN,NOUN
à,ADP,FUNC
criticou,NOUN,NOUN
.,PUNCT,PUNCT
Scontro,PROPN,NOUN
Nordio,PROPN,NOUN
-,PROPN,NOUN
Conte,NOUN,NOUN
à,ADP,FUNC
Palermo,PROPN,NOUN
",",PUNCT,PUNCT
o,ADP,FUNC
passou,PROPN,NOUN
prescidente,ADJ,ADJ
:,PUNCT,PUNCT
«,NOUN,NOUN
Sei,DET,PRON
apreuvo,NOUN,NOUN
à,ADP,FUNC
realizzâ,NOUN,NOUN
un,DET,PRON
disegno,NOUN,NOUN
de,ADP,FUNC
politica,NOUN,NOUN
criminale,ADJ,ADJ
»,PUNCT,PUNCT
.,PUNCT,PUNCT
Forza,NOUN,NOUN
Italia,PROPN,NOUN
a,VERB,VERB
l’,NOUN,NOUN
à,ADP,FUNC
accaxonou,NOUN,NOUN
a,AUX,VERB
Lega,VERB,VERB
de,ADP,FUNC
scarso,NOUN,NOUN
impegno,PROPN,NOUN
inta,VERB,VERB
campagna,X,OTHER
.,PUNCT,PUNCT
A,AUX,VERB
maggioransa,VERB,VERB
a,AUX,VERB
l’,NOUN,NOUN
à,ADP,FUNC
depoxitou,NOUN,NOUN
o,ADP,FUNC
testo,NOUN,NOUN
da,X,OTHER
neuva,ADJ,ADJ
lezze,NOUN,NOUN
elettorale,ADJ,ADJ
",",PUNCT,PUNCT
«,PROPN,NOUN
imposcibile,ADJ,ADJ
da,ADJ,ADJ
açettâ,ADJ,ADJ
»,PUNCT,PUNCT
pe,X,OTHER
-,PRON,PRON
a,AUX,VERB
segretäia,VERB,VERB
do,PRON,PRON
Pd,VERB,VERB
Elly,PROPN,NOUN
Schlein,PROPN,NOUN
.,PUNCT,PUNCT
Se,PRON,PRON
parla,PRON,PRON
de,ADP,FUNC
un,DET,PRON
scistema,NOUN,NOUN
proporçionale,ADJ,ADJ
con,ADP,FUNC
unna,ADJ,ADJ
correçion,NOUN,NOUN
pe,ADP,FUNC
garantî,NOUN,NOUN
a,AUX,VERB
governabilitæ,ADJ,ADJ
.,PUNCT,PUNCT
"

",SPACE,OTHER
O,NOUN,NOUN
l’,NOUN,NOUN
é,ADJ,ADJ
mòrto,ADJ,ADJ
a,AUX,VERB
-,ADV,ADV
i,ADJ,ADJ
21,NUM,ADJ
de,ADP,FUNC
frevâ,PROPN,NOUN
o,ADP,FUNC
Domenico,PROPN,NOUN
",",PUNCT,PUNCT
o,ADP,FUNC
figgeu,NOUN,NOUN
de,ADP,FUNC
doî,DET,PRON
anni,NOUN,NOUN
ch’,ADJ,ADJ
o,ADP,FUNC
l’,NOUN,NOUN
ea,CCONJ,FUNC
recoverou,VERB,VERB
à,ADP,FUNC
Napoli,NOUN,NOUN
dòppo,ADJ,ADJ
o,ADP,FUNC
tracianto,ADJ,ADJ
de,ADP,FUNC
un,DET,PRON
cheu,NOUN,NOUN
dannezzou,ADJ,ADJ
into,NOUN,NOUN
stramuo,VERB,VERB
da,PRON,PRON
Bolsan,PROPN,NOUN
.,PUNCT,PUNCT
Da,PROPN,NOUN
l’,NOUN,NOUN
investigaçion,NOUN,NOUN
da,ADJ,ADJ
Procua,PROPN,NOUN
l’,ADJ,ADJ
é,VERB,VERB
vegnuo,ADV,ADV
feua,VERB,VERB
che,NOUN,NOUN
o,ADP,FUNC
piccin,NOUN,NOUN
o,ADP,FUNC
l’,NOUN,NOUN
ea,CCONJ,FUNC
arrestou,ADJ,ADJ
sensa,VERB,VERB
cheu,VERB,VERB
pe,ADP,FUNC
quattro,ADJ,ADJ
menuti,NOUN,NOUN
perché,ADJ,ADJ
l’,ADJ,ADJ
òrgano,PROPN,NOUN
o,ADP,FUNC
l’,NOUN,NOUN
ea,CCONJ,FUNC
stæto,ADJ,ADJ
descciantou,ADJ,ADJ
avanti,ADJ,ADJ
ch’,ADJ,ADJ
arrivesse,ADJ,ADJ
quello,ADP,FUNC
neuvo,NOUN,NOUN
.,PUNCT,PUNCT
I,NOUN,NOUN
meghi,NOUN,NOUN
",",PUNCT,PUNCT
pe,DET,PRON
provâ,VERB,VERB
à,ADP,FUNC
dezeâlo,PROPN,NOUN
za,NOUN,NOUN
ch’,ADJ,ADJ
o,ADP,FUNC
l’,NOUN,NOUN
aiva,ADJ,ADJ
viægiou,ADJ,ADJ
inta,VERB,VERB
giassa,ADJ,ADJ
secca,ADJ,ADJ
",",PUNCT,PUNCT
l’,NOUN,NOUN
an,NOUN,NOUN
misso,ADJ,ADJ
sotta,PROPN,NOUN
l’,NOUN,NOUN
ægua,PROPN,NOUN
freida,VERB,VERB
e,PRON,PRON
dapeu,ADV,ADV
quella,ADV,ADV
cada,PRON,PRON
.,PUNCT,PUNCT
L’,DET,PRON
avvocato,NOUN,NOUN
da,ADJ,ADJ
famiggia,VERB,VERB
o,ADP,FUNC
l’,NOUN,NOUN
à,ADP,FUNC
denonçiou,PRON,PRON
de,ADP,FUNC
mancanse,NOUN,NOUN
inti,ADJ,ADJ
dæti,VERB,VERB
da,DET,PRON
cartella,NOUN,NOUN
clinica,ADJ,ADJ
.,PUNCT,PUNCT
A,NOUN,NOUN
moæ,NOUN,NOUN
a,VERB,VERB
l’,NOUN,NOUN
à,ADP,FUNC
dito,NOUN,NOUN
:,PUNCT,PUNCT
«,PUNCT,PUNCT
Oua,PROPN,NOUN
o,ADP,FUNC
l’,NOUN,NOUN
é,ADP,FUNC
un,DET,PRON
angeo,NOUN,NOUN
ma,DET,PRON
veuggio,NOUN,NOUN
giustiçia,ADJ,ADJ
",",PUNCT,PUNCT
l’,NOUN,NOUN
arregordiò,ADJ,ADJ
con,ADP,FUNC
unna,VERB,VERB
fondaçion,NOUN,NOUN
»,PUNCT,PUNCT
.,PUNCT,PUNCT
"

",SPACE,OTHER
L’,PROPN,NOUN
attacco,VERB,VERB
di,DET,PRON
Stati,PROPN,NOUN
Unii,PROPN,NOUN
à,ADP,FUNC
l’,NOUN,NOUN
Iran,PROPN,NOUN
o,ADP,FUNC
porrieiva,NOUN,NOUN
ëse,ADJ,ADJ
unna,NOUN,NOUN
costion,VERB,VERB
de,ADP,FUNC
giorni,NOUN,NOUN
.,PUNCT,PUNCT
E,NOUN,NOUN
indiscreçioin,ADJ,ADJ
parlan,VERB,VERB
de,ADP,FUNC
unn’,DET,PRON
operaçion,NOUN,NOUN
studiâ,VERB,VERB
pe,DET,PRON
ammassâ,ADJ,ADJ
l’,NOUN,NOUN
ayatollah,PROPN,NOUN
Ali,ADJ,ADJ
Khamenei,PROPN,NOUN
e,NOUN,NOUN
seu,PRON,PRON
figgio,NOUN,NOUN
Mojtaba,PROPN,NOUN
.,PUNCT,PUNCT
«,NUM,ADJ
Teheran,NOUN,NOUN
a,AUX,VERB
l’,NOUN,NOUN
é,ADP,FUNC
apreuvo,NOUN,NOUN
à,ADP,FUNC
sviluppâ,ADJ,ADJ
di,ADP,FUNC
miscili,ADJ,ADJ
boin,NOUN,NOUN
à,ADP,FUNC
corpî,NOUN,NOUN
l’,ADJ,ADJ
Euröpa,PROPN,NOUN
e,X,OTHER
i,ADJ,ADJ
Stati,PROPN,NOUN
Unii,PROPN,NOUN
",",PUNCT,PUNCT
no,X,OTHER
permettiò,VERB,VERB
mai,NOUN,NOUN
ch’,ADJ,ADJ
aggian,PROPN,NOUN
o,ADP,FUNC
nucleare,NOUN,NOUN
»,PUNCT,PUNCT
",",PUNCT,PUNCT
o,ADP,FUNC
l’,NOUN,NOUN
à,ADP,FUNC
dito,NOUN,NOUN
o,ADP,FUNC
Trump,PROPN,NOUN
.,PUNCT,PUNCT
À,ADP,FUNC
Ginevra,PROPN,NOUN
l’,NOUN,NOUN
urtima,VERB,VERB
occaxon,VERB,VERB
pe,DET,PRON
schivâ,PROPN,NOUN
a,AUX,VERB
guæra,PROPN,NOUN
.,PUNCT,PUNCT
«,ADP,FUNC
Gh’,NOUN,NOUN
é,DET,PRON
stæto,NOUN,NOUN
de,ADP,FUNC
avertue,NOUN,NOUN
mai,NOUN,NOUN
viste,ADJ,ADJ
primma,VERB,VERB
à,ADP,FUNC
de,ADP,FUNC
idee,NOUN,NOUN
neuve,ADJ,ADJ
e,PROPN,NOUN
creative,ADJ,ADJ
»,PUNCT,PUNCT
",",PUNCT,PUNCT
o,ADP,FUNC
l’,NOUN,NOUN
à,ADP,FUNC
dito,NOUN,NOUN
o,ADP,FUNC
ministro,NOUN,NOUN
de,ADP,FUNC
l’,NOUN,NOUN
Estranxeo,PROPN,NOUN
de,ADP,FUNC
l’,NOUN,NOUN
Oman,PROPN,NOUN
.,PUNCT,PUNCT
I,NOUN,NOUN
Stati,PROPN,NOUN
Unii,PROPN,NOUN
an,NOUN,NOUN
domandou,VERB,VERB
à,ADP,FUNC
l’,NOUN,NOUN
Iran,PROPN,NOUN
de,ADP,FUNC
levâ,NOUN,NOUN
d’,ADV,ADV
insemme,NOUN,NOUN
i,ADJ,ADJ
trei,ADJ,ADJ
sciti,AUX,VERB
nucleari,NOUN,NOUN
prinçipæ,VERB,VERB
e,PRON,PRON
de,ADP,FUNC
consegnâ,ADV,ADV
tutto,ADJ,ADJ
l’,ADJ,ADJ
uranio,ADJ,ADJ
inricchio,ADJ,ADJ
.,PUNCT,PUNCT
Teheran,NOUN,NOUN
a,AUX,VERB
l’,NOUN,NOUN
é,VERB,VERB
disponibile,VERB,VERB
à,ADP,FUNC
trattâ,ADJ,ADJ
ma,DET,PRON
a,AUX,VERB
l’,NOUN,NOUN
avieiva,VERB,VERB
dito,NOUN,NOUN
de,ADP,FUNC
no,PRON,PRON
a,AUX,VERB
-,PRON,PRON
a,AUX,VERB
negoçiaçion,NOUN,NOUN
in,ADJ,ADJ
scî,NOUN,NOUN
miscili,ADJ,ADJ
.,PUNCT,PUNCT
"

",SPACE,OTHER
O,NOUN,NOUN
scandalo,NOUN,NOUN
Epstein,NOUN,NOUN
o,ADP,FUNC
s’,ADV,ADV
allarga,ADJ,ADJ
ancon,NOUN,NOUN
",",PUNCT,PUNCT
à,ADP,FUNC
partî,NOUN,NOUN
da,PRON,PRON
-,PRON,PRON
o,NOUN,NOUN
Regno,PROPN,NOUN
Unio,NOUN,NOUN
dòppo,ADJ,ADJ
l’,NOUN,NOUN
arresto,VERB,VERB
do,ADP,FUNC
passou,NOUN,NOUN
prinçipe,VERB,VERB
Andria,PROPN,NOUN
",",PUNCT,PUNCT
fræ,ADJ,ADJ
do,PRON,PRON
re,ADP,FUNC
Carlo,PROPN,NOUN
.,PUNCT,PUNCT
A,AUX,VERB
poliçia,VERB,VERB
a,VERB,VERB
l’,NOUN,NOUN
à,ADP,FUNC
fermou,ADJ,ADJ
anche,NOUN,NOUN
o,ADP,FUNC
Peter,VERB,VERB
Mandelson,PROPN,NOUN
",",PUNCT,PUNCT
za,PROPN,NOUN
ministro,PROPN,NOUN
e,AUX,VERB
commissäio,VERB,VERB
europeo,PROPN,NOUN
",",PUNCT,PUNCT
misso,VERB,VERB
da,PRON,PRON
-,PRON,PRON
o,CCONJ,FUNC
Starmer,VERB,VERB
comme,ADP,FUNC
ambasciou,PROPN,NOUN
inti,VERB,VERB
Stati,PROPN,NOUN
Unii,PROPN,NOUN
avanti,ADJ,ADJ
de,ADP,FUNC
scorrîlo,PROPN,NOUN
.,PUNCT,PUNCT
A,NOUN,NOUN
Hillary,PROPN,NOUN
Clinton,PROPN,NOUN
",",PUNCT,PUNCT
passâ,NOUN,NOUN
segretäia,NOUN,NOUN
de,ADP,FUNC
Stato,PROPN,NOUN
",",PUNCT,PUNCT
a,AUX,VERB
s’,VERB,VERB
é,ADP,FUNC
defeisa,NOUN,NOUN
davanti,PRON,PRON
a,AUX,VERB
-,PRON,PRON
a,AUX,VERB
commiscion,NOUN,NOUN
:,PUNCT,PUNCT
«,PROPN,NOUN
No,PROPN,NOUN
ò,ADP,FUNC
mai,NOUN,NOUN
incontrou,ADJ,ADJ
o,ADP,FUNC
Epstein,NOUN,NOUN
e,PRON,PRON
no,X,OTHER
saiva,ADJ,ADJ
ninte,NOUN,NOUN
di,NOUN,NOUN
seu,PRON,PRON
crimini,VERB,VERB
.,PUNCT,PUNCT
Doviësci,NOUN,NOUN
indagâ,ADJ,ADJ
in,X,OTHER
sciô,ADJ,ADJ
Trump,PROPN,NOUN
»,PUNCT,PUNCT
.,PUNCT,PUNCT
O,NOUN,NOUN
Borge,PROPN,NOUN
Brende,PROPN,NOUN
",",PUNCT,PUNCT
prescidente,NOUN,NOUN
do,ADP,FUNC
World,PROPN,NOUN
Economic,PROPN,NOUN
Forum,NOUN,NOUN
",",PUNCT,PUNCT
o,ADP,FUNC
l’,NOUN,NOUN
é,CCONJ,FUNC
stæto,NOUN,NOUN
costreito,ADV,ADV
à,ADP,FUNC
dà,DET,PRON
e,PRON,PRON
dimiscioin,NOUN,NOUN
apreuvo,NOUN,NOUN
à,ADP,FUNC
unn’,DET,PRON
investigaçion,NOUN,NOUN
in,ADJ,ADJ
scê,NOUN,NOUN
relaçioin,NOUN,NOUN
con,ADJ,ADJ
l’,NOUN,NOUN
imprenditô,NUM,ADJ
pedòfilo,NOUN,NOUN
.,PUNCT,PUNCT
"

",SPACE,OTHER
A,NOUN,NOUN
-,NOUN,NOUN
i,ADJ,ADJ
24,PRON,PRON
de,ADP,FUNC
frevâ,PROPN,NOUN
o,ADP,FUNC
quarto,DET,PRON
anniversäio,PROPN,NOUN
da,X,OTHER
guæra,PROPN,NOUN
in,X,OTHER
Ucraina,PROPN,NOUN
.,PUNCT,PUNCT
I,NOUN,NOUN
cappi,VERB,VERB
de,ADP,FUNC
l’,NOUN,NOUN
Union,PROPN,NOUN
europea,ADJ,ADJ
an,NOUN,NOUN
parlou,VERB,VERB
da,X,OTHER
Kiev,PROPN,NOUN
:,PUNCT,PUNCT
«,PUNCT,PUNCT
A,NOUN,NOUN
Ruscia,PROPN,NOUN
a,AUX,VERB
no,X,OTHER
l’,NOUN,NOUN
é,NOUN,NOUN
arrivâ,ADJ,ADJ
a,AUX,VERB
-,ADV,ADV
i,ADJ,ADJ
seu,NOUN,NOUN
obiettivi,VERB,VERB
e,PRON,PRON
a,AUX,VERB
vëgne,VERB,VERB
ciù,PRON,PRON
debole,ADJ,ADJ
.,PUNCT,PUNCT
Faiemo,PROPN,NOUN
ciù,VERB,VERB
prescion,NOUN,NOUN
perché,ADJ,ADJ
Mosca,PROPN,NOUN
a,AUX,VERB
ciante,ADJ,ADJ
lì,PRON,PRON
a,VERB,VERB
seu,DET,PRON
aggrescion,NOUN,NOUN
»,PUNCT,PUNCT
",",PUNCT,PUNCT
an,NOUN,NOUN
dito,NOUN,NOUN
a,AUX,VERB
Ursula,VERB,VERB
von,ADJ,ADJ
der,X,OTHER
Leyen,PROPN,NOUN
",",PUNCT,PUNCT
o,ADP,FUNC
Antonio,PROPN,NOUN
Costa,PROPN,NOUN
e,X,OTHER
a,VERB,VERB
Roberta,PROPN,NOUN
Metsola,PROPN,NOUN
.,PUNCT,PUNCT
«,ADP,FUNC
O,NOUN,NOUN
Putin,PROPN,NOUN
o,ADP,FUNC
l’,NOUN,NOUN
à,ADP,FUNC
fallio,VERB,VERB
",",PUNCT,PUNCT
che,NOUN,NOUN
o,ADP,FUNC
Trump,PROPN,NOUN
o,ADP,FUNC
no,X,OTHER
cazze,PROPN,NOUN
into,ADJ,ADJ
seu,ADP,FUNC
zeugo,NOUN,NOUN
»,PUNCT,PUNCT
",",PUNCT,PUNCT
l’,NOUN,NOUN
appello,PROPN,NOUN
do,ADP,FUNC
Zelensky,NOUN,NOUN
.,PUNCT,PUNCT
A,NOUN,NOUN
Ruscia,PROPN,NOUN
a,AUX,VERB
no,X,OTHER
s’,X,OTHER
afferma,ADV,ADV
:,PUNCT,PUNCT
«,PROPN,NOUN
No,NOUN,NOUN
semmo,ADJ,ADJ
arrivæ,NOUN,NOUN
a,AUX,VERB
-,ADV,ADV
i,ADJ,ADJ
obiettivi,VERB,VERB
de,ADP,FUNC
l’,NOUN,NOUN
intervento,NOUN,NOUN
militare,ADJ,ADJ
",",PUNCT,PUNCT
donca,NOUN,NOUN
l’,ADJ,ADJ
operaçion,NOUN,NOUN
a,AUX,VERB
va,VERB,VERB
avanti,VERB,VERB
»,PUNCT,PUNCT
.,PUNCT,PUNCT
Segondo,PROPN,NOUN
o,ADP,FUNC
Cremlin,PROPN,NOUN
«,PROPN,NOUN
Londra,PROPN,NOUN
e,X,OTHER
Pariggi,PROPN,NOUN
veuan,ADJ,ADJ
dâ,ADJ,ADJ
de,ADP,FUNC
arme,PRON,PRON
nucleare,NOUN,NOUN
à,ADP,FUNC
Kiev,PROPN,NOUN
»,PUNCT,PUNCT
",",PUNCT,PUNCT
o,ADP,FUNC
Regno,PROPN,NOUN
Unio,NOUN,NOUN
o,ADP,FUNC
responde,VERB,VERB
che,NOUN,NOUN
o,ADP,FUNC
Putin,PROPN,NOUN
o,ADP,FUNC
mente,ADJ,ADJ
.,PUNCT,PUNCT
Segondo,PROPN,NOUN
a,AUX,VERB
Banca,PROPN,NOUN
Mondiale,PROPN,NOUN
",",PUNCT,PUNCT
ghe,ADJ,ADJ
vorrià,NOUN,NOUN
a,AUX,VERB
-,DET,PRON
o,NOUN,NOUN
manco,VERB,VERB
588,NUM,ADJ
miliardi,NOUN,NOUN
pe,NOUN,NOUN
-,PRON,PRON
a,AUX,VERB
reconstruçion,VERB,VERB
.,PUNCT,PUNCT
