TEXT,POS,POS_GROUPED
O,DET,PRON
Zouhaur,PROPN,NOUN
Atif,PROPN,NOUN
",",PUNCT,PUNCT
o,DET,PRON
zoeno,NOUN,NOUN
arrestou,VERB,VERB
pe,ADP,FUNC
avei,NOUN,NOUN
ammassou,VERB,VERB
o,DET,PRON
Abanoud,PROPN,NOUN
Youssef,PROPN,NOUN
inte,ADJ,ADJ
unna,PROPN,NOUN
scheua,VERB,VERB
à,ADP,FUNC
Spezza,PROPN,NOUN
",",PUNCT,PUNCT
o,DET,PRON
l’à,NOUN,NOUN
ammisso,ADJ,ADJ
d’aveilo,PROPN,NOUN
fæto,ADJ,ADJ
pe,ADP,FUNC
giöxia,NOUN,NOUN
:,PUNCT,PUNCT
«,PUNCT,PUNCT
O,PRON,PRON
no,ADP,FUNC
doveiva,NOUN,NOUN
scangiâse,PROPN,NOUN
quelle,PROPN,NOUN
fotografie,VERB,VERB
co-a,ADV,ADV
mæ,PROPN,NOUN
galante,ADJ,ADJ
»,PUNCT,PUNCT
.,PUNCT,PUNCT
A,DET,PRON
figgia,NOUN,NOUN
e,CCONJ,FUNC
a,DET,PRON
vittima,NOUN,NOUN
se,PRON,PRON
conosceivan,VERB,VERB
da,ADP,FUNC
figgeu,NOUN,NOUN
.,PUNCT,PUNCT
«,PUNCT,PUNCT
Aiva,NOUN,NOUN
fæto,CCONJ,FUNC
o,DET,PRON
poscibile,NOUN,NOUN
perché,ADJ,ADJ
no,ADP,FUNC
rattellessan,NOUN,NOUN
»,PUNCT,PUNCT
",",PUNCT,PUNCT
a,DET,PRON
l’à,NOUN,NOUN
scrito,ADJ,ADJ
lê,VERB,VERB
in,PROPN,NOUN
sce,PROPN,NOUN
un,PROPN,NOUN
social,ADJ,ADJ
.,PUNCT,PUNCT
O,DET,PRON
Atif,PROPN,NOUN
o,DET,PRON
l’arresta,PROPN,NOUN
in,PROPN,NOUN
prexon,ADJ,ADJ
e,CCONJ,FUNC
oua,VERB,VERB
o,DET,PRON
reisega,NOUN,NOUN
d’ëse,VERB,VERB
accaxonou,VERB,VERB
da,ADP,FUNC
premeditaçion,NOUN,NOUN
.,PUNCT,PUNCT
A-i,NOUN,NOUN
22,NUM,ADJ
de,ADP,FUNC
zenâ,PROPN,NOUN
",",PUNCT,PUNCT
giornâ,NOUN,NOUN
de,SCONJ,FUNC
desmuo,VERB,VERB
da,ADP,FUNC
çittæ,NOUN,NOUN
",",PUNCT,PUNCT
çentanæa,NOUN,NOUN
de,SCONJ,FUNC
persoñe,VERB,VERB
an,ADP,FUNC
parteçipou,VERB,VERB
a-o,VERB,VERB
morteuio,NOUN,NOUN
crestian,PROPN,NOUN
into,PROPN,NOUN
dòmmo,VERB,VERB
.,PUNCT,PUNCT
Da,ADP,FUNC
l’autopscia,NOUN,NOUN
l’é,PROPN,NOUN
vegnuo,ADJ,ADJ
feua,VERB,VERB
che,VERB,VERB
o,DET,PRON
Abanoud,PROPN,NOUN
o,DET,PRON
l’é,NOUN,NOUN
mòrto,ADJ,ADJ
pe,ADP,FUNC
unna,PROPN,NOUN
cotellâ,NOUN,NOUN
sola,ADJ,ADJ
ch’a,ADJ,ADJ
gh’à,PROPN,NOUN
dannezzou,VERB,VERB
o,DET,PRON
figæto,NOUN,NOUN
",",PUNCT,PUNCT
a,DET,PRON
minsa,NOUN,NOUN
e,CCONJ,FUNC
un,PROPN,NOUN
pormon,PROPN,NOUN
.,PUNCT,PUNCT
"

",SPACE,OTHER
A,DET,PRON
Procua,PROPN,NOUN
de,ADP,FUNC
Zena,PROPN,NOUN
a,ADP,FUNC
l’à,NOUN,NOUN
ciammou,VERB,VERB
o,DET,PRON
fallimento,NOUN,NOUN
de,ADP,FUNC
l’Amt,NOUN,NOUN
",",PUNCT,PUNCT
l’açienda,AUX,VERB
ch’a,ADJ,ADJ
gestisce,VERB,VERB
o,DET,PRON
traspòrto,NOUN,NOUN
pubrico,ADJ,ADJ
",",PUNCT,PUNCT
trovandoghe,NOUN,NOUN
200,NUM,ADJ
mioin,NOUN,NOUN
e,CCONJ,FUNC
passa,VERB,VERB
de,ADP,FUNC
debiti,NOUN,NOUN
.,PUNCT,PUNCT
O,DET,PRON
papê,NOUN,NOUN
o,DET,PRON
l’é,PROPN,NOUN
vegnuo,ADJ,ADJ
feua,PROPN,NOUN
oua,SYM,OTHER
",",PUNCT,PUNCT
ma,SCONJ,FUNC
o,DET,PRON
l’é,PROPN,NOUN
di,PROPN,NOUN
9,NUM,ADJ
de,ADP,FUNC
dexembre,NOUN,NOUN
",",PUNCT,PUNCT
avanti,VERB,VERB
che,VERB,VERB
o,DET,PRON
Tribunâ,PROPN,NOUN
o,DET,PRON
l’approvesse,PROPN,NOUN
a,ADP,FUNC
compoxiçion,PROPN,NOUN
negoçiâ,DET,PRON
da,ADP,FUNC
crixi,PROPN,NOUN
co-e,PROPN,NOUN
mesue,PROPN,NOUN
che,PROPN,NOUN
mettan,VERB,VERB
a,DET,PRON
soçietæ,PROPN,NOUN
a-o,VERB,VERB
sosto,ADJ,ADJ
.,PUNCT,PUNCT
«,PUNCT,PUNCT
Se,SCONJ,FUNC
no,ADP,FUNC
avescimo,NOUN,NOUN
fæto,NOUN,NOUN
ninte,ADJ,ADJ
a,DET,PRON
saieiva,ADJ,ADJ
fallia,NOUN,NOUN
»,PUNCT,PUNCT
",",PUNCT,PUNCT
o,DET,PRON
commento,NOUN,NOUN
da,ADP,FUNC
scindica,NOUN,NOUN
Silvia,PROPN,NOUN
Salis,PROPN,NOUN
.,PUNCT,PUNCT
«,PUNCT,PUNCT
A,DET,PRON
l’addeuvia,VERB,VERB
i,ADP,FUNC
problemi,PROPN,NOUN
de,ADP,FUNC
l’Amt,NOUN,NOUN
pe,ADP,FUNC
fâ,PROPN,NOUN
da,ADP,FUNC
propaganda,PROPN,NOUN
»,PUNCT,PUNCT
",",PUNCT,PUNCT
gh’à,PROPN,NOUN
respòsto,VERB,VERB
o,DET,PRON
Pietro,PROPN,NOUN
Piciocchi,PROPN,NOUN
.,PUNCT,PUNCT
Intanto,ADP,FUNC
a,DET,PRON
Procua,NOUN,NOUN
a,ADP,FUNC
l’à,NOUN,NOUN
inscrito,ADJ,ADJ
i,PROPN,NOUN
primmi,NOUN,NOUN
indagæ,ADJ,ADJ
pe,ADP,FUNC
fäso,PROPN,NOUN
inti,VERB,VERB
conti,PROPN,NOUN
e,CCONJ,FUNC
bancarotta,NOUN,NOUN
de,ADP,FUNC
sfrouxo,NOUN,NOUN
",",PUNCT,PUNCT
graçie,PROPN,NOUN
anche,VERB,VERB
a-a,VERB,VERB
relaçion,NOUN,NOUN
presentâ,ADJ,ADJ
da-o,PROPN,NOUN
Commun,PROPN,NOUN
co-a,ADV,ADV
scituaçion,PROPN,NOUN
finançiäia,VERB,VERB
de,ADP,FUNC
l’açienda,NOUN,NOUN
.,PUNCT,PUNCT
"

",SPACE,OTHER
A,DET,PRON
Procua,PROPN,NOUN
de,ADP,FUNC
Zena,PROPN,NOUN
a,ADP,FUNC
l’à,NOUN,NOUN
averto,ADJ,ADJ
unn’investigaçion,PROPN,NOUN
in,PROPN,NOUN
sciâ,ADJ,ADJ
mòrte,ADJ,ADJ
do,ADP,FUNC
Giampiero,PROPN,NOUN
Antonio,PROPN,NOUN
Garrido,PROPN,NOUN
Yanez,PROPN,NOUN
",",PUNCT,PUNCT
mòrto,NOUN,NOUN
de,ADP,FUNC
30,NUM,ADJ
anni,VERB,VERB
a-i,VERB,VERB
22,NUM,ADJ
de,ADP,FUNC
zenâ,VERB,VERB
tanto,ADV,ADV
ch’o,NOUN,NOUN
zugava,VERB,VERB
à,ADP,FUNC
ballon,NOUN,NOUN
in,PROPN,NOUN
sce,VERB,VERB
un,PROPN,NOUN
campo,PROPN,NOUN
de,ADP,FUNC
Sestri,PROPN,NOUN
Ponente,PROPN,NOUN
.,PUNCT,PUNCT
Tutt’assemme,VERB,VERB
o,DET,PRON
s’é,NOUN,NOUN
arreversou,VERB,VERB
in,PROPN,NOUN
tæra,VERB,VERB
",",PUNCT,PUNCT
i,CCONJ,FUNC
meghi,VERB,VERB
an,PROPN,NOUN
çercou,VERB,VERB
de,ADP,FUNC
sarvâlo,NOUN,NOUN
ma,NOUN,NOUN
no,ADP,FUNC
gh’é,PROPN,NOUN
stæto,VERB,VERB
ninte,ADJ,ADJ
da,ADP,FUNC
fâ,NOUN,NOUN
.,PUNCT,PUNCT
O,DET,PRON
pm,PROPN,NOUN
Giuseppe,PROPN,NOUN
Longo,PROPN,NOUN
o,DET,PRON
l’à,NOUN,NOUN
commandou,VERB,VERB
l’autopscia,NOUN,NOUN
.,PUNCT,PUNCT
O,DET,PRON
Garrido,PROPN,NOUN
o,DET,PRON
gh’aiva,VERB,VERB
a,DET,PRON
tessia,NOUN,NOUN
do,ADP,FUNC
Recreativo,PROPN,NOUN
",",PUNCT,PUNCT
in,X,OTHER
segonda,PROPN,NOUN
categoria,ADJ,ADJ
",",PUNCT,PUNCT
ma,SCONJ,FUNC
o,PRON,PRON
zugava,VERB,VERB
ascì,NOUN,NOUN
inte,ADJ,ADJ
unna,PROPN,NOUN
squaddra,ADJ,ADJ
inscrita,VERB,VERB
à,ADP,FUNC
un,PROPN,NOUN
torneo,PROPN,NOUN
Aics,PROPN,NOUN
",",PUNCT,PUNCT
Sotto,PROPN,NOUN
il,PROPN,NOUN
Pontos,PROPN,NOUN
Fc,PROPN,NOUN
.,PUNCT,PUNCT
O,DET,PRON
seu,DET,PRON
mego,NOUN,NOUN
o,DET,PRON
gh’aiva,PROPN,NOUN
conseggiou,VERB,VERB
de,SCONJ,FUNC
no,ADP,FUNC
fâ,NOUN,NOUN
de,ADP,FUNC
l’attivitæ,PROPN,NOUN
sportiva,ADJ,ADJ
pe,ADP,FUNC
di,PROPN,NOUN
problemi,PROPN,NOUN
de,ADP,FUNC
sanitæ,NOUN,NOUN
.,PUNCT,PUNCT
A,DET,PRON
Procua,PROPN,NOUN
a,SCONJ,FUNC
veu,PROPN,NOUN
capî,PROPN,NOUN
se,SCONJ,FUNC
gh’ea,PROPN,NOUN
stæto,VERB,VERB
i,PROPN,NOUN
açertamenti,VERB,VERB
obrigatöi,NOUN,NOUN
pe,ADP,FUNC
parteçipâ,NOUN,NOUN
.,PUNCT,PUNCT
"

",SPACE,OTHER
Stradde,DET,PRON
deruæ,NOUN,NOUN
",",PUNCT,PUNCT
case,ADV,ADV
e,CCONJ,FUNC
buteghe,PROPN,NOUN
piñe,PROPN,NOUN
d’ægua,PUNCT,PUNCT
",",PUNCT,PUNCT
ciazze,VERB,VERB
portæ,NOUN,NOUN
via,VERB,VERB
.,PUNCT,PUNCT
Son,PROPN,NOUN
i,PROPN,NOUN
guasti,PROPN,NOUN
caxonæ,PROPN,NOUN
da-o,PROPN,NOUN
çiclon,ADJ,ADJ
Harry,PROPN,NOUN
into,PROPN,NOUN
Sud,PROPN,NOUN
Italia,PROPN,NOUN
",",PUNCT,PUNCT
sorviatutto,PROPN,NOUN
Siçilia,PROPN,NOUN
e,CCONJ,FUNC
Calabria,PROPN,NOUN
",",PUNCT,PUNCT
ma,SCONJ,FUNC
anche,VERB,VERB
a,DET,PRON
Sardegna,PROPN,NOUN
",",PUNCT,PUNCT
corpie,NOUN,NOUN
da,ADP,FUNC
di,PROPN,NOUN
mouxi,PROPN,NOUN
erti,VERB,VERB
fin,PROPN,NOUN
à,ADP,FUNC
16,NUM,ADJ
metri,ADJ,ADJ
e,CCONJ,FUNC
passa,VERB,VERB
",",PUNCT,PUNCT
mai,PROPN,NOUN
registræ,PROPN,NOUN
into,PROPN,NOUN
passou,VERB,VERB
inte,ADJ,ADJ
tutto,NOUN,NOUN
o,DET,PRON
Mediterraneo,PROPN,NOUN
.,PUNCT,PUNCT
Inte,ADJ,ADJ
provinse,PROPN,NOUN
de,ADP,FUNC
Mesciña,PROPN,NOUN
e,CCONJ,FUNC
Catania,PROPN,NOUN
o,DET,PRON
mâ,ADP,FUNC
o,DET,PRON
l’à,NOUN,NOUN
destruto,VERB,VERB
ferrovie,ADJ,ADJ
",",PUNCT,PUNCT
mæñe,NOUN,NOUN
",",PUNCT,PUNCT
miage,ADJ,ADJ
e,CCONJ,FUNC
portixeu,ADJ,ADJ
.,PUNCT,PUNCT
Dexeñe,NOUN,NOUN
de,ADP,FUNC
famigge,NOUN,NOUN
son,PROPN,NOUN
stæte,NOUN,NOUN
scorrie,PROPN,NOUN
d’in,PROPN,NOUN
cà,PROPN,NOUN
.,PUNCT,PUNCT
Segondo,VERB,VERB
unna,NOUN,NOUN
primma,ADV,ADV
stimma,VERB,VERB
do,ADP,FUNC
prescidente,NOUN,NOUN
da,ADP,FUNC
Region,PROPN,NOUN
Renato,PROPN,NOUN
Schifani,PROPN,NOUN
i,CCONJ,FUNC
danni,PROPN,NOUN
van,VERB,VERB
740,NUM,ADJ
mioin,PROPN,NOUN
d’euro,PROPN,NOUN
",",PUNCT,PUNCT
e,CCONJ,FUNC
atre,ADJ,ADJ
çentanæa,NOUN,NOUN
de,ADP,FUNC
mioin,PROPN,NOUN
se,PRON,PRON
contan,VERB,VERB
in,NOUN,NOUN
Sardegna,PROPN,NOUN
",",PUNCT,PUNCT
segondo,VERB,VERB
a,DET,PRON
prescidente,ADJ,ADJ
Alessandra,PROPN,NOUN
Todde,PROPN,NOUN
.,PUNCT,PUNCT
"

",SPACE,OTHER
Neuvo,NOUN,NOUN
scontro,ADJ,ADJ
politico,ADJ,ADJ
in,X,OTHER
gio,PROPN,NOUN
a-o,VERB,VERB
disegno,ADJ,ADJ
de,ADP,FUNC
lezze,ADJ,ADJ
in,PROPN,NOUN
sciâ,PROPN,NOUN
violensa,VERB,VERB
sessuale,ADV,ADV
.,PUNCT,PUNCT
Dòppo,PROPN,NOUN
l’accòrdio,ADJ,ADJ
tra,VERB,VERB
a,ADP,FUNC
prescidente,ADV,ADV
do,ADP,FUNC
Conseggio,PROPN,NOUN
Giorgia,PROPN,NOUN
Meloni,PROPN,NOUN
e,CCONJ,FUNC
a,DET,PRON
segretäia,NOUN,NOUN
do,ADP,FUNC
Partio,PROPN,NOUN
Democratico,PROPN,NOUN
Elly,PROPN,NOUN
Schlein,PROPN,NOUN
",",PUNCT,PUNCT
a,DET,PRON
poula,NOUN,NOUN
«,PUNCT,PUNCT
consenso,NOUN,NOUN
»,PUNCT,PUNCT
a,ADP,FUNC
l’é,NOUN,NOUN
sparia,VERB,VERB
d’into,NOUN,NOUN
testo,NOUN,NOUN
propòsto,ADJ,ADJ
da-a,VERB,VERB
Giulia,PROPN,NOUN
Bongiorno,PROPN,NOUN
da,ADP,FUNC
Lega,PROPN,NOUN
",",PUNCT,PUNCT
a,ADP,FUNC
relatoa,NOUN,NOUN
a-o,VERB,VERB
Senato,NOUN,NOUN
.,PUNCT,PUNCT
Incangio,PROPN,NOUN
se,PRON,PRON
parla,VERB,VERB
de,ADP,FUNC
«,PUNCT,PUNCT
voentæ,NOUN,NOUN
conträia,VERB,VERB
à,ADP,FUNC
l’atto,PROPN,NOUN
sessuale,ADJ,ADJ
»,PUNCT,PUNCT
ch’a,VERB,VERB
dev’ëse,VERB,VERB
valuâ,ADJ,ADJ
«,PUNCT,PUNCT
tegnindo,VERB,VERB
conto,NOUN,NOUN
da,ADP,FUNC
scituaçion,PROPN,NOUN
e,CCONJ,FUNC
do,ADP,FUNC
contesto,NOUN,NOUN
»,PUNCT,PUNCT
.,PUNCT,PUNCT
Pe-e,PROPN,NOUN
oppoxiçioin,VERB,VERB
o,DET,PRON
l’é,PROPN,NOUN
un,PROPN,NOUN
«,PUNCT,PUNCT
passo,NOUN,NOUN
inderê,NOUN,NOUN
graviscimo,ADJ,ADJ
»,PUNCT,PUNCT
e,CCONJ,FUNC
«,PUNCT,PUNCT
a,DET,PRON
rottua,NOUN,NOUN
de,ADP,FUNC
un,PROPN,NOUN
patto,NOUN,NOUN
politico,ADJ,ADJ
»,PUNCT,PUNCT
.,PUNCT,PUNCT
«,PUNCT,PUNCT
Che,PROPN,NOUN
a,ADP,FUNC
Meloni,PROPN,NOUN
a,ADP,FUNC
no,SCONJ,FUNC
se,PRON,PRON
fasse,VERB,VERB
dâ,ADP,FUNC
a,DET,PRON
linia,NOUN,NOUN
da-o,PROPN,NOUN
patriarcato,ADJ,ADJ
»,PUNCT,PUNCT
",",PUNCT,PUNCT
o,DET,PRON
commento,NOUN,NOUN
da,ADP,FUNC
Schlein,PROPN,NOUN
.,PUNCT,PUNCT
Pe-o,ADP,FUNC
momento,NOUN,NOUN
Fratelli,PROPN,NOUN
d’Italia,VERB,VERB
a,ADP,FUNC
no,ADP,FUNC
l’à,NOUN,NOUN
piggiou,VERB,VERB
unna,PROPN,NOUN
poxiçion,PROPN,NOUN
definitiva,ADJ,ADJ
.,PUNCT,PUNCT
"

",SPACE,OTHER
L’é,NOUN,NOUN
mòrto,ADJ,ADJ
de,ADP,FUNC
93,NUM,ADJ
anni,VERB,VERB
o,DET,PRON
Valentino,PROPN,NOUN
Garavani,PROPN,NOUN
",",PUNCT,PUNCT
l’urtimo,PROPN,NOUN
di,PROPN,NOUN
gren,PROPN,NOUN
protagonisti,NOUN,NOUN
da,ADP,FUNC
mòdda,NOUN,NOUN
in,PROPN,NOUN
Italia,PROPN,NOUN
.,PUNCT,PUNCT
O,DET,PRON
l’aiva,NOUN,NOUN
fondou,VERB,VERB
o,DET,PRON
marco,NOUN,NOUN
co-o,NOUN,NOUN
seu,DET,PRON
nomme,NOUN,NOUN
",",PUNCT,PUNCT
do,ADP,FUNC
quæ,VERB,VERB
o,DET,PRON
rosso,NOUN,NOUN
e,CCONJ,FUNC
o,DET,PRON
velluo,NOUN,NOUN
ean,ADV,ADV
di,PROPN,NOUN
scimboli,PROPN,NOUN
.,PUNCT,PUNCT
A-o,NOUN,NOUN
manco,ADJ,ADJ
çinquemia,NOUN,NOUN
persoñe,VERB,VERB
gh’an,PROPN,NOUN
reiso,ADJ,ADJ
önô,NOUN,NOUN
à,ADP,FUNC
Romma,PROPN,NOUN
.,PUNCT,PUNCT
A-i,NOUN,NOUN
23,NUM,ADJ
de,ADP,FUNC
zenâ,NOUN,NOUN
o,DET,PRON
morteuio,NOUN,NOUN
inta,VERB,VERB
gexa,PROPN,NOUN
de,ADP,FUNC
Santa,PROPN,NOUN
Maria,PROPN,NOUN
di,PROPN,NOUN
Angei,PROPN,NOUN
con,PROPN,NOUN
un,PROPN,NOUN
muggio,PROPN,NOUN
de,ADP,FUNC
gente,NOUN,NOUN
avvoxæ,NOUN,NOUN
.,PUNCT,PUNCT
«,PUNCT,PUNCT
Un,NOUN,NOUN
òmmo,VERB,VERB
ch’o,PROPN,NOUN
l’à,ADJ,ADJ
semenou,VERB,VERB
a,DET,PRON
bellessa,NOUN,NOUN
e,CCONJ,FUNC
o,DET,PRON
n’é,NOUN,NOUN
stæto,VERB,VERB
un,PROPN,NOUN
testimònio,PROPN,NOUN
»,PUNCT,PUNCT
",",PUNCT,PUNCT
e,CCONJ,FUNC
poule,NOUN,NOUN
de,ADP,FUNC
præ,PROPN,NOUN
Pietro,PROPN,NOUN
Guerini,PROPN,NOUN
.,PUNCT,PUNCT
O,DET,PRON
seu,DET,PRON
compagno,NOUN,NOUN
Vernon,PROPN,NOUN
Bruce,PROPN,NOUN
Hoeksema,PROPN,NOUN
:,PUNCT,PUNCT
«,PUNCT,PUNCT
No,ADP,FUNC
te,PRON,PRON
diggo,ADJ,ADJ
addio,NOUN,NOUN
ma,ADJ,ADJ
graçie,NOUN,NOUN
»,PUNCT,PUNCT
.,PUNCT,PUNCT
«,PUNCT,PUNCT
O,DET,PRON
regòrdo,ADJ,ADJ
ciù,NOUN,NOUN
bello,NOUN,NOUN
quande,VERB,VERB
se,PRON,PRON
semmo,VERB,VERB
conosciui,ADV,ADV
»,PUNCT,PUNCT
",",PUNCT,PUNCT
o,DET,PRON
l’à,NOUN,NOUN
dito,VERB,VERB
o,DET,PRON
Giancarlo,PROPN,NOUN
Giammetti,PROPN,NOUN
",",PUNCT,PUNCT
passou,VERB,VERB
compagno,ADJ,ADJ
e,CCONJ,FUNC
sòçio,ADJ,ADJ
de,ADP,FUNC
l’imprenditô,PROPN,NOUN
da-o,PROPN,NOUN
1960,NUM,ADJ
.,PUNCT,PUNCT
"

",SPACE,OTHER
O,DET,PRON
prescidente,ADJ,ADJ
american,PROPN,NOUN
Donald,PROPN,NOUN
Trump,PROPN,NOUN
o,DET,PRON
l’à,NOUN,NOUN
primma,ADV,ADV
menassou,VERB,VERB
di,PROPN,NOUN
neuvi,VERB,VERB
daçi,ADJ,ADJ
contra,ADP,FUNC
i,PROPN,NOUN
Paixi,PROPN,NOUN
europëi,NOUN,NOUN
che,VERB,VERB
mandan,NOUN,NOUN
de,ADP,FUNC
truppe,PROPN,NOUN
in,X,OTHER
Groenlandia,PROPN,NOUN
",",PUNCT,PUNCT
dapeu,VERB,VERB
a-o,VERB,VERB
World,PROPN,NOUN
Economic,PROPN,NOUN
Forum,PROPN,NOUN
de,ADP,FUNC
Davos,PROPN,NOUN
",",PUNCT,PUNCT
in,PROPN,NOUN
Svissera,PROPN,NOUN
",",PUNCT,PUNCT
o,DET,PRON
l’à,PROPN,NOUN
annonçiou,VERB,VERB
un,PROPN,NOUN
accòrdio,NOUN,NOUN
à,ADP,FUNC
vegnî,NOUN,NOUN
co-a,ADV,ADV
Nato,NOUN,NOUN
:,PUNCT,PUNCT
«,PUNCT,PUNCT
Emmo,PROPN,NOUN
ottegnuo,VERB,VERB
tutto,NOUN,NOUN
quello,VERB,VERB
che,VERB,VERB
voeivimo,ADJ,ADJ
",",PUNCT,PUNCT
l’inteisa,NOUN,NOUN
a,DET,PRON
duià,NOUN,NOUN
pe,ADP,FUNC
delongo,NOUN,NOUN
»,PUNCT,PUNCT
",",PUNCT,PUNCT
o,DET,PRON
l’à,NOUN,NOUN
dito,VERB,VERB
dòppo,NUM,ADJ
un,PROPN,NOUN
incontro,PROPN,NOUN
co-o,PROPN,NOUN
segretäio,ADJ,ADJ
generale,ADJ,ADJ
Mark,PROPN,NOUN
Rutte,PROPN,NOUN
.,PUNCT,PUNCT
L’Union,PROPN,NOUN
europea,VERB,VERB
a,ADP,FUNC
l’ea,PROPN,NOUN
za,DET,PRON
apreuvo,NOUN,NOUN
à,ADP,FUNC
studiâ,VERB,VERB
unna,PROPN,NOUN
«,PUNCT,PUNCT
respòsta,VERB,VERB
unitäia,X,OTHER
»,PUNCT,PUNCT
.,PUNCT,PUNCT
Sempre,ADV,ADV
à,ADP,FUNC
Davos,PROPN,NOUN
l’é,PROPN,NOUN
stæto,PROPN,NOUN
presentou,VERB,VERB
o,DET,PRON
Bord,PROPN,NOUN
of,PROPN,NOUN
peace,PROPN,NOUN
pe,ADP,FUNC
Gazza,PROPN,NOUN
con,VERB,VERB
20,NUM,ADJ
Paixi,PROPN,NOUN
.,PUNCT,PUNCT
Intanto,NOUN,NOUN
comensa,ADV,ADV
torna,VERB,VERB
e,CCONJ,FUNC
trattative,VERB,VERB
in,X,OTHER
sce,INTJ,OTHER
l’Ucraina,PROPN,NOUN
",",PUNCT,PUNCT
o,DET,PRON
Zelensky,PROPN,NOUN
o,DET,PRON
l’à,PROPN,NOUN
attaccou,VERB,VERB
:,PUNCT,PUNCT
«,PUNCT,PUNCT
Euröpa,PROPN,NOUN
spartia,VERB,VERB
e,CCONJ,FUNC
persa,ADJ,ADJ
davanti,VERB,VERB
a-o,VERB,VERB
Trump,PROPN,NOUN
»,PUNCT,PUNCT
.,PUNCT,PUNCT
A,DET,PRON
Ruscia,PROPN,NOUN
a,ADP,FUNC
no,ADP,FUNC
ghe,NOUN,NOUN
mòlla,PROPN,NOUN
in,PROPN,NOUN
sciô,VERB,VERB
Donbass,PROPN,NOUN
.,PUNCT,PUNCT
"

",SPACE,OTHER
A-o,NOUN,NOUN
manco,NOUN,NOUN
43,NUM,ADJ
mòrti,VERB,VERB
e,CCONJ,FUNC
ciù,NOUN,NOUN
de,ADP,FUNC
100,NUM,ADJ
ferii,NUM,ADJ
in,NOUN,NOUN
Spagna,PROPN,NOUN
pe,ADP,FUNC
un,PROPN,NOUN
açidente,ADV,ADV
ferroviäio,ADJ,ADJ
tra,PROPN,NOUN
doî,PROPN,NOUN
treni,NOUN,NOUN
spedii,PROPN,NOUN
in,NOUN,NOUN
Andaluçia,PROPN,NOUN
",",PUNCT,PUNCT
vexin,VERB,VERB
à,ADP,FUNC
Còrdova,PROPN,NOUN
.,PUNCT,PUNCT
Trei,NOUN,NOUN
vagoin,ADJ,ADJ
scon,ADJ,ADJ
sciortii,PROPN,NOUN
feua,PROPN,NOUN
da-e,PROPN,NOUN
colisse,NOUN,NOUN
.,PUNCT,PUNCT
Dexeñe,ADV,ADV
de,ADP,FUNC
persoñe,VERB,VERB
no,ADP,FUNC
son,PROPN,NOUN
stæte,NOUN,NOUN
ancon,ADJ,ADJ
attrovæ,ADJ,ADJ
.,PUNCT,PUNCT
Inta,PROPN,NOUN
mæxima,ADJ,ADJ
træta,VERB,VERB
gh’ea,NOUN,NOUN
za,AUX,VERB
stæto,VERB,VERB
eutto,NOUN,NOUN
guasti,ADJ,ADJ
inti,NOUN,NOUN
anni,VERB,VERB
passæ,PROPN,NOUN
.,PUNCT,PUNCT
Da,ADP,FUNC
lì,NOUN,NOUN
à,ADP,FUNC
pöco,NOUN,NOUN
l’é,PROPN,NOUN
capitou,VERB,VERB
atri,PROPN,NOUN
doî,PROPN,NOUN
açidenti,X,OTHER
in,NOUN,NOUN
sciâ,ADJ,ADJ
ræ,NOUN,NOUN
spagnòlla,VERB,VERB
.,PUNCT,PUNCT
In,PROPN,NOUN
Catalogna,PROPN,NOUN
",",PUNCT,PUNCT
vexin,VERB,VERB
à,ADP,FUNC
Gelida,PROPN,NOUN
",",PUNCT,PUNCT
un,PROPN,NOUN
miagion,PROPN,NOUN
o,DET,PRON
l’é,PROPN,NOUN
vegnuo,ADJ,ADJ
zu,X,OTHER
tanto,ADV,ADV
che,VERB,VERB
passava,VERB,VERB
un,PROPN,NOUN
treno,ADJ,ADJ
regionale,NOUN,NOUN
",",PUNCT,PUNCT
fòscia,VERB,VERB
pe-o,ADJ,ADJ
tempo,NOUN,NOUN
grammo,VERB,VERB
:,PUNCT,PUNCT
o,DET,PRON
machinista,NOUN,NOUN
o,DET,PRON
l’é,NOUN,NOUN
mòrto,ADJ,ADJ
.,PUNCT,PUNCT
Inta,PROPN,NOUN
mæxima,ADJ,ADJ
region,PROPN,NOUN
un,PROPN,NOUN
atro,PROPN,NOUN
treno,ADJ,ADJ
o,DET,PRON
l’é,PROPN,NOUN
sciortio,ADJ,ADJ
pe,ADP,FUNC
di,PROPN,NOUN
magheu,VERB,VERB
cheiti,PROPN,NOUN
in,PROPN,NOUN
scê,VERB,VERB
colisse,ADJ,ADJ
.,PUNCT,PUNCT
"

",SPACE,OTHER
A,DET,PRON
Commiscion,PROPN,NOUN
europea,VERB,VERB
a,ADP,FUNC
l’à,NOUN,NOUN
firmou,VERB,VERB
in,ADV,ADV
Paraguay,VERB,VERB
o,DET,PRON
neuvo,NOUN,NOUN
accòrdio,ADJ,ADJ
co-o,PROPN,NOUN
Mercosur,PROPN,NOUN
.,PUNCT,PUNCT
«,PUNCT,PUNCT
Gh’é,PROPN,NOUN
chi,VERB,VERB
tia,PROPN,NOUN
sciù,NOUN,NOUN
de,ADP,FUNC
miage,NOUN,NOUN
",",PUNCT,PUNCT
noiatri,PROPN,NOUN
femmo,VERB,VERB
di,PROPN,NOUN
ponti,VERB,VERB
.,PUNCT,PUNCT
St’inteisa,NOUN,NOUN
chì,ADP,FUNC
a,DET,PRON
l’é,PROPN,NOUN
un,NOUN,NOUN
segnâ,NOUN,NOUN
pe-o,VERB,VERB
mondo,VERB,VERB
»,PUNCT,PUNCT
",",PUNCT,PUNCT
a,DET,PRON
l’à,NOUN,NOUN
dito,VERB,VERB
a,DET,PRON
prescidente,ADJ,ADJ
Ursula,PROPN,NOUN
von,PROPN,NOUN
der,VERB,VERB
Leyen,PROPN,NOUN
.,PUNCT,PUNCT
Ma,PROPN,NOUN
da,ADP,FUNC
lì,PROPN,NOUN
à,ADP,FUNC
no,ADP,FUNC
guæi,NOUN,NOUN
o,DET,PRON
Parlamento,PROPN,NOUN
o,DET,PRON
l’à,PROPN,NOUN
bloccou,VERB,VERB
o,DET,PRON
testo,NOUN,NOUN
:,PUNCT,PUNCT
con,NOUN,NOUN
334,NUM,ADJ
scì,AUX,VERB
l’é,ADJ,ADJ
passou,VERB,VERB
a,DET,PRON
domanda,NOUN,NOUN
de,ADP,FUNC
un,PROPN,NOUN
gruppo,PROPN,NOUN
de,ADP,FUNC
deputæ,PROPN,NOUN
da,ADP,FUNC
Scinistra,PROPN,NOUN
",",PUNCT,PUNCT
di,PROPN,NOUN
Verdi,PROPN,NOUN
e,CCONJ,FUNC
di,PROPN,NOUN
Liberali,PROPN,NOUN
de,ADP,FUNC
mandâlo,PROPN,NOUN
a-a,ADP,FUNC
Corte,NOUN,NOUN
de,ADP,FUNC
giustiçia,PROPN,NOUN
pe,ADP,FUNC
un,PROPN,NOUN
pai,NOUN,NOUN
de,ADP,FUNC
lezze,NOUN,NOUN
.,PUNCT,PUNCT
Oua,PROPN,NOUN
besorrià,NOUN,NOUN
aspëtâ,ADJ,ADJ
l’examme,PROPN,NOUN
",",PUNCT,PUNCT
ch’o,PROPN,NOUN
porrieiva,ADJ,ADJ
duâ,NOUN,NOUN
pe,ADP,FUNC
di,PROPN,NOUN
meixi,PROPN,NOUN
.,PUNCT,PUNCT
A,DET,PRON
Germania,PROPN,NOUN
a,DET,PRON
vorrieiva,NOUN,NOUN
applicâ,NOUN,NOUN
l’accòrdio,PROPN,NOUN
de,ADP,FUNC
mainea,ADJ,ADJ
provisöia,NOUN,NOUN
.,PUNCT,PUNCT
Un,NUM,ADJ
zoeno,PROPN,NOUN
de,ADP,FUNC
19,NUM,ADJ
anni,ADJ,ADJ
",",PUNCT,PUNCT
Youssef,PROPN,NOUN
Abanoub,PROPN,NOUN
",",PUNCT,PUNCT
originäio,NOUN,NOUN
de,ADP,FUNC
l’Egitto,NOUN,NOUN
o,DET,PRON
l’é,PROPN,NOUN
stæto,VERB,VERB
ammassou,VERB,VERB
con,PROPN,NOUN
unna,PROPN,NOUN
cotellâ,NOUN,NOUN
da,ADP,FUNC
un,PROPN,NOUN
compagno,PROPN,NOUN
de,ADP,FUNC
scheua,NOUN,NOUN
inte,ADJ,ADJ
un,ADP,FUNC
instituto,PROPN,NOUN
profescionale,VERB,VERB
de,ADP,FUNC
Spezza,PROPN,NOUN
.,PUNCT,PUNCT
O,DET,PRON
l’é,NOUN,NOUN
avvegnuo,VERB,VERB
a-i,VERB,VERB
16,NUM,ADJ
de,ADP,FUNC
zenâ,ADJ,ADJ
pöco,NOUN,NOUN
primma,ADV,ADV
de,ADP,FUNC
mezogiorno,NOUN,NOUN
.,PUNCT,PUNCT
A,ADP,FUNC
poliçia,NOUN,NOUN
a,DET,PRON
l’à,NOUN,NOUN
arrestou,VERB,VERB
un,PROPN,NOUN
studente,ADV,ADV
de,ADP,FUNC
18,NUM,ADJ
anni,VERB,VERB
de,ADP,FUNC
naçionalitæ,NOUN,NOUN
marocchiña,ADJ,ADJ
",",PUNCT,PUNCT
Zouhair,PROPN,NOUN
Atif,PROPN,NOUN
",",PUNCT,PUNCT
bloccou,VERB,VERB
e,CCONJ,FUNC
desarmou,VERB,VERB
da,ADP,FUNC
un,PROPN,NOUN
professô,PROPN,NOUN
.,PUNCT,PUNCT
Segondo,VERB,VERB
a,ADP,FUNC
reconstruçion,PROPN,NOUN
",",PUNCT,PUNCT
i,PROPN,NOUN
doî,PROPN,NOUN
aivan,PROPN,NOUN
comensou,VERB,VERB
a,DET,PRON
rattellâ,NOUN,NOUN
inti,VERB,VERB
bagni,PROPN,NOUN
",",PUNCT,PUNCT
se,PRON,PRON
pensa,VERB,VERB
pe,ADP,FUNC
unna,NOUN,NOUN
figgia,NOUN,NOUN
",",PUNCT,PUNCT
dapeu,VERB,VERB
gh’é,PROPN,NOUN
stæto,PROPN,NOUN
l’aggrescion,NOUN,NOUN
inte,ADJ,ADJ
unna,NOUN,NOUN
classe,NOUN,NOUN
.,PUNCT,PUNCT
A,ADP,FUNC
lamma,NOUN,NOUN
a,ADP,FUNC
l’é,NOUN,NOUN
arrivâ,PROPN,NOUN
fin,PROPN,NOUN
a-o,VERB,VERB
figæto,PROPN,NOUN
e,CCONJ,FUNC
a-a,PROPN,NOUN
minsa,ADJ,ADJ
.,PUNCT,PUNCT
I,VERB,VERB
meghi,VERB,VERB
de,ADP,FUNC
l’uspiâ,PROPN,NOUN
Sant’Andria,VERB,VERB
an,PROPN,NOUN
fæto,NOUN,NOUN
tutto,ADJ,ADJ
o,DET,PRON
poscibile,NOUN,NOUN
e,CCONJ,FUNC
l’an,NOUN,NOUN
sottopòsto,VERB,VERB
à,ADP,FUNC
unn’operaçion,PROPN,NOUN
pe,ADP,FUNC
sarvâlo,PROPN,NOUN
",",PUNCT,PUNCT
ma,PRON,PRON
inta,VERB,VERB
seiaña,VERB,VERB
o,DET,PRON
Youssef,PROPN,NOUN
o,DET,PRON
l’à,NOUN,NOUN
finio,ADJ,ADJ
de,ADP,FUNC
vive,VERB,VERB
.,PUNCT,PUNCT
"

",SPACE,OTHER
Dòppo,PROPN,NOUN
trent’anni,PROPN,NOUN
gh’é,PROPN,NOUN
unna,PROPN,NOUN
sentensa,ADJ,ADJ
de,ADP,FUNC
primmo,NOUN,NOUN
graddo,NOUN,NOUN
pe,ADP,FUNC
l’assascinio,PROPN,NOUN
da,ADP,FUNC
Nada,PROPN,NOUN
Cella,PROPN,NOUN
",",PUNCT,PUNCT
ammassâ,VERB,VERB
de,ADP,FUNC
24,NUM,ADJ
anni,NOUN,NOUN
into,PROPN,NOUN
scagno,ADJ,ADJ
do,ADP,FUNC
commerçialista,ADJ,ADJ
Marco,PROPN,NOUN
Soracco,PROPN,NOUN
de,ADP,FUNC
Ciavai,PROPN,NOUN
.,PUNCT,PUNCT
A,DET,PRON
Corte,PROPN,NOUN
d’assise,PROPN,NOUN
de,ADP,FUNC
Zena,PROPN,NOUN
a,ADP,FUNC
l’à,PROPN,NOUN
deciarou,VERB,VERB
corpeive,VERB,VERB
a,DET,PRON
Annalucia,PROPN,NOUN
Cecere,PROPN,NOUN
e,CCONJ,FUNC
a,DET,PRON
l’à,NOUN,NOUN
condannâ,ADJ,ADJ
à,ADP,FUNC
24,NUM,ADJ
anni,NOUN,NOUN
de,ADP,FUNC
prexon,NOUN,NOUN
.,PUNCT,PUNCT
A,DET,PRON
Procua,NOUN,NOUN
a,DET,PRON
l’aiva,NOUN,NOUN
domandou,VERB,VERB
a,ADP,FUNC
prexon,NOUN,NOUN
à,ADP,FUNC
vitta,NOUN,NOUN
.,PUNCT,PUNCT
O,DET,PRON
Soracco,PROPN,NOUN
o,DET,PRON
l’é,PROPN,NOUN
stæto,PROPN,NOUN
condannou,VERB,VERB
à,ADP,FUNC
doî,NOUN,NOUN
anni,ADJ,ADJ
pe,ADP,FUNC
façilitaçion,NOUN,NOUN
.,PUNCT,PUNCT
«,PUNCT,PUNCT
Pensava,VERB,VERB
che,VERB,VERB
l’avessan,PROPN,NOUN
ascordâ,PROPN,NOUN
",",PUNCT,PUNCT
oua,SYM,OTHER
s’é,PROPN,NOUN
fæto,NOUN,NOUN
giustiçia,PROPN,NOUN
»,PUNCT,PUNCT
",",PUNCT,PUNCT
o,DET,PRON
commento,NOUN,NOUN
da,ADP,FUNC
coxiña,NOUN,NOUN
Silvia,PROPN,NOUN
Cella,PROPN,NOUN
.,PUNCT,PUNCT
«,PUNCT,PUNCT
Son,NOUN,NOUN
contenta,VERB,VERB
e,CCONJ,FUNC
commòssa,NOUN,NOUN
",",PUNCT,PUNCT
a,DET,PRON
sentensa,ADJ,ADJ
d’ancheu,VERB,VERB
a,DET,PRON
l’é,ADJ,ADJ
tròppo,NOUN,NOUN
importante,ADJ,ADJ
»,PUNCT,PUNCT
",",PUNCT,PUNCT
a,DET,PRON
l’à,NOUN,NOUN
dito,VERB,VERB
a,DET,PRON
Sabrina,PROPN,NOUN
Franzone,PROPN,NOUN
",",PUNCT,PUNCT
l’avvocata,NOUN,NOUN
da,ADP,FUNC
seu,PROPN,NOUN
Daniela,PROPN,NOUN
Cella,PROPN,NOUN
.,PUNCT,PUNCT
E,CCONJ,FUNC
motivaçion,NOUN,NOUN
da,ADP,FUNC
sentensa,ADJ,ADJ
saian,PROPN,NOUN
fæte,PROPN,NOUN
conosce,VERB,VERB
da,ADP,FUNC
cjì,NOUN,NOUN
à,ADP,FUNC
90,NUM,ADJ
giorni,NOUN,NOUN
.,PUNCT,PUNCT
"

",SPACE,OTHER
O,DET,PRON
prescidente,NOUN,NOUN
da,ADP,FUNC
Region,PROPN,NOUN
Liguria,PROPN,NOUN
Marco,PROPN,NOUN
Bucci,PROPN,NOUN
o,DET,PRON
l’à,PROPN,NOUN
nominou,VERB,VERB
i,PROPN,NOUN
doî,PROPN,NOUN
neuvi,PROPN,NOUN
assessoî,ADJ,ADJ
da,ADP,FUNC
seu,DET,PRON
zonta,NOUN,NOUN
:,PUNCT,PUNCT
son,PROPN,NOUN
a,DET,PRON
Claudia,PROPN,NOUN
Morich,PROPN,NOUN
",",PUNCT,PUNCT
pe,ADP,FUNC
chinz’anni,PROPN,NOUN
à,ADP,FUNC
cappo,NOUN,NOUN
da,ADP,FUNC
direçion,NOUN,NOUN
finançiäia,ADJ,ADJ
",",PUNCT,PUNCT
e,CCONJ,FUNC
o,DET,PRON
conseggê,NOUN,NOUN
da,ADP,FUNC
Lega,PROPN,NOUN
Alessio,PROPN,NOUN
Piana,PROPN,NOUN
.,PUNCT,PUNCT
I,PROPN,NOUN
componenti,VERB,VERB
montan,ADJ,ADJ
coscì,VERB,VERB
à,ADP,FUNC
neuve,VERB,VERB
graçie,VERB,VERB
a-a,VERB,VERB
reforma,NOUN,NOUN
do,ADP,FUNC
Statuto,PROPN,NOUN
e,CCONJ,FUNC
a-a,PROPN,NOUN
lezze,NOUN,NOUN
naçionale,VERB,VERB
.,PUNCT,PUNCT
A,DET,PRON
Simona,PROPN,NOUN
Ferro,PROPN,NOUN
a,DET,PRON
vëgne,NOUN,NOUN
viçeprescidente,ADJ,ADJ
incangio,ADJ,ADJ
do,ADP,FUNC
Alessandro,PROPN,NOUN
Piana,PROPN,NOUN
.,PUNCT,PUNCT
O,DET,PRON
Giacomo,PROPN,NOUN
Giampedrone,PROPN,NOUN
o,DET,PRON
piggia,NOUN,NOUN
unna,ADJ,ADJ
neuva,VERB,VERB
delega,PROPN,NOUN
in,PROPN,NOUN
sciâ,ADJ,ADJ
diga,VERB,VERB
do,ADP,FUNC
pòrto,NOUN,NOUN
de,ADP,FUNC
Zena,PROPN,NOUN
e,CCONJ,FUNC
quella,VERB,VERB
à,ADP,FUNC
l’Ambiente,NOUN,NOUN
a,ADP,FUNC
va,PROPN,NOUN
a-o,VERB,VERB
Paolo,PROPN,NOUN
Ripamonti,PROPN,NOUN
.,PUNCT,PUNCT
O,DET,PRON
Angelo,PROPN,NOUN
Vaccarezza,PROPN,NOUN
o,DET,PRON
l’avià,PROPN,NOUN
un,PROPN,NOUN
incarrego,PROPN,NOUN
in,PROPN,NOUN
scê,VERB,VERB
relaçioin,ADJ,ADJ
internaçionale,NOUN,NOUN
e,CCONJ,FUNC
i,PROPN,NOUN
Enti,PROPN,NOUN
locali,PROPN,NOUN
.,PUNCT,PUNCT
«,PUNCT,PUNCT
A,DET,PRON
maggioransa,NOUN,NOUN
a,ADP,FUNC
l’é,NOUN,NOUN
fòrte,ADJ,ADJ
»,PUNCT,PUNCT
",",PUNCT,PUNCT
o,DET,PRON
l’à,NOUN,NOUN
respòsto,ADJ,ADJ
o,DET,PRON
Bucci,PROPN,NOUN
in,PROPN,NOUN
scê,VERB,VERB
rouxie,VERB,VERB
che,PROPN,NOUN
vegnieivan,VERB,VERB
da-e,PROPN,NOUN
liste,PROPN,NOUN
çiviche,PROPN,NOUN
.,PUNCT,PUNCT
"

",SPACE,OTHER
Se,SCONJ,FUNC
votià,VERB,VERB
a-i,VERB,VERB
22,NUM,ADJ
e,CCONJ,FUNC
23,NUM,ADJ
de,ADP,FUNC
marso,ADJ,ADJ
pe-o,ADJ,ADJ
referendum,NOUN,NOUN
constituçionale,PROPN,NOUN
in,PROPN,NOUN
sciâ,ADJ,ADJ
reforma,NOUN,NOUN
da,ADP,FUNC
giustiçia,NOUN,NOUN
ch’o,PROPN,NOUN
prevedde,VERB,VERB
sorviatutto,ADJ,ADJ
a,DET,PRON
spartiçion,PROPN,NOUN
de,ADP,FUNC
carree,PROPN,NOUN
di,PROPN,NOUN
magistrati,PROPN,NOUN
.,PUNCT,PUNCT
A,DET,PRON
deçixon,NOUN,NOUN
a,ADP,FUNC
l’é,NOUN,NOUN
stæta,ADV,ADV
piggiâ,NOUN,NOUN
da-o,PROPN,NOUN
Conseggio,PROPN,NOUN
di,PROPN,NOUN
ministri,PROPN,NOUN
.,PUNCT,PUNCT
L’oppoxiçion,PROPN,NOUN
a,DET,PRON
protesta,NOUN,NOUN
:,PUNCT,PUNCT
«,PUNCT,PUNCT
O,DET,PRON
Governo,PROPN,NOUN
o,DET,PRON
l’à,NOUN,NOUN
poia,ADJ,ADJ
di,PROPN,NOUN
çittæn,ADJ,ADJ
informæ,VERB,VERB
»,PUNCT,PUNCT
.,PUNCT,PUNCT
Intanto,NOUN,NOUN
l’iniçiativa,ADJ,ADJ
popolare,NOUN,NOUN
pe,ADP,FUNC
ottegnî,ADJ,ADJ
un,PROPN,NOUN
referendum,PROPN,NOUN
in,PROPN,NOUN
sciâ,ADJ,ADJ
mæxima,VERB,VERB
lezze,ADJ,ADJ
o,DET,PRON
l’é,PROPN,NOUN
arrivou,VERB,VERB
a-o,VERB,VERB
quorum,NOUN,NOUN
de,ADP,FUNC
500mia,PROPN,NOUN
firme,ADJ,ADJ
.,PUNCT,PUNCT
Contra,ADP,FUNC
a,DET,PRON
delibera,NOUN,NOUN
do,ADP,FUNC
Governo,PROPN,NOUN
co-a,ADJ,ADJ
dæta,PROPN,NOUN
da,ADP,FUNC
votaçion,PROPN,NOUN
i,PROPN,NOUN
proponenti,VERB,VERB
an,SCONJ,FUNC
presentou,VERB,VERB
un,ADP,FUNC
recorso,NOUN,NOUN
a-o,VERB,VERB
Tar,PROPN,NOUN
do,ADP,FUNC
Laçio,PROPN,NOUN
.,PUNCT,PUNCT
I,PROPN,NOUN
giudiçi,PROPN,NOUN
amministrativi,PROPN,NOUN
no,ADP,FUNC
an,NOUN,NOUN
sospeiso,ADJ,ADJ
o,DET,PRON
provedimento,NOUN,NOUN
",",PUNCT,PUNCT
ma,VERB,VERB
an,ADV,ADV
fissou,VERB,VERB
a,ADP,FUNC
deçixon,NOUN,NOUN
a-i,VERB,VERB
27,NUM,ADJ
de,ADP,FUNC
zenâ,PROPN,NOUN
",",PUNCT,PUNCT
a,DET,PRON
meitæ,PROPN,NOUN
di,PROPN,NOUN
termini,PROPN,NOUN
de,ADP,FUNC
lezze,NOUN,NOUN
.,PUNCT,PUNCT
"

",SPACE,OTHER
O,DET,PRON
prescidente,NOUN,NOUN
de,ADP,FUNC
l’Autoritæ,PROPN,NOUN
garante,VERB,VERB
pe-a,PROPN,NOUN
proteçion,PROPN,NOUN
di,PROPN,NOUN
dæti,PROPN,NOUN
personali,ADJ,ADJ
Pasquale,PROPN,NOUN
Stanzione,PROPN,NOUN
o,DET,PRON
l’é,PROPN,NOUN
indagou,VERB,VERB
da-a,NOUN,NOUN
Procua,NOUN,NOUN
de,ADP,FUNC
Romma,PROPN,NOUN
",",PUNCT,PUNCT
insemme,VERB,VERB
con,PROPN,NOUN
tutto,NOUN,NOUN
o,DET,PRON
Collegio,PROPN,NOUN
",",PUNCT,PUNCT
pe,ADP,FUNC
corruçion,NOUN,NOUN
e,CCONJ,FUNC
destornaçion,PROPN,NOUN
de,ADP,FUNC
dinæ,PROPN,NOUN
pubrichi,VERB,VERB
.,PUNCT,PUNCT
L’investigaçion,PROPN,NOUN
a,ADP,FUNC
l’ea,PROPN,NOUN
stæta,PROPN,NOUN
inandiâ,VERB,VERB
inti,VERB,VERB
meixi,PROPN,NOUN
passæ,PROPN,NOUN
dòppo,PROPN,NOUN
di,PROPN,NOUN
serviçi,VERB,VERB
mandæ,NOUN,NOUN
in,X,OTHER
onda,ADJ,ADJ
da,ADP,FUNC
Report,PROPN,NOUN
",",PUNCT,PUNCT
a-i,VERB,VERB
15,NUM,ADJ
de,ADP,FUNC
zenâ,NOUN,NOUN
gh’é,NOUN,NOUN
stæto,VERB,VERB
ascì,PROPN,NOUN
de,ADP,FUNC
perquixiçioin,PROPN,NOUN
.,PUNCT,PUNCT
Pe,NOUN,NOUN
l’accusa,PROPN,NOUN
i,CCONJ,FUNC
indagæ,PROPN,NOUN
avieivan,PROPN,NOUN
reçevuo,ADJ,ADJ
de,ADP,FUNC
tessie,NOUN,NOUN
de,ADP,FUNC
l’Ita,PROPN,NOUN
Airways,PROPN,NOUN
in,PROPN,NOUN
cangio,PROPN,NOUN
de,ADP,FUNC
unna,PROPN,NOUN
sançion,PROPN,NOUN
mancâ,PROPN,NOUN
",",PUNCT,PUNCT
e,CCONJ,FUNC
avieivan,PROPN,NOUN
fæto,ADV,ADV
de,ADP,FUNC
speise,PROPN,NOUN
–,PUNCT,PUNCT
comme,ADJ,ADJ
röba,PROPN,NOUN
da,ADP,FUNC
mangiâ,NOUN,NOUN
",",PUNCT,PUNCT
appontamenti,VERB,VERB
da-o,PROPN,NOUN
perrucchê,VERB,VERB
",",PUNCT,PUNCT
viægi,ADJ,ADJ
e,CCONJ,FUNC
aberghi,ADJ,ADJ
à,ADP,FUNC
çinque,DET,PRON
stelle,NOUN,NOUN
–,PUNCT,PUNCT
co-i,NOUN,NOUN
dinæ,VERB,VERB
de,ADP,FUNC
l’Autoritæ,NUM,ADJ
.,PUNCT,PUNCT
«,PUNCT,PUNCT
Ninte,ADV,ADV
dimiscioin,VERB,VERB
",",PUNCT,PUNCT
anemmo,PROPN,NOUN
avanti,PROPN,NOUN
»,PUNCT,PUNCT
",",PUNCT,PUNCT
a,DET,PRON
deciaraçion,NOUN,NOUN
do,ADP,FUNC
Collegio,PROPN,NOUN
.,PUNCT,PUNCT
"

",SPACE,OTHER
O,DET,PRON
Alberto,PROPN,NOUN
Trentini,PROPN,NOUN
e,CCONJ,FUNC
o,DET,PRON
Mario,PROPN,NOUN
Burlò,PROPN,NOUN
son,PROPN,NOUN
tornæ,VERB,VERB
in,ADV,ADV
Italia,PROPN,NOUN
dòppo,PROPN,NOUN
che,VERB,VERB
son,PROPN,NOUN
stæti,NOUN,NOUN
in,PROPN,NOUN
prexon,ADJ,ADJ
in,PROPN,NOUN
Venezuela,PROPN,NOUN
pe,ADP,FUNC
400,NUM,ADJ
giorni,NOUN,NOUN
e,CCONJ,FUNC
passa,VERB,VERB
.,PUNCT,PUNCT
I,PROPN,NOUN
doî,PROPN,NOUN
italien,PROPN,NOUN
",",PUNCT,PUNCT
liberæ,PROPN,NOUN
apreuvo,ADJ,ADJ
à,ADP,FUNC
l’arresto,NOUN,NOUN
do,ADP,FUNC
prescidente,NOUN,NOUN
Maduro,PROPN,NOUN
",",PUNCT,PUNCT
son,PROPN,NOUN
stæti,NOUN,NOUN
reçevui,VERB,VERB
à,ADP,FUNC
Ciampino,PROPN,NOUN
da-a,VERB,VERB
prescidente,ADV,ADV
Meloni,PROPN,NOUN
e,CCONJ,FUNC
da-o,PROPN,NOUN
ministr,PROPN,NOUN
Tajani,PROPN,NOUN
.,PUNCT,PUNCT
«,PUNCT,PUNCT
A,DET,PRON
nòstra,NOUN,NOUN
contentessa,VERB,VERB
a,ADP,FUNC
gh’à,PROPN,NOUN
un,PROPN,NOUN
prexo,PROPN,NOUN
ertiscimo,ADJ,ADJ
–,SYM,OTHER
o,DET,PRON
l’à,NOUN,NOUN
dito,VERB,VERB
o,DET,PRON
Trentini,PROPN,NOUN
–,PROPN,NOUN
gh’emmo,VERB,VERB
beseugno,ADJ,ADJ
de,ADP,FUNC
sënitæ,SYM,OTHER
ma,PROPN,NOUN
i,PROPN,NOUN
patimenti,VERB,VERB
no,ADP,FUNC
se,ADP,FUNC
scassan,NOUN,NOUN
»,PUNCT,PUNCT
.,PUNCT,PUNCT
«,PUNCT,PUNCT
A,DET,PRON
l’é,NOUN,NOUN
stæta,PROPN,NOUN
ben,PROPN,NOUN
ben,PROPN,NOUN
dua,PROPN,NOUN
»,PUNCT,PUNCT
",",PUNCT,PUNCT
o,DET,PRON
commento,NOUN,NOUN
do,ADP,FUNC
Burlò,PROPN,NOUN
.,PUNCT,PUNCT
A,DET,PRON
diplomaçia,NOUN,NOUN
e,CCONJ,FUNC
i,PROPN,NOUN
serviçi,NOUN,NOUN
segretti,VERB,VERB
son,PROPN,NOUN
a-o,VERB,VERB
travaggio,NOUN,NOUN
pe,ADP,FUNC
portâ,NOUN,NOUN
inderê,VERB,VERB
atri,PROPN,NOUN
42,NUM,ADJ
italien,VERB,VERB
.,PUNCT,PUNCT
"

",SPACE,OTHER
Alberto,PROPN,NOUN
Trentini,PROPN,NOUN
e,CCONJ,FUNC
Mario,PROPN,NOUN
Burlò,PROPN,NOUN
sono,ADJ,ADJ
tornati,PROPN,NOUN
in,ADV,ADV
Italia,PROPN,NOUN
dopo,VERB,VERB
essere,VERB,VERB
stati,PROPN,NOUN
in,PROPN,NOUN
carcere,VERB,VERB
in,VERB,VERB
Venezuela,PROPN,NOUN
per,PROPN,NOUN
oltre,ADJ,ADJ
400,NUM,ADJ
giorni,NOUN,NOUN
.,PUNCT,PUNCT
I,PROPN,NOUN
due,PROPN,NOUN
italiani,PROPN,NOUN
",",PUNCT,PUNCT
liberati,PROPN,NOUN
in,PROPN,NOUN
seguito,VERB,VERB
all’arresto,PUNCT,PUNCT
del,ADP,FUNC
presidente,NOUN,NOUN
Maduro,PROPN,NOUN
",",PUNCT,PUNCT
sono,ADJ,ADJ
stati,PROPN,NOUN
ricevuti,PROPN,NOUN
a,ADP,FUNC
Ciampino,PROPN,NOUN
dalla,VERB,VERB
presidente,NOUN,NOUN
Meloni,PROPN,NOUN
e,CCONJ,FUNC
dal,VERB,VERB
ministro,NOUN,NOUN
Tajani,PROPN,NOUN
.,PUNCT,PUNCT
«,PUNCT,PUNCT
La,PROPN,NOUN
nostra,ADJ,ADJ
felicità,ADP,FUNC
ha,PROPN,NOUN
un,PROPN,NOUN
prezzo,ADJ,ADJ
altissimo,ADJ,ADJ
–,PUNCT,PUNCT
ha,NOUN,NOUN
detto,ADJ,ADJ
Trentini,PROPN,NOUN
–,PROPN,NOUN
abbiamo,VERB,VERB
bisogno,VERB,VERB
di,PROPN,NOUN
serenità,PROPN,NOUN
ma,PROPN,NOUN
le,PROPN,NOUN
sofferenze,PROPN,NOUN
non,PROPN,NOUN
si,PROPN,NOUN
cancellano,ADJ,ADJ
»,PUNCT,PUNCT
.,PUNCT,PUNCT
«,PUNCT,PUNCT
È,DET,PRON
stata,NOUN,NOUN
molto,ADJ,ADJ
dura,PROPN,NOUN
»,PUNCT,PUNCT
",",PUNCT,PUNCT
commenta,VERB,VERB
Burlò,PROPN,NOUN
.,PUNCT,PUNCT
Diplomazia,VERB,VERB
e,CCONJ,FUNC
servizi,VERB,VERB
segreti,NOUN,NOUN
sono,ADJ,ADJ
al,ADP,FUNC
lavoro,NOUN,NOUN
per,PROPN,NOUN
riportare,PROPN,NOUN
in,PROPN,NOUN
patria,VERB,VERB
altri,NOUN,NOUN
42,NUM,ADJ
italiani,NUM,ADJ
.,PUNCT,PUNCT
"

",SPACE,OTHER
Miggiæa,PROPN,NOUN
de,ADP,FUNC
mòrti,PROPN,NOUN
in,PROPN,NOUN
Iran,PROPN,NOUN
pe-e,VERB,VERB
proteste,NOUN,NOUN
contra,ADP,FUNC
o,DET,PRON
regimme,NOUN,NOUN
di,PROPN,NOUN
ayatollah,PROPN,NOUN
.,PUNCT,PUNCT
Iran,PROPN,NOUN
International,PROPN,NOUN
o,DET,PRON
l’à,PROPN,NOUN
astimmou,VERB,VERB
a-o,VERB,VERB
manco,NOUN,NOUN
12mia,NUM,ADJ
vittime,NOUN,NOUN
",",PUNCT,PUNCT
e,CCONJ,FUNC
ciù,NOUN,NOUN
tante,ADV,ADV
sotta,ADJ,ADJ
i,ADP,FUNC
30,NUM,ADJ
anni,ADJ,ADJ
",",PUNCT,PUNCT
pe-o,ADJ,ADJ
governo,NOUN,NOUN
son,PROPN,NOUN
3mia,PROPN,NOUN
compreiso,NOUN,NOUN
a,ADP,FUNC
poliçia,NOUN,NOUN
.,PUNCT,PUNCT
O,DET,PRON
prescidente,ADJ,ADJ
american,PROPN,NOUN
Donald,PROPN,NOUN
Trump,PROPN,NOUN
o,DET,PRON
l’à,NOUN,NOUN
sponciou,VERB,VERB
i,PROPN,NOUN
manifestanti,VERB,VERB
à,ADP,FUNC
anâ,PROPN,NOUN
avanti,VERB,VERB
e,CCONJ,FUNC
piggiâ,NOUN,NOUN
o,DET,PRON
contròllo,NOUN,NOUN
de,ADP,FUNC
instituçioin,PROPN,NOUN
:,PUNCT,PUNCT
«,PUNCT,PUNCT
L’aggiutto,VERB,VERB
o,DET,PRON
l’é,PROPN,NOUN
in,X,OTHER
arrivo,ADJ,ADJ
»,PUNCT,PUNCT
",",PUNCT,PUNCT
o,DET,PRON
l’à,NOUN,NOUN
promisso,ADJ,ADJ
.,PUNCT,PUNCT
Pe,PROPN,NOUN
Mosca,PROPN,NOUN
e,CCONJ,FUNC
menasse,VERB,VERB
à,ADP,FUNC
Teheran,PROPN,NOUN
«,PUNCT,PUNCT
no,ADP,FUNC
se,PRON,PRON
peuan,NOUN,NOUN
açettâ,ADJ,ADJ
»,PUNCT,PUNCT
e,CCONJ,FUNC
un,PROPN,NOUN
neuvo,PROPN,NOUN
attacco,VERB,VERB
o,DET,PRON
l’avieiva,NOUN,NOUN
«,PUNCT,PUNCT
conseguense,NOUN,NOUN
desastrose,ADJ,ADJ
»,PUNCT,PUNCT
.,PUNCT,PUNCT
Ma,PROPN,NOUN
i,ADP,FUNC
Stati,PROPN,NOUN
Unii,PROPN,NOUN
saieivan,VERB,VERB
pronti,VERB,VERB
o,DET,PRON
mæximo,NOUN,NOUN
à,ADP,FUNC
un,PROPN,NOUN
intervento,NOUN,NOUN
militare,ADJ,ADJ
.,PUNCT,PUNCT
I,PROPN,NOUN
Paixi,PROPN,NOUN
europëi,PROPN,NOUN
an,SCONJ,FUNC
serrou,VERB,VERB
e,CCONJ,FUNC
ambasciæ,NOUN,NOUN
e,CCONJ,FUNC
an,PROPN,NOUN
invitou,VERB,VERB
i,ADP,FUNC
seu,DET,PRON
çittæn,NOUN,NOUN
à,ADP,FUNC
lasciâ,NOUN,NOUN
o,DET,PRON
Paise,PROPN,NOUN
.,PUNCT,PUNCT
O,DET,PRON
Reza,PROPN,NOUN
Pahlavi,PROPN,NOUN
",",PUNCT,PUNCT
figgio,NOUN,NOUN
de,ADP,FUNC
l’urtimo,NOUN,NOUN
scià,NOUN,NOUN
:,PUNCT,PUNCT
«,PUNCT,PUNCT
Son,PROPN,NOUN
l’unico,PROPN,NOUN
ch’o,NOUN,NOUN
peu,ADJ,ADJ
garantî,NOUN,NOUN
a,DET,PRON
tranxiçion,NOUN,NOUN
»,PUNCT,PUNCT
.,PUNCT,PUNCT
"

",SPACE,OTHER
«,PUNCT,PUNCT
A,DET,PRON
Groenlandia,PROPN,NOUN
a,SCONJ,FUNC
ne,NUM,ADJ
serve,VERB,VERB
pe,ADP,FUNC
raxoin,NOUN,NOUN
de,ADP,FUNC
seguessa,NOUN,NOUN
»,PUNCT,PUNCT
.,PUNCT,PUNCT
L’à,VERB,VERB
dito,VERB,VERB
torna,VERB,VERB
o,DET,PRON
prescidente,NOUN,NOUN
di,PROPN,NOUN
Stati,PROPN,NOUN
Unii,PROPN,NOUN
Donald,PROPN,NOUN
Trump,PROPN,NOUN
",",PUNCT,PUNCT
cha,NOUN,NOUN
dapeu,VERB,VERB
o,DET,PRON
l’à,PROPN,NOUN
menassou,VERB,VERB
o,DET,PRON
resto,NOUN,NOUN
do,ADP,FUNC
mondo,VERB,VERB
:,PUNCT,PUNCT
«,PUNCT,PUNCT
Daçi,PROPN,NOUN
à,ADP,FUNC
chi,PROPN,NOUN
se,PRON,PRON
mette,NOUN,NOUN
contra,ADP,FUNC
di,PROPN,NOUN
mi,PROPN,NOUN
»,PUNCT,PUNCT
.,PUNCT,PUNCT
Ma,ADJ,ADJ
a,DET,PRON
Ruscia,PROPN,NOUN
a,ADP,FUNC
l’à,NOUN,NOUN
strinou,VERB,VERB
:,PUNCT,PUNCT
«,PUNCT,PUNCT
Pe,PROPN,NOUN
noiatri,ADJ,ADJ
a,ADP,FUNC
l’é,NOUN,NOUN
parte,NOUN,NOUN
do,ADP,FUNC
Regno,PROPN,NOUN
de,ADP,FUNC
Danimarca,PROPN,NOUN
»,PUNCT,PUNCT
.,PUNCT,PUNCT
Intanto,PROPN,NOUN
Copenaghen,PROPN,NOUN
a,DET,PRON
l’à,NOUN,NOUN
rinforsou,VERB,VERB
a,DET,PRON
presensa,ADJ,ADJ
militare,NOUN,NOUN
in,PROPN,NOUN
sce,VERB,VERB
l’isoa,NOUN,NOUN
",",PUNCT,PUNCT
a,DET,PRON
Sveçia,PROPN,NOUN
a,DET,PRON
l’à,NOUN,NOUN
mandou,VERB,VERB
di,NUM,ADJ
sordatti,NOUN,NOUN
e,CCONJ,FUNC
o,DET,PRON
Regno,PROPN,NOUN
Unio,PROPN,NOUN
ascì,VERB,VERB
o,DET,PRON
l’é,NOUN,NOUN
apreuvo,ADJ,ADJ
à,ADP,FUNC
negoçiâ,NOUN,NOUN
co-i,NOUN,NOUN
amixi,VERB,VERB
europëi,PROPN,NOUN
un,PROPN,NOUN
intervento,NOUN,NOUN
pe,ADP,FUNC
garantî,NOUN,NOUN
a,DET,PRON
seguessa,NOUN,NOUN
de,ADP,FUNC
l’Artico,NOUN,NOUN
.,PUNCT,PUNCT
A,DET,PRON
Fransa,PROPN,NOUN
a,DET,PRON
l’é,NOUN,NOUN
pronta,ADJ,ADJ
à,ADP,FUNC
spedî,NOUN,NOUN
fin,PROPN,NOUN
à,ADP,FUNC
6mila,NUM,ADJ
sordatti,NOUN,NOUN
in,PROPN,NOUN
Ucraina,PROPN,NOUN
dòppo,PROPN,NOUN
finio,PROPN,NOUN
a,DET,PRON
guæra,NOUN,NOUN
e,CCONJ,FUNC
Londra,PROPN,NOUN
a,DET,PRON
mettià,NOUN,NOUN
230,NUM,ADJ
mioin,NOUN,NOUN
pe-o,VERB,VERB
seu,DET,PRON
exerçito,NOUN,NOUN
.,PUNCT,PUNCT
"

",SPACE,OTHER
L’investigaçion,PROPN,NOUN
in,ADP,FUNC
sciâ,ADJ,ADJ
strage,ADJ,ADJ
do,ADP,FUNC
Primmo,PROPN,NOUN
de,ADP,FUNC
l’anno,PROPN,NOUN
à,ADP,FUNC
Crans-Montana,PROPN,NOUN
",",PUNCT,PUNCT
in,PROPN,NOUN
Svissera,PROPN,NOUN
",",PUNCT,PUNCT
donde,ADV,ADV
40,NUM,ADJ
persoñe,VERB,VERB
son,PROPN,NOUN
mòrte,PROPN,NOUN
inte,ADJ,ADJ
l’inçendio,ADJ,ADJ
de,ADP,FUNC
un,PROPN,NOUN
locale,PROPN,NOUN
",",PUNCT,PUNCT
a,DET,PRON
s’allarga,ADJ,ADJ
a-i,PROPN,NOUN
contròlli,NOUN,NOUN
mancæ,ADJ,ADJ
da,ADP,FUNC
parte,NOUN,NOUN
do,ADP,FUNC
Commun,PROPN,NOUN
.,PUNCT,PUNCT
A,DET,PRON
viçescindica,NOUN,NOUN
do,ADP,FUNC
paise,NOUN,NOUN
a,ADP,FUNC
l’à,NOUN,NOUN
ciammou,VERB,VERB
scuse,PROPN,NOUN
.,PUNCT,PUNCT
O,DET,PRON
Jacques,PROPN,NOUN
Moretti,PROPN,NOUN
",",PUNCT,PUNCT
baccan,NOUN,NOUN
do,ADP,FUNC
Le,PROPN,NOUN
Constellation,PROPN,NOUN
co-a,PROPN,NOUN
moggê,VERB,VERB
Jessica,PROPN,NOUN
",",PUNCT,PUNCT
o,DET,PRON
l’é,NOUN,NOUN
ancon,ADJ,ADJ
in,X,OTHER
prexon,ADJ,ADJ
pe-o,ADJ,ADJ
reisego,NOUN,NOUN
de,ADP,FUNC
fuga,NOUN,NOUN
",",PUNCT,PUNCT
ma,VERB,VERB
a,DET,PRON
Procua,PROPN,NOUN
de,ADP,FUNC
Sion,PROPN,NOUN
a,DET,PRON
l’avieiva,NOUN,NOUN
domandou,VERB,VERB
unna,PROPN,NOUN
cauçion,PROPN,NOUN
de,ADP,FUNC
400mia,PROPN,NOUN
franchi,ADJ,ADJ
pe,ADP,FUNC
mettilo,NOUN,NOUN
in,ADJ,ADJ
libertæ,NOUN,NOUN
.,PUNCT,PUNCT
O,DET,PRON
l’à,NOUN,NOUN
ammisso,ADJ,ADJ
che,VERB,VERB
a,DET,PRON
pòrta,NOUN,NOUN
a-o,VERB,VERB
cian,ADJ,ADJ
terren,NOUN,NOUN
a,ADP,FUNC
l’ea,PROPN,NOUN
serrâ,NOUN,NOUN
co-a,ADJ,ADJ
ciave,ADJ,ADJ
e,CCONJ,FUNC
ch’o,PROPN,NOUN
l’aiva,PROPN,NOUN
cangiou,VERB,VERB
lê,VERB,VERB
a,ADP,FUNC
scciumma,NOUN,NOUN
anti-fô,DET,PRON
ch’a,DET,PRON
l’à,NOUN,NOUN
piggiou,VERB,VERB
feugo,NOUN,NOUN
.,PUNCT,PUNCT
I,PROPN,NOUN
doî,PROPN,NOUN
son,PROPN,NOUN
accaxonæ,PROPN,NOUN
d’ammassamento,NOUN,NOUN
",",PUNCT,PUNCT
lexoin,ADJ,ADJ
e,CCONJ,FUNC
inçendio,PROPN,NOUN
corpoxi,PROPN,NOUN
.,PUNCT,PUNCT
A,DET,PRON
dònna,NOUN,NOUN
a,ADP,FUNC
gh’à,ADJ,ADJ
solo,NOUN,NOUN
l’òbrigo,PROPN,NOUN
de,ADP,FUNC
firma,NOUN,NOUN
.,PUNCT,PUNCT
O,DET,PRON
Mohammad,PROPN,NOUN
Hannoun,PROPN,NOUN
",",PUNCT,PUNCT
l’attivista,PROPN,NOUN
palestineise,VERB,VERB
de,ADP,FUNC
63,NUM,ADJ
anni,NOUN,NOUN
arrestou,VERB,VERB
à,ADP,FUNC
Zena,PROPN,NOUN
con,PROPN,NOUN
l’accusa,PROPN,NOUN
d’avei,PROPN,NOUN
finançiou,VERB,VERB
Hamas,PROPN,NOUN
e,CCONJ,FUNC
d’ëse,VERB,VERB
o,DET,PRON
cappo,NOUN,NOUN
da,ADP,FUNC
çellula,PROPN,NOUN
italiaña,NOUN,NOUN
de,ADP,FUNC
l’organizzaçion,PROPN,NOUN
",",PUNCT,PUNCT
o,DET,PRON
l’é,PROPN,NOUN
stæto,PROPN,NOUN
portou,VERB,VERB
da-a,VERB,VERB
prexon,NOUN,NOUN
de,ADP,FUNC
Marasci,NOUN,NOUN
à,ADP,FUNC
quella,NOUN,NOUN
de,ADP,FUNC
Terni,PROPN,NOUN
inte,ADJ,ADJ
unna,PROPN,NOUN
seçion,PROPN,NOUN
d’erta,NOUN,NOUN
seguessa,NOUN,NOUN
destinâ,PROPN,NOUN
a-i,VERB,VERB
detegnui,NOUN,NOUN
pe,ADP,FUNC
terroriximo,NOUN,NOUN
.,PUNCT,PUNCT
I,VERB,VERB
seu,DET,PRON
avvocati,NOUN,NOUN
an,PROPN,NOUN
fæto,ADJ,ADJ
recorso,ADJ,ADJ
a-o,VERB,VERB
Tribunâ,PROPN,NOUN
do,ADP,FUNC
reexamme,NOUN,NOUN
pe,ADP,FUNC
domandâne,NOUN,NOUN
a,ADP,FUNC
liberaçion,NOUN,NOUN
.,PUNCT,PUNCT
Into,PROPN,NOUN
gruppo,PROPN,NOUN
de,ADP,FUNC
magistrati,NOUN,NOUN
che,VERB,VERB
guiddan,VERB,VERB
l’investigaçion,PROPN,NOUN
ghe,PROPN,NOUN
saià,PROPN,NOUN
ascì,VERB,VERB
o,DET,PRON
Luca,PROPN,NOUN
Monteverde,PROPN,NOUN
",",PUNCT,PUNCT
ch’o,PROPN,NOUN
l’aiva,PROPN,NOUN
indagou,VERB,VERB
ascì,NOUN,NOUN
in,ADV,ADV
sciô,VERB,VERB
passou,VERB,VERB
prescidente,ADV,ADV
da,ADP,FUNC
Region,PROPN,NOUN
Giovanni,PROPN,NOUN
Toti,PROPN,NOUN
.,PUNCT,PUNCT
Intanto,NOUN,NOUN
in,PROPN,NOUN
sce,VERB,VERB
Instagram,PROPN,NOUN
l’é,PROPN,NOUN
stæto,PROPN,NOUN
averto,PROPN,NOUN
un,PROPN,NOUN
neuvo,PROPN,NOUN
profî,PROPN,NOUN
Orizzonte,PROPN,NOUN
Umanitario,PROPN,NOUN
",",PUNCT,PUNCT
pe,ADP,FUNC
dâ,ADP,FUNC
voxe,NOUN,NOUN
à,ADP,FUNC
l’assoçiaçion,PROPN,NOUN
do,ADP,FUNC
Hannoun,PROPN,NOUN
.,PUNCT,PUNCT
"

",SPACE,OTHER
Un,NOUN,NOUN
allenatô,VERB,VERB
de,ADP,FUNC
savate,NOUN,NOUN
da,ADP,FUNC
provinsa,PROPN,NOUN
d’Impëia,NUM,ADJ
o,DET,PRON
l’é,PROPN,NOUN
stæto,VERB,VERB
arrestou,VERB,VERB
pe,ADP,FUNC
violensa,NOUN,NOUN
sessuale,PROPN,NOUN
in,PROPN,NOUN
sce,VERB,VERB
træ,PROPN,NOUN
atlete,PROPN,NOUN
",",PUNCT,PUNCT
de,ADP,FUNC
quæ,PROPN,NOUN
doe,PROPN,NOUN
minoî,PROPN,NOUN
.,PUNCT,PUNCT
L’investigaçion,PROPN,NOUN
",",PUNCT,PUNCT
partia,NOUN,NOUN
da-a,VERB,VERB
testimoniansa,ADJ,ADJ
d’uña,NOUN,NOUN
de,ADP,FUNC
zoene,NOUN,NOUN
",",PUNCT,PUNCT
a,DET,PRON
l’à,NOUN,NOUN
permisso,ADJ,ADJ
d’incriminâ,ADP,FUNC
l’òmmo,PROPN,NOUN
:,PUNCT,PUNCT
segondo,VERB,VERB
l’accusa,PROPN,NOUN
",",PUNCT,PUNCT
graçie,VERB,VERB
a-a,VERB,VERB
seu,DET,PRON
poxiçion,NOUN,NOUN
",",PUNCT,PUNCT
o,DET,PRON
l’avieiva,NOUN,NOUN
commisso,PROPN,NOUN
di,PROPN,NOUN
abuxi,NOUN,NOUN
gravi,ADJ,ADJ
e,CCONJ,FUNC
scistematichi,NOUN,NOUN
con,PROPN,NOUN
fâli,NOUN,NOUN
passâ,ADJ,ADJ
pe,ADP,FUNC
«,PUNCT,PUNCT
strumenti,NOUN,NOUN
de,ADP,FUNC
crescita,NOUN,NOUN
sportiva,ADJ,ADJ
e,CCONJ,FUNC
profescionale,NOUN,NOUN
»,PUNCT,PUNCT
.,PUNCT,PUNCT
S’anava,VERB,VERB
da-i,PROPN,NOUN
apprexamenti,VERB,VERB
a-i,VERB,VERB
baxi,PROPN,NOUN
in,PROPN,NOUN
bocca,PROPN,NOUN
fin,PROPN,NOUN
a-i,PROPN,NOUN
massaggi,ADJ,ADJ
inti,VERB,VERB
quæ,VERB,VERB
l’òmmo,PROPN,NOUN
o,DET,PRON
toccava,VERB,VERB
e,CCONJ,FUNC
parte,NOUN,NOUN
intime,PROPN,NOUN
de,ADP,FUNC
figge,PROPN,NOUN
",",PUNCT,PUNCT
sciben,PRON,PRON
che,PROPN,NOUN
loiatre,PROPN,NOUN
cianzeivan,VERB,VERB
ò,ADP,FUNC
tremmavan,PROPN,NOUN
.,PUNCT,PUNCT
Pe-o,ADP,FUNC
momento,NOUN,NOUN
o,PRON,PRON
no,ADP,FUNC
porrià,NOUN,NOUN
avvexinâse,ADJ,ADJ
a-e,NOUN,NOUN
vittime,ADJ,ADJ
.,PUNCT,PUNCT
"

",SPACE,OTHER
A,DET,PRON
Guardia,PROPN,NOUN
de,ADP,FUNC
finansa,NOUN,NOUN
de,ADP,FUNC
Zena,PROPN,NOUN
",",PUNCT,PUNCT
insemme,VERB,VERB
co-i,PROPN,NOUN
fonçionäi,ADJ,ADJ
de,ADP,FUNC
l’Agençia,NOUN,NOUN
de,ADP,FUNC
dugañe,NOUN,NOUN
",",PUNCT,PUNCT
an,PROPN,NOUN
descoverto,NOUN,NOUN
e,CCONJ,FUNC
sexio,PROPN,NOUN
into,PROPN,NOUN
pòrto,ADJ,ADJ
de,ADP,FUNC
San,PROPN,NOUN
Pê,PROPN,NOUN
d’Æña,PROPN,NOUN
un,PROPN,NOUN
carrego,PROPN,NOUN
de,ADP,FUNC
2,NUM,ADJ
tonnëi,NOUN,NOUN
e,CCONJ,FUNC
passa,VERB,VERB
da,ADP,FUNC
cocaiña,ADJ,ADJ
sccetta,NOUN,NOUN
.,PUNCT,PUNCT
O,DET,PRON
l’é,PROPN,NOUN
un,PROPN,NOUN
di,PROPN,NOUN
sequestri,PROPN,NOUN
ciù,NOUN,NOUN
gròsci,ADJ,ADJ
mai,VERB,VERB
fæti,NOUN,NOUN
à,ADP,FUNC
Zena,PROPN,NOUN
",",PUNCT,PUNCT
un,PROPN,NOUN
pòrto,ADJ,ADJ
donde,ADV,ADV
passa,VERB,VERB
un,PROPN,NOUN
muggio,PROPN,NOUN
de,SCONJ,FUNC
trafeghi,VERB,VERB
pe,ADP,FUNC
l’Euröpa,NOUN,NOUN
.,PUNCT,PUNCT
A,ADP,FUNC
dröga,NOUN,NOUN
",",PUNCT,PUNCT
se,PRON,PRON
missa,VERB,VERB
in,PROPN,NOUN
sciô,PROPN,NOUN
mercou,VERB,VERB
",",PUNCT,PUNCT
a,DET,PRON
l’avieiva,NOUN,NOUN
fæto,ADJ,ADJ
guägnâ,ADJ,ADJ
un,PROPN,NOUN
miliardo,PROPN,NOUN
e,CCONJ,FUNC
mezo,NOUN,NOUN
d’euro,NOUN,NOUN
.,PUNCT,PUNCT
A,DET,PRON
povie,ADJ,ADJ
gianca,NOUN,NOUN
",",PUNCT,PUNCT
spartia,VERB,VERB
inte,ADJ,ADJ
2.109,NUM,ADJ
panetti,NOUN,NOUN
",",PUNCT,PUNCT
a,DET,PRON
l’ea,PROPN,NOUN
ascosa,ADJ,ADJ
drento,NOUN,NOUN
à,ADP,FUNC
87,NUM,ADJ
sacchi,NOUN,NOUN
inte,ADJ,ADJ
un,NOUN,NOUN
container,NOUN,NOUN
ch’o,PROPN,NOUN
ne,PRON,PRON
vegniva,ADJ,ADJ
da-a,VERB,VERB
Colombia,PROPN,NOUN
.,PUNCT,PUNCT
"

",SPACE,OTHER
«,PUNCT,PUNCT
I,PROPN,NOUN
giudiçi,PROPN,NOUN
rendan,PROPN,NOUN
inutile,VERB,VERB
o,DET,PRON
travaggio,NOUN,NOUN
da,ADP,FUNC
poliçia,PROPN,NOUN
e,CCONJ,FUNC
do,ADP,FUNC
Parlamento,NOUN,NOUN
»,PUNCT,PUNCT
e,CCONJ,FUNC
«,PUNCT,PUNCT
mettan,ADJ,ADJ
à,ADP,FUNC
reisego,NOUN,NOUN
a,DET,PRON
seguessa,NOUN,NOUN
»,PUNCT,PUNCT
.,PUNCT,PUNCT
Coscì,VERB,VERB
a,ADP,FUNC
prescidente,ADV,ADV
do,ADP,FUNC
Conseggio,PROPN,NOUN
Giorgia,PROPN,NOUN
Meloni,PROPN,NOUN
inta,VERB,VERB
conferensa,VERB,VERB
stampa,NOUN,NOUN
do,ADP,FUNC
prinçipio,NOUN,NOUN
de,ADP,FUNC
l’anno,PROPN,NOUN
.,PUNCT,PUNCT
«,PUNCT,PUNCT
E,CCONJ,FUNC
mæ,AUX,VERB
relaçioin,ADJ,ADJ
co-o,NOUN,NOUN
Quirinale,NOUN,NOUN
son,PROPN,NOUN
boniscime,NOUN,NOUN
–,PUNCT,PUNCT
a,ADP,FUNC
l’à,NOUN,NOUN
dito,VERB,VERB
–,PUNCT,PUNCT
.,PUNCT,PUNCT
Co-o,NOUN,NOUN
prescidente,ADV,ADV
da,ADP,FUNC
Repubrica,PROPN,NOUN
no,ADP,FUNC
semmo,NOUN,NOUN
sempre,ADV,ADV
d’accòrdio,NOUN,NOUN
",",PUNCT,PUNCT
ma,ADV,ADV
pe,ADP,FUNC
defende,VERB,VERB
l’interesse,VERB,VERB
naçionale,VERB,VERB
o,DET,PRON
gh’é,NOUN,NOUN
»,PUNCT,PUNCT
.,PUNCT,PUNCT
A,DET,PRON
Meloni,PROPN,NOUN
a,ADP,FUNC
l’à,NOUN,NOUN
respòsto,VERB,VERB
à,ADP,FUNC
unna,NOUN,NOUN
quaranteña,VERB,VERB
de,ADP,FUNC
domande,NOUN,NOUN
e,CCONJ,FUNC
a,DET,PRON
l’à,NOUN,NOUN
annonçiou,VERB,VERB
a,ADP,FUNC
dæta,NOUN,NOUN
pe-o,VERB,VERB
referendum,NOUN,NOUN
in,PROPN,NOUN
sciâ,ADJ,ADJ
giustiçia,ADJ,ADJ
:,PUNCT,PUNCT
i,PROPN,NOUN
22,NUM,ADJ
e,CCONJ,FUNC
23,NUM,ADJ
de,ADP,FUNC
marso,NOUN,NOUN
.,PUNCT,PUNCT
«,PUNCT,PUNCT
Me,PRON,PRON
basta,INTJ,OTHER
e,CCONJ,FUNC
m’appascioña,NOUN,NOUN
quello,PROPN,NOUN
che,VERB,VERB
son,PROPN,NOUN
apreuvo,ADJ,ADJ
à,ADP,FUNC
fâ,PROPN,NOUN
–,PROPN,NOUN
a,ADP,FUNC
l’à,NOUN,NOUN
azzonto,NOUN,NOUN
–,PUNCT,PUNCT
.,PUNCT,PUNCT
Se,SCONJ,FUNC
ô,CCONJ,FUNC
faiò,VERB,VERB
ancon,ADJ,ADJ
dependià,ADJ,ADJ
da-o,VERB,VERB
voto,VERB,VERB
di,PROPN,NOUN
italien,PROPN,NOUN
»,PUNCT,PUNCT
.,PUNCT,PUNCT
"

",SPACE,OTHER
Un,NUM,ADJ
cappotreno,ADJ,ADJ
de,ADP,FUNC
34,NUM,ADJ
anni,NOUN,NOUN
",",PUNCT,PUNCT
Alessandro,PROPN,NOUN
Ambrosio,PROPN,NOUN
",",PUNCT,PUNCT
o,DET,PRON
l’é,PROPN,NOUN
stæto,PROPN,NOUN
ammassou,VERB,VERB
à,ADP,FUNC
cotellæ,NOUN,NOUN
vexin,VERB,VERB
à,ADP,FUNC
un,PROPN,NOUN
parchezzo,VERB,VERB
d’arente,ADV,ADV
a-a,PROPN,NOUN
staçion,NOUN,NOUN
de,ADP,FUNC
Bològna,PROPN,NOUN
",",PUNCT,PUNCT
inte,ADJ,ADJ
unn’äia,PROPN,NOUN
reservâ,PROPN,NOUN
a-i,VERB,VERB
dependenti,NOUN,NOUN
",",PUNCT,PUNCT
parrieiva,ADJ,ADJ
sensa,VERB,VERB
unna,PROPN,NOUN
raxon,NOUN,NOUN
.,PUNCT,PUNCT
A,ADP,FUNC
poliçia,NOUN,NOUN
a,DET,PRON
l’à,NOUN,NOUN
arrestou,VERB,VERB
o,DET,PRON
Marin,PROPN,NOUN
Jelenik,PROPN,NOUN
",",PUNCT,PUNCT
un,PROPN,NOUN
croato,NOUN,NOUN
de,ADP,FUNC
36,NUM,ADJ
anni,NOUN,NOUN
",",PUNCT,PUNCT
ch’o,PROPN,NOUN
l’ea,PROPN,NOUN
davanti,VERB,VERB
a-a,VERB,VERB
staçion,PROPN,NOUN
sensa,VERB,VERB
papê,ADJ,ADJ
.,PUNCT,PUNCT
O,DET,PRON
l’é,NOUN,NOUN
accaxonou,VERB,VERB
d’ammassamento,NOUN,NOUN
.,PUNCT,PUNCT
O,DET,PRON
l’aiva,NOUN,NOUN
un,PROPN,NOUN
muggio,PROPN,NOUN
de,ADP,FUNC
crimini,PROPN,NOUN
passæ,ADJ,ADJ
comme,ADJ,ADJ
rapiñe,PROPN,NOUN
",",PUNCT,PUNCT
fastiddi,PROPN,NOUN
sessuali,ADJ,ADJ
e,CCONJ,FUNC
aggrescion,ADJ,ADJ
",",PUNCT,PUNCT
e,CCONJ,FUNC
ascì,VERB,VERB
un,ADV,ADV
ordine,VERB,VERB
europeo,VERB,VERB
d’allontanamento,NOUN,NOUN
pe,ADP,FUNC
ëse,PROPN,NOUN
stæto,PROPN,NOUN
trovou,VERB,VERB
con,PROPN,NOUN
un,NUM,ADJ
cotello,PROPN,NOUN
.,PUNCT,PUNCT
A-i,NOUN,NOUN
30,NUM,ADJ
de,ADP,FUNC
dexembre,NOUN,NOUN
ghe,PROPN,NOUN
l’aivan,PROPN,NOUN
sexio,PROPN,NOUN
à,ADP,FUNC
Pavia,PROPN,NOUN
.,PUNCT,PUNCT
À,ADP,FUNC
Udine,PROPN,NOUN
o,DET,PRON
l’aiva,NOUN,NOUN
devastou,VERB,VERB
un,PROPN,NOUN
supermercou,VERB,VERB
.,PUNCT,PUNCT
"

",SPACE,OTHER
Milan,PROPN,NOUN
a,SCONJ,FUNC
se,PRON,PRON
conferma,VERB,VERB
a,DET,PRON
çittæ,NOUN,NOUN
italiaña,NOUN,NOUN
co-o,PROPN,NOUN
costo,ADJ,ADJ
da,ADP,FUNC
vitta,PROPN,NOUN
ciù,NOUN,NOUN
erto,ADJ,ADJ
anche,VERB,VERB
do,ADP,FUNC
2025,NUM,ADJ
.,PUNCT,PUNCT
Quella,VERB,VERB
ciù,VERB,VERB
à,ADP,FUNC
bon,ADP,FUNC
patto,NOUN,NOUN
a,ADP,FUNC
l’é,PROPN,NOUN
Napoli,PROPN,NOUN
",",PUNCT,PUNCT
ma,SCONJ,FUNC
se,PRON,PRON
s’ammia,VERB,VERB
solo,NOUN,NOUN
a-a,VERB,VERB
speisa,NOUN,NOUN
pe-o,VERB,VERB
mangiâ,NOUN,NOUN
convegnieiva,ADJ,ADJ
stâ,ADV,ADV
à,ADP,FUNC
Catanzaro,PROPN,NOUN
ciufito,VERB,VERB
che,VERB,VERB
à,ADP,FUNC
Bolsan,PROPN,NOUN
",",PUNCT,PUNCT
a,DET,PRON
ciù,NOUN,NOUN
caa,VERB,VERB
da,ADP,FUNC
sto,ADJ,ADJ
ponto,NOUN,NOUN
de,ADP,FUNC
vista,NOUN,NOUN
.,PUNCT,PUNCT
A,DET,PRON
clascifica,NOUN,NOUN
a,DET,PRON
sata,ADJ,ADJ
feua,NOUN,NOUN
da,ADP,FUNC
un,PROPN,NOUN
studio,ADJ,ADJ
do,ADP,FUNC
Codacons,PROPN,NOUN
basou,VERB,VERB
in,X,OTHER
scî,ADP,FUNC
dæti,NOUN,NOUN
de,ADP,FUNC
l’Osservatöio,PROPN,NOUN
di,PROPN,NOUN
prexi,PROPN,NOUN
do,ADP,FUNC
ministëio,PROPN,NOUN
de,ADP,FUNC
Impreise,PROPN,NOUN
.,PUNCT,PUNCT
Piggiando,VERB,VERB
un,PROPN,NOUN
panê,VERB,VERB
compòsto,NOUN,NOUN
da,ADP,FUNC
fruta,NOUN,NOUN
e,CCONJ,FUNC
verdua,NOUN,NOUN
",",PUNCT,PUNCT
alimentari,VERB,VERB
e,CCONJ,FUNC
serviçi,VERB,VERB
comme,VERB,VERB
o,DET,PRON
dentista,NOUN,NOUN
",",PUNCT,PUNCT
o,DET,PRON
perrucchê,NOUN,NOUN
ò,NOUN,NOUN
a,DET,PRON
tenzaia,NOUN,NOUN
",",PUNCT,PUNCT
à,ADP,FUNC
Milan,PROPN,NOUN
se,SCONJ,FUNC
spende,VERB,VERB
squæxi,ADJ,ADJ
600,NUM,ADJ
euro,NOUN,NOUN
",",PUNCT,PUNCT
o,DET,PRON
62,NUM,ADJ
%,SYM,OTHER
in,ADJ,ADJ
ciù,NOUN,NOUN
che,VERB,VERB
à,ADP,FUNC
Napoli,PROPN,NOUN
pe-o,ADJ,ADJ
mæximo,NOUN,NOUN
panê,ADJ,ADJ
.,PUNCT,PUNCT
In,PROPN,NOUN
sciô,VERB,VERB
pòdio,NOUN,NOUN
de,ADP,FUNC
çittæ,NOUN,NOUN
ciù,ADP,FUNC
caistriose,NOUN,NOUN
gh’é,PROPN,NOUN
Aòsta,PROPN,NOUN
e,CCONJ,FUNC
Bolsan,PROPN,NOUN
ascì,PROPN,NOUN
.,PUNCT,PUNCT
"

",SPACE,OTHER
Inta,ADJ,ADJ
neutte,NOUN,NOUN
tra,PROPN,NOUN
i,PROPN,NOUN
2,NUM,ADJ
e,CCONJ,FUNC
i,PROPN,NOUN
3,PROPN,NOUN
de,ADP,FUNC
zenâ,PROPN,NOUN
i,PROPN,NOUN
Stati,PROPN,NOUN
Unii,PROPN,NOUN
an,SCONJ,FUNC
attaccou,VERB,VERB
o,DET,PRON
Venezuela,PROPN,NOUN
e,CCONJ,FUNC
an,PROPN,NOUN
acciappou,VERB,VERB
o,DET,PRON
prescidente,ADJ,ADJ
Nicolas,PROPN,NOUN
Moduro,PROPN,NOUN
co-a,NOUN,NOUN
moggê,VERB,VERB
tanto,ADV,ADV
che,VERB,VERB
dormivan,VERB,VERB
.,PUNCT,PUNCT
Inte,ADJ,ADJ
l’operaçion,PROPN,NOUN
gh’é,PROPN,NOUN
stæto,PROPN,NOUN
a-o,VERB,VERB
manco,NOUN,NOUN
80,NUM,ADJ
mòrti,VERB,VERB
tra,PROPN,NOUN
militari,PROPN,NOUN
e,CCONJ,FUNC
çivili,NOUN,NOUN
.,PUNCT,PUNCT
«,PUNCT,PUNCT
Gestiemo,PROPN,NOUN
o,DET,PRON
Paise,PROPN,NOUN
fin,PROPN,NOUN
a-a,X,OTHER
tranxiçion,PROPN,NOUN
»,PUNCT,PUNCT
",",PUNCT,PUNCT
o,DET,PRON
l’à,NOUN,NOUN
dito,VERB,VERB
o,DET,PRON
Trump,PROPN,NOUN
",",PUNCT,PUNCT
ch’o,PROPN,NOUN
l’à,PROPN,NOUN
annonçiou,VERB,VERB
l’arrivo,PROPN,NOUN
de,ADP,FUNC
compagnie,NOUN,NOUN
do,ADP,FUNC
petròlio,NOUN,NOUN
.,PUNCT,PUNCT
O,DET,PRON
Maduro,PROPN,NOUN
",",PUNCT,PUNCT
accaxonou,VERB,VERB
de,ADP,FUNC
narcoterroriximo,NOUN,NOUN
",",PUNCT,PUNCT
o,DET,PRON
s’é,NOUN,NOUN
proclammou,VERB,VERB
innoçente,ADV,ADV
.,PUNCT,PUNCT
A,DET,PRON
Delcy,PROPN,NOUN
Rodriguez,PROPN,NOUN
a,ADP,FUNC
l’é,PROPN,NOUN
stæta,PROPN,NOUN
incarregâ,VERB,VERB
prescidente,ADJ,ADJ
ad,ADP,FUNC
interim,NOUN,NOUN
.,PUNCT,PUNCT
Oua,PROPN,NOUN
o,DET,PRON
Trump,PROPN,NOUN
o,PRON,PRON
veu,VERB,VERB
à,ADP,FUNC
Groenlandia,PROPN,NOUN
:,PUNCT,PUNCT
«,PUNCT,PUNCT
N’emmo,VERB,VERB
de,ADP,FUNC
beseugno,ADJ,ADJ
pe-a,NOUN,NOUN
seguessa,VERB,VERB
naçionale,VERB,VERB
",",PUNCT,PUNCT
a,ADP,FUNC
Danimarca,PROPN,NOUN
a,ADP,FUNC
no,ADP,FUNC
saià,NOUN,NOUN
boña,ADJ,ADJ
à,ADP,FUNC
dâghe,PROPN,NOUN
a,DET,PRON
mente,NOUN,NOUN
»,PUNCT,PUNCT
.,PUNCT,PUNCT
Gh’é,PUNCT,PUNCT
anche,VERB,VERB
l’ipòtexi,ADV,ADV
de,ADP,FUNC
mandâghe,PROPN,NOUN
l’exerçito,PROPN,NOUN
pe,ADP,FUNC
piggiâla,NOUN,NOUN
.,PUNCT,PUNCT
L’Union,PROPN,NOUN
europea,VERB,VERB
invexendâ,NOUN,NOUN
:,PUNCT,PUNCT
«,PUNCT,PUNCT
A,DET,PRON
l’é,ADJ,ADJ
autònoma,NOUN,NOUN
",",PUNCT,PUNCT
a,ADP,FUNC
va,PROPN,NOUN
respettâ,PROPN,NOUN
»,PUNCT,PUNCT
.,PUNCT,PUNCT
"

",SPACE,OTHER
A,DET,PRON
Procua,PROPN,NOUN
de,ADP,FUNC
Sion,PROPN,NOUN
a,ADP,FUNC
l’à,NOUN,NOUN
commandou,VERB,VERB
l’arresto,ADJ,ADJ
pe-o,ADJ,ADJ
Jacques,PROPN,NOUN
Moretti,PROPN,NOUN
",",PUNCT,PUNCT
o,DET,PRON
baccan,NOUN,NOUN
do,ADP,FUNC
locale,NOUN,NOUN
La,PROPN,NOUN
Constellation,PROPN,NOUN
de,ADP,FUNC
Crans-Montana,PROPN,NOUN
",",PUNCT,PUNCT
in,PROPN,NOUN
Svissera,PROPN,NOUN
",",PUNCT,PUNCT
donde,ADV,ADV
l’é,NOUN,NOUN
avvegnuo,NOUN,NOUN
l’inçendio,ADJ,ADJ
do,ADP,FUNC
Primmo,PROPN,NOUN
de,ADP,FUNC
l’anno,PROPN,NOUN
con,PROPN,NOUN
40,NUM,ADJ
mòrti,VERB,VERB
",",PUNCT,PUNCT
squæxi,NOUN,NOUN
tutti,AUX,VERB
zoenòtti,ADJ,ADJ
.,PUNCT,PUNCT
Pe-a,PROPN,NOUN
moggê,VERB,VERB
Jessica,PROPN,NOUN
l’é,PROPN,NOUN
stæto,VERB,VERB
dispòsto,NOUN,NOUN
l’arresto,ADJ,ADJ
in,PROPN,NOUN
cà,ADP,FUNC
.,PUNCT,PUNCT
O,DET,PRON
provedimento,NOUN,NOUN
",",PUNCT,PUNCT
arrivou,VERB,VERB
dòppo,ADV,ADV
l’interrogatöio,PROPN,NOUN
into,PROPN,NOUN
giorno,ADJ,ADJ
da,ADP,FUNC
commemoraçion,NOUN,NOUN
de,ADP,FUNC
vittime,NOUN,NOUN
à,ADP,FUNC
Matigny,PROPN,NOUN
",",PUNCT,PUNCT
o,DET,PRON
l’é,PROPN,NOUN
stæto,VERB,VERB
giustificou,VERB,VERB
co-o,PROPN,NOUN
reisego,NOUN,NOUN
de,ADP,FUNC
fuga,NOUN,NOUN
.,PUNCT,PUNCT
«,PUNCT,PUNCT
No,ADP,FUNC
çerchiemo,PROPN,NOUN
de,ADP,FUNC
tiâse,PROPN,NOUN
feua,PROPN,NOUN
da-e,ADJ,ADJ
nòstre,PROPN,NOUN
responsabilitæ,VERB,VERB
",",PUNCT,PUNCT
semmo,VERB,VERB
devastæ,VERB,VERB
da-o,PROPN,NOUN
dô,SCONJ,FUNC
»,PUNCT,PUNCT
",",PUNCT,PUNCT
aivan,VERB,VERB
dito,VERB,VERB
.,PUNCT,PUNCT
O,DET,PRON
scindico,NOUN,NOUN
Nicolas,PROPN,NOUN
Féraud,PROPN,NOUN
o,PRON,PRON
no,ADP,FUNC
veu,PROPN,NOUN
parlâ,PROPN,NOUN
de,ADP,FUNC
dimiscioin,NOUN,NOUN
.,PUNCT,PUNCT
I,PROPN,NOUN
prescidenti,VERB,VERB
italian,NOUN,NOUN
e,CCONJ,FUNC
franseise,NOUN,NOUN
",",PUNCT,PUNCT
o,DET,PRON
Mattarella,PROPN,NOUN
e,CCONJ,FUNC
o,DET,PRON
Macron,PROPN,NOUN
",",PUNCT,PUNCT
an,SCONJ,FUNC
domandou,VERB,VERB
giustiçia,ADJ,ADJ
.,PUNCT,PUNCT
"

",SPACE,OTHER
L’Union,PROPN,NOUN
Europea,VERB,VERB
a,ADP,FUNC
l’à,NOUN,NOUN
dæto,ADJ,ADJ
a,DET,PRON
luxe,NOUN,NOUN
verde,ADJ,ADJ
à,ADP,FUNC
l’accòrdio,NOUN,NOUN
de,ADP,FUNC
libero,NOUN,NOUN
commerçio,PROPN,NOUN
co-o,PROPN,NOUN
Mercosur,PROPN,NOUN
",",PUNCT,PUNCT
l’organizzaçion,PROPN,NOUN
sudamericaña,PROPN,NOUN
ch’a,VERB,VERB
comprende,VERB,VERB
Braxî,PROPN,NOUN
",",PUNCT,PUNCT
Argentiña,PROPN,NOUN
",",PUNCT,PUNCT
Uruguay,PROPN,NOUN
e,CCONJ,FUNC
Paraguay,PROPN,NOUN
.,PUNCT,PUNCT
Ma,PROPN,NOUN
çerti,VERB,VERB
Paixi,PROPN,NOUN
an,SCONJ,FUNC
votou,VERB,VERB
contra,ADP,FUNC
",",PUNCT,PUNCT
in,X,OTHER
particolâ,VERB,VERB
Fransa,PROPN,NOUN
",",PUNCT,PUNCT
Polònia,PROPN,NOUN
",",PUNCT,PUNCT
Austria,PROPN,NOUN
",",PUNCT,PUNCT
Ongaia,PROPN,NOUN
e,CCONJ,FUNC
Irlanda,PROPN,NOUN
.,PUNCT,PUNCT
L’inteisa,NOUN,NOUN
a,DET,PRON
saiàa,PROPN,NOUN
firmâ,ADJ,ADJ
a-i,VERB,VERB
17,NUM,ADJ
de,ADP,FUNC
zenâ,PROPN,NOUN
in,X,OTHER
Paraguay,PROPN,NOUN
.,PUNCT,PUNCT
«,PUNCT,PUNCT
Un,PROPN,NOUN
accòrdio,NOUN,NOUN
stòrico,ADJ,ADJ
»,PUNCT,PUNCT
",",PUNCT,PUNCT
segondo,VERB,VERB
a,DET,PRON
prescidente,ADV,ADV
da,ADP,FUNC
Commiscion,PROPN,NOUN
Ursula,PROPN,NOUN
von,PROPN,NOUN
der,VERB,VERB
Leyen,PROPN,NOUN
.,PUNCT,PUNCT
O,DET,PRON
limite,NOUN,NOUN
pe,ADP,FUNC
comensâ,NOUN,NOUN
de,ADP,FUNC
investigaçioin,X,OTHER
in,X,OTHER
scî,ADV,ADV
produti,PROPN,NOUN
agricoli,PROPN,NOUN
in,PROPN,NOUN
caxo,ADJ,ADJ
de,ADP,FUNC
turbative,NOUN,NOUN
do,ADP,FUNC
mercou,VERB,VERB
o,DET,PRON
l’é,PROPN,NOUN
stæto,PROPN,NOUN
asbasciou,VERB,VERB
dal’8,ADP,FUNC
%,SYM,OTHER
a-o,VERB,VERB
5,NUM,ADJ
%,SYM,OTHER
",",PUNCT,PUNCT
comme,NOUN,NOUN
domandou,VERB,VERB
da-i,PROPN,NOUN
agricoltoî,PROPN,NOUN
italien,VERB,VERB
.,PUNCT,PUNCT
Unna,PROPN,NOUN
gròssa,VERB,VERB
fraña,VERB,VERB
a,DET,PRON
l’é,ADJ,ADJ
cheita,ADJ,ADJ
inta,ADJ,ADJ
seiaña,PROPN,NOUN
di,PROPN,NOUN
25,PROPN,NOUN
de,ADP,FUNC
zenâ,PROPN,NOUN
in,X,OTHER
sce,VERB,VERB
l’Aurelia,PROPN,NOUN
tra,VERB,VERB
a,ADP,FUNC
Vexima,PROPN,NOUN
e,CCONJ,FUNC
Rensen,PROPN,NOUN
",",PUNCT,PUNCT
à,ADP,FUNC
levante,NOUN,NOUN
da,ADP,FUNC
galleria,NOUN,NOUN
do,ADP,FUNC
Pisso,PROPN,NOUN
.,PUNCT,PUNCT
A,ADP,FUNC
stradda,NOUN,NOUN
a,ADP,FUNC
l’é,NOUN,NOUN
stæta,PROPN,NOUN
interrotta,ADJ,ADJ
e,CCONJ,FUNC
ghe,VERB,VERB
vorrià,NOUN,NOUN
a-o,VERB,VERB
manco,NOUN,NOUN
un,PROPN,NOUN
meise,PROPN,NOUN
de,ADP,FUNC
travaggio,NOUN,NOUN
",",PUNCT,PUNCT
con,PROPN,NOUN
l’addeuvio,NOUN,NOUN
de,ADP,FUNC
l’esploxivo,NOUN,NOUN
",",PUNCT,PUNCT
pe,ADP,FUNC
mette,NOUN,NOUN
a,ADP,FUNC
còsta,NOUN,NOUN
in,X,OTHER
seguessa,VERB,VERB
e,CCONJ,FUNC
arvî,ADJ,ADJ
torna,VERB,VERB
.,PUNCT,PUNCT
Pe,NOUN,NOUN
l’emergensa,NOUN,NOUN
da,ADP,FUNC
viabilitæ,NOUN,NOUN
l’é,PROPN,NOUN
stæto,VERB,VERB
approvou,VERB,VERB
de,ADP,FUNC
mesue,NOUN,NOUN
straordenäie,ADJ,ADJ
:,PUNCT,PUNCT
nisciun,VERB,VERB
pedaggio,NOUN,NOUN
in,PROPN,NOUN
sce,VERB,VERB
l’autostradda,PROPN,NOUN
A10,NUM,ADJ
tra,SYM,OTHER
Rensen,PROPN,NOUN
e,CCONJ,FUNC
Pra,PROPN,NOUN
’,PROPN,NOUN
",",PUNCT,PUNCT
e,CCONJ,FUNC
i,PROPN,NOUN
treni,PROPN,NOUN
se,PRON,PRON
porrian,VERB,VERB
piggiâ,NOUN,NOUN
co-i,PROPN,NOUN
biggetti,ADJ,ADJ
de,ADP,FUNC
l’Amt,NOUN,NOUN
into,PROPN,NOUN
træto,NOUN,NOUN
Cogheuo-Otri,PROPN,NOUN
.,PUNCT,PUNCT
A,DET,PRON
Procua,PROPN,NOUN
de,ADP,FUNC
Zena,PROPN,NOUN
a,ADP,FUNC
l’à,NOUN,NOUN
averto,ADJ,ADJ
unn’investigaçion,PROPN,NOUN
pe,ADP,FUNC
fraña,PROPN,NOUN
corposa,ADJ,ADJ
",",PUNCT,PUNCT
pe-o,VERB,VERB
momento,NOUN,NOUN
contra,ADP,FUNC
desconosciui,PROPN,NOUN
",",PUNCT,PUNCT
pe,ADP,FUNC
açertâ,NOUN,NOUN
se,PRON,PRON
gh’é,NOUN,NOUN
de,ADP,FUNC
responsabilitæ,NOUN,NOUN
.,PUNCT,PUNCT
Za,PROPN,NOUN
do,ADP,FUNC
2016,NUM,ADJ
l’ea,PROPN,NOUN
vegnuo,ADJ,ADJ
zu,PROPN,NOUN
di,PROPN,NOUN
magheu,VERB,VERB
pöco,NOUN,NOUN
primma,ADV,ADV
che,PROPN,NOUN
passesse,VERB,VERB
a,ADP,FUNC
Milan-Sanremmo,PROPN,NOUN
.,PUNCT,PUNCT
"

",SPACE,OTHER
O,DET,PRON
conseggio,NOUN,NOUN
d’amministraçion,PROPN,NOUN
de,ADP,FUNC
l’Amt,PROPN,NOUN
de,ADP,FUNC
Zena,PROPN,NOUN
o,DET,PRON
l’à,PROPN,NOUN
approvou,VERB,VERB
i,ADP,FUNC
conti,VERB,VERB
do,ADP,FUNC
2024,NUM,ADJ
con,PROPN,NOUN
unna,PROPN,NOUN
perdia,VERB,VERB
de,ADP,FUNC
"55,9",NUM,ADJ
mioin,PROPN,NOUN
d’euro,PROPN,NOUN
:,PUNCT,PUNCT
«,PUNCT,PUNCT
A,DET,PRON
ciù,NOUN,NOUN
grande,ADJ,ADJ
inta,NOUN,NOUN
stöia,ADJ,ADJ
de,ADP,FUNC
l’açienda,PROPN,NOUN
»,PUNCT,PUNCT
",",PUNCT,PUNCT
o,DET,PRON
commento,NOUN,NOUN
da,ADP,FUNC
scindica,NOUN,NOUN
Silvia,PROPN,NOUN
Salis,PROPN,NOUN
.,PUNCT,PUNCT
I,PROPN,NOUN
papê,PROPN,NOUN
çertifican,PROPN,NOUN
ascì,PROPN,NOUN
280,NUM,ADJ
mioin,NOUN,NOUN
de,ADP,FUNC
debiti,NOUN,NOUN
e,CCONJ,FUNC
un,PROPN,NOUN
patrimònio,PROPN,NOUN
netto,ADJ,ADJ
negativo,ADJ,ADJ
de,ADP,FUNC
"37,5",NUM,ADJ
mioin,NOUN,NOUN
.,PUNCT,PUNCT
Approvou,VERB,VERB
anche,VERB,VERB
l’aggiornamento,NOUN,NOUN
do,ADP,FUNC
cian,PROPN,NOUN
de,ADP,FUNC
recatto,NOUN,NOUN
fin,PROPN,NOUN
a-o,VERB,VERB
2031,NUM,ADJ
.,PUNCT,PUNCT
«,PUNCT,PUNCT
Oua,PROPN,NOUN
ne,DET,PRON
tocca,PROPN,NOUN
fâ,ADP,FUNC
un,PROPN,NOUN
sfòrso,NOUN,NOUN
econòmico,ADJ,ADJ
stramesuou,VERB,VERB
pe,ADP,FUNC
schivâ,NOUN,NOUN
o,DET,PRON
fallimento,NOUN,NOUN
",",PUNCT,PUNCT
ma,SCONJ,FUNC
o,DET,PRON
Commun,PROPN,NOUN
o,PRON,PRON
no,ADP,FUNC
peu,NOUN,NOUN
fâghela,NOUN,NOUN
da,ADP,FUNC
solo,NOUN,NOUN
»,PUNCT,PUNCT
",",PUNCT,PUNCT
a,DET,PRON
l’à,NOUN,NOUN
dito,VERB,VERB
torna,VERB,VERB
a,DET,PRON
scindica,NOUN,NOUN
.,PUNCT,PUNCT
Intanto,NOUN,NOUN
a,DET,PRON
Procua,PROPN,NOUN
a,ADP,FUNC
l’à,NOUN,NOUN
mandou,VERB,VERB
di,PROPN,NOUN
inviti,VERB,VERB
à,ADP,FUNC
quattro,NOUN,NOUN
indagæ,ADJ,ADJ
pe-i,VERB,VERB
primmi,NOUN,NOUN
interrogatöi,NOUN,NOUN
:,PUNCT,PUNCT
son,PROPN,NOUN
tutti,ADJ,ADJ
passæ,NOUN,NOUN
conseggê,VERB,VERB
d’amministraçion,PROPN,NOUN
de,ADP,FUNC
l’açienda,PROPN,NOUN
.,PUNCT,PUNCT
"

",SPACE,OTHER
A,DET,PRON
Region,PROPN,NOUN
Liguria,PROPN,NOUN
a,DET,PRON
l’à,NOUN,NOUN
dæto,VERB,VERB
a,DET,PRON
luxe,NOUN,NOUN
verde,ADJ,ADJ
a-o,VERB,VERB
tunnel,NOUN,NOUN
da,ADP,FUNC
Fontañaboña,PROPN,NOUN
ch’o,PROPN,NOUN
l’unià,NOUN,NOUN
a,ADP,FUNC
rivea,NOUN,NOUN
e,CCONJ,FUNC
l’entrotæra,PROPN,NOUN
do,ADP,FUNC
Tigullio,PROPN,NOUN
.,PUNCT,PUNCT
«,PUNCT,PUNCT
Un,PROPN,NOUN
passo,NOUN,NOUN
avanti,NOUN,NOUN
fondamentale,PROPN,NOUN
»,PUNCT,PUNCT
",",PUNCT,PUNCT
o,DET,PRON
commento,NOUN,NOUN
do,ADP,FUNC
prescidente,NOUN,NOUN
Bucci,PROPN,NOUN
e,CCONJ,FUNC
de,ADP,FUNC
l’assessô,PROPN,NOUN
Scajola,PROPN,NOUN
.,PUNCT,PUNCT
Oua,PROPN,NOUN
s’arvià,AUX,VERB
a,PRON,PRON
conferensa,VERB,VERB
di,PROPN,NOUN
serviçi,VERB,VERB
pe,ADP,FUNC
l’approvaçion,NOUN,NOUN
definitiva,ADJ,ADJ
do,ADP,FUNC
progetto,PROPN,NOUN
.,PUNCT,PUNCT
O,DET,PRON
travaggio,NOUN,NOUN
o,DET,PRON
prevedde,NOUN,NOUN
unna,PROPN,NOUN
rampa,VERB,VERB
longa,ADJ,ADJ
"5,6",NUM,ADJ
chilòmetri,NOUN,NOUN
e,CCONJ,FUNC
doe,PROPN,NOUN
gallerie,PROPN,NOUN
che,VERB,VERB
portian,NOUN,NOUN
da,ADP,FUNC
l’autostradda,NOUN,NOUN
A12,VERB,VERB
a-a,VERB,VERB
valle,NOUN,NOUN
e,CCONJ,FUNC
a-a,VERB,VERB
reversa,NOUN,NOUN
.,PUNCT,PUNCT
À,NOUN,NOUN
Rapallo,PROPN,NOUN
",",PUNCT,PUNCT
però,VERB,VERB
",",PUNCT,PUNCT
no,ADP,FUNC
s’afferma,NOUN,NOUN
e,CCONJ,FUNC
proteste,NOUN,NOUN
:,PUNCT,PUNCT
«,PUNCT,PUNCT
A,DET,PRON
l’é,NOUN,NOUN
unna,VERB,VERB
deçixon,NOUN,NOUN
fæta,PROPN,NOUN
chinâ,PROPN,NOUN
da,ADP,FUNC
l’erto,NOUN,NOUN
ch’a,VERB,VERB
deuvia,VERB,VERB
o,DET,PRON
territöio,NOUN,NOUN
comme,NOUN,NOUN
spaçio,ADJ,ADJ
de,ADP,FUNC
sacrifiçio,NOUN,NOUN
",",PUNCT,PUNCT
no,ADP,FUNC
ne,PRON,PRON
serve,VERB,VERB
un,PROPN,NOUN
tunnel,NOUN,NOUN
pe,ADP,FUNC
scappâ,ADJ,ADJ
ciù,NOUN,NOUN
a-a,VERB,VERB
spedia,NOUN,NOUN
»,PUNCT,PUNCT
.,PUNCT,PUNCT
"

",SPACE,OTHER
Unna,PROPN,NOUN
fraña,VERB,VERB
stramesuâ,VERB,VERB
a,ADP,FUNC
l’à,NOUN,NOUN
lasciou,VERB,VERB
in,ADV,ADV
peuixo,ADV,ADV
o,DET,PRON
paise,NOUN,NOUN
de,ADP,FUNC
Niscemi,PROPN,NOUN
",",PUNCT,PUNCT
in,PROPN,NOUN
Siçilia,PROPN,NOUN
",",PUNCT,PUNCT
in,X,OTHER
provinsa,ADJ,ADJ
de,ADP,FUNC
Caltanissetta,PROPN,NOUN
.,PUNCT,PUNCT
Tutta,ADV,ADV
a,ADP,FUNC
colliña,NOUN,NOUN
a,ADP,FUNC
l’à,NOUN,NOUN
comensou,VERB,VERB
à,ADP,FUNC
deruâ,NOUN,NOUN
e,CCONJ,FUNC
1.600,NUM,ADJ
persoñe,VERB,VERB
son,PROPN,NOUN
stæte,NOUN,NOUN
scorrie,PROPN,NOUN
d’in,PROPN,NOUN
cà,PROPN,NOUN
.,PUNCT,PUNCT
«,PUNCT,PUNCT
A,DET,PRON
l’é,NOUN,NOUN
pezo,NOUN,NOUN
che,VERB,VERB
o,DET,PRON
Vajont,PROPN,NOUN
",",PUNCT,PUNCT
l’é,PROPN,NOUN
vegnuo,PROPN,NOUN
zu,NUM,ADJ
350,NUM,ADJ
metri,ADJ,ADJ
cubbi,PROPN,NOUN
»,PUNCT,PUNCT
",",PUNCT,PUNCT
o,DET,PRON
l’à,NOUN,NOUN
dito,VERB,VERB
o,DET,PRON
cappo,NOUN,NOUN
da,ADP,FUNC
Proteçion,PROPN,NOUN
çivile,ADJ,ADJ
Ciciliano,PROPN,NOUN
.,PUNCT,PUNCT
Inta,PROPN,NOUN
mæxima,ADJ,ADJ
zöna,PROPN,NOUN
gh’ea,PROPN,NOUN
stæto,VERB,VERB
unna,PROPN,NOUN
fraña,VERB,VERB
devastante,ADV,ADV
do,ADP,FUNC
1997,NUM,ADJ
",",PUNCT,PUNCT
ma,PROPN,NOUN
i,PROPN,NOUN
indennizzi,PROPN,NOUN
son,PROPN,NOUN
arrivæ,VERB,VERB
dòppo,PROPN,NOUN
di,PROPN,NOUN
anni,PROPN,NOUN
.,PUNCT,PUNCT
«,PUNCT,PUNCT
Stavòtta,PROPN,NOUN
faiemo,PROPN,NOUN
a-a,X,OTHER
spedia,X,OTHER
»,PUNCT,PUNCT
",",PUNCT,PUNCT
a,DET,PRON
l’à,NOUN,NOUN
asseguou,VERB,VERB
a,DET,PRON
prescidente,ADV,ADV
do,ADP,FUNC
Conseggio,PROPN,NOUN
Giorgia,PROPN,NOUN
Meloni,PROPN,NOUN
ch’a,DET,PRON
l’à,NOUN,NOUN
promisso,ADJ,ADJ
unna,VERB,VERB
primma,ADV,ADV
assegnaçion,NOUN,NOUN
de,ADP,FUNC
100,NUM,ADJ
mioin,NOUN,NOUN
.,PUNCT,PUNCT
Intanto,ADV,ADV
se,PRON,PRON
leva,VERB,VERB
a,DET,PRON
voxe,NOUN,NOUN
de,ADP,FUNC
chi,PROPN,NOUN
vorrieiva,ADJ,ADJ
destinâ,VERB,VERB
à,ADP,FUNC
l’emergensa,PROPN,NOUN
i,PROPN,NOUN
dinæ,PROPN,NOUN
do,ADP,FUNC
ponte,NOUN,NOUN
in,PROPN,NOUN
sciô,VERB,VERB
Streito,PROPN,NOUN
",",PUNCT,PUNCT
"1,3",NUM,ADJ
miliardi,NOUN,NOUN
d’euro,NUM,ADJ
.,PUNCT,PUNCT
«,PUNCT,PUNCT
Quelli,PRON,PRON
no,ADP,FUNC
se,PROPN,NOUN
toccan,VERB,VERB
",",PUNCT,PUNCT
ne,VERB,VERB
troviemo,PROPN,NOUN
di,PROPN,NOUN
atri,PROPN,NOUN
»,PUNCT,PUNCT
",",PUNCT,PUNCT
a,DET,PRON
respòsta,NOUN,NOUN
do,ADP,FUNC
ministro,NOUN,NOUN
Salvini,PROPN,NOUN
.,PUNCT,PUNCT
O,DET,PRON
Tajani,PROPN,NOUN
ciù,ADP,FUNC
tenio,NOUN,NOUN
:,PUNCT,PUNCT
«,PUNCT,PUNCT
O,DET,PRON
travaggio,NOUN,NOUN
o,DET,PRON
va,PROPN,NOUN
fæto,ADJ,ADJ
",",PUNCT,PUNCT
ma,SCONJ,FUNC
se,PRON,PRON
gh’appensemmo,NOUN,NOUN
»,PUNCT,PUNCT
.,PUNCT,PUNCT
"

",SPACE,OTHER
Polemica,PROPN,NOUN
in,PROPN,NOUN
Italia,PROPN,NOUN
pe-a,NOUN,NOUN
presensa,VERB,VERB
a-e,NOUN,NOUN
Olimpiade,PROPN,NOUN
d’inverno,PROPN,NOUN
di,PROPN,NOUN
agenti,VERB,VERB
americhen,PROPN,NOUN
de,ADP,FUNC
l’Ice,NOUN,NOUN
.,PUNCT,PUNCT
O,DET,PRON
Governo,PROPN,NOUN
o,DET,PRON
l’à,NOUN,NOUN
asseguou,VERB,VERB
che,PROPN,NOUN
no,ADP,FUNC
gh’avian,PROPN,NOUN
de,ADP,FUNC
fonçioin,PROPN,NOUN
operative,VERB,VERB
inte,ADJ,ADJ
stradde,VERB,VERB
",",PUNCT,PUNCT
ma,AUX,VERB
che,PROPN,NOUN
travaggian,PROPN,NOUN
co-e,NOUN,NOUN
sale,ADJ,ADJ
operative,VERB,VERB
de,ADP,FUNC
autoritæ,NOUN,NOUN
italiaña,VERB,VERB
pe,ADP,FUNC
avvardâ,NOUN,NOUN
e,CCONJ,FUNC
delegaçioin,VERB,VERB
di,PROPN,NOUN
Stati,PROPN,NOUN
Unii,PROPN,NOUN
.,PUNCT,PUNCT
O,DET,PRON
scindico,NOUN,NOUN
de,ADP,FUNC
Milan,PROPN,NOUN
Beppe,PROPN,NOUN
Salis,PROPN,NOUN
:,PUNCT,PUNCT
«,PUNCT,PUNCT
Chì,ADP,FUNC
no,ADP,FUNC
son,PROPN,NOUN
benvegnui,PROPN,NOUN
",",PUNCT,PUNCT
no,ADP,FUNC
me,PRON,PRON
sento,VERB,VERB
protezzuo,VERB,VERB
da-o,PROPN,NOUN
ministro,NOUN,NOUN
Piantedosi,PROPN,NOUN
»,PUNCT,PUNCT
.,PUNCT,PUNCT
O,DET,PRON
Antonio,PROPN,NOUN
Tajani,PROPN,NOUN
",",PUNCT,PUNCT
ministro,NOUN,NOUN
de,ADP,FUNC
l’Estranxeo,NOUN,NOUN
",",PUNCT,PUNCT
o,DET,PRON
l’à,NOUN,NOUN
respòsto,ADJ,ADJ
:,PUNCT,PUNCT
«,PUNCT,PUNCT
No,ADP,FUNC
l’é,NOUN,NOUN
ch’arriva,NOUN,NOUN
e,CCONJ,FUNC
SS,PROPN,NOUN
»,PUNCT,PUNCT
.,PUNCT,PUNCT
Un,NUM,ADJ
atro,PROPN,NOUN
caxo,VERB,VERB
o,DET,PRON
l’é,PROPN,NOUN
scciuppou,VERB,VERB
in,PROPN,NOUN
sce,VERB,VERB
l’invito,ADJ,ADJ
à,ADP,FUNC
Casapound,PROPN,NOUN
pe,ADP,FUNC
unna,PROPN,NOUN
conferensa,VERB,VERB
in,X,OTHER
scî,PROPN,NOUN
migranti,ADJ,ADJ
a-a,PROPN,NOUN
Camia,PROPN,NOUN
promòssa,DET,PRON
da,ADP,FUNC
un,NOUN,NOUN
deputou,VERB,VERB
da,ADP,FUNC
Lega,PROPN,NOUN
.,PUNCT,PUNCT
E,CCONJ,FUNC
o,DET,PRON
Roberto,PROPN,NOUN
Vannacci,PROPN,NOUN
o,DET,PRON
l’à,NOUN,NOUN
depoxitou,VERB,VERB
o,DET,PRON
scimbolo,NOUN,NOUN
do,ADP,FUNC
seu,DET,PRON
partio,NOUN,NOUN
",",PUNCT,PUNCT
Futuro,PROPN,NOUN
Nazionale,PROPN,NOUN
.,PUNCT,PUNCT
"

",SPACE,OTHER
Un,NUM,ADJ
òmmo,VERB,VERB
de,ADP,FUNC
28,NUM,ADJ
anni,NOUN,NOUN
",",PUNCT,PUNCT
de,ADP,FUNC
naçionalitæ,NOUN,NOUN
marocchiña,ADJ,ADJ
",",PUNCT,PUNCT
o,DET,PRON
l’é,PROPN,NOUN
stæto,VERB,VERB
ammassou,VERB,VERB
con,PROPN,NOUN
un,ADP,FUNC
corpo,NOUN,NOUN
de,ADP,FUNC
pistòlla,NOUN,NOUN
da,ADP,FUNC
un,PROPN,NOUN
poliçiotto,ADJ,ADJ
a-o,VERB,VERB
quæ,SCONJ,FUNC
o,DET,PRON
s’ea,PROPN,NOUN
avvexinou,VERB,VERB
con,NOUN,NOUN
unn’arma,ADJ,ADJ
fäsa,VERB,VERB
.,PUNCT,PUNCT
O,DET,PRON
l’é,NOUN,NOUN
capitou,VERB,VERB
a-i,VERB,VERB
26,NUM,ADJ
de,ADP,FUNC
zenâ,NOUN,NOUN
à,ADP,FUNC
Milan,PROPN,NOUN
",",PUNCT,PUNCT
vexin,VERB,VERB
a-o,VERB,VERB
«,PUNCT,PUNCT
bòsco,NOUN,NOUN
da,ADP,FUNC
dröga,PROPN,NOUN
»,PUNCT,PUNCT
",",PUNCT,PUNCT
comme,VERB,VERB
se,PRON,PRON
ghe,VERB,VERB
dixe,VERB,VERB
.,PUNCT,PUNCT
I,PROPN,NOUN
agenti,VERB,VERB
ean,NOUN,NOUN
apreuvo,ADJ,ADJ
à,ADP,FUNC
arrestâ,NOUN,NOUN
un,PROPN,NOUN
ch’o,PROPN,NOUN
vendeiva,ADJ,ADJ
quande,VERB,VERB
o,DET,PRON
zoeno,NOUN,NOUN
o,DET,PRON
s’é,NOUN,NOUN
avvexinou,VERB,VERB
co-a,NOUN,NOUN
pistòlla,VERB,VERB
à,ADP,FUNC
salve,NOUN,NOUN
.,PUNCT,PUNCT
O,DET,PRON
poliçiotto,NOUN,NOUN
o,DET,PRON
gh’à,PROPN,NOUN
commandou,VERB,VERB
de,ADP,FUNC
fermâse,NOUN,NOUN
",",PUNCT,PUNCT
dapeu,VERB,VERB
o,DET,PRON
l’à,NOUN,NOUN
sparou,VERB,VERB
inta,ADJ,ADJ
parte,NOUN,NOUN
erta,ADJ,ADJ
do,ADP,FUNC
còrpo,NOUN,NOUN
.,PUNCT,PUNCT
No,ADP,FUNC
gh’é,PROPN,NOUN
stæto,PROPN,NOUN
mainea,PROPN,NOUN
de,ADP,FUNC
sarvâlo,NOUN,NOUN
.,PUNCT,PUNCT
L’agente,ADV,ADV
ch’o,PROPN,NOUN
gh’à,PROPN,NOUN
tiou,VERB,VERB
",",PUNCT,PUNCT
interrogou,VERB,VERB
in,X,OTHER
questua,ADJ,ADJ
",",PUNCT,PUNCT
o,DET,PRON
l’é,PROPN,NOUN
indagou,VERB,VERB
.,PUNCT,PUNCT
«,PUNCT,PUNCT
Me,PRON,PRON
son,PROPN,NOUN
attrovou,VERB,VERB
poia,ADJ,ADJ
»,PUNCT,PUNCT
",",PUNCT,PUNCT
o,DET,PRON
l’à,NOUN,NOUN
dito,VERB,VERB
.,PUNCT,PUNCT
«,PUNCT,PUNCT
No,ADP,FUNC
ghe,NOUN,NOUN
saià,PROPN,NOUN
de,ADP,FUNC
scui,NOUN,NOUN
",",PUNCT,PUNCT
domando,VERB,VERB
solo,NOUN,NOUN
de,ADP,FUNC
no,ADP,FUNC
presumme,NOUN,NOUN
ch’o,PROPN,NOUN
l’é,PROPN,NOUN
corpeive,VERB,VERB
»,PUNCT,PUNCT
",",PUNCT,PUNCT
o,DET,PRON
l’à,NOUN,NOUN
dito,VERB,VERB
o,DET,PRON
ministro,NOUN,NOUN
Piantedosi,PROPN,NOUN
.,PUNCT,PUNCT
O,DET,PRON
Salvini,PROPN,NOUN
",",PUNCT,PUNCT
incangio,NOUN,NOUN
:,PUNCT,PUNCT
«,PUNCT,PUNCT
Son,PROPN,NOUN
da-a,VERB,VERB
parte,NOUN,NOUN
do,ADP,FUNC
poliçiòtto,NOUN,NOUN
",",PUNCT,PUNCT
sensa,VERB,VERB
fâ,PROPN,NOUN
di,PROPN,NOUN
descorsci,PROPN,NOUN
»,PUNCT,PUNCT
.,PUNCT,PUNCT
"

",SPACE,OTHER
A,DET,PRON
tenscion,NOUN,NOUN
à,ADP,FUNC
l’arresta,NOUN,NOUN
ertiscima,ADJ,ADJ
à,ADP,FUNC
Minneapolis,PROPN,NOUN
",",PUNCT,PUNCT
inti,VERB,VERB
Stati,PROPN,NOUN
Unii,PROPN,NOUN
",",PUNCT,PUNCT
donde,ADV,ADV
unn’atra,PROPN,NOUN
persoña,NOUN,NOUN
a,ADP,FUNC
l’é,NOUN,NOUN
stæta,PROPN,NOUN
ammassâ,VERB,VERB
da-i,PROPN,NOUN
agenti,PROPN,NOUN
de,ADP,FUNC
l’Ice,NOUN,NOUN
",",PUNCT,PUNCT
l’agençia,NOUN,NOUN
federale,VERB,VERB
americaña,NOUN,NOUN
pe-o,VERB,VERB
contròllo,ADV,ADV
de,ADP,FUNC
l’inmigraçion,PROPN,NOUN
.,PUNCT,PUNCT
Dòppo,NOUN,NOUN
a,DET,PRON
mòrte,NOUN,NOUN
da,ADP,FUNC
Renée,PROPN,NOUN
Good,PROPN,NOUN
a-i,ADP,FUNC
7,NUM,ADJ
de,ADP,FUNC
zenâ,PROPN,NOUN
",",PUNCT,PUNCT
inte,ADJ,ADJ
di,PROPN,NOUN
scontri,VERB,VERB
a-i,ADP,FUNC
24,NUM,ADJ
un,NOUN,NOUN
agente,ADV,ADV
o,DET,PRON
l’à,NOUN,NOUN
sparou,VERB,VERB
a-o,VERB,VERB
Alex,PROPN,NOUN
Jeffrey,PROPN,NOUN
Pretti,PROPN,NOUN
",",PUNCT,PUNCT
un,PROPN,NOUN
òmmo,VERB,VERB
de,ADP,FUNC
37,NUM,ADJ
anni,ADJ,ADJ
ch’o,PROPN,NOUN
fava,VERB,VERB
l’infermê,PROPN,NOUN
pe-i,PROPN,NOUN
veteren,NOUN,NOUN
e,CCONJ,FUNC
inte,ADJ,ADJ
quello,DET,PRON
momento,NOUN,NOUN
",",PUNCT,PUNCT
comme,NOUN,NOUN
se,PRON,PRON
vedde,VERB,VERB
da-i,PROPN,NOUN
video,ADJ,ADJ
",",PUNCT,PUNCT
o,DET,PRON
çercava,NOUN,NOUN
d’aggiuttâ,PROPN,NOUN
unna,VERB,VERB
dònna,PROPN,NOUN
sponciâ,PROPN,NOUN
in,PROPN,NOUN
tæra,VERB,VERB
.,PUNCT,PUNCT
Pe-o,VERB,VERB
departimento,NOUN,NOUN
pe-a,PROPN,NOUN
seguessa,VERB,VERB
interna,ADJ,ADJ
",",PUNCT,PUNCT
incangio,NOUN,NOUN
",",PUNCT,PUNCT
o,DET,PRON
l’à,NOUN,NOUN
rexistio,ADJ,ADJ
con,PROPN,NOUN
violensa,ADJ,ADJ
.,PUNCT,PUNCT
O,DET,PRON
governatô,NOUN,NOUN
o,DET,PRON
l’à,NOUN,NOUN
domandou,VERB,VERB
a-o,VERB,VERB
Trump,PROPN,NOUN
de,ADP,FUNC
ciantâ,PROPN,NOUN
lì,ADJ,ADJ
con,NOUN,NOUN
ste,PROPN,NOUN
operaçioin,PROPN,NOUN
.,PUNCT,PUNCT
O,DET,PRON
prescidente,ADV,ADV
o,DET,PRON
l’à,NOUN,NOUN
averto,ADJ,ADJ
a-o,VERB,VERB
retio,NOUN,NOUN
:,PUNCT,PUNCT
«,PUNCT,PUNCT
À,PROPN,NOUN
un,PROPN,NOUN
çerto,ADJ,ADJ
ponto,NOUN,NOUN
se,SCONJ,FUNC
n’aniemo,PRON,PRON
",",PUNCT,PUNCT
emmo,VERB,VERB
fæto,ADV,ADV
un,PROPN,NOUN
travaggio,NOUN,NOUN
mäveggioso,ADJ,ADJ
»,PUNCT,PUNCT
.,PUNCT,PUNCT
"

",SPACE,OTHER
O,DET,PRON
prescidente,ADJ,ADJ
american,PROPN,NOUN
Donald,PROPN,NOUN
Trump,PROPN,NOUN
o,DET,PRON
l’à,PROPN,NOUN
annonçiou,VERB,VERB
a,DET,PRON
tregua,NOUN,NOUN
do,ADP,FUNC
zeo,PROPN,NOUN
in,X,OTHER
Ucraina,PROPN,NOUN
:,PUNCT,PUNCT
«,PUNCT,PUNCT
Ò,PROPN,NOUN
domandou,VERB,VERB
a-o,VERB,VERB
Putin,PROPN,NOUN
de,ADP,FUNC
no,ADP,FUNC
sparâ,NOUN,NOUN
pe,ADP,FUNC
unna,PROPN,NOUN
settemaña,VERB,VERB
za,PRON,PRON
che,VERB,VERB
gh’é,ADV,ADV
freido,VERB,VERB
e,CCONJ,FUNC
lê,VERB,VERB
o,DET,PRON
l’à,NOUN,NOUN
açettou,VERB,VERB
»,PUNCT,PUNCT
.,PUNCT,PUNCT
O,DET,PRON
Cremlin,PROPN,NOUN
",",PUNCT,PUNCT
però,VERB,VERB
",",PUNCT,PUNCT
o,DET,PRON
l’à,PROPN,NOUN
frenou,VERB,VERB
:,PUNCT,PUNCT
«,PUNCT,PUNCT
Sospendiemo,PROPN,NOUN
i,PROPN,NOUN
attacchi,PROPN,NOUN
solo,PROPN,NOUN
in,PROPN,NOUN
sce,VERB,VERB
Kiev,PROPN,NOUN
",",PUNCT,PUNCT
no,ADP,FUNC
da-e,NOUN,NOUN
atre,ADJ,ADJ
parte,NOUN,NOUN
»,PUNCT,PUNCT
.,PUNCT,PUNCT
Inta,VERB,VERB
capitale,VERB,VERB
miggiæa,NOUN,NOUN
de,ADP,FUNC
persoñe,VERB,VERB
son,PROPN,NOUN
sensa,VERB,VERB
rescädamento,NOUN,NOUN
con,PROPN,NOUN
temperatue,ADJ,ADJ
fin,NOUN,NOUN
à,ADP,FUNC
30,NUM,ADJ
graddi,NOUN,NOUN
sotta,ADJ,ADJ
o,DET,PRON
zero,NUM,ADJ
.,PUNCT,PUNCT
Intanto,NOUN,NOUN
o,DET,PRON
Trump,PROPN,NOUN
o,DET,PRON
l’à,PROPN,NOUN
menassou,VERB,VERB
torna,VERB,VERB
l’Iran,NOUN,NOUN
:,PUNCT,PUNCT
«,PUNCT,PUNCT
Sensa,PROPN,NOUN
un,PROPN,NOUN
accòrdio,PROPN,NOUN
in,PROPN,NOUN
sciô,VERB,VERB
nucleare,ADJ,ADJ
",",PUNCT,PUNCT
l’attacco,PROPN,NOUN
ch’o,PROPN,NOUN
vëgne,VERB,VERB
o,DET,PRON
saià,NOUN,NOUN
ben,PROPN,NOUN
ben,PROPN,NOUN
pezo,NOUN,NOUN
de,ADP,FUNC
quello,PROPN,NOUN
de,ADP,FUNC
zugno,NOUN,NOUN
»,PUNCT,PUNCT
.,PUNCT,PUNCT
«,PUNCT,PUNCT
Inte,ADJ,ADJ
sto,NOUN,NOUN
caxo,VERB,VERB
reagiemo,ADJ,ADJ
comme,ADJ,ADJ
no,ADP,FUNC
emmo,ADJ,ADJ
mai,NOUN,NOUN
fæto,ADV,ADV
primma,ADV,ADV
»,PUNCT,PUNCT
",",PUNCT,PUNCT
a,DET,PRON
replica,NOUN,NOUN
de,ADP,FUNC
Teheran,PROPN,NOUN
.,PUNCT,PUNCT
L’Union,PROPN,NOUN
europea,VERB,VERB
a,ADP,FUNC
l’à,NOUN,NOUN
misso,PROPN,NOUN
i,CCONJ,FUNC
pasdaran,PROPN,NOUN
inta,VERB,VERB
lista,ADJ,ADJ
de,ADP,FUNC
organizzaçioin,PROPN,NOUN
terroristiche,PROPN,NOUN
.,PUNCT,PUNCT
"

",SPACE,OTHER
Son,PROPN,NOUN
quattro,PROPN,NOUN
i,PROPN,NOUN
indagæ,ADJ,ADJ
pe,ADP,FUNC
l’inçendio,NOUN,NOUN
do,ADP,FUNC
Primmo,PROPN,NOUN
de,ADP,FUNC
l’anno,PROPN,NOUN
à,ADP,FUNC
Crans-Montana,PROPN,NOUN
",",PUNCT,PUNCT
in,PROPN,NOUN
Svissera,PROPN,NOUN
",",PUNCT,PUNCT
donde,ADV,ADV
40,NUM,ADJ
persoñe,VERB,VERB
son,PROPN,NOUN
mòrte,PROPN,NOUN
e,CCONJ,FUNC
116,NUM,ADJ
son,PROPN,NOUN
arrestæ,VERB,VERB
ferie,NOUN,NOUN
.,PUNCT,PUNCT
In,PROPN,NOUN
ciù,NOUN,NOUN
che,VERB,VERB
o,DET,PRON
Jacques,PROPN,NOUN
e,CCONJ,FUNC
a,DET,PRON
Jessica,PROPN,NOUN
Moretti,PROPN,NOUN
",",PUNCT,PUNCT
maio,NOUN,NOUN
e,CCONJ,FUNC
moggê,VERB,VERB
",",PUNCT,PUNCT
gh’é,NOUN,NOUN
de,ADP,FUNC
accuse,NOUN,NOUN
pe-o,ADJ,ADJ
responsabile,NOUN,NOUN
pe-a,PROPN,NOUN
seguessa,VERB,VERB
pubrica,NOUN,NOUN
do,ADP,FUNC
Commun,PROPN,NOUN
",",PUNCT,PUNCT
Christophe,PROPN,NOUN
Balet,PROPN,NOUN
",",PUNCT,PUNCT
e,CCONJ,FUNC
chi,PROPN,NOUN
gh’ea,PROPN,NOUN
primma,ADJ,ADJ
",",PUNCT,PUNCT
Ken,PROPN,NOUN
Jacquemoud,PROPN,NOUN
.,PUNCT,PUNCT
Dòppo,PROPN,NOUN
a,ADP,FUNC
liberaçion,PROPN,NOUN
di,PROPN,NOUN
bacchen,PROPN,NOUN
do,ADP,FUNC
Constellation,PROPN,NOUN
s’é,PROPN,NOUN
averto,ADJ,ADJ
o,DET,PRON
scontro,NOUN,NOUN
diplomatico,ADJ,ADJ
tra,PROPN,NOUN
Italia,PROPN,NOUN
e,CCONJ,FUNC
Svissera,PROPN,NOUN
co-o,PROPN,NOUN
reciammo,VERB,VERB
à,ADP,FUNC
Romma,PROPN,NOUN
de,ADP,FUNC
l’ambasciou,VERB,VERB
.,PUNCT,PUNCT
Pe,NOUN,NOUN
fâlo,ADJ,ADJ
tornâ,NOUN,NOUN
inderê,VERB,VERB
o,DET,PRON
Governo,PROPN,NOUN
o,PRON,PRON
veu,VERB,VERB
«,PUNCT,PUNCT
unn’effettiva,ADJ,ADJ
conlaboraçion,VERB,VERB
tra,NOUN,NOUN
e,CCONJ,FUNC
autoritæ,NOUN,NOUN
giudiçiäie,PROPN,NOUN
di,PROPN,NOUN
doî,PROPN,NOUN
Stati,PROPN,NOUN
»,PUNCT,PUNCT
e,CCONJ,FUNC
«,PUNCT,PUNCT
a,DET,PRON
constituçion,NOUN,NOUN
a-a,PROPN,NOUN
spedia,NOUN,NOUN
de,ADP,FUNC
unna,PROPN,NOUN
squaddra,PROPN,NOUN
investigativa,ADJ,ADJ
commun»,PROPN,NOUN
.,PUNCT,PUNCT
Anche,VERB,VERB
a,SCONJ,FUNC
passâ,PROPN,NOUN
prescidente,ADV,ADV
e,CCONJ,FUNC
direttoa,PROPN,NOUN
generale,NOUN,NOUN
de,ADP,FUNC
l’Amt,NOUN,NOUN
",",PUNCT,PUNCT
a,DET,PRON
Ilaria,PROPN,NOUN
Gavuglio,PROPN,NOUN
",",PUNCT,PUNCT
a,DET,PRON
l’é,NOUN,NOUN
indagâ,PROPN,NOUN
da-a,VERB,VERB
Procua,NOUN,NOUN
de,ADP,FUNC
Zena,PROPN,NOUN
pe,ADP,FUNC
fäso,PROPN,NOUN
inti,VERB,VERB
conti,PROPN,NOUN
e,CCONJ,FUNC
bancarotta,NOUN,NOUN
de,ADP,FUNC
sfrouxo,NOUN,NOUN
.,PUNCT,PUNCT
A,DET,PRON
guardia,NOUN,NOUN
de,ADP,FUNC
finansa,NOUN,NOUN
a,ADP,FUNC
l’é,NOUN,NOUN
arrivâ,PROPN,NOUN
into,NOUN,NOUN
seu,DET,PRON
studio,NOUN,NOUN
privou,VERB,VERB
da,ADP,FUNC
commerçialista,NOUN,NOUN
e,CCONJ,FUNC
a,DET,PRON
gh’à,NOUN,NOUN
piggiou,VERB,VERB
o,DET,PRON
telefono,NOUN,NOUN
e,CCONJ,FUNC
i,PROPN,NOUN
papê,PROPN,NOUN
relativi,PROPN,NOUN
à,ADP,FUNC
l’açienda,PROPN,NOUN
",",PUNCT,PUNCT
dapeu,VERB,VERB
a,ADP,FUNC
l’é,NOUN,NOUN
tornâ,PROPN,NOUN
inti,VERB,VERB
scagni,PROPN,NOUN
de,ADP,FUNC
l’Amt,NOUN,NOUN
.,PUNCT,PUNCT
Inti,VERB,VERB
giorni,PROPN,NOUN
passæ,ADJ,ADJ
di,PROPN,NOUN
atri,VERB,VERB
componenti,VERB,VERB
do,ADP,FUNC
conseggio,NOUN,NOUN
d’amministraçion,PROPN,NOUN
passou,VERB,VERB
aivan,VERB,VERB
za,DET,PRON
reçevuo,ADJ,ADJ
un,NOUN,NOUN
avviso,ADV,ADV
de,ADP,FUNC
garançia,NOUN,NOUN
.,PUNCT,PUNCT
Intanto,ADV,ADV
se,ADP,FUNC
va,AUX,VERB
avanti,VERB,VERB
co-i,NOUN,NOUN
incontri,ADJ,ADJ
pe,ADP,FUNC
sarvâ,NOUN,NOUN
a,ADP,FUNC
soçietæ,NOUN,NOUN
da-o,PROPN,NOUN
fallimento,ADJ,ADJ
:,PUNCT,PUNCT
pe-o,VERB,VERB
2026,NUM,ADJ
servià,NOUN,NOUN
98,NUM,ADJ
mioin,PROPN,NOUN
de,ADP,FUNC
dinæ,PROPN,NOUN
in,X,OTHER
ciù,NOUN,NOUN
in,PROPN,NOUN
sciô,VERB,VERB
capitale,VERB,VERB
",",PUNCT,PUNCT
ancon,NOUN,NOUN
da,ADP,FUNC
capî,NOUN,NOUN
cöse,VERB,VERB
ghe,PROPN,NOUN
mettià,PROPN,NOUN
a,ADP,FUNC
Region,PROPN,NOUN
.,PUNCT,PUNCT
O,DET,PRON
2025,NUM,ADJ
ascì,VERB,VERB
o,DET,PRON
se,PRON,PRON
serrià,PROPN,NOUN
in,PROPN,NOUN
perdia,VERB,VERB
",",PUNCT,PUNCT
s’astimma,PROPN,NOUN
atri,PROPN,NOUN
25,NUM,ADJ
mioin,NOUN,NOUN
.,PUNCT,PUNCT
A,DET,PRON
scindica,NOUN,NOUN
Salis,PROPN,NOUN
:,PUNCT,PUNCT
«,PUNCT,PUNCT
A,DET,PRON
l’é,NOUN,NOUN
unna,PROPN,NOUN
bomba,PROPN,NOUN
in,PROPN,NOUN
scî,PROPN,NOUN
conti,VERB,VERB
do,ADP,FUNC
Commun,PROPN,NOUN
»,PUNCT,PUNCT
.,PUNCT,PUNCT
"

",SPACE,OTHER
Unna,PROPN,NOUN
barca,ADJ,ADJ
da,ADP,FUNC
pesca,NOUN,NOUN
a,ADP,FUNC
l’é,NOUN,NOUN
anæta,ADJ,ADJ
a-o,VERB,VERB
fondo,VERB,VERB
feua,NOUN,NOUN
da-o,PROPN,NOUN
monte,ADJ,ADJ
de,ADP,FUNC
Portofin,PROPN,NOUN
a-i,VERB,VERB
2,NUM,ADJ
de,ADP,FUNC
frevâ,NOUN,NOUN
.,PUNCT,PUNCT
À,NOUN,NOUN
bordo,ADP,FUNC
gh’ea,PROPN,NOUN
doe,NOUN,NOUN
persoñe,VERB,VERB
:,PUNCT,PUNCT
un,PROPN,NOUN
pescou,VERB,VERB
de,ADP,FUNC
28,NUM,ADJ
anni,NOUN,NOUN
",",PUNCT,PUNCT
sarvou,VERB,VERB
da,ADP,FUNC
un,PROPN,NOUN
remorco,VERB,VERB
dòppo,PROPN,NOUN
l’açidente,ADJ,ADJ
",",PUNCT,PUNCT
e,CCONJ,FUNC
o,DET,PRON
comandante,NOUN,NOUN
do,ADP,FUNC
quæ,PROPN,NOUN
no,ADP,FUNC
s’é,ADJ,ADJ
ciù,NOUN,NOUN
trovou,VERB,VERB
niente,ADV,ADV
.,PUNCT,PUNCT
Segondo,VERB,VERB
a,ADP,FUNC
reconstruçion,PROPN,NOUN
",",PUNCT,PUNCT
l’ea,PROPN,NOUN
stæto,VERB,VERB
pròpio,NOUN,NOUN
lê,VERB,VERB
à,ADP,FUNC
ciammâ,ADJ,ADJ
aggiutto,PROPN,NOUN
perché,ADJ,ADJ
intrava,VERB,VERB
de,ADP,FUNC
l’ægua,PROPN,NOUN
da,ADP,FUNC
unna,PROPN,NOUN
falla,ADJ,ADJ
.,PUNCT,PUNCT
O,DET,PRON
mocciaccio,NOUN,NOUN
o,DET,PRON
s’é,NOUN,NOUN
cacciou,VERB,VERB
in,X,OTHER
mâ,X,OTHER
e,CCONJ,FUNC
o,DET,PRON
l’é,PROPN,NOUN
stæto,PROPN,NOUN
portou,VERB,VERB
à,ADP,FUNC
l’uspiâ,PROPN,NOUN
",",PUNCT,PUNCT
ma,VERB,VERB
o,DET,PRON
comandante,NOUN,NOUN
",",PUNCT,PUNCT
o,PRON,PRON
tunexin,VERB,VERB
Dhib,PROPN,NOUN
Zouahier,PROPN,NOUN
Ben,PROPN,NOUN
Ali,PROPN,NOUN
",",PUNCT,PUNCT
o,DET,PRON
no,ADP,FUNC
l’à,PROPN,NOUN
abbandonou,VERB,VERB
a,DET,PRON
barca,NOUN,NOUN
à,ADP,FUNC
tempo,NOUN,NOUN
e,CCONJ,FUNC
o,DET,PRON
l’é,PROPN,NOUN
stæto,PROPN,NOUN
tiou,VERB,VERB
drento,NOUN,NOUN
a-o,VERB,VERB
remoin,NOUN,NOUN
.,PUNCT,PUNCT
O,DET,PRON
còrpo,NOUN,NOUN
o,PRON,PRON
no,ADP,FUNC
l’é,NOUN,NOUN
ciù,NOUN,NOUN
vegnuo,VERB,VERB
à,ADP,FUNC
galla,PROPN,NOUN
",",PUNCT,PUNCT
a,DET,PRON
çerchia,NOUN,NOUN
a,ADP,FUNC
va,PROPN,NOUN
avanti,VERB,VERB
",",PUNCT,PUNCT
ma,NOUN,NOUN
inte,ADJ,ADJ
quello,VERB,VERB
ponto,NOUN,NOUN
o,DET,PRON
fondo,VERB,VERB
o,DET,PRON
l’arriva,NOUN,NOUN
à,ADP,FUNC
300,NUM,ADJ
metri,PROPN,NOUN
e,CCONJ,FUNC
no,ADP,FUNC
se,PRON,PRON
ghe,PROPN,NOUN
peu,X,OTHER
chinâ,PROPN,NOUN
.,PUNCT,PUNCT
"

",SPACE,OTHER
I,PROPN,NOUN
pòrti,VERB,VERB
de,ADP,FUNC
Zena,PROPN,NOUN
e,CCONJ,FUNC
Saña,PROPN,NOUN
an,SCONJ,FUNC
marcou,VERB,VERB
un,PROPN,NOUN
neuvo,PROPN,NOUN
record,NOUN,NOUN
de,SCONJ,FUNC
trafeghi,VERB,VERB
do,ADP,FUNC
2025,NUM,ADJ
",",PUNCT,PUNCT
arrivando,VERB,VERB
squæxi,ADJ,ADJ
à,ADP,FUNC
3,NUM,ADJ
mioin,NOUN,NOUN
de,ADP,FUNC
Teu,NOUN,NOUN
mesciæ,ADJ,ADJ
",",PUNCT,PUNCT
in,X,OTHER
montâ,VERB,VERB
do,ADP,FUNC
"6,3",NUM,ADJ
%,SYM,OTHER
da-o,PROPN,NOUN
2024,NUM,ADJ
",",PUNCT,PUNCT
pe,PRON,PRON
de,ADP,FUNC
ciù,NOUN,NOUN
inte,ADJ,ADJ
un,NOUN,NOUN
contesto,ADJ,ADJ
internaçionale,NOUN,NOUN
segnou,VERB,VERB
da,ADP,FUNC
l’inçertessa,NOUN,NOUN
geopolitica,ADJ,ADJ
e,CCONJ,FUNC
da-a,VERB,VERB
tenscion,NOUN,NOUN
.,PUNCT,PUNCT
In,PROPN,NOUN
termini,PROPN,NOUN
de,ADP,FUNC
peiso,NOUN,NOUN
",",PUNCT,PUNCT
da-o,PROPN,NOUN
scistema,ADJ,ADJ
portuale,NOUN,NOUN
do,ADP,FUNC
Mâ,PROPN,NOUN
Ligure,PROPN,NOUN
de,ADP,FUNC
Ponente,PROPN,NOUN
l’é,PROPN,NOUN
passou,VERB,VERB
"62,9",NUM,ADJ
mioin,NOUN,NOUN
de,ADP,FUNC
tonnëi,NOUN,NOUN
",",PUNCT,PUNCT
un,PROPN,NOUN
pö,PROPN,NOUN
ciù,NOUN,NOUN
basso,NOUN,NOUN
che,VERB,VERB
o,DET,PRON
2024,NUM,ADJ
(,PUNCT,PUNCT
meno,NOUN,NOUN
"0,8",NUM,ADJ
%,SYM,OTHER
),PUNCT,PUNCT
.,PUNCT,PUNCT
O,DET,PRON
trafego,NOUN,NOUN
di,PROPN,NOUN
passaggê,VERB,VERB
o,DET,PRON
l’é,NOUN,NOUN
cresciuo,NOUN,NOUN
",",PUNCT,PUNCT
con,NOUN,NOUN
passâ,ADJ,ADJ
o,DET,PRON
livello,PROPN,NOUN
di,PROPN,NOUN
5,NUM,ADJ
mioin,NOUN,NOUN
tra,PROPN,NOUN
Zena,PROPN,NOUN
e,CCONJ,FUNC
Saña,PROPN,NOUN
:,PUNCT,PUNCT
e,CCONJ,FUNC
croxee,VERB,VERB
an,SCONJ,FUNC
marcou,VERB,VERB
un,NUM,ADJ
"6,1",NUM,ADJ
%,SYM,OTHER
in,X,OTHER
ciù,NOUN,NOUN
.,PUNCT,PUNCT
«,PUNCT,PUNCT
Un,PROPN,NOUN
sato,ADJ,ADJ
pe-o,ADJ,ADJ
nòstro,NOUN,NOUN
scistema,ADJ,ADJ
portuale,NOUN,NOUN
–,SYM,OTHER
o,DET,PRON
commento,NOUN,NOUN
do,ADP,FUNC
prescidente,NOUN,NOUN
Matteo,PROPN,NOUN
Paroli,PROPN,NOUN
–,PUNCT,PUNCT
.,PUNCT,PUNCT
A,DET,PRON
l’é,NOUN,NOUN
a,DET,PRON
preuva,NOUN,NOUN
che,PROPN,NOUN
semmo,VERB,VERB
boin,ADJ,ADJ
à,ADP,FUNC
attrae,NOUN,NOUN
di,PROPN,NOUN
trafeghi,VERB,VERB
e,CCONJ,FUNC
adattâse,PROPN,NOUN
a-i,PROPN,NOUN
cangiamenti,PROPN,NOUN
do,ADP,FUNC
mercou,NOUN,NOUN
»,PUNCT,PUNCT
.,PUNCT,PUNCT
"

",SPACE,OTHER
O,DET,PRON
Governo,PROPN,NOUN
o,DET,PRON
l’à,NOUN,NOUN
inandiou,VERB,VERB
a,DET,PRON
streita,ADJ,ADJ
in,NOUN,NOUN
sciâ,ADJ,ADJ
seguessa,VERB,VERB
dòppo,PROPN,NOUN
i,PROPN,NOUN
scontri,PROPN,NOUN
di,PROPN,NOUN
31,NUM,ADJ
de,ADP,FUNC
zenâ,NOUN,NOUN
à,ADP,FUNC
Turin,PROPN,NOUN
",",PUNCT,PUNCT
donde,ADV,ADV
gh’ea,ADJ,ADJ
a,DET,PRON
manifestaçion,NOUN,NOUN
pe,ADP,FUNC
no,ADP,FUNC
serrâ,NOUN,NOUN
o,DET,PRON
çentro,NOUN,NOUN
soçiale,NOUN,NOUN
Askatasuna,NOUN,NOUN
.,PUNCT,PUNCT
L’imagine,VERB,VERB
de,ADP,FUNC
un,PROPN,NOUN
poliçiòtto,PROPN,NOUN
contornou,VERB,VERB
e,CCONJ,FUNC
piggiou,VERB,VERB
à,ADP,FUNC
baccæ,NOUN,NOUN
da,PRON,PRON
da,ADP,FUNC
gente,NOUN,NOUN
ingiarmæ,VERB,VERB
a,DET,PRON
l’à,NOUN,NOUN
fæto,ADV,ADV
o,DET,PRON
gio,NOUN,NOUN
d’Italia,PROPN,NOUN
.,PUNCT,PUNCT
O,DET,PRON
ministëio,NOUN,NOUN
de,ADP,FUNC
l’Interno,NOUN,NOUN
o,DET,PRON
l’à,PROPN,NOUN
studiou,VERB,VERB
de,ADP,FUNC
mesue,NOUN,NOUN
comme,ADJ,ADJ
a,ADP,FUNC
proteçion,PROPN,NOUN
penale,VERB,VERB
pe-i,PROPN,NOUN
agenti,VERB,VERB
e,CCONJ,FUNC
un,PROPN,NOUN
fermo,VERB,VERB
preventivo,ADJ,ADJ
in,PROPN,NOUN
sciô,VERB,VERB
modello,NOUN,NOUN
do,ADP,FUNC
Daspo,PROPN,NOUN
pe-i,VERB,VERB
tifoxi,PROPN,NOUN
.,PUNCT,PUNCT
«,PUNCT,PUNCT
Gh’é,PROPN,NOUN
stæto,VERB,VERB
unna,PROPN,NOUN
reisa,PROPN,NOUN
di,PROPN,NOUN
conti,VERB,VERB
co-o,NOUN,NOUN
Stato,PROPN,NOUN
democratico,ADJ,ADJ
»,PUNCT,PUNCT
",",PUNCT,PUNCT
o,DET,PRON
l’à,NOUN,NOUN
dito,VERB,VERB
o,DET,PRON
ministro,NOUN,NOUN
Piantedosi,PROPN,NOUN
in,PROPN,NOUN
parlamento,NOUN,NOUN
con,PROPN,NOUN
parlâ,NOUN,NOUN
de,ADP,FUNC
dinamiche,VERB,VERB
everscive,PROPN,NOUN
e,CCONJ,FUNC
terroriximo,ADJ,ADJ
.,PUNCT,PUNCT
O,DET,PRON
prescidente,NOUN,NOUN
da,ADP,FUNC
Repubrica,NOUN,NOUN
",",PUNCT,PUNCT
però,VERB,VERB
",",PUNCT,PUNCT
o,DET,PRON
l’à,NOUN,NOUN
fermou,VERB,VERB
e,CCONJ,FUNC
nòrme,ADJ,ADJ
do,ADP,FUNC
decreto,NOUN,NOUN
costrenzendo,VERB,VERB
à,ADP,FUNC
di,PROPN,NOUN
cangiamenti,PROPN,NOUN
.,PUNCT,PUNCT
O,DET,PRON
giudiçe,PROPN,NOUN
o,DET,PRON
porrià,NOUN,NOUN
deçidde,X,OTHER
de,ADP,FUNC
proibî,NOUN,NOUN
e,CCONJ,FUNC
manifestaçioin,PROPN,NOUN
a-i,PROPN,NOUN
condannæ,ADJ,ADJ
pe,ADP,FUNC
devastaçion,PROPN,NOUN
.,PUNCT,PUNCT
A,DET,PRON
Meloni,PROPN,NOUN
:,PUNCT,PUNCT
«,PUNCT,PUNCT
Serve,PROPN,NOUN
un,NOUN,NOUN
scistema,ADJ,ADJ
ciù,NOUN,NOUN
duo,ADJ,ADJ
»,PUNCT,PUNCT
.,PUNCT,PUNCT
"

",SPACE,OTHER
O,DET,PRON
generale,NOUN,NOUN
Roberto,PROPN,NOUN
Vannacci,PROPN,NOUN
o,DET,PRON
l’à,NOUN,NOUN
offiçializzou,VERB,VERB
l’addio,PROPN,NOUN
a-a,PROPN,NOUN
Lega,PROPN,NOUN
e,CCONJ,FUNC
a,DET,PRON
fondaçion,NOUN,NOUN
do,ADP,FUNC
seu,DET,PRON
partio,NOUN,NOUN
Futuro,PROPN,NOUN
Nazionale,PROPN,NOUN
:,PUNCT,PUNCT
«,PUNCT,PUNCT
Veuggio,PROPN,NOUN
anâ,PROPN,NOUN
avanti,VERB,VERB
à,ADP,FUNC
scombatte,NOUN,NOUN
pe-a,PROPN,NOUN
mæ,PROPN,NOUN
patria,ADJ,ADJ
sensa,ADJ,ADJ
mastrussi,ADJ,ADJ
»,PUNCT,PUNCT
",",PUNCT,PUNCT
o,DET,PRON
l’à,NOUN,NOUN
dito,VERB,VERB
.,PUNCT,PUNCT
O,DET,PRON
l’arrestià,PROPN,NOUN
into,PROPN,NOUN
Parlamento,NOUN,NOUN
europeo,VERB,VERB
passando,VERB,VERB
a-o,VERB,VERB
gruppo,ADJ,ADJ
mesccio,NOUN,NOUN
.,PUNCT,PUNCT
O,DET,PRON
Salvini,PROPN,NOUN
o,DET,PRON
l’à,NOUN,NOUN
espresso,ADJ,ADJ
a,ADP,FUNC
seu,DET,PRON
deluxon,NOUN,NOUN
:,PUNCT,PUNCT
«,PUNCT,PUNCT
A,DET,PRON
Lega,PROPN,NOUN
a,DET,PRON
l’aiva,NOUN,NOUN
piggiou,VERB,VERB
quande,SCONJ,FUNC
o,DET,PRON
l’ea,NOUN,NOUN
arrestou,VERB,VERB
da,ADP,FUNC
solo,NOUN,NOUN
»,PUNCT,PUNCT
.,PUNCT,PUNCT
Lê,VERB,VERB
o,DET,PRON
gh’à,ADJ,ADJ
respòsto,NOUN,NOUN
:,PUNCT,PUNCT
«,PUNCT,PUNCT
O,DET,PRON
traditô,PROPN,NOUN
o,DET,PRON
l’é,NOUN,NOUN
o,DET,PRON
Salvini,PROPN,NOUN
",",PUNCT,PUNCT
da-e,NOUN,NOUN
arme,ADJ,ADJ
à,ADP,FUNC
l’Ucraina,PROPN,NOUN
a-i,VERB,VERB
prinçippi,PROPN,NOUN
in,PROPN,NOUN
sciâ,ADJ,ADJ
famiggia,PROPN,NOUN
fin,PROPN,NOUN
a-a,PROPN,NOUN
lezze,ADJ,ADJ
Fornero,PROPN,NOUN
»,PUNCT,PUNCT
.,PUNCT,PUNCT
O,DET,PRON
Vannacci,PROPN,NOUN
l’à,PROPN,NOUN
minsonou,VERB,VERB
un,PROPN,NOUN
sondaggio,PROPN,NOUN
ch’o,PROPN,NOUN
dà,PROPN,NOUN
o,DET,PRON
seu,DET,PRON
partio,NOUN,NOUN
a-o,VERB,VERB
4,NUM,ADJ
%,SYM,OTHER
.,PUNCT,PUNCT
Doî,NOUN,NOUN
deputæ,VERB,VERB
elezzui,NOUN,NOUN
co-a,ADJ,ADJ
Lega,PROPN,NOUN
",",PUNCT,PUNCT
o,DET,PRON
Sasso,PROPN,NOUN
e,CCONJ,FUNC
o,DET,PRON
Ziello,PROPN,NOUN
",",PUNCT,PUNCT
an,PROPN,NOUN
lasciou,VERB,VERB
o,DET,PRON
gruppo,NOUN,NOUN
a-a,PROPN,NOUN
Camia,PROPN,NOUN
.,PUNCT,PUNCT
Scceuppa,VERB,VERB
a,DET,PRON
guæra,NOUN,NOUN
legale,VERB,VERB
in,ADV,ADV
sciô,VERB,VERB
scimbolo,ADJ,ADJ
do,ADP,FUNC
partio,NOUN,NOUN
",",PUNCT,PUNCT
stæto,VERB,VERB
registrou,VERB,VERB
do,ADP,FUNC
2010,NUM,ADJ
da,ADP,FUNC
un,PROPN,NOUN
esponente,PROPN,NOUN
do,ADP,FUNC
Movimento,PROPN,NOUN
5,PROPN,NOUN
Stelle,PROPN,NOUN
e,CCONJ,FUNC
descheito,ADJ,ADJ
do,ADP,FUNC
2020,NUM,ADJ
.,PUNCT,PUNCT
"

",SPACE,OTHER
À,NOUN,NOUN
Milan,PROPN,NOUN
a-i,VERB,VERB
6,NUM,ADJ
de,ADP,FUNC
frevâ,NOUN,NOUN
gh’é,PROPN,NOUN
stæto,VERB,VERB
a,DET,PRON
çeimònia,PROPN,NOUN
d’avertua,NOUN,NOUN
de,ADP,FUNC
Olimpiade,PROPN,NOUN
d’inverno,PROPN,NOUN
",",PUNCT,PUNCT
un,PROPN,NOUN
spettacolo,ADJ,ADJ
con,PROPN,NOUN
doî,PROPN,NOUN
miliardi,PROPN,NOUN
e,CCONJ,FUNC
passa,VERB,VERB
de,ADP,FUNC
telespettatoî,PROPN,NOUN
e,CCONJ,FUNC
atleti,VERB,VERB
de,ADP,FUNC
93,NUM,ADJ
Paixi,PROPN,NOUN
.,PUNCT,PUNCT
In,PROPN,NOUN
tribuña,ADP,FUNC
ciù,NOUN,NOUN
de,ADP,FUNC
50,NUM,ADJ
cappi,PROPN,NOUN
de,ADP,FUNC
Stato,PROPN,NOUN
e,CCONJ,FUNC
de,ADP,FUNC
governo,NOUN,NOUN
",",PUNCT,PUNCT
tra,PROPN,NOUN
i,VERB,VERB
quæ,VERB,VERB
o,DET,PRON
Mattarella,PROPN,NOUN
",",PUNCT,PUNCT
a,DET,PRON
Meloni,PROPN,NOUN
",",PUNCT,PUNCT
o,DET,PRON
viçeprescidente,NOUN,NOUN
american,PROPN,NOUN
Vance,PROPN,NOUN
e,CCONJ,FUNC
o,DET,PRON
segretäio,NOUN,NOUN
generale,ADJ,ADJ
de,ADP,FUNC
l’Onu,PROPN,NOUN
Guterres,PROPN,NOUN
.,PUNCT,PUNCT
Tra,PROPN,NOUN
i,ADP,FUNC
artisti,NOUN,NOUN
a,ADP,FUNC
Mariah,PROPN,NOUN
Carey,PROPN,NOUN
",",PUNCT,PUNCT
o,DET,PRON
Bocelli,PROPN,NOUN
",",PUNCT,PUNCT
o,DET,PRON
Ghali,PROPN,NOUN
",",PUNCT,PUNCT
o,DET,PRON
Favino,PROPN,NOUN
",",PUNCT,PUNCT
o,DET,PRON
Impacciatore,PROPN,NOUN
co-a,ADV,ADV
voxe,ADJ,ADJ
da,ADP,FUNC
Matilda,PROPN,NOUN
De,ADP,FUNC
Angelis,PROPN,NOUN
.,PUNCT,PUNCT
Inti,VERB,VERB
giorni,NOUN,NOUN
primma,ADV,ADV
gh’ea,PROPN,NOUN
stæto,VERB,VERB
di,PROPN,NOUN
attacchi,ADJ,ADJ
informatichi,NOUN,NOUN
da,ADP,FUNC
parte,NOUN,NOUN
di,PROPN,NOUN
hacker,PROPN,NOUN
filo-rusci,NOUN,NOUN
contra,ADP,FUNC
di,PROPN,NOUN
obiettivi,PROPN,NOUN
diplomatichi,PROPN,NOUN
e,CCONJ,FUNC
ascì,NOUN,NOUN
di,PROPN,NOUN
aberghi,PROPN,NOUN
de,ADP,FUNC
Cortina,PROPN,NOUN
.,PUNCT,PUNCT
Sabbo,PROPN,NOUN
a,ADP,FUNC
primma,ADJ,ADJ
medaggia,NOUN,NOUN
do,ADP,FUNC
sci,PROPN,NOUN
.,PUNCT,PUNCT
"

",SPACE,OTHER
O,DET,PRON
prescidente,ADJ,ADJ
american,PROPN,NOUN
Donald,PROPN,NOUN
Trump,PROPN,NOUN
o,PRON,PRON
veu,PROPN,NOUN
portâ,ADJ,ADJ
o,DET,PRON
scistema,ADJ,ADJ
elettorale,PROPN,NOUN
sotta,VERB,VERB
o,DET,PRON
contròllo,NOUN,NOUN
federale,VERB,VERB
",",PUNCT,PUNCT
sciben,ADV,ADV
che,VERB,VERB
a,DET,PRON
Constituçion,PROPN,NOUN
americaña,VERB,VERB
a,DET,PRON
delega,NOUN,NOUN
l’amministraçion,PROPN,NOUN
do,ADP,FUNC
voto,NOUN,NOUN
a-i,PROPN,NOUN
Stati,PROPN,NOUN
.,PUNCT,PUNCT
O,DET,PRON
tycoon,NOUN,NOUN
o,DET,PRON
temme,NOUN,NOUN
e,CCONJ,FUNC
eleçioin,PROPN,NOUN
de,ADP,FUNC
mezo,NOUN,NOUN
e,CCONJ,FUNC
o,DET,PRON
parla,NOUN,NOUN
torna,VERB,VERB
de,ADP,FUNC
teorie,NOUN,NOUN
in,PROPN,NOUN
scî,X,OTHER
imbròggi,ADJ,ADJ
do,ADP,FUNC
2020,NUM,ADJ
.,PUNCT,PUNCT
Intanto,NOUN,NOUN
l’é,PROPN,NOUN
scciuppou,VERB,VERB
unna,PROPN,NOUN
tempesta,PROPN,NOUN
in,PROPN,NOUN
sciô,VERB,VERB
video,ADJ,ADJ
scompartio,NOUN,NOUN
da-o,PROPN,NOUN
Trump,PROPN,NOUN
donde,ADV,ADV
o,PRON,PRON
passou,VERB,VERB
prescidente,ADV,ADV
Obama,PROPN,NOUN
e,CCONJ,FUNC
seu,DET,PRON
moggê,NOUN,NOUN
son,PROPN,NOUN
representæ,NOUN,NOUN
comme,ADJ,ADJ
de,ADP,FUNC
scimie,NOUN,NOUN
.,PUNCT,PUNCT
Da,ADP,FUNC
ciù,NOUN,NOUN
parte,NOUN,NOUN
l’é,PROPN,NOUN
arrivou,VERB,VERB
de,ADP,FUNC
accuse,NOUN,NOUN
de,ADP,FUNC
razziximo,NOUN,NOUN
.,PUNCT,PUNCT
«,PUNCT,PUNCT
A,DET,PRON
l’é,NOUN,NOUN
unna,PROPN,NOUN
persoña,NOUN,NOUN
gramma,ADJ,ADJ
»,PUNCT,PUNCT
",",PUNCT,PUNCT
commenta,PROPN,NOUN
i,PROPN,NOUN
democratichi,PROPN,NOUN
.,PUNCT,PUNCT
In,PROPN,NOUN
sciô,VERB,VERB
fronte,ADV,ADV
de,ADP,FUNC
l’estranxeo,PROPN,NOUN
",",PUNCT,PUNCT
va,PROPN,NOUN
avanti,VERB,VERB
e,CCONJ,FUNC
trattative,VERB,VERB
con,NOUN,NOUN
l’Iran,VERB,VERB
pe,ADP,FUNC
schivâ,PROPN,NOUN
unn’atra,PROPN,NOUN
guæra,NOUN,NOUN
.,PUNCT,PUNCT
"

",SPACE,OTHER
Neuvo,NOUN,NOUN
attentato,ADJ,ADJ
à,ADP,FUNC
Mosca,PROPN,NOUN
",",PUNCT,PUNCT
stavòtta,NOUN,NOUN
contra,ADP,FUNC
o,DET,PRON
segondo,NOUN,NOUN
di,PROPN,NOUN
serviçi,PROPN,NOUN
segretti,VERB,VERB
militari,PROPN,NOUN
rusci,PROPN,NOUN
",",PUNCT,PUNCT
o,DET,PRON
Vladimir,PROPN,NOUN
Alekseyev,PROPN,NOUN
.,PUNCT,PUNCT
O,DET,PRON
generale,NOUN,NOUN
",",PUNCT,PUNCT
divöto,NOUN,NOUN
do,ADP,FUNC
prescidente,ADJ,ADJ
Putin,PROPN,NOUN
",",PUNCT,PUNCT
o,DET,PRON
l’é,PROPN,NOUN
stæto,VERB,VERB
corpio,ADJ,ADJ
con,PROPN,NOUN
di,PROPN,NOUN
spari,PROPN,NOUN
in,PROPN,NOUN
sciô,PROPN,NOUN
ballou,VERB,VERB
de,ADP,FUNC
cà,PROPN,NOUN
e,CCONJ,FUNC
o,DET,PRON
l’é,NOUN,NOUN
inte,ADJ,ADJ
unna,PROPN,NOUN
condiçion,PROPN,NOUN
graviscima,VERB,VERB
.,PUNCT,PUNCT
O,DET,PRON
ministro,NOUN,NOUN
de,ADP,FUNC
l’Estranxeo,PROPN,NOUN
Lavrov,PROPN,NOUN
o,DET,PRON
l’accusa,PRON,PRON
:,PUNCT,PUNCT
«,PUNCT,PUNCT
L’inçenta,PROPN,NOUN
a,PRON,PRON
mostra,VERB,VERB
a,DET,PRON
voentæ,NOUN,NOUN
de,ADP,FUNC
Kiev,PROPN,NOUN
de,ADP,FUNC
mandâ,PROPN,NOUN
à,ADP,FUNC
l’äia,PROPN,NOUN
e,CCONJ,FUNC
negoçiaçioin,PROPN,NOUN
»,PUNCT,PUNCT
.,PUNCT,PUNCT
Intanto,NOUN,NOUN
in,PROPN,NOUN
Ucraina,PROPN,NOUN
a,ADP,FUNC
tregua,NOUN,NOUN
do,ADP,FUNC
zeo,NOUN,NOUN
a,DET,PRON
l’é,NOUN,NOUN
finia,NOUN,NOUN
e,CCONJ,FUNC
l’é,NOUN,NOUN
comensou,VERB,VERB
torna,VERB,VERB
i,PROPN,NOUN
attacchi,PROPN,NOUN
in,PROPN,NOUN
scê,VERB,VERB
infrastruttue,PROPN,NOUN
energetiche,X,OTHER
.,PUNCT,PUNCT
L’Union,PROPN,NOUN
europea,VERB,VERB
a,ADP,FUNC
l’à,NOUN,NOUN
presentou,VERB,VERB
o,DET,PRON
vinteximo,ADJ,ADJ
pacchetto,ADJ,ADJ
de,ADP,FUNC
sançioin,PROPN,NOUN
contra,ADP,FUNC
a,DET,PRON
Ruscia,PROPN,NOUN
pe,ADP,FUNC
«,PUNCT,PUNCT
costrenze,VERB,VERB
o,DET,PRON
Putin,PROPN,NOUN
a-a,PROPN,NOUN
paxe,PROPN,NOUN
»,PUNCT,PUNCT
.,PUNCT,PUNCT
"

",SPACE,OTHER
Cresce,VERB,VERB
o,DET,PRON
conto,NOUN,NOUN
di,PROPN,NOUN
mòrti,VERB,VERB
inta,VERB,VERB
strage,X,OTHER
de,ADP,FUNC
Crans-Montana,PROPN,NOUN
a-o,VERB,VERB
Primmo,PROPN,NOUN
de,ADP,FUNC
l’anno,PROPN,NOUN
.,PUNCT,PUNCT
Un,NUM,ADJ
zoeno,PROPN,NOUN
de,ADP,FUNC
18,NUM,ADJ
anni,VERB,VERB
ch’o,PROPN,NOUN
l’ea,PROPN,NOUN
recoverou,VERB,VERB
à,ADP,FUNC
l’uspiâ,PROPN,NOUN
de,ADP,FUNC
Zurigo,PROPN,NOUN
o,PROPN,NOUN
no,ADP,FUNC
ghe,PROPN,NOUN
l’à,NOUN,NOUN
fæta,ADJ,ADJ
.,PUNCT,PUNCT
E,CCONJ,FUNC
vittime,NOUN,NOUN
oua,SYM,OTHER
son,PROPN,NOUN
41,NUM,ADJ
",",PUNCT,PUNCT
i,PROPN,NOUN
ferii,PROPN,NOUN
115,NUM,ADJ
",",PUNCT,PUNCT
tanti,VERB,VERB
inte,ADJ,ADJ
unna,NOUN,NOUN
condiçion,PROPN,NOUN
grave,ADJ,ADJ
pe-e,PROPN,NOUN
bruxeuie,PROPN,NOUN
.,PUNCT,PUNCT
Da,ADP,FUNC
l’investigaçion,PROPN,NOUN
l’é,PROPN,NOUN
vegnuo,ADJ,ADJ
feua,VERB,VERB
che,VERB,VERB
i,PROPN,NOUN
contròlli,PROPN,NOUN
mancæ,VERB,VERB
into,PROPN,NOUN
locale,ADJ,ADJ
Le,PROPN,NOUN
Constellation,PROPN,NOUN
",",PUNCT,PUNCT
da-o,PROPN,NOUN
2019,NUM,ADJ
a-o,VERB,VERB
2025,NUM,ADJ
",",PUNCT,PUNCT
saieivan,ADJ,ADJ
stæti,NOUN,NOUN
caxonæ,ADJ,ADJ
da,ADP,FUNC
di,PROPN,NOUN
problemi,ADJ,ADJ
d’aggiornamento,NOUN,NOUN
do,ADP,FUNC
scistema,NOUN,NOUN
informatico,ADJ,ADJ
ch’o,PROPN,NOUN
gestisce,VERB,VERB
a,ADP,FUNC
proçedua,NOUN,NOUN
.,PUNCT,PUNCT
L’à,VERB,VERB
dito,VERB,VERB
o,DET,PRON
Christophe,PROPN,NOUN
Balet,PROPN,NOUN
",",PUNCT,PUNCT
responsabile,NOUN,NOUN
da,ADP,FUNC
seguessa,NOUN,NOUN
do,ADP,FUNC
Commun,PROPN,NOUN
",",PUNCT,PUNCT
inte,ADJ,ADJ
l’interrogatöio,VERB,VERB
à,ADP,FUNC
Sion,PROPN,NOUN
.,PUNCT,PUNCT
Presente,NOUN,NOUN
anche,VERB,VERB
o,DET,PRON
baccan,NOUN,NOUN
Jacques,PROPN,NOUN
Moretti,PROPN,NOUN
",",PUNCT,PUNCT
tornou,VERB,VERB
in,ADV,ADV
libertæ,NOUN,NOUN
dòppo,ADJ,ADJ
o,DET,PRON
pagamento,NOUN,NOUN
da,ADP,FUNC
cauçion,PROPN,NOUN
.,PUNCT,PUNCT
"
",SPACE,OTHER
Unna,PROPN,NOUN
figgiña,PROPN,NOUN
de,ADP,FUNC
doî,PROPN,NOUN
anni,PROPN,NOUN
",",PUNCT,PUNCT
de,ADP,FUNC
nomme,PROPN,NOUN
Beatrice,PROPN,NOUN
",",PUNCT,PUNCT
a,DET,PRON
l’é,NOUN,NOUN
mòrta,VERB,VERB
à,ADP,FUNC
Bordighea,PROPN,NOUN
a-i,VERB,VERB
9,NUM,ADJ
de,ADP,FUNC
zenâ,NOUN,NOUN
.,PUNCT,PUNCT
I,PROPN,NOUN
soccorritoî,VERB,VERB
l’an,PROPN,NOUN
trovâ,VERB,VERB
za,ADP,FUNC
co-o,NOUN,NOUN
cheu,VERB,VERB
ch’o,NOUN,NOUN
no,ADP,FUNC
batteiva,ADJ,ADJ
ciù,NOUN,NOUN
.,PUNCT,PUNCT
A,ADP,FUNC
moæ,NOUN,NOUN
",",PUNCT,PUNCT
Manuela,PROPN,NOUN
Aiello,PROPN,NOUN
de,ADP,FUNC
43,NUM,ADJ
anni,VERB,VERB
",",PUNCT,PUNCT
a,DET,PRON
l’é,NOUN,NOUN
stæta,PROPN,NOUN
arrestâ,ADJ,ADJ
e,CCONJ,FUNC
missa,NOUN,NOUN
in,NOUN,NOUN
prexon,ADJ,ADJ
à,ADP,FUNC
Pontedeximo,PROPN,NOUN
.,PUNCT,PUNCT
O,DET,PRON
mego,NOUN,NOUN
legale,VERB,VERB
o,DET,PRON
l’à,PROPN,NOUN
trovou,VERB,VERB
di,PROPN,NOUN
negroin,PROPN,NOUN
in,PROPN,NOUN
sciô,VERB,VERB
còrpo,VERB,VERB
da,ADP,FUNC
picciña,NOUN,NOUN
.,PUNCT,PUNCT
A,ADP,FUNC
moæ,NOUN,NOUN
a,ADP,FUNC
l’à,NOUN,NOUN
dito,VERB,VERB
ch’a,DET,PRON
l’ea,PROPN,NOUN
cheita,ADJ,ADJ
da,ADP,FUNC
unna,NOUN,NOUN
scâ,PROPN,NOUN
",",PUNCT,PUNCT
ma,AUX,VERB
che,VERB,VERB
paiva,ADJ,ADJ
ch’a,AUX,VERB
stesse,VERB,VERB
ben,PROPN,NOUN
ascì,PROPN,NOUN
ch’a,VERB,VERB
mostrava,VERB,VERB
di,PROPN,NOUN
problemi,PROPN,NOUN
de,ADP,FUNC
respiaçion,PROPN,NOUN
.,PUNCT,PUNCT
Pe-i,NOUN,NOUN
inquirenti,VERB,VERB
",",PUNCT,PUNCT
però,VERB,VERB
",",PUNCT,PUNCT
quelli,PRON,PRON
segni,VERB,VERB
saieivan,ADJ,ADJ
stæti,NOUN,NOUN
caxonæ,ADJ,ADJ
da,ADP,FUNC
unna,PROPN,NOUN
violensa,ADJ,ADJ
e,CCONJ,FUNC
no,ADP,FUNC
da,ADP,FUNC
un,NOUN,NOUN
açidente,ADV,ADV
.,PUNCT,PUNCT
Dòppo,PROPN,NOUN
l’interrogatöio,PROPN,NOUN
l’é,PROPN,NOUN
vegnuo,ADJ,ADJ
feua,VERB,VERB
che,VERB,VERB
a,DET,PRON
figgetta,NOUN,NOUN
a,DET,PRON
saieiva,ADJ,ADJ
mòrta,NOUN,NOUN
à,ADP,FUNC
Preinoudo,PROPN,NOUN
",",PUNCT,PUNCT
donde,ADV,ADV
stava,VERB,VERB
o,DET,PRON
compagno,NOUN,NOUN
da,ADP,FUNC
dònna,NOUN,NOUN
",",PUNCT,PUNCT
lê,VERB,VERB
ascì,PROPN,NOUN
indagou,VERB,VERB
",",PUNCT,PUNCT
e,CCONJ,FUNC
donde,ADV,ADV
tutte,PROPN,NOUN
træ,PROPN,NOUN
e,CCONJ,FUNC
figge,NOUN,NOUN
aivan,PROPN,NOUN
passou,VERB,VERB
a,ADP,FUNC
neutte,NOUN,NOUN
.,PUNCT,PUNCT
"

",SPACE,OTHER
Con,NOUN,NOUN
300,NUM,ADJ
chilli,PROPN,NOUN
de,ADP,FUNC
povie,PROPN,NOUN
missi,NOUN,NOUN
inte,ADJ,ADJ
24,NUM,ADJ
beuggi,PROPN,NOUN
l’é,PROPN,NOUN
sätou,VERB,VERB
pe,ADP,FUNC
l’äia,NOUN,NOUN
o,DET,PRON
magheu,NOUN,NOUN
de,ADP,FUNC
2mia,PROPN,NOUN
tonnëi,NOUN,NOUN
e,CCONJ,FUNC
720,NUM,ADJ
metri,ADJ,ADJ
cubbi,PROPN,NOUN
(,PUNCT,PUNCT
comme,NOUN,NOUN
un,PROPN,NOUN
palaçio,NOUN,NOUN
de,ADP,FUNC
quattro,NOUN,NOUN
cen,INTJ,OTHER
),PUNCT,PUNCT
arrestou,VERB,VERB
appeiso,ADV,ADV
in,ADJ,ADJ
sce,VERB,VERB
l’Aurelia,PROPN,NOUN
dòppo,ADV,ADV
a,ADP,FUNC
fraña,PROPN,NOUN
di,PROPN,NOUN
25,PROPN,NOUN
de,ADP,FUNC
zenâ,PROPN,NOUN
tra,NOUN,NOUN
Vexima,PROPN,NOUN
e,CCONJ,FUNC
Rensen,PROPN,NOUN
.,PUNCT,PUNCT
O,DET,PRON
travaggio,NOUN,NOUN
",",PUNCT,PUNCT
fæto,ADV,ADV
fâ,NOUN,NOUN
da,ADP,FUNC
l’Anas,NOUN,NOUN
à,ADP,FUNC
unna,NOUN,NOUN
dita,VERB,VERB
speçializzâ,NOUN,NOUN
",",PUNCT,PUNCT
o,DET,PRON
l’é,PROPN,NOUN
stæto,VERB,VERB
compio,NOUN,NOUN
a-i,VERB,VERB
13,NUM,ADJ
de,ADP,FUNC
frevâ,NOUN,NOUN
à,ADP,FUNC
doe,NOUN,NOUN
e,CCONJ,FUNC
meza,NOUN,NOUN
de,ADP,FUNC
doppodisnâ,NOUN,NOUN
.,PUNCT,PUNCT
Gh’é,ADV,ADV
stæto,VERB,VERB
beseugno,ADJ,ADJ
d’affermâ,PROPN,NOUN
i,PROPN,NOUN
treni,PROPN,NOUN
pe,ADP,FUNC
unn’oa,ADJ,ADJ
pöcassæ,NOUN,NOUN
",",PUNCT,PUNCT
incangio,NOUN,NOUN
l’autostradda,VERB,VERB
a,ADP,FUNC
no,ADP,FUNC
l’à,PROPN,NOUN
mai,AUX,VERB
serrou,VERB,VERB
.,PUNCT,PUNCT
Oua,PROPN,NOUN
se,PRON,PRON
travaggia,VERB,VERB
pe,ADP,FUNC
arvî,NOUN,NOUN
torna,VERB,VERB
a,ADP,FUNC
stradda,NOUN,NOUN
pe-o,VERB,VERB
1,NUM,ADJ
°,NUM,ADJ
de,ADP,FUNC
marso,NOUN,NOUN
",",PUNCT,PUNCT
a-o,VERB,VERB
manco,NOUN,NOUN
con,PROPN,NOUN
unn’andania,PROPN,NOUN
.,PUNCT,PUNCT
E,CCONJ,FUNC
prie,VERB,VERB
vegnue,ADJ,ADJ
zu,CCONJ,FUNC
da-a,VERB,VERB
còsta,NOUN,NOUN
saian,PROPN,NOUN
addeuviæ,VERB,VERB
pe,ADP,FUNC
rinforsâ,NOUN,NOUN
a,ADP,FUNC
scuggea,ADJ,ADJ
sotta,NOUN,NOUN
a,ADP,FUNC
stradda,NOUN,NOUN
comme,ADJ,ADJ
proteçion,PROPN,NOUN
da-i,VERB,VERB
mouxi,PROPN,NOUN
.,PUNCT,PUNCT
"

",SPACE,OTHER
O,DET,PRON
Commun,PROPN,NOUN
de,ADP,FUNC
Zena,PROPN,NOUN
o,DET,PRON
l’à,PROPN,NOUN
deciarou,VERB,VERB
l’interesse,ADP,FUNC
pubrico,NOUN,NOUN
in,PROPN,NOUN
sciâ,ADJ,ADJ
propòsta,ADJ,ADJ
de,ADP,FUNC
Zena,PROPN,NOUN
e,CCONJ,FUNC
Sandöia,PROPN,NOUN
pe-a,PROPN,NOUN
conçescion,VERB,VERB
do,ADP,FUNC
stadio,NOUN,NOUN
Ferraris,PROPN,NOUN
.,PUNCT,PUNCT
E,CCONJ,FUNC
squaddre,NOUN,NOUN
an,ADP,FUNC
promisso,NOUN,NOUN
di,PROPN,NOUN
investimenti,VERB,VERB
pe,ADP,FUNC
100,NUM,ADJ
mioin,NOUN,NOUN
e,CCONJ,FUNC
passa,VERB,VERB
pe,ADP,FUNC
renovâlo,PROPN,NOUN
in,PROPN,NOUN
cangio,PROPN,NOUN
do,ADP,FUNC
drito,NOUN,NOUN
de,ADP,FUNC
terren,NOUN,NOUN
pe,ADP,FUNC
99,NUM,ADJ
anni,NOUN,NOUN
(,PUNCT,PUNCT
di,PROPN,NOUN
quæ,PROPN,NOUN
50,NUM,ADJ
de,ADP,FUNC
badda,PROPN,NOUN
che,AUX,VERB
van,VERB,VERB
comme,NOUN,NOUN
6,NUM,ADJ
mioin,NOUN,NOUN
),PUNCT,PUNCT
.,PUNCT,PUNCT
A,DET,PRON
scindica,NOUN,NOUN
Silvia,PROPN,NOUN
Salis,PROPN,NOUN
a,ADP,FUNC
l’à,NOUN,NOUN
dito,VERB,VERB
che,VERB,VERB
i,ADP,FUNC
19,NUM,ADJ
mioin,PROPN,NOUN
che,PROPN,NOUN
i,PROPN,NOUN
club,PROPN,NOUN
voeivan,PROPN,NOUN
mette,NOUN,NOUN
à,ADP,FUNC
carrego,NOUN,NOUN
do,ADP,FUNC
Commun,PROPN,NOUN
dovià,PROPN,NOUN
çercâli,PROPN,NOUN
e,CCONJ,FUNC
soçietæ,VERB,VERB
pe,ADP,FUNC
mezo,NOUN,NOUN
d’atre,ADP,FUNC
vivagne,NOUN,NOUN
de,ADP,FUNC
finançiamento,NOUN,NOUN
.,PUNCT,PUNCT
Oua,VERB,VERB
o,DET,PRON
consòrçio,NOUN,NOUN
Stadium,PROPN,NOUN
",",PUNCT,PUNCT
formou,VERB,VERB
da,ADP,FUNC
Zena,PROPN,NOUN
e,CCONJ,FUNC
Sandöia,PROPN,NOUN
",",PUNCT,PUNCT
o,DET,PRON
l’avià,PROPN,NOUN
da,ADP,FUNC
consegnâ,NOUN,NOUN
o,DET,PRON
progetto,NOUN,NOUN
de,ADP,FUNC
fattibilitæ,NOUN,NOUN
da,ADP,FUNC
chì,PROPN,NOUN
a-a,NOUN,NOUN
meitæ,NOUN,NOUN
de,ADP,FUNC
marso,NOUN,NOUN
.,PUNCT,PUNCT
L’intençion,PROPN,NOUN
a,ADP,FUNC
l’é,NOUN,NOUN
delongo,ADJ,ADJ
quella,VERB,VERB
d’aveighe,PROPN,NOUN
un,PROPN,NOUN
stadio,PROPN,NOUN
bon,VERB,VERB
à,ADP,FUNC
ospitâ,NOUN,NOUN
di,PROPN,NOUN
spettacoli,PROPN,NOUN
e,CCONJ,FUNC
ascì,NOUN,NOUN
de,ADP,FUNC
partie,NOUN,NOUN
di,PROPN,NOUN
Europëi,PROPN,NOUN
de,ADP,FUNC
ballon,NOUN,NOUN
do,ADP,FUNC
2032,NUM,ADJ
.,PUNCT,PUNCT
"

",SPACE,OTHER
«,PUNCT,PUNCT
Pe-o,PRON,PRON
no,ADP,FUNC
votià,NOUN,NOUN
e,CCONJ,FUNC
persoñe,VERB,VERB
daben,PRON,PRON
",",PUNCT,PUNCT
pe-o,VERB,VERB
scì,PROPN,NOUN
i,PROPN,NOUN
imputæ,PROPN,NOUN
e,CCONJ,FUNC
i,PROPN,NOUN
framassoin,PROPN,NOUN
corrotti,PROPN,NOUN
»,PUNCT,PUNCT
.,PUNCT,PUNCT
Ste,PROPN,NOUN
poule,NOUN,NOUN
do,ADP,FUNC
Nicola,PROPN,NOUN
Gratteri,PROPN,NOUN
",",PUNCT,PUNCT
o,DET,PRON
procuou,NOUN,NOUN
de,ADP,FUNC
Napoli,PROPN,NOUN
",",PUNCT,PUNCT
insciamman,NOUN,NOUN
a,ADP,FUNC
discuscion,PROPN,NOUN
in,PROPN,NOUN
sciô,ADV,ADV
referendum,VERB,VERB
in,X,OTHER
sciâ,ADJ,ADJ
giustiçia,ADJ,ADJ
.,PUNCT,PUNCT
O,DET,PRON
ministro,NOUN,NOUN
Nordio,ADJ,ADJ
o,DET,PRON
l’à,NOUN,NOUN
commentou,VERB,VERB
:,PUNCT,PUNCT
«,PUNCT,PUNCT
Me,PRON,PRON
domando,VERB,VERB
se,SCONJ,FUNC
l’examme,VERB,VERB
pscico-attitudinale,VERB,VERB
o,DET,PRON
no,ADP,FUNC
ghe,NOUN,NOUN
veugge,PRON,PRON
anche,VERB,VERB
pe-a,PROPN,NOUN
fin,PROPN,NOUN
da,ADP,FUNC
carrea,NOUN,NOUN
»,PUNCT,PUNCT
.,PUNCT,PUNCT
O,DET,PRON
ministro,NOUN,NOUN
Tajani,PROPN,NOUN
o,DET,PRON
l’à,PROPN,NOUN
parlou,VERB,VERB
de,ADP,FUNC
un,PROPN,NOUN
«,PUNCT,PUNCT
attacco,X,OTHER
a-a,VERB,VERB
democraçia,NOUN,NOUN
»,PUNCT,PUNCT
.,PUNCT,PUNCT
Ma,ADV,ADV
o,DET,PRON
magistrato,NOUN,NOUN
o,DET,PRON
l’à,PROPN,NOUN
replicou,VERB,VERB
:,PUNCT,PUNCT
«,PUNCT,PUNCT
E,CCONJ,FUNC
menasse,VERB,VERB
no,ADP,FUNC
me,PRON,PRON
faian,VERB,VERB
taxei,VERB,VERB
»,PUNCT,PUNCT
.,PUNCT,PUNCT
Intanto,NOUN,NOUN
a,ADP,FUNC
prescidente,ADV,ADV
do,ADP,FUNC
Conseggio,PROPN,NOUN
Giorgia,PROPN,NOUN
Meloni,PROPN,NOUN
a,DET,PRON
l’à,NOUN,NOUN
definio,VERB,VERB
i,PROPN,NOUN
manifestanti,NOUN,NOUN
contra,ADP,FUNC
e,CCONJ,FUNC
Olimpiade,PROPN,NOUN
di,PROPN,NOUN
«,PUNCT,PUNCT
nemixi,NOUN,NOUN
de,ADP,FUNC
l’Italia,NOUN,NOUN
»,PUNCT,PUNCT
.,PUNCT,PUNCT
E,CCONJ,FUNC
oppoxiçioin,VERB,VERB
promettan,ADJ,ADJ
battaggia,VERB,VERB
in,PROPN,NOUN
sciô,VERB,VERB
neuvo,ADJ,ADJ
decreto,NOUN,NOUN
in,PROPN,NOUN
sciâ,ADJ,ADJ
seguessa,VERB,VERB
.,PUNCT,PUNCT
Neuvi,PROPN,NOUN
ascadi,NOUN,NOUN
pe-a,VERB,VERB
ministra,NOUN,NOUN
Santanchè,PROPN,NOUN
",",PUNCT,PUNCT
indagâ,NOUN,NOUN
à,ADP,FUNC
Milan,PROPN,NOUN
pe,ADP,FUNC
unn’atra,PROPN,NOUN
ipòtexi,VERB,VERB
de,ADP,FUNC
bancarotta,NOUN,NOUN
de,ADP,FUNC
sfrouxo,NOUN,NOUN
.,PUNCT,PUNCT
"

",SPACE,OTHER
O,DET,PRON
Tribunâ,PROPN,NOUN
de,ADP,FUNC
Bari,PROPN,NOUN
o,DET,PRON
l’à,PROPN,NOUN
condannou,VERB,VERB
12,NUM,ADJ
militanti,NOUN,NOUN
de,ADP,FUNC
CasaPound,PROPN,NOUN
pe,ADP,FUNC
avei,NOUN,NOUN
formou,VERB,VERB
torna,VERB,VERB
o,DET,PRON
partio,NOUN,NOUN
fascista,ADJ,ADJ
.,PUNCT,PUNCT
A,DET,PRON
sentensa,ADJ,ADJ
",",PUNCT,PUNCT
con,NOUN,NOUN
de,ADP,FUNC
peñe,PROPN,NOUN
fin,PROPN,NOUN
à,ADP,FUNC
doî,PROPN,NOUN
anni,ADJ,ADJ
e,CCONJ,FUNC
mezo,NOUN,NOUN
e,CCONJ,FUNC
interdiçion,ADJ,ADJ
da-i,PROPN,NOUN
driti,ADJ,ADJ
politichi,NOUN,NOUN
pe,ADP,FUNC
çinque,PROPN,NOUN
anni,VERB,VERB
",",PUNCT,PUNCT
a,DET,PRON
l’é,NOUN,NOUN
stæta,PROPN,NOUN
prononçiâ,NOUN,NOUN
apreuvo,ADJ,ADJ
à,ADP,FUNC
unn’aggrescion,PROPN,NOUN
à,ADP,FUNC
di,PROPN,NOUN
militanti,VERB,VERB
antifascisti,NOUN,NOUN
che,VERB,VERB
tornavan,VERB,VERB
da,ADP,FUNC
un,PROPN,NOUN
corteo,PROPN,NOUN
",",PUNCT,PUNCT
unn’açion,AUX,VERB
reconosciua,VERB,VERB
comme,NOUN,NOUN
tipica,ADJ,ADJ
de,ADP,FUNC
squaddre,NOUN,NOUN
fasciste,NOUN,NOUN
.,PUNCT,PUNCT
A,DET,PRON
l’é,NOUN,NOUN
a,ADP,FUNC
primma,X,OTHER
vòtta,NOUN,NOUN
in,PROPN,NOUN
Italia,PROPN,NOUN
che,VERB,VERB
s’applica,NOUN,NOUN
a,DET,PRON
lezze,ADJ,ADJ
Scelba,PROPN,NOUN
pe,ADP,FUNC
CasaPound,PROPN,NOUN
.,PUNCT,PUNCT
L’oppoxiçion,PROPN,NOUN
a,DET,PRON
ciamma,NOUN,NOUN
torna,VERB,VERB
a,ADP,FUNC
seu,DET,PRON
desfæta,NOUN,NOUN
e,CCONJ,FUNC
o,DET,PRON
desbarasso,NOUN,NOUN
do,ADP,FUNC
scito,NOUN,NOUN
stòrico,ADJ,ADJ
occupou,VERB,VERB
da-o,PROPN,NOUN
2003,NUM,ADJ
à,ADP,FUNC
Romma,PROPN,NOUN
.,PUNCT,PUNCT
Anche,PROPN,NOUN
Forza,PROPN,NOUN
Italia,PROPN,NOUN
a,ADP,FUNC
l’é,PROPN,NOUN
d’accòrdio,SCONJ,FUNC
",",PUNCT,PUNCT
ma,VERB,VERB
a,DET,PRON
preçisa,NOUN,NOUN
che,VERB,VERB
«,PUNCT,PUNCT
tocca,NOUN,NOUN
a-i,VERB,VERB
giudiçi,PROPN,NOUN
desfâ,PROPN,NOUN
l’organizzaçion,PROPN,NOUN
»,PUNCT,PUNCT
.,PUNCT,PUNCT
"

",SPACE,OTHER
O,DET,PRON
tempo,NOUN,NOUN
grammo,VERB,VERB
o,DET,PRON
l’à,NOUN,NOUN
corpio,ADJ,ADJ
torna,VERB,VERB
l’Italia,NOUN,NOUN
à,ADP,FUNC
doe,PROPN,NOUN
settemañe,PROPN,NOUN
da-o,PROPN,NOUN
çiclon,ADJ,ADJ
Harry,PROPN,NOUN
.,PUNCT,PUNCT
À,PROPN,NOUN
Formello,PROPN,NOUN
",",PUNCT,PUNCT
vexin,VERB,VERB
à,ADP,FUNC
Romma,PROPN,NOUN
",",PUNCT,PUNCT
unna,PROPN,NOUN
fraña,PROPN,NOUN
caxonâ,PROPN,NOUN
da,ADP,FUNC
l’ægua,NOUN,NOUN
cheita,ADJ,ADJ
delongo,NOUN,NOUN
pe,ADP,FUNC
di,PROPN,NOUN
giorni,PROPN,NOUN
a,ADP,FUNC
l’à,NOUN,NOUN
investio,PROPN,NOUN
un,PROPN,NOUN
casamento,NOUN,NOUN
de,ADP,FUNC
trei,NOUN,NOUN
cen,ADP,FUNC
:,PUNCT,PUNCT
un,PROPN,NOUN
òmmo,VERB,VERB
de,ADP,FUNC
58,NUM,ADJ
anni,VERB,VERB
o,DET,PRON
l’é,PROPN,NOUN
mòrto,ADJ,ADJ
e,CCONJ,FUNC
træ,VERB,VERB
persoñe,VERB,VERB
son,PROPN,NOUN
arrestæ,VERB,VERB
ferie,NOUN,NOUN
.,PUNCT,PUNCT
In,PROPN,NOUN
Calabria,PROPN,NOUN
di,PROPN,NOUN
sciummi,ADJ,ADJ
son,PROPN,NOUN
anæti,PROPN,NOUN
de,ADP,FUNC
sorva,NOUN,NOUN
e,CCONJ,FUNC
ben,PROPN,NOUN
ben,PROPN,NOUN
de,ADP,FUNC
famigge,PROPN,NOUN
se,SCONJ,FUNC
son,PROPN,NOUN
attrovæ,VERB,VERB
isoæ,ADJ,ADJ
.,PUNCT,PUNCT
Un,NUM,ADJ
elicòttero,NOUN,NOUN
di,PROPN,NOUN
pompê,VERB,VERB
o,DET,PRON
l’à,NOUN,NOUN
tiou,VERB,VERB
sciù,NOUN,NOUN
10,NUM,ADJ
persoñe,ADJ,ADJ
.,PUNCT,PUNCT
Raffeghe,PROPN,NOUN
de,ADP,FUNC
vento,NOUN,NOUN
fin,PROPN,NOUN
à,ADP,FUNC
137,NUM,ADJ
chilòmetri,NOUN,NOUN
à,ADP,FUNC
l’oa,NOUN,NOUN
in,X,OTHER
provinsa,ADJ,ADJ
de,ADP,FUNC
Reggio,PROPN,NOUN
",",PUNCT,PUNCT
stradde,VERB,VERB
serræ,NOUN,NOUN
",",PUNCT,PUNCT
isoe,NOUN,NOUN
che,VERB,VERB
no,ADP,FUNC
se,PRON,PRON
ghe,PROPN,NOUN
peu,PROPN,NOUN
arrivâ,PROPN,NOUN
",",PUNCT,PUNCT
neuvi,VERB,VERB
danni,PROPN,NOUN
pe-i,VERB,VERB
mouxi,PROPN,NOUN
in,PROPN,NOUN
Siçilia,PROPN,NOUN
.,PUNCT,PUNCT
E,CCONJ,FUNC
inti,VERB,VERB
giorni,PROPN,NOUN
che,DET,PRON
vëgne,ADJ,ADJ
se,PRON,PRON
prevedde,VERB,VERB
unn’atra,PROPN,NOUN
perturbaçion,PROPN,NOUN
",",PUNCT,PUNCT
torna,VERB,VERB
in,X,OTHER
sciô,VERB,VERB
Çentro,ADJ,ADJ
e,CCONJ,FUNC
SuD,PROPN,NOUN
Italia,PROPN,NOUN
e,CCONJ,FUNC
a,DET,PRON
Sardegna,PROPN,NOUN
ascì,PROPN,NOUN
.,PUNCT,PUNCT
"

",SPACE,OTHER
«,PUNCT,PUNCT
Co-i,PROPN,NOUN
Stati,PROPN,NOUN
Unii,PROPN,NOUN
s’é,VERB,VERB
averto,ADJ,ADJ
unna,PROPN,NOUN
scciappeuia,VERB,VERB
",",PUNCT,PUNCT
l’ordine,AUX,VERB
de,ADP,FUNC
dòppo,NOUN,NOUN
a,ADP,FUNC
guæra,NOUN,NOUN
o,DET,PRON
no,ADP,FUNC
l’existe,PROPN,NOUN
ciù,NOUN,NOUN
»,PUNCT,PUNCT
.,PUNCT,PUNCT
O,DET,PRON
l’é,PROPN,NOUN
l’avvertimento,NOUN,NOUN
do,ADP,FUNC
cançellê,ADJ,ADJ
todesco,NOUN,NOUN
Friedrich,PROPN,NOUN
Merz,PROPN,NOUN
a-a,VERB,VERB
conferensa,VERB,VERB
de,ADP,FUNC
Monego,PROPN,NOUN
de,ADP,FUNC
Baviera,PROPN,NOUN
in,PROPN,NOUN
sciâ,ADJ,ADJ
seguessa,VERB,VERB
.,PUNCT,PUNCT
O,DET,PRON
prescidente,ADJ,ADJ
ucraino,NOUN,NOUN
Zelensky,PROPN,NOUN
",",PUNCT,PUNCT
presente,ADJ,ADJ
lê,PROPN,NOUN
ascì,PROPN,NOUN
",",PUNCT,PUNCT
o,DET,PRON
l’à,NOUN,NOUN
fæto,ADV,ADV
prescion,VERB,VERB
à,ADP,FUNC
l’Euröpa,NOUN,NOUN
.,PUNCT,PUNCT
Segondo,VERB,VERB
o,DET,PRON
Financial,PROPN,NOUN
Times,PROPN,NOUN
o,DET,PRON
porrieiva,ADJ,ADJ
annonçiâ,NOUN,NOUN
un,PROPN,NOUN
cian,PROPN,NOUN
pe-e,VERB,VERB
eleçioin,PROPN,NOUN
e,CCONJ,FUNC
un,PROPN,NOUN
referendum,PROPN,NOUN
in,PROPN,NOUN
sce,VERB,VERB
un,PROPN,NOUN
accòrdio,ADJ,ADJ
de,ADP,FUNC
paxe,NOUN,NOUN
a-i,VERB,VERB
24,NUM,ADJ
de,ADP,FUNC
frevâ,NOUN,NOUN
",",PUNCT,PUNCT
quarto,ADJ,ADJ
anniversäio,ADJ,ADJ
de,ADP,FUNC
l’invaxon,PROPN,NOUN
ruscia,NOUN,NOUN
.,PUNCT,PUNCT
Ma,PROPN,NOUN
Kiev,PROPN,NOUN
dapeu,VERB,VERB
a,DET,PRON
l’à,NOUN,NOUN
frenou,VERB,VERB
:,PUNCT,PUNCT
«,PUNCT,PUNCT
Pe,PROPN,NOUN
fin,PROPN,NOUN
che,VERB,VERB
no,ADP,FUNC
ghe,PROPN,NOUN
saià,PROPN,NOUN
de,ADP,FUNC
seguessa,NOUN,NOUN
",",PUNCT,PUNCT
nisciun,VERB,VERB
annonçio,NOUN,NOUN
de,ADP,FUNC
voto,NOUN,NOUN
»,PUNCT,PUNCT
.,PUNCT,PUNCT
Mosca,VERB,VERB
a,ADP,FUNC
l’à,NOUN,NOUN
annonçiou,VERB,VERB
un,PROPN,NOUN
neuvo,PROPN,NOUN
gio,PROPN,NOUN
de,ADP,FUNC
negoçiaçion,PROPN,NOUN
co-a,PROPN,NOUN
presensa,VERB,VERB
di,PROPN,NOUN
Stati,PROPN,NOUN
Unii,PROPN,NOUN
a-i,ADP,FUNC
17,NUM,ADJ
e,CCONJ,FUNC
18,NUM,ADJ
de,ADP,FUNC
frevâ,NOUN,NOUN
in,PROPN,NOUN
Svissera,PROPN,NOUN
.,PUNCT,PUNCT
"

",SPACE,OTHER
O,DET,PRON
caxo,NOUN,NOUN
Epstein,PROPN,NOUN
",",PUNCT,PUNCT
apreuvo,NOUN,NOUN
à,ADP,FUNC
sciätâ,NOUN,NOUN
i,ADP,FUNC
Stati,PROPN,NOUN
Unii,PROPN,NOUN
",",PUNCT,PUNCT
o,DET,PRON
l’investe,PROPN,NOUN
anche,VERB,VERB
a,DET,PRON
Gran,PROPN,NOUN
Bretagna,PROPN,NOUN
.,PUNCT,PUNCT
O,DET,PRON
re,ADP,FUNC
Carlo,PROPN,NOUN
",",PUNCT,PUNCT
in,X,OTHER
pensceo,ADJ,ADJ
pe,ADP,FUNC
quello,PROPN,NOUN
che,VERB,VERB
porrieiva,ADJ,ADJ
vegnî,ADJ,ADJ
feua,PROPN,NOUN
in,PROPN,NOUN
sciô,AUX,VERB
fræ,PROPN,NOUN
Andria,PROPN,NOUN
",",PUNCT,PUNCT
o,DET,PRON
s’é,NOUN,NOUN
dito,VERB,VERB
pronto,ADJ,ADJ
à,ADP,FUNC
conlaborâ,NOUN,NOUN
co-a,ADJ,ADJ
poliçia,ADJ,ADJ
.,PUNCT,PUNCT
O,DET,PRON
primmo,NOUN,NOUN
ministro,NOUN,NOUN
Starmer,PROPN,NOUN
o,DET,PRON
tëgne,NOUN,NOUN
duo,VERB,VERB
con,PROPN,NOUN
tutto,PROPN,NOUN
che,VERB,VERB
da-i,NOUN,NOUN
file,PROPN,NOUN
l’é,PROPN,NOUN
sciortio,PROPN,NOUN
di,PROPN,NOUN
ligammi,PROPN,NOUN
tra,SYM,OTHER
l’imprenditô,PROPN,NOUN
e,CCONJ,FUNC
o,DET,PRON
Peter,PROPN,NOUN
Mandelson,PROPN,NOUN
",",PUNCT,PUNCT
un,PROPN,NOUN
di,PROPN,NOUN
protagonisti,PROPN,NOUN
stòrichi,PROPN,NOUN
di,PROPN,NOUN
Labour,PROPN,NOUN
.,PUNCT,PUNCT
A,DET,PRON
comprixe,NOUN,NOUN
Ghislaine,PROPN,NOUN
Maxwell,PROPN,NOUN
a,ADP,FUNC
no,ADP,FUNC
l’à,NOUN,NOUN
parlou,VERB,VERB
davanti,NOUN,NOUN
a-o,VERB,VERB
Congresso,NOUN,NOUN
.,PUNCT,PUNCT
A,DET,PRON
Kathy,PROPN,NOUN
Ruemmler,PROPN,NOUN
",",PUNCT,PUNCT
responsabile,NOUN,NOUN
legale,VERB,VERB
da,ADP,FUNC
Goldman,PROPN,NOUN
Sachs,PROPN,NOUN
e,CCONJ,FUNC
passâ,VERB,VERB
consulente,ADJ,ADJ
legale,VERB,VERB
da,ADP,FUNC
Casa,PROPN,NOUN
Gianca,PROPN,NOUN
co-o,PROPN,NOUN
Obama,PROPN,NOUN
",",PUNCT,PUNCT
a,DET,PRON
l’à,NOUN,NOUN
dæto,ADJ,ADJ
e,CCONJ,FUNC
dimiscioin,VERB,VERB
:,PUNCT,PUNCT
a,DET,PRON
l’avieiva,NOUN,NOUN
avuo,ADJ,ADJ
unna,PROPN,NOUN
longa,ADJ,ADJ
relaçion,NOUN,NOUN
co-o,PROPN,NOUN
Epstein,PROPN,NOUN
e,CCONJ,FUNC
a,DET,PRON
ghe,PROPN,NOUN
conseggiava,VERB,VERB
comme,NOUN,NOUN
responde,ADJ,ADJ
a-e,NOUN,NOUN
domande,VERB,VERB
in,X,OTHER
scî,X,OTHER
seu,DET,PRON
crimini,NOUN,NOUN
sessuali,ADJ,ADJ
.,PUNCT,PUNCT
"

",SPACE,OTHER
A,DET,PRON
Jessica,PROPN,NOUN
Moretti,PROPN,NOUN
",",PUNCT,PUNCT
a,DET,PRON
baccaña,NOUN,NOUN
do,ADP,FUNC
Constellation,PROPN,NOUN
de,ADP,FUNC
Crans-Montana,PROPN,NOUN
donde,ADV,ADV
41,NUM,ADJ
persoñe,NOUN,NOUN
son,PROPN,NOUN
mòrte,PROPN,NOUN
a-o,VERB,VERB
Primmo,PROPN,NOUN
de,ADP,FUNC
l’anno,PROPN,NOUN
",",PUNCT,PUNCT
a,DET,PRON
l’à,NOUN,NOUN
ammisso,ADJ,ADJ
cianzendo,VERB,VERB
e,CCONJ,FUNC
mancanse,ADJ,ADJ
inta,ADJ,ADJ
seguessa,NOUN,NOUN
:,PUNCT,PUNCT
«,PUNCT,PUNCT
E,CCONJ,FUNC
preuve,VERB,VERB
de,ADP,FUNC
fuga,NOUN,NOUN
no,ADP,FUNC
s’en,PROPN,NOUN
mai,PROPN,NOUN
fæte,PROPN,NOUN
»,PUNCT,PUNCT
.,PUNCT,PUNCT
Pöco,PROPN,NOUN
primma,PROPN,NOUN
un,PROPN,NOUN
gruppo,PROPN,NOUN
de,ADP,FUNC
pænti,NOUN,NOUN
de,ADP,FUNC
vittime,NOUN,NOUN
o,DET,PRON
l’aiva,NOUN,NOUN
çercou,VERB,VERB
d’aggredî,PROPN,NOUN
i,ADP,FUNC
Moretti,PROPN,NOUN
.,PUNCT,PUNCT
«,PUNCT,PUNCT
Capimmo,PROPN,NOUN
a,DET,PRON
vòstra,ADJ,ADJ
raggia,NOUN,NOUN
",",PUNCT,PUNCT
se,SCONJ,FUNC
piggiemo,ADJ,ADJ
e,CCONJ,FUNC
nòstre,NOUN,NOUN
responsabilitæ,X,OTHER
»,PUNCT,PUNCT
",",PUNCT,PUNCT
an,SCONJ,FUNC
dito,VERB,VERB
.,PUNCT,PUNCT
O,DET,PRON
Jacques,PROPN,NOUN
ascì,VERB,VERB
o,DET,PRON
s’é,NOUN,NOUN
scusou,VERB,VERB
co-e,NOUN,NOUN
famigge,ADJ,ADJ
e,CCONJ,FUNC
o,DET,PRON
l’à,PROPN,NOUN
attaccou,VERB,VERB
o,DET,PRON
Commun,PROPN,NOUN
:,PUNCT,PUNCT
«,PUNCT,PUNCT
O,DET,PRON
scistema,NOUN,NOUN
de,ADP,FUNC
ventilaçion,NOUN,NOUN
do,ADP,FUNC
locale,NOUN,NOUN
o,PRON,PRON
no,ADP,FUNC
l’é,PROPN,NOUN
mai,PROPN,NOUN
stæto,PROPN,NOUN
controllou,VERB,VERB
»,PUNCT,PUNCT
",",PUNCT,PUNCT
o,DET,PRON
l’à,NOUN,NOUN
dito,VERB,VERB
a-i,VERB,VERB
magistrati,NOUN,NOUN
.,PUNCT,PUNCT
Intanto,PROPN,NOUN
i,PROPN,NOUN
ferii,PROPN,NOUN
recoveræ,VERB,VERB
à,ADP,FUNC
Milan,PROPN,NOUN
no,ADP,FUNC
reisegan,VERB,VERB
ciù,NOUN,NOUN
de,ADP,FUNC
moî,NOUN,NOUN
.,PUNCT,PUNCT
Unna,PROPN,NOUN
dònna,PROPN,NOUN
de,ADP,FUNC
55,NUM,ADJ
anni,VERB,VERB
a,ADP,FUNC
l’é,NOUN,NOUN
tornâ,PROPN,NOUN
in,X,OTHER
Svissera,PROPN,NOUN
.,PUNCT,PUNCT
Torna,VERB,VERB
derui,PROPN,NOUN
e,CCONJ,FUNC
guasti,VERB,VERB
à,ADP,FUNC
Zena,PROPN,NOUN
pe-o,VERB,VERB
tempo,NOUN,NOUN
grammo,VERB,VERB
.,PUNCT,PUNCT
Inta,VERB,VERB
neutte,NOUN,NOUN
tra,PROPN,NOUN
i,PROPN,NOUN
18,NUM,ADJ
e,CCONJ,FUNC
i,PROPN,NOUN
19,NUM,ADJ
de,ADP,FUNC
frevâ,PROPN,NOUN
un,NOUN,NOUN
miägion,PROPN,NOUN
o,DET,PRON
l’é,PROPN,NOUN
vegnuo,PROPN,NOUN
zu,NUM,ADJ
a-o,VERB,VERB
Lagasso,PROPN,NOUN
",",PUNCT,PUNCT
de,ADP,FUNC
d’ato,NOUN,NOUN
a-a,VERB,VERB
vegia,NOUN,NOUN
caserma,VERB,VERB
Gavoglio,PROPN,NOUN
.,PUNCT,PUNCT
Un,DET,PRON
casamento,NOUN,NOUN
intrego,VERB,VERB
in,ADJ,ADJ
stradda,NOUN,NOUN
Napoli,PROPN,NOUN
o,DET,PRON
l’é,PROPN,NOUN
stæto,VERB,VERB
desbarassou,VERB,VERB
perché,ADJ,ADJ
o,DET,PRON
seu,DET,PRON
vexin,NOUN,NOUN
a-i,PROPN,NOUN
fondi,VERB,VERB
o,DET,PRON
l’é,NOUN,NOUN
prefondou,VERB,VERB
",",PUNCT,PUNCT
52,NUM,ADJ
persoñe,VERB,VERB
son,PROPN,NOUN
stæte,NOUN,NOUN
scorrie,PROPN,NOUN
d’in,PROPN,NOUN
cà,PROPN,NOUN
e,CCONJ,FUNC
no,ADP,FUNC
an,DET,PRON
posciuo,NOUN,NOUN
ciù,NOUN,NOUN
tornâghe,ADJ,ADJ
tanto,ADV,ADV
che,PROPN,NOUN
s’aspeta,PROPN,NOUN
e,CCONJ,FUNC
verifiche,PROPN,NOUN
di,PROPN,NOUN
tecnichi,PROPN,NOUN
.,PUNCT,PUNCT
A-i,NOUN,NOUN
20,NUM,ADJ
de,ADP,FUNC
frevâ,NOUN,NOUN
unn’atra,PROPN,NOUN
miagia,NOUN,NOUN
a,ADP,FUNC
l’é,NOUN,NOUN
deruâ,ADJ,ADJ
in,X,OTHER
Castelletto,PROPN,NOUN
",",PUNCT,PUNCT
in,X,OTHER
passo,NOUN,NOUN
Barsanti,PROPN,NOUN
",",PUNCT,PUNCT
davanti,VERB,VERB
à,ADP,FUNC
un,PROPN,NOUN
vegio,PROPN,NOUN
refuggio,ADJ,ADJ
da,ADP,FUNC
guæra,NOUN,NOUN
addeuviou,VERB,VERB
comme,PROPN,NOUN
garaxe,ADJ,ADJ
.,PUNCT,PUNCT
I,PROPN,NOUN
pompê,VERB,VERB
an,SCONJ,FUNC
controllou,VERB,VERB
che,VERB,VERB
no,ADP,FUNC
ghe,PROPN,NOUN
fïse,PROPN,NOUN
arrestou,VERB,VERB
sotta,NOUN,NOUN
quarchedun,ADJ,ADJ
.,PUNCT,PUNCT
Doî,NOUN,NOUN
palaçi,ADJ,ADJ
son,PROPN,NOUN
stæti,PROPN,NOUN
investii,PROPN,NOUN
da-a,VERB,VERB
fraña,PROPN,NOUN
",",PUNCT,PUNCT
un,PROPN,NOUN
scito,PROPN,NOUN
a-o,VERB,VERB
cian,ADJ,ADJ
terren,NOUN,NOUN
con,PROPN,NOUN
trei,NOUN,NOUN
rescidenti,VERB,VERB
o,DET,PRON
l’é,NOUN,NOUN
stæto,PROPN,NOUN
desbarassou,VERB,VERB
.,PUNCT,PUNCT
"

",SPACE,OTHER
O,DET,PRON
ministëio,NOUN,NOUN
da,ADP,FUNC
Giustiçia,PROPN,NOUN
o,DET,PRON
l’à,PROPN,NOUN
domandou,VERB,VERB
de,ADP,FUNC
constituîse,NOUN,NOUN
parte,NOUN,NOUN
çivile,ADJ,ADJ
e,CCONJ,FUNC
o,DET,PRON
l’à,NOUN,NOUN
ciammou,VERB,VERB
unna,NOUN,NOUN
refæta,ADJ,ADJ
de,ADP,FUNC
5,NUM,ADJ
mioin,NOUN,NOUN
d’euro,PROPN,NOUN
pe-e,VERB,VERB
speise,PROPN,NOUN
de,ADP,FUNC
un,PROPN,NOUN
tòcco,PROPN,NOUN
do,ADP,FUNC
proçesso,NOUN,NOUN
pe,ADP,FUNC
corruçion,NOUN,NOUN
ch’o,PROPN,NOUN
l’à,PROPN,NOUN
avuo,ADJ,ADJ
da,ADP,FUNC
fâ,PROPN,NOUN
anche,VERB,VERB
co-o,PROPN,NOUN
passou,VERB,VERB
prescidente,ADV,ADV
da,ADP,FUNC
Region,PROPN,NOUN
Giovanni,PROPN,NOUN
Toti,PROPN,NOUN
.,PUNCT,PUNCT
Anche,VERB,VERB
o,DET,PRON
ministëio,PROPN,NOUN
de,ADP,FUNC
l’Interno,NOUN,NOUN
o,PRON,PRON
veu,VERB,VERB
500mia,PROPN,NOUN
euro,NOUN,NOUN
pe-o,ADJ,ADJ
danno,NOUN,NOUN
d’imagine,PROPN,NOUN
.,PUNCT,PUNCT
O,DET,PRON
giudiçe,PROPN,NOUN
o,DET,PRON
deçiddià,NOUN,NOUN
in,ADJ,ADJ
arvî,ADJ,ADJ
se,PRON,PRON
accheugge,NOUN,NOUN
e,CCONJ,FUNC
domande,VERB,VERB
.,PUNCT,PUNCT
A,DET,PRON
Procua,NOUN,NOUN
a,DET,PRON
l’aiva,NOUN,NOUN
ciammou,VERB,VERB
o,DET,PRON
proçesso,NOUN,NOUN
pe-o,ADJ,ADJ
passou,VERB,VERB
cappo,VERB,VERB
de,ADP,FUNC
gabinetto,NOUN,NOUN
da,ADP,FUNC
Region,PROPN,NOUN
Matteo,PROPN,NOUN
Cozzani,PROPN,NOUN
e,CCONJ,FUNC
pe-o,ADJ,ADJ
Paolo,PROPN,NOUN
Piacenza,PROPN,NOUN
",",PUNCT,PUNCT
alantô,PROPN,NOUN
segretäio,ADJ,ADJ
generale,PROPN,NOUN
de,ADP,FUNC
l’Autoritæ,PROPN,NOUN
portuale,PROPN,NOUN
de,ADP,FUNC
Zena,PROPN,NOUN
e,CCONJ,FUNC
Saña,PROPN,NOUN
e,CCONJ,FUNC
ancheu,PROPN,NOUN
prescidente,ADV,ADV
de,ADP,FUNC
quella,NOUN,NOUN
do,ADP,FUNC
Tirren,PROPN,NOUN
meridionale,VERB,VERB
e,CCONJ,FUNC
Iònio,PROPN,NOUN
.,PUNCT,PUNCT
"

",SPACE,OTHER
Unna,PROPN,NOUN
delegaçion,PROPN,NOUN
de,ADP,FUNC
Genova,PROPN,NOUN
Antifascista,PROPN,NOUN
",",PUNCT,PUNCT
l’organizzaçion,PROPN,NOUN
che,VERB,VERB
tutti,AUX,VERB
i,CCONJ,FUNC
sabbi,VERB,VERB
a,DET,PRON
manifesta,NOUN,NOUN
a-a,ADP,FUNC
Foxe,PROPN,NOUN
contra,ADP,FUNC
o,DET,PRON
scito,NOUN,NOUN
de,ADP,FUNC
CasaPound,PROPN,NOUN
",",PUNCT,PUNCT
a,DET,PRON
l’é,NOUN,NOUN
stæta,PROPN,NOUN
reçevua,VERB,VERB
a-i,VERB,VERB
17,NUM,ADJ
de,ADP,FUNC
frevâ,NOUN,NOUN
da-a,VERB,VERB
scindica,ADJ,ADJ
Silvia,PROPN,NOUN
Salis,PROPN,NOUN
.,PUNCT,PUNCT
«,PUNCT,PUNCT
A,DET,PRON
presensa,NOUN,NOUN
de,ADP,FUNC
CasaPound,PROPN,NOUN
a,ADP,FUNC
no,ADP,FUNC
ghe,PROPN,NOUN
gusta,PROPN,NOUN
à,ADP,FUNC
st’amministraçion,PROPN,NOUN
»,PUNCT,PUNCT
",",PUNCT,PUNCT
a,DET,PRON
poxiçion,NOUN,NOUN
da,ADP,FUNC
Salis,PROPN,NOUN
.,PUNCT,PUNCT
Pe,PROPN,NOUN
l’assoçiaçion,PROPN,NOUN
de,ADP,FUNC
drita,NOUN,NOUN
estremma,PROPN,NOUN
e,CCONJ,FUNC
poule,NOUN,NOUN
da,ADP,FUNC
scindica,NOUN,NOUN
son,PROPN,NOUN
«,PUNCT,PUNCT
de,ADP,FUNC
feua,NOUN,NOUN
do,ADP,FUNC
perimetro,NOUN,NOUN
do,ADP,FUNC
drito,NOUN,NOUN
»,PUNCT,PUNCT
.,PUNCT,PUNCT
E,CCONJ,FUNC
lê,VERB,VERB
a,DET,PRON
gh’à,PROPN,NOUN
replicou,VERB,VERB
:,PUNCT,PUNCT
«,PUNCT,PUNCT
Loiatri,PROPN,NOUN
son,PROPN,NOUN
de,ADP,FUNC
feua,PROPN,NOUN
da-o,PROPN,NOUN
perimetro,ADJ,ADJ
da,ADP,FUNC
Constituçion,PROPN,NOUN
»,PUNCT,PUNCT
e,CCONJ,FUNC
«,PUNCT,PUNCT
devan,VERB,VERB
ringraçiâ,ADJ,ADJ
l’ideologia,NOUN,NOUN
che,VERB,VERB
contrastan,PROPN,NOUN
se,PRON,PRON
peuan,VERB,VERB
existe,VERB,VERB
»,PUNCT,PUNCT
.,PUNCT,PUNCT
Intanto,NOUN,NOUN
un,PROPN,NOUN
comitato,PROPN,NOUN
da,ADP,FUNC
Foxe,PROPN,NOUN
o,DET,PRON
l’à,PROPN,NOUN
denonçiou,VERB,VERB
i,ADP,FUNC
responsabili,NOUN,NOUN
da,ADP,FUNC
pagina,NOUN,NOUN
de,ADP,FUNC
Genova,PROPN,NOUN
Antifascista,PROPN,NOUN
pe,ADP,FUNC
violensa,ADJ,ADJ
e,CCONJ,FUNC
menasse,VERB,VERB
",",PUNCT,PUNCT
con,VERB,VERB
domandâ,NOUN,NOUN
a-a,PROPN,NOUN
scindica,VERB,VERB
Salis,PROPN,NOUN
a,DET,PRON
mesua,NOUN,NOUN
do,ADP,FUNC
Daspo,PROPN,NOUN
",",PUNCT,PUNCT
sciben,ADV,ADV
ch’a,DET,PRON
pertocchieiva,NOUN,NOUN
a-o,VERB,VERB
questô,ADJ,ADJ
.,PUNCT,PUNCT
"

",SPACE,OTHER
Va,NOUN,NOUN
avanti,VERB,VERB
à,ADP,FUNC
son,PROPN,NOUN
de,ADP,FUNC
scontri,PROPN,NOUN
a,DET,PRON
campagna,NOUN,NOUN
pe-o,VERB,VERB
referendum,NOUN,NOUN
in,PROPN,NOUN
sciâ,ADJ,ADJ
giustiçia,PROPN,NOUN
di,PROPN,NOUN
22,PROPN,NOUN
e,CCONJ,FUNC
23,NUM,ADJ
de,ADP,FUNC
marso,NOUN,NOUN
.,PUNCT,PUNCT
O,DET,PRON
ministro,NOUN,NOUN
Nordio,NOUN,NOUN
inte,ADJ,ADJ
unn’intervista,DET,PRON
o,DET,PRON
l’à,NOUN,NOUN
parlou,VERB,VERB
de,ADP,FUNC
«,PUNCT,PUNCT
scistema,NOUN,NOUN
para-mafioso,ADJ,ADJ
»,PUNCT,PUNCT
a-o,VERB,VERB
Csm,NOUN,NOUN
",",PUNCT,PUNCT
tiando,VERB,VERB
sciù,NOUN,NOUN
un,PROPN,NOUN
atro,ADJ,ADJ
invexendo,VERB,VERB
.,PUNCT,PUNCT
Dapeu,VERB,VERB
o,DET,PRON
l’à,NOUN,NOUN
domandou,VERB,VERB
a,DET,PRON
lista,NOUN,NOUN
di,PROPN,NOUN
nommi,VERB,VERB
di,PROPN,NOUN
donatoî,NOUN,NOUN
do,ADP,FUNC
comitato,NOUN,NOUN
pe-o,ADJ,ADJ
no,ADP,FUNC
.,PUNCT,PUNCT
O,DET,PRON
Mattarella,PROPN,NOUN
o,DET,PRON
l’à,NOUN,NOUN
reciammou,VERB,VERB
e,CCONJ,FUNC
instituçioin,VERB,VERB
à,ADP,FUNC
respettâ,NOUN,NOUN
o,DET,PRON
Csm,PROPN,NOUN
",",PUNCT,PUNCT
do,ADP,FUNC
quæ,PRON,PRON
o,DET,PRON
l’é,NOUN,NOUN
prescidente,ADV,ADV
.,PUNCT,PUNCT
A,DET,PRON
Meloni,PROPN,NOUN
ascì,VERB,VERB
a,ADP,FUNC
l’à,NOUN,NOUN
asbasciou,VERB,VERB
o,DET,PRON
ton,PROPN,NOUN
:,PUNCT,PUNCT
«,PUNCT,PUNCT
Poule,PROPN,NOUN
giuste,PROPN,NOUN
",",PUNCT,PUNCT
veddo,NOUN,NOUN
un,PROPN,NOUN
tentativo,ADJ,ADJ
d’arrebellâ,NOUN,NOUN
a,DET,PRON
campagna,ADJ,ADJ
elettorale,VERB,VERB
inte,ADJ,ADJ
unna,PROPN,NOUN
lòtta,PROPN,NOUN
inta,VERB,VERB
bratta,NOUN,NOUN
»,PUNCT,PUNCT
.,PUNCT,PUNCT
Ma,PROPN,NOUN
da,ADP,FUNC
lì,PROPN,NOUN
à,ADP,FUNC
pöco,NOUN,NOUN
o,DET,PRON
sottosegretäio,NOUN,NOUN
Mantovano,PROPN,NOUN
o,DET,PRON
l’à,PROPN,NOUN
sciusciou,VERB,VERB
torna,VERB,VERB
into,VERB,VERB
feugo,NOUN,NOUN
:,PUNCT,PUNCT
«,PUNCT,PUNCT
O,DET,PRON
Gratteri,PROPN,NOUN
o,DET,PRON
l’indaga,PROPN,NOUN
chi,PROPN,NOUN
vota,PROPN,NOUN
scì,PROPN,NOUN
»,PUNCT,PUNCT
?,PUNCT,PUNCT
A,DET,PRON
referensa,NOUN,NOUN
a,ADP,FUNC
l’é,NOUN,NOUN
à,ADP,FUNC
unna,NOUN,NOUN
frase,NOUN,NOUN
do,ADP,FUNC
procuou,NOUN,NOUN
de,ADP,FUNC
Napoli,PROPN,NOUN
:,PUNCT,PUNCT
«,PUNCT,PUNCT
Gh’é,PROPN,NOUN
di,PROPN,NOUN
pregiudicæ,PROPN,NOUN
e,CCONJ,FUNC
di,PROPN,NOUN
seu,DET,PRON
pænti,NOUN,NOUN
",",PUNCT,PUNCT
veddemmo,VERB,VERB
se,SCONJ,FUNC
ciù,PRON,PRON
avanti,VERB,VERB
serve,VERB,VERB
de,ADP,FUNC
l’atro,NOUN,NOUN
»,PUNCT,PUNCT
.,PUNCT,PUNCT
"

",SPACE,OTHER
Tutta,NOUN,NOUN
l’Italia,VERB,VERB
a,DET,PRON
l’ammia,PROPN,NOUN
in,PROPN,NOUN
anscietæ,VERB,VERB
a,DET,PRON
stöia,NOUN,NOUN
de,ADP,FUNC
un,PROPN,NOUN
figgin,PROPN,NOUN
de,ADP,FUNC
doî,PROPN,NOUN
anni,PROPN,NOUN
in,PROPN,NOUN
condiçioin,VERB,VERB
graviscime,PROPN,NOUN
à,ADP,FUNC
l’uspiâ,PROPN,NOUN
Monaldi,PROPN,NOUN
de,ADP,FUNC
Napoli,PROPN,NOUN
dòppo,PROPN,NOUN
che,PROPN,NOUN
i,AUX,VERB
meghi,VERB,VERB
gh’an,PROPN,NOUN
tranciantou,VERB,VERB
un,PROPN,NOUN
cheu,VERB,VERB
«,PUNCT,PUNCT
bruxou,VERB,VERB
»,PUNCT,PUNCT
da-a,VERB,VERB
giassa,ADJ,ADJ
into,PROPN,NOUN
stramuo,ADJ,ADJ
.,PUNCT,PUNCT
I,PROPN,NOUN
esperti,VERB,VERB
arrivæ,VERB,VERB
da,ADP,FUNC
tutto,NOUN,NOUN
o,DET,PRON
Paise,PROPN,NOUN
an,SCONJ,FUNC
dito,VERB,VERB
che,VERB,VERB
e,CCONJ,FUNC
seu,DET,PRON
condiçioin,NOUN,NOUN
no,ADP,FUNC
ghe,PROPN,NOUN
permettan,PROPN,NOUN
de,ADP,FUNC
reçeive,PROPN,NOUN
un,PROPN,NOUN
òrgano,PROPN,NOUN
neuvo,PROPN,NOUN
.,PUNCT,PUNCT
O,DET,PRON
piccin,PROPN,NOUN
o,DET,PRON
l’arresta,PROPN,NOUN
attaccou,VERB,VERB
a-e,NOUN,NOUN
machine,PROPN,NOUN
ma,PROPN,NOUN
çerte,PROPN,NOUN
terapie,ADJ,ADJ
son,PROPN,NOUN
stæte,NOUN,NOUN
sospeise,ADJ,ADJ
e,CCONJ,FUNC
l’é,NOUN,NOUN
stæto,VERB,VERB
inandiou,VERB,VERB
un,PROPN,NOUN
percorso,NOUN,NOUN
pe,ADP,FUNC
ammermâ,NOUN,NOUN
o,PRON,PRON
dô,NOUN,NOUN
.,PUNCT,PUNCT
A,ADP,FUNC
moæ,NOUN,NOUN
a,ADP,FUNC
l’à,NOUN,NOUN
açettou,VERB,VERB
l’idea,PROPN,NOUN
che,VERB,VERB
seu,DET,PRON
figgio,NOUN,NOUN
o,PRON,PRON
no,ADP,FUNC
vivià,PROPN,NOUN
ciù,NOUN,NOUN
",",PUNCT,PUNCT
comme,NOUN,NOUN
reportou,VERB,VERB
da-i,PROPN,NOUN
avvocati,PROPN,NOUN
.,PUNCT,PUNCT
Unn’investigaçion,VERB,VERB
a,ADP,FUNC
l’é,NOUN,NOUN
stæta,ADV,ADV
averta,VERB,VERB
con,NOUN,NOUN
l’ipòtexi,PROPN,NOUN
de,ADP,FUNC
responsabilitæ,NOUN,NOUN
corposa,ADJ,ADJ
pe,ADP,FUNC
mòrte,NOUN,NOUN
ò,ADP,FUNC
lexoin,PROPN,NOUN
.,PUNCT,PUNCT
L’errô,PROPN,NOUN
ciù,NOUN,NOUN
gròsso,NOUN,NOUN
o,DET,PRON
saieiva,PROPN,NOUN
stæto,VERB,VERB
l’uso,NOUN,NOUN
da,ADP,FUNC
giassa,NOUN,NOUN
secca,ADJ,ADJ
incangio,PROPN,NOUN
de,ADP,FUNC
quella,NOUN,NOUN
normale,ADJ,ADJ
.,PUNCT,PUNCT
"

",SPACE,OTHER
L’é,NOUN,NOUN
scciuppou,VERB,VERB
un,PROPN,NOUN
ciæto,PROPN,NOUN
in,PROPN,NOUN
sciô,VERB,VERB
concorso,NOUN,NOUN
pubrico,ADJ,ADJ
pe,ADP,FUNC
400,NUM,ADJ
pòsti,NOUN,NOUN
da,ADP,FUNC
scrivan,NOUN,NOUN
.,PUNCT,PUNCT
In,PROPN,NOUN
sce,PROPN,NOUN
un,PROPN,NOUN
papê,PROPN,NOUN
sciortio,NOUN,NOUN
in,PROPN,NOUN
sciô,VERB,VERB
scito,NOUN,NOUN
do,ADP,FUNC
Conseggio,PROPN,NOUN
naçionale,VERB,VERB
gh’ea,NOUN,NOUN
di,PROPN,NOUN
commenti,VERB,VERB
d’arente,ADV,ADV
a-i,NOUN,NOUN
nommi,NOUN,NOUN
di,PROPN,NOUN
candidæ,PROPN,NOUN
ch’aivan,PROPN,NOUN
sostegnuo,VERB,VERB
a,DET,PRON
preuva,NOUN,NOUN
scrita,ADJ,ADJ
do,ADP,FUNC
2024,NUM,ADJ
:,PUNCT,PUNCT
«,PUNCT,PUNCT
graçiosa,ADJ,ADJ
»,PUNCT,PUNCT
",",PUNCT,PUNCT
«,PUNCT,PUNCT
fenòmeno,NOUN,NOUN
»,PUNCT,PUNCT
",",PUNCT,PUNCT
«,PUNCT,PUNCT
sarvou,VERB,VERB
in,ADV,ADV
sciô,VERB,VERB
çivile,ADJ,ADJ
»,PUNCT,PUNCT
.,PUNCT,PUNCT
O,DET,PRON
file,NOUN,NOUN
o,DET,PRON
l’é,PROPN,NOUN
stæto,PROPN,NOUN
levou,VERB,VERB
a-a,PROPN,NOUN
spedia,NOUN,NOUN
",",PUNCT,PUNCT
ma,VERB,VERB
o,DET,PRON
contegnuo,NOUN,NOUN
o,DET,PRON
l’é,PROPN,NOUN
finio,PROPN,NOUN
in,PROPN,NOUN
sciâ,ADJ,ADJ
Ræ,VERB,VERB
o,DET,PRON
mæximo,NOUN,NOUN
.,PUNCT,PUNCT
O,DET,PRON
ministro,NOUN,NOUN
da,ADP,FUNC
Giustiçia,PROPN,NOUN
Nordio,PROPN,NOUN
o,DET,PRON
l’à,PROPN,NOUN
replicou,VERB,VERB
a-e,NOUN,NOUN
polemiche,VERB,VERB
de,ADP,FUNC
l’oppoxiçion,PROPN,NOUN
:,PUNCT,PUNCT
«,PUNCT,PUNCT
No,ADP,FUNC
gh’emmo,NOUN,NOUN
nisciun,ADJ,ADJ
poei,NOUN,NOUN
de,ADP,FUNC
contròllo,PRON,PRON
in,X,OTHER
scî,X,OTHER
loei,PROPN,NOUN
da,ADP,FUNC
commiscion,PROPN,NOUN
»,PUNCT,PUNCT
.,PUNCT,PUNCT
O,DET,PRON
Conseggio,PROPN,NOUN
di,PROPN,NOUN
scriven,NOUN,NOUN
o,DET,PRON
l’à,NOUN,NOUN
dito,VERB,VERB
ch’o,ADV,ADV
l’à,ADJ,ADJ
«,PUNCT,PUNCT
inandiou,VERB,VERB
e,CCONJ,FUNC
iniçiative,ADJ,ADJ
che,PROPN,NOUN
ghe,PROPN,NOUN
veu,X,OTHER
»,PUNCT,PUNCT
.,PUNCT,PUNCT
O,DET,PRON
Codacons,PROPN,NOUN
intanto,ADV,ADV
o,DET,PRON
studia,PROPN,NOUN
de,ADP,FUNC
açioin,NOUN,NOUN
pe,ADP,FUNC
scassâ,ADJ,ADJ
o,DET,PRON
concorso,NOUN,NOUN
.,PUNCT,PUNCT
"

",SPACE,OTHER
O,DET,PRON
caxo,NOUN,NOUN
Epstein,PROPN,NOUN
o,DET,PRON
s’allarga,ADJ,ADJ
ôtramâ,NOUN,NOUN
:,PUNCT,PUNCT
o,PRON,PRON
passou,VERB,VERB
prinçipe,NOUN,NOUN
Andria,PROPN,NOUN
d’Inghiltæra,PROPN,NOUN
o,DET,PRON
l’é,PROPN,NOUN
stæto,VERB,VERB
arrestou,VERB,VERB
con,PROPN,NOUN
l’accusa,PROPN,NOUN
d’avei,AUX,VERB
scompartio,NOUN,NOUN
de,ADP,FUNC
informaçioin,PROPN,NOUN
reservæ,VERB,VERB
con,VERB,VERB
l’imprenditô,X,OTHER
pedòfilo,ADJ,ADJ
da,ADP,FUNC
emissäio,NOUN,NOUN
de,ADP,FUNC
commerçio,PROPN,NOUN
do,ADP,FUNC
governo,NOUN,NOUN
.,PUNCT,PUNCT
Dòppo,PROPN,NOUN
dozz’oe,PROPN,NOUN
d’interrogatöi,PROPN,NOUN
o,DET,PRON
l’é,PROPN,NOUN
stæto,PROPN,NOUN
lasciou,VERB,VERB
anâ,PROPN,NOUN
.,PUNCT,PUNCT
«,PUNCT,PUNCT
Che,PROPN,NOUN
a,DET,PRON
giustiçia,NOUN,NOUN
a,ADP,FUNC
fasse,VERB,VERB
o,DET,PRON
seu,DET,PRON
travaggio,NOUN,NOUN
»,PUNCT,PUNCT
",",PUNCT,PUNCT
o,DET,PRON
commento,NOUN,NOUN
do,ADP,FUNC
re,PROPN,NOUN
Carlo,PROPN,NOUN
",",PUNCT,PUNCT
seu,DET,PRON
fræ,NOUN,NOUN
.,PUNCT,PUNCT
A,ADP,FUNC
poliçia,NOUN,NOUN
a,DET,PRON
l’à,NOUN,NOUN
perquixio,ADJ,ADJ
de,ADP,FUNC
rescidense,ADJ,ADJ
da,ADP,FUNC
famiggia,NOUN,NOUN
reale,VERB,VERB
.,PUNCT,PUNCT
Pe-i,NOUN,NOUN
media,NOUN,NOUN
naçionali,PROPN,NOUN
",",PUNCT,PUNCT
derê,VERB,VERB
a-o,VERB,VERB
fermo,VERB,VERB
gh’é,SCONJ,FUNC
l’ipòtexi,PROPN,NOUN
d’elementi,VERB,VERB
ligæ,ADJ,ADJ
no,ADP,FUNC
solo,NOUN,NOUN
a-o,VERB,VERB
caxo,VERB,VERB
Epstein,PROPN,NOUN
.,PUNCT,PUNCT
O,DET,PRON
governo,NOUN,NOUN
de,ADP,FUNC
Londra,PROPN,NOUN
o,PRON,PRON
loua,VERB,VERB
à,ADP,FUNC
unna,NOUN,NOUN
lezze,ADJ,ADJ
pe,ADP,FUNC
mette,NOUN,NOUN
o,DET,PRON
Andria,PROPN,NOUN
feua,PROPN,NOUN
da-a,VERB,VERB
linia,NOUN,NOUN
de,ADP,FUNC
succescion,NOUN,NOUN
.,PUNCT,PUNCT
Segondo,VERB,VERB
un,PROPN,NOUN
sondaggio,PROPN,NOUN
de,ADP,FUNC
YouGov,PROPN,NOUN
",",PUNCT,PUNCT
l’82,NOUN,NOUN
%,SYM,OTHER
di,PROPN,NOUN
britannichi,NOUN,NOUN
o,DET,PRON
l’é,NOUN,NOUN
da,ADP,FUNC
mæxima,NOUN,NOUN
.,PUNCT,PUNCT
"

",SPACE,OTHER
A,DET,PRON
Corte,NOUN,NOUN
supremma,VERB,VERB
di,PROPN,NOUN
Stati,PROPN,NOUN
Unii,PROPN,NOUN
a,DET,PRON
l’à,NOUN,NOUN
bocciou,VERB,VERB
à,ADP,FUNC
sorpreisa,NOUN,NOUN
i,PROPN,NOUN
daçi,ADJ,ADJ
impòsti,ADJ,ADJ
da-o,PROPN,NOUN
prescidente,ADV,ADV
Donald,PROPN,NOUN
Trump,PROPN,NOUN
à,ADP,FUNC
mezo,NOUN,NOUN
mondo,VERB,VERB
",",PUNCT,PUNCT
un,PROPN,NOUN
di,PROPN,NOUN
ponti,VERB,VERB
ciù,NOUN,NOUN
importanti,PRON,PRON
do,ADP,FUNC
seu,DET,PRON
segondo,ADJ,ADJ
incarrego,NOUN,NOUN
.,PUNCT,PUNCT
Pe-i,NOUN,NOUN
giudiçi,NOUN,NOUN
",",PUNCT,PUNCT
ch’an,NOUN,NOUN
deçiso,ADJ,ADJ
con,VERB,VERB
6,NUM,ADJ
scì,NUM,ADJ
e,CCONJ,FUNC
3,NUM,ADJ
no,ADP,FUNC
",",PUNCT,PUNCT
«,PUNCT,PUNCT
o,PRON,PRON
no,ADP,FUNC
l’aiva,NOUN,NOUN
o,DET,PRON
poei,NOUN,NOUN
de,ADP,FUNC
fâlo,NOUN,NOUN
»,PUNCT,PUNCT
.,PUNCT,PUNCT
Trei,NOUN,NOUN
de,ADP,FUNC
quelli,DET,PRON
nominæ,ADJ,ADJ
da-i,VERB,VERB
repubrichen,VERB,VERB
an,SCONJ,FUNC
votou,VERB,VERB
insemme,VERB,VERB
a-i,PROPN,NOUN
democratichi,PROPN,NOUN
.,PUNCT,PUNCT
A,DET,PRON
fotta,NOUN,NOUN
do,ADP,FUNC
tycoon,PROPN,NOUN
:,PUNCT,PUNCT
«,PUNCT,PUNCT
A,DET,PRON
l’é,NOUN,NOUN
unna,PROPN,NOUN
vergheugna,ADJ,ADJ
",",PUNCT,PUNCT
ma,VERB,VERB
gh’ò,NOUN,NOUN
un,PROPN,NOUN
cian,PROPN,NOUN
da-a,VERB,VERB
parte,NOUN,NOUN
»,PUNCT,PUNCT
.,PUNCT,PUNCT
E,CCONJ,FUNC
borse,VERB,VERB
an,SCONJ,FUNC
comensou,VERB,VERB
à,ADP,FUNC
xoâ,NOUN,NOUN
",",PUNCT,PUNCT
ma,VERB,VERB
o,DET,PRON
dòllaro,NOUN,NOUN
o,DET,PRON
l’à,NOUN,NOUN
perso,ADJ,ADJ
terren,ADJ,ADJ
.,PUNCT,PUNCT
L’Union,PROPN,NOUN
europea,VERB,VERB
a,DET,PRON
l’aspeta,NOUN,NOUN
che,VERB,VERB
se,PRON,PRON
fasse,VERB,VERB
ciæo,VERB,VERB
",",PUNCT,PUNCT
o,DET,PRON
Canada,PROPN,NOUN
o,DET,PRON
festezza,NOUN,NOUN
:,PUNCT,PUNCT
«,PUNCT,PUNCT
A,DET,PRON
l’é,NOUN,NOUN
a,DET,PRON
preuva,NOUN,NOUN
che,VERB,VERB
e,CCONJ,FUNC
tariffe,NOUN,NOUN
no,ADP,FUNC
ean,NOUN,NOUN
giustificæ,ADJ,ADJ
»,PUNCT,PUNCT
.,PUNCT,PUNCT
Oua,PROPN,NOUN
l’é,PROPN,NOUN
poscibile,PROPN,NOUN
che,VERB,VERB
se,PRON,PRON
fasse,VERB,VERB
di,PROPN,NOUN
recorsci,VERB,VERB
pe,ADP,FUNC
çentanæa,NOUN,NOUN
de,ADP,FUNC
miliardi,NOUN,NOUN
.,PUNCT,PUNCT
"

",SPACE,OTHER
O,DET,PRON
prescidente,ADJ,ADJ
american,PROPN,NOUN
Donald,PROPN,NOUN
Trump,PROPN,NOUN
o,DET,PRON
l’à,PROPN,NOUN
inaugurou,VERB,VERB
o,DET,PRON
Bord,PROPN,NOUN
of,PROPN,NOUN
Peace,PROPN,NOUN
pe,ADP,FUNC
Gazza,PROPN,NOUN
à,ADP,FUNC
Washington,PROPN,NOUN
.,PUNCT,PUNCT
Previsti,PROPN,NOUN
fondi,VERB,VERB
pe,ADP,FUNC
10,NUM,ADJ
miliardi,NOUN,NOUN
",",PUNCT,PUNCT
sordatti,NOUN,NOUN
da,ADP,FUNC
çinque,ADJ,ADJ
Paixi,PROPN,NOUN
e,CCONJ,FUNC
unna,VERB,VERB
base,NOUN,NOUN
pe,ADP,FUNC
5mia,PROPN,NOUN
militari,PROPN,NOUN
.,PUNCT,PUNCT
A-a,NOUN,NOUN
çeimònia,VERB,VERB
20,NUM,ADJ
paixi,NOUN,NOUN
.,PUNCT,PUNCT
O,DET,PRON
Vatican,PROPN,NOUN
o,PRON,PRON
no,ADP,FUNC
l’à,PROPN,NOUN
parteçipou,VERB,VERB
:,PUNCT,PUNCT
«,PUNCT,PUNCT
Unna,PROPN,NOUN
deçixon,PROPN,NOUN
ben,PROPN,NOUN
ben,PROPN,NOUN
fastidiosa,ADJ,ADJ
»,PUNCT,PUNCT
",",PUNCT,PUNCT
o,DET,PRON
commento,NOUN,NOUN
da,ADP,FUNC
Casa,PROPN,NOUN
Gianca,PROPN,NOUN
.,PUNCT,PUNCT
Intanto,PROPN,NOUN
i,PROPN,NOUN
Stati,PROPN,NOUN
Unii,PROPN,NOUN
son,NOUN,NOUN
apreuvo,NOUN,NOUN
à,ADP,FUNC
valuâ,PROPN,NOUN
un,PROPN,NOUN
attacco,PROPN,NOUN
«,PUNCT,PUNCT
preçiso,NOUN,NOUN
e,CCONJ,FUNC
limitou,VERB,VERB
»,PUNCT,PUNCT
contra,ADP,FUNC
l’Iran,PROPN,NOUN
dòppo,PROPN,NOUN
l’ultimatum,PROPN,NOUN
che,VERB,VERB
o,DET,PRON
Trump,PROPN,NOUN
o,DET,PRON
l’à,NOUN,NOUN
dæto,ADJ,ADJ
a-i,PROPN,NOUN
ayatollah,PROPN,NOUN
.,PUNCT,PUNCT
Teheran,VERB,VERB
a,ADP,FUNC
l’à,NOUN,NOUN
segnalou,VERB,VERB
«,PUNCT,PUNCT
un,PROPN,NOUN
reisego,VERB,VERB
veo,NOUN,NOUN
d’aggrescion,PROPN,NOUN
militare,PROPN,NOUN
»,PUNCT,PUNCT
inte,ADJ,ADJ
unna,NOUN,NOUN
lettia,VERB,VERB
a-o,VERB,VERB
segretäio,ADJ,ADJ
generale,ADJ,ADJ
de,ADP,FUNC
l’Onu,PROPN,NOUN
",",PUNCT,PUNCT
azzonzendo,VERB,VERB
ch’a,NOUN,NOUN
no,ADP,FUNC
veu,PROPN,NOUN
unna,PROPN,NOUN
guæra,VERB,VERB
ma,ADV,ADV
ch’a,ADJ,ADJ
respondià,NOUN,NOUN
«,PUNCT,PUNCT
con,PROPN,NOUN
determinaçion,X,OTHER
»,PUNCT,PUNCT
à,ADP,FUNC
un,PROPN,NOUN
attacco,PROPN,NOUN
.,PUNCT,PUNCT
"
",SPACE,OTHER
À,ADP,FUNC
Zena,PROPN,NOUN
",",PUNCT,PUNCT
dòppo,ADV,ADV
scassou,VERB,VERB
o,DET,PRON
progetto,NOUN,NOUN
Skymetro,PROPN,NOUN
",",PUNCT,PUNCT
sata,VERB,VERB
feua,NOUN,NOUN
l’ipòtexi,ADV,ADV
de,ADP,FUNC
unna,PROPN,NOUN
cabinovia,VERB,VERB
pe,ADP,FUNC
destrigâ,NOUN,NOUN
o,DET,PRON
problema,NOUN,NOUN
do,ADP,FUNC
traspòrto,NOUN,NOUN
pubrico,ADJ,ADJ
into,NOUN,NOUN
Besagno,PROPN,NOUN
.,PUNCT,PUNCT
Segondo,VERB,VERB
de,ADP,FUNC
indiscreçioin,NOUN,NOUN
a,ADP,FUNC
l’é,NOUN,NOUN
sta,NOUN,NOUN
chì,ADP,FUNC
a,DET,PRON
propòsta,NOUN,NOUN
do,ADP,FUNC
Politecnico,PROPN,NOUN
de,ADP,FUNC
Milan,PROPN,NOUN
",",PUNCT,PUNCT
a-o,VERB,VERB
quæ,ADV,ADV
o,DET,PRON
Commun,PROPN,NOUN
o,DET,PRON
l’à,PROPN,NOUN
assegnou,VERB,VERB
un,NUM,ADJ
studio,NOUN,NOUN
da,ADP,FUNC
100mia,PROPN,NOUN
euro,NOUN,NOUN
pe,ADP,FUNC
trovâ,PROPN,NOUN
unna,PROPN,NOUN
soluçion,NOUN,NOUN
.,PUNCT,PUNCT
A,DET,PRON
scindica,NOUN,NOUN
Silvia,PROPN,NOUN
Salis,PROPN,NOUN
a,ADP,FUNC
no,ADP,FUNC
l’à,NOUN,NOUN
confermou,VERB,VERB
e,CCONJ,FUNC
manco,NOUN,NOUN
denegou,VERB,VERB
:,PUNCT,PUNCT
«,PUNCT,PUNCT
Pe,PROPN,NOUN
fin,PROPN,NOUN
che,VERB,VERB
no,ADP,FUNC
sciòrte,NOUN,NOUN
o,DET,PRON
studio,NOUN,NOUN
no,ADP,FUNC
parlo,NOUN,NOUN
e,CCONJ,FUNC
no,ADP,FUNC
ô,PROPN,NOUN
mostro,NOUN,NOUN
à,ADP,FUNC
nisciun,INTJ,OTHER
»,PUNCT,PUNCT
.,PUNCT,PUNCT
L’oppoxiçion,VERB,VERB
a,ADP,FUNC
l’à,NOUN,NOUN
attaccou,VERB,VERB
a,DET,PRON
zonta,NOUN,NOUN
:,PUNCT,PUNCT
«,PUNCT,PUNCT
Tornemmo,AUX,VERB
a-i,VERB,VERB
tempi,VERB,VERB
do,ADP,FUNC
Marco,PROPN,NOUN
Doria,PROPN,NOUN
",",PUNCT,PUNCT
valuemmo,VERB,VERB
de,ADP,FUNC
domandâ,NOUN,NOUN
di,PROPN,NOUN
açertamenti,VERB,VERB
in,PROPN,NOUN
sce,VERB,VERB
un,NUM,ADJ
danno,NOUN,NOUN
a-i,PROPN,NOUN
conti,VERB,VERB
pubrichi,ADJ,ADJ
»,PUNCT,PUNCT
.,PUNCT,PUNCT
O,DET,PRON
comitato,NOUN,NOUN
contra,ADP,FUNC
o,DET,PRON
Skymetro,PROPN,NOUN
o,DET,PRON
l’à,PROPN,NOUN
za,PROPN,NOUN
bocciou,VERB,VERB
l’idea,PROPN,NOUN
.,PUNCT,PUNCT
O,DET,PRON
viçescindico,NOUN,NOUN
Terrile,PROPN,NOUN
o,DET,PRON
l’à,NOUN,NOUN
asseguou,VERB,VERB
:,PUNCT,PUNCT
«,PUNCT,PUNCT
Nisciuña,PROPN,NOUN
impoxiçion,PROPN,NOUN
",",PUNCT,PUNCT
ghe,PROPN,NOUN
saià,PROPN,NOUN
un,PROPN,NOUN
confronto,NOUN,NOUN
co-i,PROPN,NOUN
çitten,PROPN,NOUN
»,PUNCT,PUNCT
.,PUNCT,PUNCT
"

",SPACE,OTHER
Un,NOUN,NOUN
figgeu,NOUN,NOUN
de,ADP,FUNC
9,NUM,ADJ
anni,VERB,VERB
o,DET,PRON
l’é,ADJ,ADJ
cheito,NOUN,NOUN
d’in,PROPN,NOUN
sciô,VERB,VERB
terrassin,VERB,VERB
de,ADP,FUNC
unna,PROPN,NOUN
scheua,VERB,VERB
a-a,ADP,FUNC
Pria,NOUN,NOUN
a-i,ADP,FUNC
24,NUM,ADJ
de,ADP,FUNC
frevâ,NOUN,NOUN
.,PUNCT,PUNCT
Dòppo,PROPN,NOUN
avei,NOUN,NOUN
fæto,PROPN,NOUN
un,PROPN,NOUN
xeuo,NOUN,NOUN
de,ADP,FUNC
quattro,PROPN,NOUN
metri,ADJ,ADJ
o,DET,PRON
l’à,PROPN,NOUN
piccou,VERB,VERB
a,DET,PRON
testa,NOUN,NOUN
e,CCONJ,FUNC
o,DET,PRON
l’à,PROPN,NOUN
reportou,VERB,VERB
de,ADP,FUNC
ferie,NOUN,NOUN
in,ADJ,ADJ
sce,VERB,VERB
tutto,VERB,VERB
o,DET,PRON
còrpo,NOUN,NOUN
.,PUNCT,PUNCT
O,DET,PRON
l’é,NOUN,NOUN
stæto,PROPN,NOUN
portou,VERB,VERB
in,VERB,VERB
condiçioin,VERB,VERB
grave,ADJ,ADJ
à,ADP,FUNC
l’uspiâ,PROPN,NOUN
Santa,PROPN,NOUN
Coroña,PROPN,NOUN
e,CCONJ,FUNC
da,ADP,FUNC
lì,PROPN,NOUN
à,ADP,FUNC
pöco,NOUN,NOUN
l’an,NOUN,NOUN
stramuou,VERB,VERB
a-o,VERB,VERB
Gaslini,PROPN,NOUN
de,ADP,FUNC
Zena,PROPN,NOUN
.,PUNCT,PUNCT
Da,ADP,FUNC
quello,PROPN,NOUN
che,PROPN,NOUN
s’é,VERB,VERB
capio,NOUN,NOUN
",",PUNCT,PUNCT
o,DET,PRON
scoläio,NOUN,NOUN
o,DET,PRON
s’é,NOUN,NOUN
arrembou,VERB,VERB
a-a,ADP,FUNC
baleuistrâ,NOUN,NOUN
e,CCONJ,FUNC
sta,NOUN,NOUN
chì,ADP,FUNC
a,DET,PRON
l’é,NOUN,NOUN
vegnua,ADJ,ADJ
zu,PROPN,NOUN
",",PUNCT,PUNCT
fòscia,VERB,VERB
pe,ADP,FUNC
un,PROPN,NOUN
problema,PROPN,NOUN
de,ADP,FUNC
struttua,NOUN,NOUN
.,PUNCT,PUNCT
O,DET,PRON
scindico,NOUN,NOUN
da,ADP,FUNC
Pria,PROPN,NOUN
Luigi,PROPN,NOUN
De,PROPN,NOUN
Vincenzi,PROPN,NOUN
o,DET,PRON
l’à,NOUN,NOUN
commentou,VERB,VERB
:,PUNCT,PUNCT
«,PUNCT,PUNCT
Semmo,PROPN,NOUN
arrestæ,VERB,VERB
sciätæ,NOUN,NOUN
",",PUNCT,PUNCT
oua,PROPN,NOUN
voemmo,NOUN,NOUN
capî,VERB,VERB
cöse,ADJ,ADJ
l’é,PROPN,NOUN
capitou,VERB,VERB
»,PUNCT,PUNCT
.,PUNCT,PUNCT
E,CCONJ,FUNC
condiçioin,NOUN,NOUN
do,ADP,FUNC
figgeu,NOUN,NOUN
son,PROPN,NOUN
in,PROPN,NOUN
megioamento,NOUN,NOUN
e,CCONJ,FUNC
da-a,VERB,VERB
reanimaçion,VERB,VERB
o,DET,PRON
saià,NOUN,NOUN
portou,VERB,VERB
into,PROPN,NOUN
reparto,VERB,VERB
d’ortopedia,PROPN,NOUN
.,PUNCT,PUNCT
"

",SPACE,OTHER
A,DET,PRON
Procua,PROPN,NOUN
de,ADP,FUNC
Zena,PROPN,NOUN
a,DET,PRON
l’indaga,PROPN,NOUN
in,PROPN,NOUN
sce,PROPN,NOUN
quattro,PROPN,NOUN
carabinê,PROPN,NOUN
pe,ADP,FUNC
tentativo,ADJ,ADJ
d’esterscion,PROPN,NOUN
",",PUNCT,PUNCT
lexoin,ADJ,ADJ
e,CCONJ,FUNC
calunnia,PROPN,NOUN
apreuvo,ADJ,ADJ
à,ADP,FUNC
un,PROPN,NOUN
arresto,NOUN,NOUN
inte,ADJ,ADJ
un,PROPN,NOUN
abergo,PROPN,NOUN
de,ADP,FUNC
Sestri,PROPN,NOUN
Levante,PROPN,NOUN
.,PUNCT,PUNCT
I,PROPN,NOUN
fæti,NOUN,NOUN
son,PROPN,NOUN
di,PROPN,NOUN
2,PROPN,NOUN
di,PROPN,NOUN
novembre,ADJ,ADJ
.,PUNCT,PUNCT
Unna,PROPN,NOUN
casaña,ADJ,ADJ
franseise,NOUN,NOUN
a,DET,PRON
l’aiva,NOUN,NOUN
avuo,PROPN,NOUN
un,PROPN,NOUN
scciuppon,PROPN,NOUN
de,ADP,FUNC
raggia,NOUN,NOUN
perché,ADJ,ADJ
",",PUNCT,PUNCT
dòppo,PROPN,NOUN
pagou,VERB,VERB
o,DET,PRON
conto,NOUN,NOUN
da,ADP,FUNC
12mia,PROPN,NOUN
euro,NOUN,NOUN
",",PUNCT,PUNCT
a,DET,PRON
sostegniva,NOUN,NOUN
che,PROPN,NOUN
gh’avessan,PROPN,NOUN
arröbou,VERB,VERB
un,NOUN,NOUN
releuio,PROPN,NOUN
da,ADP,FUNC
10mia,PROPN,NOUN
euro,ADJ,ADJ
.,PUNCT,PUNCT
Into,PROPN,NOUN
verbale,VERB,VERB
i,PROPN,NOUN
militari,VERB,VERB
an,DET,PRON
scrito,NOUN,NOUN
che,VERB,VERB
o,DET,PRON
franseise,NOUN,NOUN
o,DET,PRON
gh’à,PROPN,NOUN
dæto,PROPN,NOUN
di,PROPN,NOUN
cäsci,PROPN,NOUN
e,CCONJ,FUNC
di,PROPN,NOUN
pugni,PROPN,NOUN
",",PUNCT,PUNCT
ma,PROPN,NOUN
un,PROPN,NOUN
un,PROPN,NOUN
video,PROPN,NOUN
o,DET,PRON
mostrieiva,NOUN,NOUN
che,VERB,VERB
tutt’assemme,PROPN,NOUN
ô,CCONJ,FUNC
caccian,PROPN,NOUN
pe,ADP,FUNC
tæra,NOUN,NOUN
",",PUNCT,PUNCT
ghe,PROPN,NOUN
mettan,PROPN,NOUN
e,CCONJ,FUNC
magnette,VERB,VERB
",",PUNCT,PUNCT
ô,CCONJ,FUNC
ferman,PROPN,NOUN
pe,ADP,FUNC
dexe,VERB,VERB
menuti,PROPN,NOUN
e,CCONJ,FUNC
ô,AUX,VERB
carregan,VERB,VERB
à,ADP,FUNC
forsa,NOUN,NOUN
in,ADJ,ADJ
sce,VERB,VERB
unn’ambulansa,NUM,ADJ
.,PUNCT,PUNCT
L’òmmo,VERB,VERB
o,DET,PRON
l’é,NOUN,NOUN
sotta,ADJ,ADJ
proçesso,ADJ,ADJ
pe,ADP,FUNC
rexistensa,ADJ,ADJ
e,CCONJ,FUNC
lexoin,ADJ,ADJ
e,CCONJ,FUNC
i,PROPN,NOUN
militari,PROPN,NOUN
gh’an,PROPN,NOUN
domandou,VERB,VERB
unna,NOUN,NOUN
refæta,ADJ,ADJ
da,ADP,FUNC
102mia,PROPN,NOUN
euro,NOUN,NOUN
",",PUNCT,PUNCT
dapeu,VERB,VERB
reduta,NOUN,NOUN
à,ADP,FUNC
36mia,NOUN,NOUN
.,PUNCT,PUNCT
"

",SPACE,OTHER
O,DET,PRON
l’é,NOUN,NOUN
stæto,VERB,VERB
fermou,VERB,VERB
pe,ADP,FUNC
ammassamento,NOUN,NOUN
volontäio,ADJ,ADJ
o,DET,PRON
poliçiòtto,NOUN,NOUN
Carmelo,PROPN,NOUN
Cinturrino,PROPN,NOUN
",",PUNCT,PUNCT
che,VERB,VERB
a-i,VERB,VERB
26,NUM,ADJ
de,ADP,FUNC
zenâ,NOUN,NOUN
",",PUNCT,PUNCT
à,ADP,FUNC
Milan,PROPN,NOUN
",",PUNCT,PUNCT
o,DET,PRON
l’à,PROPN,NOUN
sparou,VERB,VERB
a-o,VERB,VERB
Abderrahim,PROPN,NOUN
Mansouri,PROPN,NOUN
",",PUNCT,PUNCT
un,PROPN,NOUN
venditô,PROPN,NOUN
de,ADP,FUNC
dröga,NOUN,NOUN
de,ADP,FUNC
28,NUM,ADJ
anni,NOUN,NOUN
.,PUNCT,PUNCT
O,DET,PRON
l’aiva,NOUN,NOUN
dito,VERB,VERB
d’aveighe,PROPN,NOUN
tiou,VERB,VERB
perché,PROPN,NOUN
stæto,VERB,VERB
menassou,VERB,VERB
con,PROPN,NOUN
unna,PROPN,NOUN
pistòlla,VERB,VERB
",",PUNCT,PUNCT
ma,DET,PRON
l’investigaçion,PROPN,NOUN
a,ADP,FUNC
l’à,NOUN,NOUN
mostrou,VERB,VERB
che,PROPN,NOUN
l’arma,NOUN,NOUN
a,ADP,FUNC
l’ea,PROPN,NOUN
stæta,ADJ,ADJ
missa,VERB,VERB
dòppo,ADV,ADV
d’arente,ADV,ADV
a-o,VERB,VERB
cadaveo,NOUN,NOUN
e,CCONJ,FUNC
che,PROPN,NOUN
in,PROPN,NOUN
çimma,ADJ,ADJ
gh’ea,ADJ,ADJ
solo,NOUN,NOUN
e,CCONJ,FUNC
impronte,ADJ,ADJ
de,ADP,FUNC
l’agente,ADV,ADV
.,PUNCT,PUNCT
Un,PROPN,NOUN
testimònio,PROPN,NOUN
o,DET,PRON
l’à,NOUN,NOUN
contou,VERB,VERB
ascì,NOUN,NOUN
che,VERB,VERB
o,DET,PRON
Mansouri,PROPN,NOUN
o,DET,PRON
l’ea,PROPN,NOUN
stæto,VERB,VERB
corpio,ADJ,ADJ
into,VERB,VERB
scappâ,ADJ,ADJ
.,PUNCT,PUNCT
O,DET,PRON
Cinturrino,PROPN,NOUN
o,DET,PRON
l’à,NOUN,NOUN
ammisso,ADJ,ADJ
e,CCONJ,FUNC
seu,DET,PRON
responsabilitæ,NOUN,NOUN
:,PUNCT,PUNCT
«,PUNCT,PUNCT
Ciammo,PROPN,NOUN
scuse,VERB,VERB
à,ADP,FUNC
tutti,NOUN,NOUN
quelli,DET,PRON
ch’an,NOUN,NOUN
l’uniforme,ADV,ADV
",",PUNCT,PUNCT
ò,DET,PRON
perso,NOUN,NOUN
o,DET,PRON
sæximo,NOUN,NOUN
»,PUNCT,PUNCT
.,PUNCT,PUNCT
Ma,ADV,ADV
o,DET,PRON
l’à,PROPN,NOUN
denegou,VERB,VERB
d’avei,ADV,ADV
piggiou,VERB,VERB
di,PROPN,NOUN
dinæ,PROPN,NOUN
e,CCONJ,FUNC
da,ADP,FUNC
dröga,PROPN,NOUN
da-a,VERB,VERB
vittima,ADJ,ADJ
.,PUNCT,PUNCT
Di,NOUN,NOUN
colleghi,VERB,VERB
an,ADP,FUNC
parlou,VERB,VERB
di,NUM,ADJ
seu,DET,PRON
metodi,ADJ,ADJ
violenti,ADJ,ADJ
.,PUNCT,PUNCT
O,DET,PRON
Cinturrino,PROPN,NOUN
o,DET,PRON
l’arresta,PROPN,NOUN
in,PROPN,NOUN
prexon,ADJ,ADJ
e,CCONJ,FUNC
o,DET,PRON
saià,NOUN,NOUN
levou,VERB,VERB
da,ADP,FUNC
l’incarrego,NOUN,NOUN
.,PUNCT,PUNCT
"

",SPACE,OTHER
Torna,PROPN,NOUN
polemiche,VERB,VERB
in,PROPN,NOUN
sciô,NOUN,NOUN
referendum,ADJ,ADJ
di,PROPN,NOUN
22,PROPN,NOUN
e,CCONJ,FUNC
23,NUM,ADJ
de,ADP,FUNC
marso,NOUN,NOUN
.,PUNCT,PUNCT
«,PUNCT,PUNCT
In,PROPN,NOUN
Ruscia,PROPN,NOUN
no,ADP,FUNC
gh’é,NOUN,NOUN
a,DET,PRON
spartiçion,PROPN,NOUN
de,ADP,FUNC
carree,NOUN,NOUN
",",PUNCT,PUNCT
o,DET,PRON
Putin,PROPN,NOUN
o,DET,PRON
votieiva,NOUN,NOUN
no,ADP,FUNC
»,PUNCT,PUNCT
",",PUNCT,PUNCT
e,CCONJ,FUNC
poule,NOUN,NOUN
do,ADP,FUNC
sottosegretäio,NOUN,NOUN
a-a,PROPN,NOUN
Giustiçia,PROPN,NOUN
Fazzolari,PROPN,NOUN
.,PUNCT,PUNCT
«,PUNCT,PUNCT
Solo,PROPN,NOUN
che,VERB,VERB
unna,NOUN,NOUN
sciortia,X,OTHER
»,PUNCT,PUNCT
",",PUNCT,PUNCT
o,DET,PRON
l’à,PROPN,NOUN
azzonto,ADJ,ADJ
",",PUNCT,PUNCT
ma,PROPN,NOUN
l’oppoxiçion,PROPN,NOUN
a,DET,PRON
l’à,NOUN,NOUN
criticou,VERB,VERB
.,PUNCT,PUNCT
Scontro,PROPN,NOUN
Nordio-Conte,PROPN,NOUN
à,ADP,FUNC
Palermo,PROPN,NOUN
",",PUNCT,PUNCT
o,DET,PRON
passou,VERB,VERB
prescidente,ADV,ADV
:,PUNCT,PUNCT
«,PUNCT,PUNCT
Sei,VERB,VERB
apreuvo,ADJ,ADJ
à,ADP,FUNC
realizzâ,NOUN,NOUN
un,PROPN,NOUN
disegno,ADJ,ADJ
de,ADP,FUNC
politica,NOUN,NOUN
criminale,X,OTHER
»,PUNCT,PUNCT
.,PUNCT,PUNCT
Forza,PROPN,NOUN
Italia,PROPN,NOUN
a,ADP,FUNC
l’à,NOUN,NOUN
accaxonou,VERB,VERB
a,DET,PRON
Lega,PROPN,NOUN
de,ADP,FUNC
scarso,NOUN,NOUN
impegno,ADJ,ADJ
inta,VERB,VERB
campagna,ADJ,ADJ
.,PUNCT,PUNCT
A,DET,PRON
maggioransa,NOUN,NOUN
a,ADP,FUNC
l’à,NOUN,NOUN
depoxitou,VERB,VERB
o,DET,PRON
testo,NOUN,NOUN
da,ADP,FUNC
neuva,NOUN,NOUN
lezze,ADJ,ADJ
elettorale,VERB,VERB
",",PUNCT,PUNCT
«,PUNCT,PUNCT
imposcibile,NOUN,NOUN
da,ADP,FUNC
açettâ,NOUN,NOUN
»,PUNCT,PUNCT
pe-a,PROPN,NOUN
segretäia,ADJ,ADJ
do,ADP,FUNC
Pd,PROPN,NOUN
Elly,PROPN,NOUN
Schlein,PROPN,NOUN
.,PUNCT,PUNCT
Se,SCONJ,FUNC
parla,VERB,VERB
de,ADP,FUNC
un,NOUN,NOUN
scistema,ADJ,ADJ
proporçionale,VERB,VERB
con,PROPN,NOUN
unna,PROPN,NOUN
correçion,PROPN,NOUN
pe,ADP,FUNC
garantî,NOUN,NOUN
a,DET,PRON
governabilitæ,NOUN,NOUN
.,PUNCT,PUNCT
"

",SPACE,OTHER
O,DET,PRON
l’é,NOUN,NOUN
mòrto,ADJ,ADJ
a-i,VERB,VERB
21,NUM,ADJ
de,ADP,FUNC
frevâ,VERB,VERB
o,DET,PRON
Domenico,NOUN,NOUN
",",PUNCT,PUNCT
o,DET,PRON
figgeu,NOUN,NOUN
de,ADP,FUNC
doî,PROPN,NOUN
anni,ADJ,ADJ
ch’o,PROPN,NOUN
l’ea,PROPN,NOUN
recoverou,VERB,VERB
à,ADP,FUNC
Napoli,PROPN,NOUN
dòppo,PROPN,NOUN
o,DET,PRON
tracianto,NOUN,NOUN
de,ADP,FUNC
un,PROPN,NOUN
cheu,PROPN,NOUN
dannezzou,VERB,VERB
into,NOUN,NOUN
stramuo,ADJ,ADJ
da,ADP,FUNC
Bolsan,PROPN,NOUN
.,PUNCT,PUNCT
Da,ADP,FUNC
l’investigaçion,PROPN,NOUN
da,ADP,FUNC
Procua,PROPN,NOUN
l’é,PROPN,NOUN
vegnuo,ADJ,ADJ
feua,VERB,VERB
che,VERB,VERB
o,DET,PRON
piccin,PROPN,NOUN
o,DET,PRON
l’ea,PROPN,NOUN
arrestou,VERB,VERB
sensa,NOUN,NOUN
cheu,VERB,VERB
pe,ADP,FUNC
quattro,PROPN,NOUN
menuti,ADJ,ADJ
perché,ADJ,ADJ
l’òrgano,PROPN,NOUN
o,DET,PRON
l’ea,PROPN,NOUN
stæto,PROPN,NOUN
descciantou,VERB,VERB
avanti,VERB,VERB
ch’arrivesse,AUX,VERB
quello,VERB,VERB
neuvo,NOUN,NOUN
.,PUNCT,PUNCT
I,NOUN,NOUN
meghi,ADJ,ADJ
",",PUNCT,PUNCT
pe,ADP,FUNC
provâ,VERB,VERB
à,ADP,FUNC
dezeâlo,NOUN,NOUN
za,ADP,FUNC
ch’o,PROPN,NOUN
l’aiva,PROPN,NOUN
viægiou,VERB,VERB
inta,VERB,VERB
giassa,ADJ,ADJ
secca,ADJ,ADJ
",",PUNCT,PUNCT
l’an,NOUN,NOUN
misso,ADJ,ADJ
sotta,ADJ,ADJ
l’ægua,NOUN,NOUN
freida,VERB,VERB
e,CCONJ,FUNC
dapeu,VERB,VERB
quella,NOUN,NOUN
cada,DET,PRON
.,PUNCT,PUNCT
L’avvocato,NOUN,NOUN
da,ADP,FUNC
famiggia,NOUN,NOUN
o,DET,PRON
l’à,PROPN,NOUN
denonçiou,VERB,VERB
de,ADP,FUNC
mancanse,ADJ,ADJ
inti,PROPN,NOUN
dæti,NOUN,NOUN
da,ADP,FUNC
cartella,NOUN,NOUN
clinica,ADJ,ADJ
.,PUNCT,PUNCT
A,ADP,FUNC
moæ,NOUN,NOUN
a,ADP,FUNC
l’à,NOUN,NOUN
dito,VERB,VERB
:,PUNCT,PUNCT
«,PUNCT,PUNCT
Oua,PROPN,NOUN
o,DET,PRON
l’é,PROPN,NOUN
un,PROPN,NOUN
angeo,PROPN,NOUN
ma,ADP,FUNC
veuggio,PROPN,NOUN
giustiçia,ADJ,ADJ
",",PUNCT,PUNCT
l’arregordiò,VERB,VERB
con,VERB,VERB
unna,PROPN,NOUN
fondaçion,PROPN,NOUN
»,PUNCT,PUNCT
.,PUNCT,PUNCT
"

",SPACE,OTHER
L’attacco,PROPN,NOUN
di,PROPN,NOUN
Stati,PROPN,NOUN
Unii,PROPN,NOUN
à,ADP,FUNC
l’Iran,PRON,PRON
o,DET,PRON
porrieiva,NOUN,NOUN
ëse,PROPN,NOUN
unna,NOUN,NOUN
costion,PROPN,NOUN
de,ADP,FUNC
giorni,PROPN,NOUN
.,PUNCT,PUNCT
E,CCONJ,FUNC
indiscreçioin,ADJ,ADJ
parlan,NOUN,NOUN
de,ADP,FUNC
unn’operaçion,PROPN,NOUN
studiâ,VERB,VERB
pe,ADP,FUNC
ammassâ,ADJ,ADJ
l’ayatollah,PROPN,NOUN
Ali,NOUN,NOUN
Khamenei,PROPN,NOUN
e,CCONJ,FUNC
seu,DET,PRON
figgio,NOUN,NOUN
Mojtaba,NOUN,NOUN
.,PUNCT,PUNCT
«,PUNCT,PUNCT
Teheran,PROPN,NOUN
a,DET,PRON
l’é,PROPN,NOUN
apreuvo,ADJ,ADJ
à,ADP,FUNC
sviluppâ,NOUN,NOUN
di,PROPN,NOUN
miscili,PROPN,NOUN
boin,PROPN,NOUN
à,ADP,FUNC
corpî,NOUN,NOUN
l’Euröpa,ADJ,ADJ
e,CCONJ,FUNC
i,PROPN,NOUN
Stati,PROPN,NOUN
Unii,PROPN,NOUN
",",PUNCT,PUNCT
no,ADP,FUNC
permettiò,PROPN,NOUN
mai,VERB,VERB
ch’aggian,PROPN,NOUN
o,DET,PRON
nucleare,NOUN,NOUN
»,PUNCT,PUNCT
",",PUNCT,PUNCT
o,DET,PRON
l’à,NOUN,NOUN
dito,VERB,VERB
o,DET,PRON
Trump,PROPN,NOUN
.,PUNCT,PUNCT
À,ADP,FUNC
Ginevra,PROPN,NOUN
l’urtima,PROPN,NOUN
occaxon,PROPN,NOUN
pe,ADP,FUNC
schivâ,NOUN,NOUN
a,ADP,FUNC
guæra,NOUN,NOUN
.,PUNCT,PUNCT
«,PUNCT,PUNCT
Gh’é,PROPN,NOUN
stæto,VERB,VERB
de,ADP,FUNC
avertue,ADJ,ADJ
mai,PROPN,NOUN
viste,ADJ,ADJ
primma,ADV,ADV
à,PRON,PRON
de,ADP,FUNC
idee,NOUN,NOUN
neuve,VERB,VERB
e,CCONJ,FUNC
creative,VERB,VERB
»,PUNCT,PUNCT
",",PUNCT,PUNCT
o,DET,PRON
l’à,NOUN,NOUN
dito,VERB,VERB
o,DET,PRON
ministro,NOUN,NOUN
de,ADP,FUNC
l’Estranxeo,NOUN,NOUN
de,ADP,FUNC
l’Oman,PROPN,NOUN
.,PUNCT,PUNCT
I,PROPN,NOUN
Stati,PROPN,NOUN
Unii,PROPN,NOUN
an,AUX,VERB
domandou,VERB,VERB
à,ADP,FUNC
l’Iran,PROPN,NOUN
de,ADP,FUNC
levâ,NOUN,NOUN
d’insemme,PROPN,NOUN
i,ADP,FUNC
trei,VERB,VERB
sciti,X,OTHER
nucleari,ADP,FUNC
prinçipæ,VERB,VERB
e,CCONJ,FUNC
de,ADP,FUNC
consegnâ,NOUN,NOUN
tutto,ADJ,ADJ
l’uranio,NOUN,NOUN
inricchio,ADJ,ADJ
.,PUNCT,PUNCT
Teheran,PROPN,NOUN
a,ADP,FUNC
l’é,PROPN,NOUN
disponibile,VERB,VERB
à,ADP,FUNC
trattâ,NOUN,NOUN
ma,VERB,VERB
a,DET,PRON
l’avieiva,NOUN,NOUN
dito,VERB,VERB
de,SCONJ,FUNC
no,ADP,FUNC
a-a,PROPN,NOUN
negoçiaçion,PROPN,NOUN
in,PROPN,NOUN
scî,PROPN,NOUN
miscili,PROPN,NOUN
.,PUNCT,PUNCT
"

",SPACE,OTHER
O,DET,PRON
scandalo,NOUN,NOUN
Epstein,PROPN,NOUN
o,DET,PRON
s’allarga,ADJ,ADJ
ancon,NOUN,NOUN
",",PUNCT,PUNCT
à,ADP,FUNC
partî,NOUN,NOUN
da-o,PROPN,NOUN
Regno,PROPN,NOUN
Unio,PROPN,NOUN
dòppo,PROPN,NOUN
l’arresto,PRON,PRON
do,ADP,FUNC
passou,VERB,VERB
prinçipe,PROPN,NOUN
Andria,PROPN,NOUN
",",PUNCT,PUNCT
fræ,NOUN,NOUN
do,ADP,FUNC
re,PROPN,NOUN
Carlo,PROPN,NOUN
.,PUNCT,PUNCT
A,ADP,FUNC
poliçia,NOUN,NOUN
a,DET,PRON
l’à,NOUN,NOUN
fermou,VERB,VERB
anche,VERB,VERB
o,DET,PRON
Peter,PROPN,NOUN
Mandelson,PROPN,NOUN
",",PUNCT,PUNCT
za,DET,PRON
ministro,NOUN,NOUN
e,CCONJ,FUNC
commissäio,ADV,ADV
europeo,VERB,VERB
",",PUNCT,PUNCT
misso,NOUN,NOUN
da-o,PROPN,NOUN
Starmer,PROPN,NOUN
comme,NOUN,NOUN
ambasciou,VERB,VERB
inti,NOUN,NOUN
Stati,PROPN,NOUN
Unii,PROPN,NOUN
avanti,VERB,VERB
de,ADP,FUNC
scorrîlo,PRON,PRON
.,PUNCT,PUNCT
A,DET,PRON
Hillary,PROPN,NOUN
Clinton,PROPN,NOUN
",",PUNCT,PUNCT
passâ,PROPN,NOUN
segretäia,NOUN,NOUN
de,ADP,FUNC
Stato,PROPN,NOUN
",",PUNCT,PUNCT
a,DET,PRON
s’é,ADJ,ADJ
defeisa,NOUN,NOUN
davanti,VERB,VERB
a-a,PROPN,NOUN
commiscion,NOUN,NOUN
:,PUNCT,PUNCT
«,PUNCT,PUNCT
No,ADP,FUNC
ò,DET,PRON
mai,PROPN,NOUN
incontrou,VERB,VERB
o,DET,PRON
Epstein,PROPN,NOUN
e,CCONJ,FUNC
no,ADP,FUNC
saiva,NOUN,NOUN
ninte,ADJ,ADJ
di,PROPN,NOUN
seu,DET,PRON
crimini,PROPN,NOUN
.,PUNCT,PUNCT
Doviësci,VERB,VERB
indagâ,PROPN,NOUN
in,ADV,ADV
sciô,VERB,VERB
Trump,PROPN,NOUN
»,PUNCT,PUNCT
.,PUNCT,PUNCT
O,DET,PRON
Borge,PROPN,NOUN
Brende,PROPN,NOUN
",",PUNCT,PUNCT
prescidente,ADV,ADV
do,ADP,FUNC
World,PROPN,NOUN
Economic,PROPN,NOUN
Forum,PROPN,NOUN
",",PUNCT,PUNCT
o,DET,PRON
l’é,NOUN,NOUN
stæto,VERB,VERB
costreito,NOUN,NOUN
à,ADP,FUNC
dà,PROPN,NOUN
e,CCONJ,FUNC
dimiscioin,VERB,VERB
apreuvo,NOUN,NOUN
à,ADP,FUNC
unn’investigaçion,PROPN,NOUN
in,PROPN,NOUN
scê,VERB,VERB
relaçioin,ADJ,ADJ
con,VERB,VERB
l’imprenditô,X,OTHER
pedòfilo,PROPN,NOUN
.,PUNCT,PUNCT
"

",SPACE,OTHER
A-i,NOUN,NOUN
24,NUM,ADJ
de,ADP,FUNC
frevâ,VERB,VERB
o,DET,PRON
quarto,ADJ,ADJ
anniversäio,ADJ,ADJ
da,ADP,FUNC
guæra,PROPN,NOUN
in,X,OTHER
Ucraina,PROPN,NOUN
.,PUNCT,PUNCT
I,PROPN,NOUN
cappi,PROPN,NOUN
de,ADP,FUNC
l’Union,PROPN,NOUN
europea,VERB,VERB
an,ADP,FUNC
parlou,VERB,VERB
da,ADP,FUNC
Kiev,PROPN,NOUN
:,PUNCT,PUNCT
«,PUNCT,PUNCT
A,DET,PRON
Ruscia,PROPN,NOUN
a,ADP,FUNC
no,ADP,FUNC
l’é,PROPN,NOUN
arrivâ,PROPN,NOUN
a-i,VERB,VERB
seu,DET,PRON
obiettivi,NOUN,NOUN
e,CCONJ,FUNC
a,DET,PRON
vëgne,ADJ,ADJ
ciù,NOUN,NOUN
debole,ADJ,ADJ
.,PUNCT,PUNCT
Faiemo,PROPN,NOUN
ciù,VERB,VERB
prescion,VERB,VERB
perché,ADJ,ADJ
Mosca,PROPN,NOUN
a,ADP,FUNC
ciante,ADV,ADV
lì,ADJ,ADJ
a,ADP,FUNC
seu,DET,PRON
aggrescion,PROPN,NOUN
»,PUNCT,PUNCT
",",PUNCT,PUNCT
an,SCONJ,FUNC
dito,VERB,VERB
a,DET,PRON
Ursula,PROPN,NOUN
von,PROPN,NOUN
der,VERB,VERB
Leyen,PROPN,NOUN
",",PUNCT,PUNCT
o,DET,PRON
Antonio,PROPN,NOUN
Costa,PROPN,NOUN
e,CCONJ,FUNC
a,DET,PRON
Roberta,PROPN,NOUN
Metsola,PROPN,NOUN
.,PUNCT,PUNCT
«,PUNCT,PUNCT
O,DET,PRON
Putin,PROPN,NOUN
o,DET,PRON
l’à,PROPN,NOUN
fallio,ADJ,ADJ
",",PUNCT,PUNCT
che,VERB,VERB
o,DET,PRON
Trump,PROPN,NOUN
o,DET,PRON
no,ADP,FUNC
cazze,NOUN,NOUN
into,ADJ,ADJ
seu,DET,PRON
zeugo,NOUN,NOUN
»,PUNCT,PUNCT
",",PUNCT,PUNCT
l’appello,PROPN,NOUN
do,ADP,FUNC
Zelensky,PROPN,NOUN
.,PUNCT,PUNCT
A,DET,PRON
Ruscia,PROPN,NOUN
a,ADP,FUNC
no,ADP,FUNC
s’afferma,NOUN,NOUN
:,PUNCT,PUNCT
«,PUNCT,PUNCT
No,ADP,FUNC
semmo,NOUN,NOUN
arrivæ,VERB,VERB
a-i,VERB,VERB
obiettivi,NOUN,NOUN
de,ADP,FUNC
l’intervento,NOUN,NOUN
militare,ADJ,ADJ
",",PUNCT,PUNCT
donca,NOUN,NOUN
l’operaçion,PROPN,NOUN
a,ADP,FUNC
va,PROPN,NOUN
avanti,VERB,VERB
»,PUNCT,PUNCT
.,PUNCT,PUNCT
Segondo,VERB,VERB
o,DET,PRON
Cremlin,PROPN,NOUN
«,PUNCT,PUNCT
Londra,PROPN,NOUN
e,CCONJ,FUNC
Pariggi,PROPN,NOUN
veuan,VERB,VERB
dâ,ADP,FUNC
de,ADP,FUNC
arme,NOUN,NOUN
nucleare,NOUN,NOUN
à,ADP,FUNC
Kiev,PROPN,NOUN
»,PUNCT,PUNCT
",",PUNCT,PUNCT
o,DET,PRON
Regno,PROPN,NOUN
Unio,PROPN,NOUN
o,DET,PRON
responde,NOUN,NOUN
che,VERB,VERB
o,DET,PRON
Putin,PROPN,NOUN
o,DET,PRON
mente,NOUN,NOUN
.,PUNCT,PUNCT
Segondo,VERB,VERB
a,DET,PRON
Banca,PROPN,NOUN
Mondiale,PROPN,NOUN
",",PUNCT,PUNCT
ghe,VERB,VERB
vorrià,NOUN,NOUN
a-o,VERB,VERB
manco,NOUN,NOUN
588,NUM,ADJ
miliardi,NOUN,NOUN
pe-a,X,OTHER
reconstruçion,PROPN,NOUN
.,PUNCT,PUNCT
