SENTENCE,TEXT,POS_GROUPED
"O Zouhaur Atif, o zoeno arrestou pe avei ammassou o Abanoud Youssef inte unna scheua à Spezza, o l’à ammisso d’aveilo fæto pe giöxia: «O no doveiva scangiâse quelle fotografie co-a mæ galante».",O,
"O Zouhaur Atif, o zoeno arrestou pe avei ammassou o Abanoud Youssef inte unna scheua à Spezza, o l’à ammisso d’aveilo fæto pe giöxia: «O no doveiva scangiâse quelle fotografie co-a mæ galante».",Zouhaur,
"O Zouhaur Atif, o zoeno arrestou pe avei ammassou o Abanoud Youssef inte unna scheua à Spezza, o l’à ammisso d’aveilo fæto pe giöxia: «O no doveiva scangiâse quelle fotografie co-a mæ galante».",Atif,
"O Zouhaur Atif, o zoeno arrestou pe avei ammassou o Abanoud Youssef inte unna scheua à Spezza, o l’à ammisso d’aveilo fæto pe giöxia: «O no doveiva scangiâse quelle fotografie co-a mæ galante».",",",
"O Zouhaur Atif, o zoeno arrestou pe avei ammassou o Abanoud Youssef inte unna scheua à Spezza, o l’à ammisso d’aveilo fæto pe giöxia: «O no doveiva scangiâse quelle fotografie co-a mæ galante».",o,
"O Zouhaur Atif, o zoeno arrestou pe avei ammassou o Abanoud Youssef inte unna scheua à Spezza, o l’à ammisso d’aveilo fæto pe giöxia: «O no doveiva scangiâse quelle fotografie co-a mæ galante».",zoeno,
"O Zouhaur Atif, o zoeno arrestou pe avei ammassou o Abanoud Youssef inte unna scheua à Spezza, o l’à ammisso d’aveilo fæto pe giöxia: «O no doveiva scangiâse quelle fotografie co-a mæ galante».",arrestou,
"O Zouhaur Atif, o zoeno arrestou pe avei ammassou o Abanoud Youssef inte unna scheua à Spezza, o l’à ammisso d’aveilo fæto pe giöxia: «O no doveiva scangiâse quelle fotografie co-a mæ galante».",pe,
"O Zouhaur Atif, o zoeno arrestou pe avei ammassou o Abanoud Youssef inte unna scheua à Spezza, o l’à ammisso d’aveilo fæto pe giöxia: «O no doveiva scangiâse quelle fotografie co-a mæ galante».",avei,
"O Zouhaur Atif, o zoeno arrestou pe avei ammassou o Abanoud Youssef inte unna scheua à Spezza, o l’à ammisso d’aveilo fæto pe giöxia: «O no doveiva scangiâse quelle fotografie co-a mæ galante».",ammassou,
"O Zouhaur Atif, o zoeno arrestou pe avei ammassou o Abanoud Youssef inte unna scheua à Spezza, o l’à ammisso d’aveilo fæto pe giöxia: «O no doveiva scangiâse quelle fotografie co-a mæ galante».",o,
"O Zouhaur Atif, o zoeno arrestou pe avei ammassou o Abanoud Youssef inte unna scheua à Spezza, o l’à ammisso d’aveilo fæto pe giöxia: «O no doveiva scangiâse quelle fotografie co-a mæ galante».",Abanoud,
"O Zouhaur Atif, o zoeno arrestou pe avei ammassou o Abanoud Youssef inte unna scheua à Spezza, o l’à ammisso d’aveilo fæto pe giöxia: «O no doveiva scangiâse quelle fotografie co-a mæ galante».",Youssef,
"O Zouhaur Atif, o zoeno arrestou pe avei ammassou o Abanoud Youssef inte unna scheua à Spezza, o l’à ammisso d’aveilo fæto pe giöxia: «O no doveiva scangiâse quelle fotografie co-a mæ galante».",inte,
"O Zouhaur Atif, o zoeno arrestou pe avei ammassou o Abanoud Youssef inte unna scheua à Spezza, o l’à ammisso d’aveilo fæto pe giöxia: «O no doveiva scangiâse quelle fotografie co-a mæ galante».",unna,
"O Zouhaur Atif, o zoeno arrestou pe avei ammassou o Abanoud Youssef inte unna scheua à Spezza, o l’à ammisso d’aveilo fæto pe giöxia: «O no doveiva scangiâse quelle fotografie co-a mæ galante».",scheua,
"O Zouhaur Atif, o zoeno arrestou pe avei ammassou o Abanoud Youssef inte unna scheua à Spezza, o l’à ammisso d’aveilo fæto pe giöxia: «O no doveiva scangiâse quelle fotografie co-a mæ galante».",à,
"O Zouhaur Atif, o zoeno arrestou pe avei ammassou o Abanoud Youssef inte unna scheua à Spezza, o l’à ammisso d’aveilo fæto pe giöxia: «O no doveiva scangiâse quelle fotografie co-a mæ galante».",Spezza,
"O Zouhaur Atif, o zoeno arrestou pe avei ammassou o Abanoud Youssef inte unna scheua à Spezza, o l’à ammisso d’aveilo fæto pe giöxia: «O no doveiva scangiâse quelle fotografie co-a mæ galante».",",",
"O Zouhaur Atif, o zoeno arrestou pe avei ammassou o Abanoud Youssef inte unna scheua à Spezza, o l’à ammisso d’aveilo fæto pe giöxia: «O no doveiva scangiâse quelle fotografie co-a mæ galante».",o,
"O Zouhaur Atif, o zoeno arrestou pe avei ammassou o Abanoud Youssef inte unna scheua à Spezza, o l’à ammisso d’aveilo fæto pe giöxia: «O no doveiva scangiâse quelle fotografie co-a mæ galante».",l,
"O Zouhaur Atif, o zoeno arrestou pe avei ammassou o Abanoud Youssef inte unna scheua à Spezza, o l’à ammisso d’aveilo fæto pe giöxia: «O no doveiva scangiâse quelle fotografie co-a mæ galante».",’,
"O Zouhaur Atif, o zoeno arrestou pe avei ammassou o Abanoud Youssef inte unna scheua à Spezza, o l’à ammisso d’aveilo fæto pe giöxia: «O no doveiva scangiâse quelle fotografie co-a mæ galante».",à,
"O Zouhaur Atif, o zoeno arrestou pe avei ammassou o Abanoud Youssef inte unna scheua à Spezza, o l’à ammisso d’aveilo fæto pe giöxia: «O no doveiva scangiâse quelle fotografie co-a mæ galante».",ammisso,
"O Zouhaur Atif, o zoeno arrestou pe avei ammassou o Abanoud Youssef inte unna scheua à Spezza, o l’à ammisso d’aveilo fæto pe giöxia: «O no doveiva scangiâse quelle fotografie co-a mæ galante».",d,
"O Zouhaur Atif, o zoeno arrestou pe avei ammassou o Abanoud Youssef inte unna scheua à Spezza, o l’à ammisso d’aveilo fæto pe giöxia: «O no doveiva scangiâse quelle fotografie co-a mæ galante».",’,
"O Zouhaur Atif, o zoeno arrestou pe avei ammassou o Abanoud Youssef inte unna scheua à Spezza, o l’à ammisso d’aveilo fæto pe giöxia: «O no doveiva scangiâse quelle fotografie co-a mæ galante».",aveilo,
"O Zouhaur Atif, o zoeno arrestou pe avei ammassou o Abanoud Youssef inte unna scheua à Spezza, o l’à ammisso d’aveilo fæto pe giöxia: «O no doveiva scangiâse quelle fotografie co-a mæ galante».",fæto,
"O Zouhaur Atif, o zoeno arrestou pe avei ammassou o Abanoud Youssef inte unna scheua à Spezza, o l’à ammisso d’aveilo fæto pe giöxia: «O no doveiva scangiâse quelle fotografie co-a mæ galante».",pe,
"O Zouhaur Atif, o zoeno arrestou pe avei ammassou o Abanoud Youssef inte unna scheua à Spezza, o l’à ammisso d’aveilo fæto pe giöxia: «O no doveiva scangiâse quelle fotografie co-a mæ galante».",giöxia,
"O Zouhaur Atif, o zoeno arrestou pe avei ammassou o Abanoud Youssef inte unna scheua à Spezza, o l’à ammisso d’aveilo fæto pe giöxia: «O no doveiva scangiâse quelle fotografie co-a mæ galante».",:,
"O Zouhaur Atif, o zoeno arrestou pe avei ammassou o Abanoud Youssef inte unna scheua à Spezza, o l’à ammisso d’aveilo fæto pe giöxia: «O no doveiva scangiâse quelle fotografie co-a mæ galante».",«,
"O Zouhaur Atif, o zoeno arrestou pe avei ammassou o Abanoud Youssef inte unna scheua à Spezza, o l’à ammisso d’aveilo fæto pe giöxia: «O no doveiva scangiâse quelle fotografie co-a mæ galante».",O,
"O Zouhaur Atif, o zoeno arrestou pe avei ammassou o Abanoud Youssef inte unna scheua à Spezza, o l’à ammisso d’aveilo fæto pe giöxia: «O no doveiva scangiâse quelle fotografie co-a mæ galante».",no,
"O Zouhaur Atif, o zoeno arrestou pe avei ammassou o Abanoud Youssef inte unna scheua à Spezza, o l’à ammisso d’aveilo fæto pe giöxia: «O no doveiva scangiâse quelle fotografie co-a mæ galante».",doveiva,
"O Zouhaur Atif, o zoeno arrestou pe avei ammassou o Abanoud Youssef inte unna scheua à Spezza, o l’à ammisso d’aveilo fæto pe giöxia: «O no doveiva scangiâse quelle fotografie co-a mæ galante».",scangiâse,
"O Zouhaur Atif, o zoeno arrestou pe avei ammassou o Abanoud Youssef inte unna scheua à Spezza, o l’à ammisso d’aveilo fæto pe giöxia: «O no doveiva scangiâse quelle fotografie co-a mæ galante».",quelle,
"O Zouhaur Atif, o zoeno arrestou pe avei ammassou o Abanoud Youssef inte unna scheua à Spezza, o l’à ammisso d’aveilo fæto pe giöxia: «O no doveiva scangiâse quelle fotografie co-a mæ galante».",fotografie,
"O Zouhaur Atif, o zoeno arrestou pe avei ammassou o Abanoud Youssef inte unna scheua à Spezza, o l’à ammisso d’aveilo fæto pe giöxia: «O no doveiva scangiâse quelle fotografie co-a mæ galante».",co-a,
"O Zouhaur Atif, o zoeno arrestou pe avei ammassou o Abanoud Youssef inte unna scheua à Spezza, o l’à ammisso d’aveilo fæto pe giöxia: «O no doveiva scangiâse quelle fotografie co-a mæ galante».",mæ,
"O Zouhaur Atif, o zoeno arrestou pe avei ammassou o Abanoud Youssef inte unna scheua à Spezza, o l’à ammisso d’aveilo fæto pe giöxia: «O no doveiva scangiâse quelle fotografie co-a mæ galante».",galante,
"O Zouhaur Atif, o zoeno arrestou pe avei ammassou o Abanoud Youssef inte unna scheua à Spezza, o l’à ammisso d’aveilo fæto pe giöxia: «O no doveiva scangiâse quelle fotografie co-a mæ galante».",»,
"O Zouhaur Atif, o zoeno arrestou pe avei ammassou o Abanoud Youssef inte unna scheua à Spezza, o l’à ammisso d’aveilo fæto pe giöxia: «O no doveiva scangiâse quelle fotografie co-a mæ galante».",.,
A figgia e a vittima se conosceivan da figgeu.,A,
A figgia e a vittima se conosceivan da figgeu.,figgia,
A figgia e a vittima se conosceivan da figgeu.,e,
A figgia e a vittima se conosceivan da figgeu.,a,
A figgia e a vittima se conosceivan da figgeu.,vittima,
A figgia e a vittima se conosceivan da figgeu.,se,
A figgia e a vittima se conosceivan da figgeu.,conosceivan,
A figgia e a vittima se conosceivan da figgeu.,da,
A figgia e a vittima se conosceivan da figgeu.,figgeu,
A figgia e a vittima se conosceivan da figgeu.,.,
"«Aiva fæto o poscibile perché no rattellessan», a l’à scrito lê in sce un social.",«,
"«Aiva fæto o poscibile perché no rattellessan», a l’à scrito lê in sce un social.",Aiva,
"«Aiva fæto o poscibile perché no rattellessan», a l’à scrito lê in sce un social.",fæto,
"«Aiva fæto o poscibile perché no rattellessan», a l’à scrito lê in sce un social.",o,
"«Aiva fæto o poscibile perché no rattellessan», a l’à scrito lê in sce un social.",poscibile,
"«Aiva fæto o poscibile perché no rattellessan», a l’à scrito lê in sce un social.",perché,
"«Aiva fæto o poscibile perché no rattellessan», a l’à scrito lê in sce un social.",no,
"«Aiva fæto o poscibile perché no rattellessan», a l’à scrito lê in sce un social.",rattellessan,
"«Aiva fæto o poscibile perché no rattellessan», a l’à scrito lê in sce un social.",»,
"«Aiva fæto o poscibile perché no rattellessan», a l’à scrito lê in sce un social.",",",
"«Aiva fæto o poscibile perché no rattellessan», a l’à scrito lê in sce un social.",a,
"«Aiva fæto o poscibile perché no rattellessan», a l’à scrito lê in sce un social.",l,
"«Aiva fæto o poscibile perché no rattellessan», a l’à scrito lê in sce un social.",’,
"«Aiva fæto o poscibile perché no rattellessan», a l’à scrito lê in sce un social.",à,
"«Aiva fæto o poscibile perché no rattellessan», a l’à scrito lê in sce un social.",scrito,
"«Aiva fæto o poscibile perché no rattellessan», a l’à scrito lê in sce un social.",lê,
"«Aiva fæto o poscibile perché no rattellessan», a l’à scrito lê in sce un social.",in,
"«Aiva fæto o poscibile perché no rattellessan», a l’à scrito lê in sce un social.",sce,
"«Aiva fæto o poscibile perché no rattellessan», a l’à scrito lê in sce un social.",un,
"«Aiva fæto o poscibile perché no rattellessan», a l’à scrito lê in sce un social.",social,
"«Aiva fæto o poscibile perché no rattellessan», a l’à scrito lê in sce un social.",.,
O Atif o l’arresta in prexon e oua o reisega d’ëse accaxonou da premeditaçion.,O,
O Atif o l’arresta in prexon e oua o reisega d’ëse accaxonou da premeditaçion.,Atif,
O Atif o l’arresta in prexon e oua o reisega d’ëse accaxonou da premeditaçion.,o,
O Atif o l’arresta in prexon e oua o reisega d’ëse accaxonou da premeditaçion.,l,
O Atif o l’arresta in prexon e oua o reisega d’ëse accaxonou da premeditaçion.,’,
O Atif o l’arresta in prexon e oua o reisega d’ëse accaxonou da premeditaçion.,arresta,
O Atif o l’arresta in prexon e oua o reisega d’ëse accaxonou da premeditaçion.,in,
O Atif o l’arresta in prexon e oua o reisega d’ëse accaxonou da premeditaçion.,prexon,
O Atif o l’arresta in prexon e oua o reisega d’ëse accaxonou da premeditaçion.,e,
O Atif o l’arresta in prexon e oua o reisega d’ëse accaxonou da premeditaçion.,oua,
O Atif o l’arresta in prexon e oua o reisega d’ëse accaxonou da premeditaçion.,o,
O Atif o l’arresta in prexon e oua o reisega d’ëse accaxonou da premeditaçion.,reisega,
O Atif o l’arresta in prexon e oua o reisega d’ëse accaxonou da premeditaçion.,d,
O Atif o l’arresta in prexon e oua o reisega d’ëse accaxonou da premeditaçion.,’,
O Atif o l’arresta in prexon e oua o reisega d’ëse accaxonou da premeditaçion.,ëse,
O Atif o l’arresta in prexon e oua o reisega d’ëse accaxonou da premeditaçion.,accaxonou,
O Atif o l’arresta in prexon e oua o reisega d’ëse accaxonou da premeditaçion.,da,
O Atif o l’arresta in prexon e oua o reisega d’ëse accaxonou da premeditaçion.,premeditaçion,
O Atif o l’arresta in prexon e oua o reisega d’ëse accaxonou da premeditaçion.,.,
"A-i 22 de zenâ, giornâ de desmuo da çittæ, çentanæa de persoñe an parteçipou a-o morteuio crestian into dòmmo.",A-i,
"A-i 22 de zenâ, giornâ de desmuo da çittæ, çentanæa de persoñe an parteçipou a-o morteuio crestian into dòmmo.",22,
"A-i 22 de zenâ, giornâ de desmuo da çittæ, çentanæa de persoñe an parteçipou a-o morteuio crestian into dòmmo.",de,
"A-i 22 de zenâ, giornâ de desmuo da çittæ, çentanæa de persoñe an parteçipou a-o morteuio crestian into dòmmo.",zenâ,
"A-i 22 de zenâ, giornâ de desmuo da çittæ, çentanæa de persoñe an parteçipou a-o morteuio crestian into dòmmo.",",",
"A-i 22 de zenâ, giornâ de desmuo da çittæ, çentanæa de persoñe an parteçipou a-o morteuio crestian into dòmmo.",giornâ,
"A-i 22 de zenâ, giornâ de desmuo da çittæ, çentanæa de persoñe an parteçipou a-o morteuio crestian into dòmmo.",de,
"A-i 22 de zenâ, giornâ de desmuo da çittæ, çentanæa de persoñe an parteçipou a-o morteuio crestian into dòmmo.",desmuo,
"A-i 22 de zenâ, giornâ de desmuo da çittæ, çentanæa de persoñe an parteçipou a-o morteuio crestian into dòmmo.",da,
"A-i 22 de zenâ, giornâ de desmuo da çittæ, çentanæa de persoñe an parteçipou a-o morteuio crestian into dòmmo.",çittæ,
"A-i 22 de zenâ, giornâ de desmuo da çittæ, çentanæa de persoñe an parteçipou a-o morteuio crestian into dòmmo.",",",
"A-i 22 de zenâ, giornâ de desmuo da çittæ, çentanæa de persoñe an parteçipou a-o morteuio crestian into dòmmo.",çentanæa,
"A-i 22 de zenâ, giornâ de desmuo da çittæ, çentanæa de persoñe an parteçipou a-o morteuio crestian into dòmmo.",de,
"A-i 22 de zenâ, giornâ de desmuo da çittæ, çentanæa de persoñe an parteçipou a-o morteuio crestian into dòmmo.",persoñe,
"A-i 22 de zenâ, giornâ de desmuo da çittæ, çentanæa de persoñe an parteçipou a-o morteuio crestian into dòmmo.",an,
"A-i 22 de zenâ, giornâ de desmuo da çittæ, çentanæa de persoñe an parteçipou a-o morteuio crestian into dòmmo.",parteçipou,
"A-i 22 de zenâ, giornâ de desmuo da çittæ, çentanæa de persoñe an parteçipou a-o morteuio crestian into dòmmo.",a-o,
"A-i 22 de zenâ, giornâ de desmuo da çittæ, çentanæa de persoñe an parteçipou a-o morteuio crestian into dòmmo.",morteuio,
"A-i 22 de zenâ, giornâ de desmuo da çittæ, çentanæa de persoñe an parteçipou a-o morteuio crestian into dòmmo.",crestian,
"A-i 22 de zenâ, giornâ de desmuo da çittæ, çentanæa de persoñe an parteçipou a-o morteuio crestian into dòmmo.",into,
"A-i 22 de zenâ, giornâ de desmuo da çittæ, çentanæa de persoñe an parteçipou a-o morteuio crestian into dòmmo.",dòmmo,
"A-i 22 de zenâ, giornâ de desmuo da çittæ, çentanæa de persoñe an parteçipou a-o morteuio crestian into dòmmo.",.,
"Da l’autopscia l’é vegnuo feua che o Abanoud o l’é mòrto pe unna cotellâ sola ch’a gh’à dannezzou o figæto, a minsa e un pormon.",Da,
"Da l’autopscia l’é vegnuo feua che o Abanoud o l’é mòrto pe unna cotellâ sola ch’a gh’à dannezzou o figæto, a minsa e un pormon.",l,
"Da l’autopscia l’é vegnuo feua che o Abanoud o l’é mòrto pe unna cotellâ sola ch’a gh’à dannezzou o figæto, a minsa e un pormon.",’,
"Da l’autopscia l’é vegnuo feua che o Abanoud o l’é mòrto pe unna cotellâ sola ch’a gh’à dannezzou o figæto, a minsa e un pormon.",autopscia,
"Da l’autopscia l’é vegnuo feua che o Abanoud o l’é mòrto pe unna cotellâ sola ch’a gh’à dannezzou o figæto, a minsa e un pormon.",l,
"Da l’autopscia l’é vegnuo feua che o Abanoud o l’é mòrto pe unna cotellâ sola ch’a gh’à dannezzou o figæto, a minsa e un pormon.",’,
"Da l’autopscia l’é vegnuo feua che o Abanoud o l’é mòrto pe unna cotellâ sola ch’a gh’à dannezzou o figæto, a minsa e un pormon.",é,
"Da l’autopscia l’é vegnuo feua che o Abanoud o l’é mòrto pe unna cotellâ sola ch’a gh’à dannezzou o figæto, a minsa e un pormon.",vegnuo,
"Da l’autopscia l’é vegnuo feua che o Abanoud o l’é mòrto pe unna cotellâ sola ch’a gh’à dannezzou o figæto, a minsa e un pormon.",feua,
"Da l’autopscia l’é vegnuo feua che o Abanoud o l’é mòrto pe unna cotellâ sola ch’a gh’à dannezzou o figæto, a minsa e un pormon.",che,
"Da l’autopscia l’é vegnuo feua che o Abanoud o l’é mòrto pe unna cotellâ sola ch’a gh’à dannezzou o figæto, a minsa e un pormon.",o,
"Da l’autopscia l’é vegnuo feua che o Abanoud o l’é mòrto pe unna cotellâ sola ch’a gh’à dannezzou o figæto, a minsa e un pormon.",Abanoud,
"Da l’autopscia l’é vegnuo feua che o Abanoud o l’é mòrto pe unna cotellâ sola ch’a gh’à dannezzou o figæto, a minsa e un pormon.",o,
"Da l’autopscia l’é vegnuo feua che o Abanoud o l’é mòrto pe unna cotellâ sola ch’a gh’à dannezzou o figæto, a minsa e un pormon.",l,
"Da l’autopscia l’é vegnuo feua che o Abanoud o l’é mòrto pe unna cotellâ sola ch’a gh’à dannezzou o figæto, a minsa e un pormon.",’,
"Da l’autopscia l’é vegnuo feua che o Abanoud o l’é mòrto pe unna cotellâ sola ch’a gh’à dannezzou o figæto, a minsa e un pormon.",é,
"Da l’autopscia l’é vegnuo feua che o Abanoud o l’é mòrto pe unna cotellâ sola ch’a gh’à dannezzou o figæto, a minsa e un pormon.",mòrto,
"Da l’autopscia l’é vegnuo feua che o Abanoud o l’é mòrto pe unna cotellâ sola ch’a gh’à dannezzou o figæto, a minsa e un pormon.",pe,
"Da l’autopscia l’é vegnuo feua che o Abanoud o l’é mòrto pe unna cotellâ sola ch’a gh’à dannezzou o figæto, a minsa e un pormon.",unna,
"Da l’autopscia l’é vegnuo feua che o Abanoud o l’é mòrto pe unna cotellâ sola ch’a gh’à dannezzou o figæto, a minsa e un pormon.",cotellâ,
"Da l’autopscia l’é vegnuo feua che o Abanoud o l’é mòrto pe unna cotellâ sola ch’a gh’à dannezzou o figæto, a minsa e un pormon.",sola,
"Da l’autopscia l’é vegnuo feua che o Abanoud o l’é mòrto pe unna cotellâ sola ch’a gh’à dannezzou o figæto, a minsa e un pormon.",ch,
"Da l’autopscia l’é vegnuo feua che o Abanoud o l’é mòrto pe unna cotellâ sola ch’a gh’à dannezzou o figæto, a minsa e un pormon.",’,
"Da l’autopscia l’é vegnuo feua che o Abanoud o l’é mòrto pe unna cotellâ sola ch’a gh’à dannezzou o figæto, a minsa e un pormon.",a,
"Da l’autopscia l’é vegnuo feua che o Abanoud o l’é mòrto pe unna cotellâ sola ch’a gh’à dannezzou o figæto, a minsa e un pormon.",gh,
"Da l’autopscia l’é vegnuo feua che o Abanoud o l’é mòrto pe unna cotellâ sola ch’a gh’à dannezzou o figæto, a minsa e un pormon.",’,
"Da l’autopscia l’é vegnuo feua che o Abanoud o l’é mòrto pe unna cotellâ sola ch’a gh’à dannezzou o figæto, a minsa e un pormon.",à,
"Da l’autopscia l’é vegnuo feua che o Abanoud o l’é mòrto pe unna cotellâ sola ch’a gh’à dannezzou o figæto, a minsa e un pormon.",dannezzou,
"Da l’autopscia l’é vegnuo feua che o Abanoud o l’é mòrto pe unna cotellâ sola ch’a gh’à dannezzou o figæto, a minsa e un pormon.",o,
"Da l’autopscia l’é vegnuo feua che o Abanoud o l’é mòrto pe unna cotellâ sola ch’a gh’à dannezzou o figæto, a minsa e un pormon.",figæto,
"Da l’autopscia l’é vegnuo feua che o Abanoud o l’é mòrto pe unna cotellâ sola ch’a gh’à dannezzou o figæto, a minsa e un pormon.",",",
"Da l’autopscia l’é vegnuo feua che o Abanoud o l’é mòrto pe unna cotellâ sola ch’a gh’à dannezzou o figæto, a minsa e un pormon.",a,
"Da l’autopscia l’é vegnuo feua che o Abanoud o l’é mòrto pe unna cotellâ sola ch’a gh’à dannezzou o figæto, a minsa e un pormon.",minsa,
"Da l’autopscia l’é vegnuo feua che o Abanoud o l’é mòrto pe unna cotellâ sola ch’a gh’à dannezzou o figæto, a minsa e un pormon.",e,
"Da l’autopscia l’é vegnuo feua che o Abanoud o l’é mòrto pe unna cotellâ sola ch’a gh’à dannezzou o figæto, a minsa e un pormon.",un,
"Da l’autopscia l’é vegnuo feua che o Abanoud o l’é mòrto pe unna cotellâ sola ch’a gh’à dannezzou o figæto, a minsa e un pormon.",pormon,
"Da l’autopscia l’é vegnuo feua che o Abanoud o l’é mòrto pe unna cotellâ sola ch’a gh’à dannezzou o figæto, a minsa e un pormon.",.,
"A Procua de Zena a l’à ciammou o fallimento de l’Amt, l’açienda ch’a gestisce o traspòrto pubrico, trovandoghe 200 mioin e passa de debiti.",A,
"A Procua de Zena a l’à ciammou o fallimento de l’Amt, l’açienda ch’a gestisce o traspòrto pubrico, trovandoghe 200 mioin e passa de debiti.",Procua,
"A Procua de Zena a l’à ciammou o fallimento de l’Amt, l’açienda ch’a gestisce o traspòrto pubrico, trovandoghe 200 mioin e passa de debiti.",de,
"A Procua de Zena a l’à ciammou o fallimento de l’Amt, l’açienda ch’a gestisce o traspòrto pubrico, trovandoghe 200 mioin e passa de debiti.",Zena,
"A Procua de Zena a l’à ciammou o fallimento de l’Amt, l’açienda ch’a gestisce o traspòrto pubrico, trovandoghe 200 mioin e passa de debiti.",a,
"A Procua de Zena a l’à ciammou o fallimento de l’Amt, l’açienda ch’a gestisce o traspòrto pubrico, trovandoghe 200 mioin e passa de debiti.",l,
"A Procua de Zena a l’à ciammou o fallimento de l’Amt, l’açienda ch’a gestisce o traspòrto pubrico, trovandoghe 200 mioin e passa de debiti.",’,
"A Procua de Zena a l’à ciammou o fallimento de l’Amt, l’açienda ch’a gestisce o traspòrto pubrico, trovandoghe 200 mioin e passa de debiti.",à,
"A Procua de Zena a l’à ciammou o fallimento de l’Amt, l’açienda ch’a gestisce o traspòrto pubrico, trovandoghe 200 mioin e passa de debiti.",ciammou,
"A Procua de Zena a l’à ciammou o fallimento de l’Amt, l’açienda ch’a gestisce o traspòrto pubrico, trovandoghe 200 mioin e passa de debiti.",o,
"A Procua de Zena a l’à ciammou o fallimento de l’Amt, l’açienda ch’a gestisce o traspòrto pubrico, trovandoghe 200 mioin e passa de debiti.",fallimento,
"A Procua de Zena a l’à ciammou o fallimento de l’Amt, l’açienda ch’a gestisce o traspòrto pubrico, trovandoghe 200 mioin e passa de debiti.",de,
"A Procua de Zena a l’à ciammou o fallimento de l’Amt, l’açienda ch’a gestisce o traspòrto pubrico, trovandoghe 200 mioin e passa de debiti.",l,
"A Procua de Zena a l’à ciammou o fallimento de l’Amt, l’açienda ch’a gestisce o traspòrto pubrico, trovandoghe 200 mioin e passa de debiti.",’,
"A Procua de Zena a l’à ciammou o fallimento de l’Amt, l’açienda ch’a gestisce o traspòrto pubrico, trovandoghe 200 mioin e passa de debiti.",Amt,
"A Procua de Zena a l’à ciammou o fallimento de l’Amt, l’açienda ch’a gestisce o traspòrto pubrico, trovandoghe 200 mioin e passa de debiti.",",",
"A Procua de Zena a l’à ciammou o fallimento de l’Amt, l’açienda ch’a gestisce o traspòrto pubrico, trovandoghe 200 mioin e passa de debiti.",l,
"A Procua de Zena a l’à ciammou o fallimento de l’Amt, l’açienda ch’a gestisce o traspòrto pubrico, trovandoghe 200 mioin e passa de debiti.",’,
"A Procua de Zena a l’à ciammou o fallimento de l’Amt, l’açienda ch’a gestisce o traspòrto pubrico, trovandoghe 200 mioin e passa de debiti.",açienda,
"A Procua de Zena a l’à ciammou o fallimento de l’Amt, l’açienda ch’a gestisce o traspòrto pubrico, trovandoghe 200 mioin e passa de debiti.",ch,
"A Procua de Zena a l’à ciammou o fallimento de l’Amt, l’açienda ch’a gestisce o traspòrto pubrico, trovandoghe 200 mioin e passa de debiti.",’,
"A Procua de Zena a l’à ciammou o fallimento de l’Amt, l’açienda ch’a gestisce o traspòrto pubrico, trovandoghe 200 mioin e passa de debiti.",a,
"A Procua de Zena a l’à ciammou o fallimento de l’Amt, l’açienda ch’a gestisce o traspòrto pubrico, trovandoghe 200 mioin e passa de debiti.",gestisce,
"A Procua de Zena a l’à ciammou o fallimento de l’Amt, l’açienda ch’a gestisce o traspòrto pubrico, trovandoghe 200 mioin e passa de debiti.",o,
"A Procua de Zena a l’à ciammou o fallimento de l’Amt, l’açienda ch’a gestisce o traspòrto pubrico, trovandoghe 200 mioin e passa de debiti.",traspòrto,
"A Procua de Zena a l’à ciammou o fallimento de l’Amt, l’açienda ch’a gestisce o traspòrto pubrico, trovandoghe 200 mioin e passa de debiti.",pubrico,
"A Procua de Zena a l’à ciammou o fallimento de l’Amt, l’açienda ch’a gestisce o traspòrto pubrico, trovandoghe 200 mioin e passa de debiti.",",",
"A Procua de Zena a l’à ciammou o fallimento de l’Amt, l’açienda ch’a gestisce o traspòrto pubrico, trovandoghe 200 mioin e passa de debiti.",trovandoghe,
"A Procua de Zena a l’à ciammou o fallimento de l’Amt, l’açienda ch’a gestisce o traspòrto pubrico, trovandoghe 200 mioin e passa de debiti.",200,
"A Procua de Zena a l’à ciammou o fallimento de l’Amt, l’açienda ch’a gestisce o traspòrto pubrico, trovandoghe 200 mioin e passa de debiti.",mioin,
"A Procua de Zena a l’à ciammou o fallimento de l’Amt, l’açienda ch’a gestisce o traspòrto pubrico, trovandoghe 200 mioin e passa de debiti.",e,
"A Procua de Zena a l’à ciammou o fallimento de l’Amt, l’açienda ch’a gestisce o traspòrto pubrico, trovandoghe 200 mioin e passa de debiti.",passa,
"A Procua de Zena a l’à ciammou o fallimento de l’Amt, l’açienda ch’a gestisce o traspòrto pubrico, trovandoghe 200 mioin e passa de debiti.",de,
"A Procua de Zena a l’à ciammou o fallimento de l’Amt, l’açienda ch’a gestisce o traspòrto pubrico, trovandoghe 200 mioin e passa de debiti.",debiti,
"A Procua de Zena a l’à ciammou o fallimento de l’Amt, l’açienda ch’a gestisce o traspòrto pubrico, trovandoghe 200 mioin e passa de debiti.",.,
"O papê o l’é vegnuo feua oua, ma o l’é di 9 de dexembre, avanti che o Tribunâ o l’approvesse a compoxiçion negoçiâ da crixi co-e mesue che mettan a soçietæ a-o sosto.",O,
"O papê o l’é vegnuo feua oua, ma o l’é di 9 de dexembre, avanti che o Tribunâ o l’approvesse a compoxiçion negoçiâ da crixi co-e mesue che mettan a soçietæ a-o sosto.",papê,
"O papê o l’é vegnuo feua oua, ma o l’é di 9 de dexembre, avanti che o Tribunâ o l’approvesse a compoxiçion negoçiâ da crixi co-e mesue che mettan a soçietæ a-o sosto.",o,
"O papê o l’é vegnuo feua oua, ma o l’é di 9 de dexembre, avanti che o Tribunâ o l’approvesse a compoxiçion negoçiâ da crixi co-e mesue che mettan a soçietæ a-o sosto.",l,
"O papê o l’é vegnuo feua oua, ma o l’é di 9 de dexembre, avanti che o Tribunâ o l’approvesse a compoxiçion negoçiâ da crixi co-e mesue che mettan a soçietæ a-o sosto.",’,
"O papê o l’é vegnuo feua oua, ma o l’é di 9 de dexembre, avanti che o Tribunâ o l’approvesse a compoxiçion negoçiâ da crixi co-e mesue che mettan a soçietæ a-o sosto.",é,
"O papê o l’é vegnuo feua oua, ma o l’é di 9 de dexembre, avanti che o Tribunâ o l’approvesse a compoxiçion negoçiâ da crixi co-e mesue che mettan a soçietæ a-o sosto.",vegnuo,
"O papê o l’é vegnuo feua oua, ma o l’é di 9 de dexembre, avanti che o Tribunâ o l’approvesse a compoxiçion negoçiâ da crixi co-e mesue che mettan a soçietæ a-o sosto.",feua,
"O papê o l’é vegnuo feua oua, ma o l’é di 9 de dexembre, avanti che o Tribunâ o l’approvesse a compoxiçion negoçiâ da crixi co-e mesue che mettan a soçietæ a-o sosto.",oua,
"O papê o l’é vegnuo feua oua, ma o l’é di 9 de dexembre, avanti che o Tribunâ o l’approvesse a compoxiçion negoçiâ da crixi co-e mesue che mettan a soçietæ a-o sosto.",",",
"O papê o l’é vegnuo feua oua, ma o l’é di 9 de dexembre, avanti che o Tribunâ o l’approvesse a compoxiçion negoçiâ da crixi co-e mesue che mettan a soçietæ a-o sosto.",ma,
"O papê o l’é vegnuo feua oua, ma o l’é di 9 de dexembre, avanti che o Tribunâ o l’approvesse a compoxiçion negoçiâ da crixi co-e mesue che mettan a soçietæ a-o sosto.",o,
"O papê o l’é vegnuo feua oua, ma o l’é di 9 de dexembre, avanti che o Tribunâ o l’approvesse a compoxiçion negoçiâ da crixi co-e mesue che mettan a soçietæ a-o sosto.",l,
"O papê o l’é vegnuo feua oua, ma o l’é di 9 de dexembre, avanti che o Tribunâ o l’approvesse a compoxiçion negoçiâ da crixi co-e mesue che mettan a soçietæ a-o sosto.",’,
"O papê o l’é vegnuo feua oua, ma o l’é di 9 de dexembre, avanti che o Tribunâ o l’approvesse a compoxiçion negoçiâ da crixi co-e mesue che mettan a soçietæ a-o sosto.",é,
"O papê o l’é vegnuo feua oua, ma o l’é di 9 de dexembre, avanti che o Tribunâ o l’approvesse a compoxiçion negoçiâ da crixi co-e mesue che mettan a soçietæ a-o sosto.",di,
"O papê o l’é vegnuo feua oua, ma o l’é di 9 de dexembre, avanti che o Tribunâ o l’approvesse a compoxiçion negoçiâ da crixi co-e mesue che mettan a soçietæ a-o sosto.",9,
"O papê o l’é vegnuo feua oua, ma o l’é di 9 de dexembre, avanti che o Tribunâ o l’approvesse a compoxiçion negoçiâ da crixi co-e mesue che mettan a soçietæ a-o sosto.",de,
"O papê o l’é vegnuo feua oua, ma o l’é di 9 de dexembre, avanti che o Tribunâ o l’approvesse a compoxiçion negoçiâ da crixi co-e mesue che mettan a soçietæ a-o sosto.",dexembre,
"O papê o l’é vegnuo feua oua, ma o l’é di 9 de dexembre, avanti che o Tribunâ o l’approvesse a compoxiçion negoçiâ da crixi co-e mesue che mettan a soçietæ a-o sosto.",",",
"O papê o l’é vegnuo feua oua, ma o l’é di 9 de dexembre, avanti che o Tribunâ o l’approvesse a compoxiçion negoçiâ da crixi co-e mesue che mettan a soçietæ a-o sosto.",avanti,
"O papê o l’é vegnuo feua oua, ma o l’é di 9 de dexembre, avanti che o Tribunâ o l’approvesse a compoxiçion negoçiâ da crixi co-e mesue che mettan a soçietæ a-o sosto.",che,
"O papê o l’é vegnuo feua oua, ma o l’é di 9 de dexembre, avanti che o Tribunâ o l’approvesse a compoxiçion negoçiâ da crixi co-e mesue che mettan a soçietæ a-o sosto.",o,
"O papê o l’é vegnuo feua oua, ma o l’é di 9 de dexembre, avanti che o Tribunâ o l’approvesse a compoxiçion negoçiâ da crixi co-e mesue che mettan a soçietæ a-o sosto.",Tribunâ,
"O papê o l’é vegnuo feua oua, ma o l’é di 9 de dexembre, avanti che o Tribunâ o l’approvesse a compoxiçion negoçiâ da crixi co-e mesue che mettan a soçietæ a-o sosto.",o,
"O papê o l’é vegnuo feua oua, ma o l’é di 9 de dexembre, avanti che o Tribunâ o l’approvesse a compoxiçion negoçiâ da crixi co-e mesue che mettan a soçietæ a-o sosto.",l,
"O papê o l’é vegnuo feua oua, ma o l’é di 9 de dexembre, avanti che o Tribunâ o l’approvesse a compoxiçion negoçiâ da crixi co-e mesue che mettan a soçietæ a-o sosto.",’,
"O papê o l’é vegnuo feua oua, ma o l’é di 9 de dexembre, avanti che o Tribunâ o l’approvesse a compoxiçion negoçiâ da crixi co-e mesue che mettan a soçietæ a-o sosto.",approvesse,
"O papê o l’é vegnuo feua oua, ma o l’é di 9 de dexembre, avanti che o Tribunâ o l’approvesse a compoxiçion negoçiâ da crixi co-e mesue che mettan a soçietæ a-o sosto.",a,
"O papê o l’é vegnuo feua oua, ma o l’é di 9 de dexembre, avanti che o Tribunâ o l’approvesse a compoxiçion negoçiâ da crixi co-e mesue che mettan a soçietæ a-o sosto.",compoxiçion,
"O papê o l’é vegnuo feua oua, ma o l’é di 9 de dexembre, avanti che o Tribunâ o l’approvesse a compoxiçion negoçiâ da crixi co-e mesue che mettan a soçietæ a-o sosto.",negoçiâ,
"O papê o l’é vegnuo feua oua, ma o l’é di 9 de dexembre, avanti che o Tribunâ o l’approvesse a compoxiçion negoçiâ da crixi co-e mesue che mettan a soçietæ a-o sosto.",da,
"O papê o l’é vegnuo feua oua, ma o l’é di 9 de dexembre, avanti che o Tribunâ o l’approvesse a compoxiçion negoçiâ da crixi co-e mesue che mettan a soçietæ a-o sosto.",crixi,
"O papê o l’é vegnuo feua oua, ma o l’é di 9 de dexembre, avanti che o Tribunâ o l’approvesse a compoxiçion negoçiâ da crixi co-e mesue che mettan a soçietæ a-o sosto.",co-e,
"O papê o l’é vegnuo feua oua, ma o l’é di 9 de dexembre, avanti che o Tribunâ o l’approvesse a compoxiçion negoçiâ da crixi co-e mesue che mettan a soçietæ a-o sosto.",mesue,
"O papê o l’é vegnuo feua oua, ma o l’é di 9 de dexembre, avanti che o Tribunâ o l’approvesse a compoxiçion negoçiâ da crixi co-e mesue che mettan a soçietæ a-o sosto.",che,
"O papê o l’é vegnuo feua oua, ma o l’é di 9 de dexembre, avanti che o Tribunâ o l’approvesse a compoxiçion negoçiâ da crixi co-e mesue che mettan a soçietæ a-o sosto.",mettan,
"O papê o l’é vegnuo feua oua, ma o l’é di 9 de dexembre, avanti che o Tribunâ o l’approvesse a compoxiçion negoçiâ da crixi co-e mesue che mettan a soçietæ a-o sosto.",a,
"O papê o l’é vegnuo feua oua, ma o l’é di 9 de dexembre, avanti che o Tribunâ o l’approvesse a compoxiçion negoçiâ da crixi co-e mesue che mettan a soçietæ a-o sosto.",soçietæ,
"O papê o l’é vegnuo feua oua, ma o l’é di 9 de dexembre, avanti che o Tribunâ o l’approvesse a compoxiçion negoçiâ da crixi co-e mesue che mettan a soçietæ a-o sosto.",a-o,
"O papê o l’é vegnuo feua oua, ma o l’é di 9 de dexembre, avanti che o Tribunâ o l’approvesse a compoxiçion negoçiâ da crixi co-e mesue che mettan a soçietæ a-o sosto.",sosto,
"O papê o l’é vegnuo feua oua, ma o l’é di 9 de dexembre, avanti che o Tribunâ o l’approvesse a compoxiçion negoçiâ da crixi co-e mesue che mettan a soçietæ a-o sosto.",.,
"«Se no avescimo fæto ninte a saieiva fallia», o commento da scindica Silvia Salis.",«,
"«Se no avescimo fæto ninte a saieiva fallia», o commento da scindica Silvia Salis.",Se,
"«Se no avescimo fæto ninte a saieiva fallia», o commento da scindica Silvia Salis.",no,
"«Se no avescimo fæto ninte a saieiva fallia», o commento da scindica Silvia Salis.",avescimo,
"«Se no avescimo fæto ninte a saieiva fallia», o commento da scindica Silvia Salis.",fæto,
"«Se no avescimo fæto ninte a saieiva fallia», o commento da scindica Silvia Salis.",ninte,
"«Se no avescimo fæto ninte a saieiva fallia», o commento da scindica Silvia Salis.",a,
"«Se no avescimo fæto ninte a saieiva fallia», o commento da scindica Silvia Salis.",saieiva,
"«Se no avescimo fæto ninte a saieiva fallia», o commento da scindica Silvia Salis.",fallia,
"«Se no avescimo fæto ninte a saieiva fallia», o commento da scindica Silvia Salis.",»,
"«Se no avescimo fæto ninte a saieiva fallia», o commento da scindica Silvia Salis.",",",
"«Se no avescimo fæto ninte a saieiva fallia», o commento da scindica Silvia Salis.",o,
"«Se no avescimo fæto ninte a saieiva fallia», o commento da scindica Silvia Salis.",commento,
"«Se no avescimo fæto ninte a saieiva fallia», o commento da scindica Silvia Salis.",da,
"«Se no avescimo fæto ninte a saieiva fallia», o commento da scindica Silvia Salis.",scindica,
"«Se no avescimo fæto ninte a saieiva fallia», o commento da scindica Silvia Salis.",Silvia,
"«Se no avescimo fæto ninte a saieiva fallia», o commento da scindica Silvia Salis.",Salis,
"«Se no avescimo fæto ninte a saieiva fallia», o commento da scindica Silvia Salis.",.,
"«A l’addeuvia i problemi de l’Amt pe fâ da propaganda», gh’à respòsto o Pietro Piciocchi.",«,
"«A l’addeuvia i problemi de l’Amt pe fâ da propaganda», gh’à respòsto o Pietro Piciocchi.",A,
"«A l’addeuvia i problemi de l’Amt pe fâ da propaganda», gh’à respòsto o Pietro Piciocchi.",l,
"«A l’addeuvia i problemi de l’Amt pe fâ da propaganda», gh’à respòsto o Pietro Piciocchi.",’,
"«A l’addeuvia i problemi de l’Amt pe fâ da propaganda», gh’à respòsto o Pietro Piciocchi.",addeuvia,
"«A l’addeuvia i problemi de l’Amt pe fâ da propaganda», gh’à respòsto o Pietro Piciocchi.",i,
"«A l’addeuvia i problemi de l’Amt pe fâ da propaganda», gh’à respòsto o Pietro Piciocchi.",problemi,
"«A l’addeuvia i problemi de l’Amt pe fâ da propaganda», gh’à respòsto o Pietro Piciocchi.",de,
"«A l’addeuvia i problemi de l’Amt pe fâ da propaganda», gh’à respòsto o Pietro Piciocchi.",l,
"«A l’addeuvia i problemi de l’Amt pe fâ da propaganda», gh’à respòsto o Pietro Piciocchi.",’,
"«A l’addeuvia i problemi de l’Amt pe fâ da propaganda», gh’à respòsto o Pietro Piciocchi.",Amt,
"«A l’addeuvia i problemi de l’Amt pe fâ da propaganda», gh’à respòsto o Pietro Piciocchi.",pe,
"«A l’addeuvia i problemi de l’Amt pe fâ da propaganda», gh’à respòsto o Pietro Piciocchi.",fâ,
"«A l’addeuvia i problemi de l’Amt pe fâ da propaganda», gh’à respòsto o Pietro Piciocchi.",da,
"«A l’addeuvia i problemi de l’Amt pe fâ da propaganda», gh’à respòsto o Pietro Piciocchi.",propaganda,
"«A l’addeuvia i problemi de l’Amt pe fâ da propaganda», gh’à respòsto o Pietro Piciocchi.",»,
"«A l’addeuvia i problemi de l’Amt pe fâ da propaganda», gh’à respòsto o Pietro Piciocchi.",",",
"«A l’addeuvia i problemi de l’Amt pe fâ da propaganda», gh’à respòsto o Pietro Piciocchi.",gh,
"«A l’addeuvia i problemi de l’Amt pe fâ da propaganda», gh’à respòsto o Pietro Piciocchi.",’,
"«A l’addeuvia i problemi de l’Amt pe fâ da propaganda», gh’à respòsto o Pietro Piciocchi.",à,
"«A l’addeuvia i problemi de l’Amt pe fâ da propaganda», gh’à respòsto o Pietro Piciocchi.",respòsto,
"«A l’addeuvia i problemi de l’Amt pe fâ da propaganda», gh’à respòsto o Pietro Piciocchi.",o,
"«A l’addeuvia i problemi de l’Amt pe fâ da propaganda», gh’à respòsto o Pietro Piciocchi.",Pietro,
"«A l’addeuvia i problemi de l’Amt pe fâ da propaganda», gh’à respòsto o Pietro Piciocchi.",Piciocchi,
"«A l’addeuvia i problemi de l’Amt pe fâ da propaganda», gh’à respòsto o Pietro Piciocchi.",.,
"Intanto a Procua a l’à inscrito i primmi indagæ pe fäso inti conti e bancarotta de sfrouxo, graçie anche a-a relaçion presentâ da-o Commun co-a scituaçion finançiäia de l’açienda.",Intanto,
"Intanto a Procua a l’à inscrito i primmi indagæ pe fäso inti conti e bancarotta de sfrouxo, graçie anche a-a relaçion presentâ da-o Commun co-a scituaçion finançiäia de l’açienda.",a,
"Intanto a Procua a l’à inscrito i primmi indagæ pe fäso inti conti e bancarotta de sfrouxo, graçie anche a-a relaçion presentâ da-o Commun co-a scituaçion finançiäia de l’açienda.",Procua,
"Intanto a Procua a l’à inscrito i primmi indagæ pe fäso inti conti e bancarotta de sfrouxo, graçie anche a-a relaçion presentâ da-o Commun co-a scituaçion finançiäia de l’açienda.",a,
"Intanto a Procua a l’à inscrito i primmi indagæ pe fäso inti conti e bancarotta de sfrouxo, graçie anche a-a relaçion presentâ da-o Commun co-a scituaçion finançiäia de l’açienda.",l,
"Intanto a Procua a l’à inscrito i primmi indagæ pe fäso inti conti e bancarotta de sfrouxo, graçie anche a-a relaçion presentâ da-o Commun co-a scituaçion finançiäia de l’açienda.",’,
"Intanto a Procua a l’à inscrito i primmi indagæ pe fäso inti conti e bancarotta de sfrouxo, graçie anche a-a relaçion presentâ da-o Commun co-a scituaçion finançiäia de l’açienda.",à,
"Intanto a Procua a l’à inscrito i primmi indagæ pe fäso inti conti e bancarotta de sfrouxo, graçie anche a-a relaçion presentâ da-o Commun co-a scituaçion finançiäia de l’açienda.",inscrito,
"Intanto a Procua a l’à inscrito i primmi indagæ pe fäso inti conti e bancarotta de sfrouxo, graçie anche a-a relaçion presentâ da-o Commun co-a scituaçion finançiäia de l’açienda.",i,
"Intanto a Procua a l’à inscrito i primmi indagæ pe fäso inti conti e bancarotta de sfrouxo, graçie anche a-a relaçion presentâ da-o Commun co-a scituaçion finançiäia de l’açienda.",primmi,
"Intanto a Procua a l’à inscrito i primmi indagæ pe fäso inti conti e bancarotta de sfrouxo, graçie anche a-a relaçion presentâ da-o Commun co-a scituaçion finançiäia de l’açienda.",indagæ,
"Intanto a Procua a l’à inscrito i primmi indagæ pe fäso inti conti e bancarotta de sfrouxo, graçie anche a-a relaçion presentâ da-o Commun co-a scituaçion finançiäia de l’açienda.",pe,
"Intanto a Procua a l’à inscrito i primmi indagæ pe fäso inti conti e bancarotta de sfrouxo, graçie anche a-a relaçion presentâ da-o Commun co-a scituaçion finançiäia de l’açienda.",fäso,
"Intanto a Procua a l’à inscrito i primmi indagæ pe fäso inti conti e bancarotta de sfrouxo, graçie anche a-a relaçion presentâ da-o Commun co-a scituaçion finançiäia de l’açienda.",inti,
"Intanto a Procua a l’à inscrito i primmi indagæ pe fäso inti conti e bancarotta de sfrouxo, graçie anche a-a relaçion presentâ da-o Commun co-a scituaçion finançiäia de l’açienda.",conti,
"Intanto a Procua a l’à inscrito i primmi indagæ pe fäso inti conti e bancarotta de sfrouxo, graçie anche a-a relaçion presentâ da-o Commun co-a scituaçion finançiäia de l’açienda.",e,
"Intanto a Procua a l’à inscrito i primmi indagæ pe fäso inti conti e bancarotta de sfrouxo, graçie anche a-a relaçion presentâ da-o Commun co-a scituaçion finançiäia de l’açienda.",bancarotta,
"Intanto a Procua a l’à inscrito i primmi indagæ pe fäso inti conti e bancarotta de sfrouxo, graçie anche a-a relaçion presentâ da-o Commun co-a scituaçion finançiäia de l’açienda.",de,
"Intanto a Procua a l’à inscrito i primmi indagæ pe fäso inti conti e bancarotta de sfrouxo, graçie anche a-a relaçion presentâ da-o Commun co-a scituaçion finançiäia de l’açienda.",sfrouxo,
"Intanto a Procua a l’à inscrito i primmi indagæ pe fäso inti conti e bancarotta de sfrouxo, graçie anche a-a relaçion presentâ da-o Commun co-a scituaçion finançiäia de l’açienda.",",",
"Intanto a Procua a l’à inscrito i primmi indagæ pe fäso inti conti e bancarotta de sfrouxo, graçie anche a-a relaçion presentâ da-o Commun co-a scituaçion finançiäia de l’açienda.",graçie,
"Intanto a Procua a l’à inscrito i primmi indagæ pe fäso inti conti e bancarotta de sfrouxo, graçie anche a-a relaçion presentâ da-o Commun co-a scituaçion finançiäia de l’açienda.",anche,
"Intanto a Procua a l’à inscrito i primmi indagæ pe fäso inti conti e bancarotta de sfrouxo, graçie anche a-a relaçion presentâ da-o Commun co-a scituaçion finançiäia de l’açienda.",a-a,
"Intanto a Procua a l’à inscrito i primmi indagæ pe fäso inti conti e bancarotta de sfrouxo, graçie anche a-a relaçion presentâ da-o Commun co-a scituaçion finançiäia de l’açienda.",relaçion,
"Intanto a Procua a l’à inscrito i primmi indagæ pe fäso inti conti e bancarotta de sfrouxo, graçie anche a-a relaçion presentâ da-o Commun co-a scituaçion finançiäia de l’açienda.",presentâ,
"Intanto a Procua a l’à inscrito i primmi indagæ pe fäso inti conti e bancarotta de sfrouxo, graçie anche a-a relaçion presentâ da-o Commun co-a scituaçion finançiäia de l’açienda.",da-o,
"Intanto a Procua a l’à inscrito i primmi indagæ pe fäso inti conti e bancarotta de sfrouxo, graçie anche a-a relaçion presentâ da-o Commun co-a scituaçion finançiäia de l’açienda.",Commun,
"Intanto a Procua a l’à inscrito i primmi indagæ pe fäso inti conti e bancarotta de sfrouxo, graçie anche a-a relaçion presentâ da-o Commun co-a scituaçion finançiäia de l’açienda.",co-a,
"Intanto a Procua a l’à inscrito i primmi indagæ pe fäso inti conti e bancarotta de sfrouxo, graçie anche a-a relaçion presentâ da-o Commun co-a scituaçion finançiäia de l’açienda.",scituaçion,
"Intanto a Procua a l’à inscrito i primmi indagæ pe fäso inti conti e bancarotta de sfrouxo, graçie anche a-a relaçion presentâ da-o Commun co-a scituaçion finançiäia de l’açienda.",finançiäia,
"Intanto a Procua a l’à inscrito i primmi indagæ pe fäso inti conti e bancarotta de sfrouxo, graçie anche a-a relaçion presentâ da-o Commun co-a scituaçion finançiäia de l’açienda.",de,
"Intanto a Procua a l’à inscrito i primmi indagæ pe fäso inti conti e bancarotta de sfrouxo, graçie anche a-a relaçion presentâ da-o Commun co-a scituaçion finançiäia de l’açienda.",l,
"Intanto a Procua a l’à inscrito i primmi indagæ pe fäso inti conti e bancarotta de sfrouxo, graçie anche a-a relaçion presentâ da-o Commun co-a scituaçion finançiäia de l’açienda.",’,
"Intanto a Procua a l’à inscrito i primmi indagæ pe fäso inti conti e bancarotta de sfrouxo, graçie anche a-a relaçion presentâ da-o Commun co-a scituaçion finançiäia de l’açienda.",açienda,
"Intanto a Procua a l’à inscrito i primmi indagæ pe fäso inti conti e bancarotta de sfrouxo, graçie anche a-a relaçion presentâ da-o Commun co-a scituaçion finançiäia de l’açienda.",.,
"A Procua de Zena a l’à averto unn’investigaçion in sciâ mòrte do Giampiero Antonio Garrido Yanez, mòrto de 30 anni a-i 22 de zenâ tanto ch’o zugava à ballon in sce un campo de Sestri Ponente.",A,
"A Procua de Zena a l’à averto unn’investigaçion in sciâ mòrte do Giampiero Antonio Garrido Yanez, mòrto de 30 anni a-i 22 de zenâ tanto ch’o zugava à ballon in sce un campo de Sestri Ponente.",Procua,
"A Procua de Zena a l’à averto unn’investigaçion in sciâ mòrte do Giampiero Antonio Garrido Yanez, mòrto de 30 anni a-i 22 de zenâ tanto ch’o zugava à ballon in sce un campo de Sestri Ponente.",de,
"A Procua de Zena a l’à averto unn’investigaçion in sciâ mòrte do Giampiero Antonio Garrido Yanez, mòrto de 30 anni a-i 22 de zenâ tanto ch’o zugava à ballon in sce un campo de Sestri Ponente.",Zena,
"A Procua de Zena a l’à averto unn’investigaçion in sciâ mòrte do Giampiero Antonio Garrido Yanez, mòrto de 30 anni a-i 22 de zenâ tanto ch’o zugava à ballon in sce un campo de Sestri Ponente.",a,
"A Procua de Zena a l’à averto unn’investigaçion in sciâ mòrte do Giampiero Antonio Garrido Yanez, mòrto de 30 anni a-i 22 de zenâ tanto ch’o zugava à ballon in sce un campo de Sestri Ponente.",l,
"A Procua de Zena a l’à averto unn’investigaçion in sciâ mòrte do Giampiero Antonio Garrido Yanez, mòrto de 30 anni a-i 22 de zenâ tanto ch’o zugava à ballon in sce un campo de Sestri Ponente.",’,
"A Procua de Zena a l’à averto unn’investigaçion in sciâ mòrte do Giampiero Antonio Garrido Yanez, mòrto de 30 anni a-i 22 de zenâ tanto ch’o zugava à ballon in sce un campo de Sestri Ponente.",à,
"A Procua de Zena a l’à averto unn’investigaçion in sciâ mòrte do Giampiero Antonio Garrido Yanez, mòrto de 30 anni a-i 22 de zenâ tanto ch’o zugava à ballon in sce un campo de Sestri Ponente.",averto,
"A Procua de Zena a l’à averto unn’investigaçion in sciâ mòrte do Giampiero Antonio Garrido Yanez, mòrto de 30 anni a-i 22 de zenâ tanto ch’o zugava à ballon in sce un campo de Sestri Ponente.",unn,
"A Procua de Zena a l’à averto unn’investigaçion in sciâ mòrte do Giampiero Antonio Garrido Yanez, mòrto de 30 anni a-i 22 de zenâ tanto ch’o zugava à ballon in sce un campo de Sestri Ponente.",’,
"A Procua de Zena a l’à averto unn’investigaçion in sciâ mòrte do Giampiero Antonio Garrido Yanez, mòrto de 30 anni a-i 22 de zenâ tanto ch’o zugava à ballon in sce un campo de Sestri Ponente.",investigaçion,
"A Procua de Zena a l’à averto unn’investigaçion in sciâ mòrte do Giampiero Antonio Garrido Yanez, mòrto de 30 anni a-i 22 de zenâ tanto ch’o zugava à ballon in sce un campo de Sestri Ponente.",in,
"A Procua de Zena a l’à averto unn’investigaçion in sciâ mòrte do Giampiero Antonio Garrido Yanez, mòrto de 30 anni a-i 22 de zenâ tanto ch’o zugava à ballon in sce un campo de Sestri Ponente.",sciâ,
"A Procua de Zena a l’à averto unn’investigaçion in sciâ mòrte do Giampiero Antonio Garrido Yanez, mòrto de 30 anni a-i 22 de zenâ tanto ch’o zugava à ballon in sce un campo de Sestri Ponente.",mòrte,
"A Procua de Zena a l’à averto unn’investigaçion in sciâ mòrte do Giampiero Antonio Garrido Yanez, mòrto de 30 anni a-i 22 de zenâ tanto ch’o zugava à ballon in sce un campo de Sestri Ponente.",do,
"A Procua de Zena a l’à averto unn’investigaçion in sciâ mòrte do Giampiero Antonio Garrido Yanez, mòrto de 30 anni a-i 22 de zenâ tanto ch’o zugava à ballon in sce un campo de Sestri Ponente.",Giampiero,
"A Procua de Zena a l’à averto unn’investigaçion in sciâ mòrte do Giampiero Antonio Garrido Yanez, mòrto de 30 anni a-i 22 de zenâ tanto ch’o zugava à ballon in sce un campo de Sestri Ponente.",Antonio,
"A Procua de Zena a l’à averto unn’investigaçion in sciâ mòrte do Giampiero Antonio Garrido Yanez, mòrto de 30 anni a-i 22 de zenâ tanto ch’o zugava à ballon in sce un campo de Sestri Ponente.",Garrido,
"A Procua de Zena a l’à averto unn’investigaçion in sciâ mòrte do Giampiero Antonio Garrido Yanez, mòrto de 30 anni a-i 22 de zenâ tanto ch’o zugava à ballon in sce un campo de Sestri Ponente.",Yanez,
"A Procua de Zena a l’à averto unn’investigaçion in sciâ mòrte do Giampiero Antonio Garrido Yanez, mòrto de 30 anni a-i 22 de zenâ tanto ch’o zugava à ballon in sce un campo de Sestri Ponente.",",",
"A Procua de Zena a l’à averto unn’investigaçion in sciâ mòrte do Giampiero Antonio Garrido Yanez, mòrto de 30 anni a-i 22 de zenâ tanto ch’o zugava à ballon in sce un campo de Sestri Ponente.",mòrto,
"A Procua de Zena a l’à averto unn’investigaçion in sciâ mòrte do Giampiero Antonio Garrido Yanez, mòrto de 30 anni a-i 22 de zenâ tanto ch’o zugava à ballon in sce un campo de Sestri Ponente.",de,
"A Procua de Zena a l’à averto unn’investigaçion in sciâ mòrte do Giampiero Antonio Garrido Yanez, mòrto de 30 anni a-i 22 de zenâ tanto ch’o zugava à ballon in sce un campo de Sestri Ponente.",30,
"A Procua de Zena a l’à averto unn’investigaçion in sciâ mòrte do Giampiero Antonio Garrido Yanez, mòrto de 30 anni a-i 22 de zenâ tanto ch’o zugava à ballon in sce un campo de Sestri Ponente.",anni,
"A Procua de Zena a l’à averto unn’investigaçion in sciâ mòrte do Giampiero Antonio Garrido Yanez, mòrto de 30 anni a-i 22 de zenâ tanto ch’o zugava à ballon in sce un campo de Sestri Ponente.",a-i,
"A Procua de Zena a l’à averto unn’investigaçion in sciâ mòrte do Giampiero Antonio Garrido Yanez, mòrto de 30 anni a-i 22 de zenâ tanto ch’o zugava à ballon in sce un campo de Sestri Ponente.",22,
"A Procua de Zena a l’à averto unn’investigaçion in sciâ mòrte do Giampiero Antonio Garrido Yanez, mòrto de 30 anni a-i 22 de zenâ tanto ch’o zugava à ballon in sce un campo de Sestri Ponente.",de,
"A Procua de Zena a l’à averto unn’investigaçion in sciâ mòrte do Giampiero Antonio Garrido Yanez, mòrto de 30 anni a-i 22 de zenâ tanto ch’o zugava à ballon in sce un campo de Sestri Ponente.",zenâ,
"A Procua de Zena a l’à averto unn’investigaçion in sciâ mòrte do Giampiero Antonio Garrido Yanez, mòrto de 30 anni a-i 22 de zenâ tanto ch’o zugava à ballon in sce un campo de Sestri Ponente.",tanto,
"A Procua de Zena a l’à averto unn’investigaçion in sciâ mòrte do Giampiero Antonio Garrido Yanez, mòrto de 30 anni a-i 22 de zenâ tanto ch’o zugava à ballon in sce un campo de Sestri Ponente.",ch,
"A Procua de Zena a l’à averto unn’investigaçion in sciâ mòrte do Giampiero Antonio Garrido Yanez, mòrto de 30 anni a-i 22 de zenâ tanto ch’o zugava à ballon in sce un campo de Sestri Ponente.",’,
"A Procua de Zena a l’à averto unn’investigaçion in sciâ mòrte do Giampiero Antonio Garrido Yanez, mòrto de 30 anni a-i 22 de zenâ tanto ch’o zugava à ballon in sce un campo de Sestri Ponente.",o,
"A Procua de Zena a l’à averto unn’investigaçion in sciâ mòrte do Giampiero Antonio Garrido Yanez, mòrto de 30 anni a-i 22 de zenâ tanto ch’o zugava à ballon in sce un campo de Sestri Ponente.",zugava,
"A Procua de Zena a l’à averto unn’investigaçion in sciâ mòrte do Giampiero Antonio Garrido Yanez, mòrto de 30 anni a-i 22 de zenâ tanto ch’o zugava à ballon in sce un campo de Sestri Ponente.",à,
"A Procua de Zena a l’à averto unn’investigaçion in sciâ mòrte do Giampiero Antonio Garrido Yanez, mòrto de 30 anni a-i 22 de zenâ tanto ch’o zugava à ballon in sce un campo de Sestri Ponente.",ballon,
"A Procua de Zena a l’à averto unn’investigaçion in sciâ mòrte do Giampiero Antonio Garrido Yanez, mòrto de 30 anni a-i 22 de zenâ tanto ch’o zugava à ballon in sce un campo de Sestri Ponente.",in,
"A Procua de Zena a l’à averto unn’investigaçion in sciâ mòrte do Giampiero Antonio Garrido Yanez, mòrto de 30 anni a-i 22 de zenâ tanto ch’o zugava à ballon in sce un campo de Sestri Ponente.",sce,
"A Procua de Zena a l’à averto unn’investigaçion in sciâ mòrte do Giampiero Antonio Garrido Yanez, mòrto de 30 anni a-i 22 de zenâ tanto ch’o zugava à ballon in sce un campo de Sestri Ponente.",un,
"A Procua de Zena a l’à averto unn’investigaçion in sciâ mòrte do Giampiero Antonio Garrido Yanez, mòrto de 30 anni a-i 22 de zenâ tanto ch’o zugava à ballon in sce un campo de Sestri Ponente.",campo,
"A Procua de Zena a l’à averto unn’investigaçion in sciâ mòrte do Giampiero Antonio Garrido Yanez, mòrto de 30 anni a-i 22 de zenâ tanto ch’o zugava à ballon in sce un campo de Sestri Ponente.",de,
"A Procua de Zena a l’à averto unn’investigaçion in sciâ mòrte do Giampiero Antonio Garrido Yanez, mòrto de 30 anni a-i 22 de zenâ tanto ch’o zugava à ballon in sce un campo de Sestri Ponente.",Sestri,
"A Procua de Zena a l’à averto unn’investigaçion in sciâ mòrte do Giampiero Antonio Garrido Yanez, mòrto de 30 anni a-i 22 de zenâ tanto ch’o zugava à ballon in sce un campo de Sestri Ponente.",Ponente,
"A Procua de Zena a l’à averto unn’investigaçion in sciâ mòrte do Giampiero Antonio Garrido Yanez, mòrto de 30 anni a-i 22 de zenâ tanto ch’o zugava à ballon in sce un campo de Sestri Ponente.",.,
"Tutt’assemme o s’é arreversou in tæra, i meghi an çercou de sarvâlo ma no gh’é stæto ninte da fâ.",Tutt,
"Tutt’assemme o s’é arreversou in tæra, i meghi an çercou de sarvâlo ma no gh’é stæto ninte da fâ.",’,
"Tutt’assemme o s’é arreversou in tæra, i meghi an çercou de sarvâlo ma no gh’é stæto ninte da fâ.",assemme,
"Tutt’assemme o s’é arreversou in tæra, i meghi an çercou de sarvâlo ma no gh’é stæto ninte da fâ.",o,
"Tutt’assemme o s’é arreversou in tæra, i meghi an çercou de sarvâlo ma no gh’é stæto ninte da fâ.",s,
"Tutt’assemme o s’é arreversou in tæra, i meghi an çercou de sarvâlo ma no gh’é stæto ninte da fâ.",’,
"Tutt’assemme o s’é arreversou in tæra, i meghi an çercou de sarvâlo ma no gh’é stæto ninte da fâ.",é,
"Tutt’assemme o s’é arreversou in tæra, i meghi an çercou de sarvâlo ma no gh’é stæto ninte da fâ.",arreversou,
"Tutt’assemme o s’é arreversou in tæra, i meghi an çercou de sarvâlo ma no gh’é stæto ninte da fâ.",in,
"Tutt’assemme o s’é arreversou in tæra, i meghi an çercou de sarvâlo ma no gh’é stæto ninte da fâ.",tæra,
"Tutt’assemme o s’é arreversou in tæra, i meghi an çercou de sarvâlo ma no gh’é stæto ninte da fâ.",",",
"Tutt’assemme o s’é arreversou in tæra, i meghi an çercou de sarvâlo ma no gh’é stæto ninte da fâ.",i,
"Tutt’assemme o s’é arreversou in tæra, i meghi an çercou de sarvâlo ma no gh’é stæto ninte da fâ.",meghi,
"Tutt’assemme o s’é arreversou in tæra, i meghi an çercou de sarvâlo ma no gh’é stæto ninte da fâ.",an,
"Tutt’assemme o s’é arreversou in tæra, i meghi an çercou de sarvâlo ma no gh’é stæto ninte da fâ.",çercou,
"Tutt’assemme o s’é arreversou in tæra, i meghi an çercou de sarvâlo ma no gh’é stæto ninte da fâ.",de,
"Tutt’assemme o s’é arreversou in tæra, i meghi an çercou de sarvâlo ma no gh’é stæto ninte da fâ.",sarvâlo,
"Tutt’assemme o s’é arreversou in tæra, i meghi an çercou de sarvâlo ma no gh’é stæto ninte da fâ.",ma,
"Tutt’assemme o s’é arreversou in tæra, i meghi an çercou de sarvâlo ma no gh’é stæto ninte da fâ.",no,
"Tutt’assemme o s’é arreversou in tæra, i meghi an çercou de sarvâlo ma no gh’é stæto ninte da fâ.",gh,
"Tutt’assemme o s’é arreversou in tæra, i meghi an çercou de sarvâlo ma no gh’é stæto ninte da fâ.",’,
"Tutt’assemme o s’é arreversou in tæra, i meghi an çercou de sarvâlo ma no gh’é stæto ninte da fâ.",é,
"Tutt’assemme o s’é arreversou in tæra, i meghi an çercou de sarvâlo ma no gh’é stæto ninte da fâ.",stæto,
"Tutt’assemme o s’é arreversou in tæra, i meghi an çercou de sarvâlo ma no gh’é stæto ninte da fâ.",ninte,
"Tutt’assemme o s’é arreversou in tæra, i meghi an çercou de sarvâlo ma no gh’é stæto ninte da fâ.",da,
"Tutt’assemme o s’é arreversou in tæra, i meghi an çercou de sarvâlo ma no gh’é stæto ninte da fâ.",fâ,
"Tutt’assemme o s’é arreversou in tæra, i meghi an çercou de sarvâlo ma no gh’é stæto ninte da fâ.",.,
O pm Giuseppe Longo o l’à commandou l’autopscia.,O,
O pm Giuseppe Longo o l’à commandou l’autopscia.,pm,
O pm Giuseppe Longo o l’à commandou l’autopscia.,Giuseppe,
O pm Giuseppe Longo o l’à commandou l’autopscia.,Longo,
O pm Giuseppe Longo o l’à commandou l’autopscia.,o,
O pm Giuseppe Longo o l’à commandou l’autopscia.,l,
O pm Giuseppe Longo o l’à commandou l’autopscia.,’,
O pm Giuseppe Longo o l’à commandou l’autopscia.,à,
O pm Giuseppe Longo o l’à commandou l’autopscia.,commandou,
O pm Giuseppe Longo o l’à commandou l’autopscia.,l,
O pm Giuseppe Longo o l’à commandou l’autopscia.,’,
O pm Giuseppe Longo o l’à commandou l’autopscia.,autopscia,
O pm Giuseppe Longo o l’à commandou l’autopscia.,.,
"O Garrido o gh’aiva a tessia do Recreativo, in segonda categoria, ma o zugava ascì inte unna squaddra inscrita à un torneo Aics, Sotto il Pontos Fc.",O,
"O Garrido o gh’aiva a tessia do Recreativo, in segonda categoria, ma o zugava ascì inte unna squaddra inscrita à un torneo Aics, Sotto il Pontos Fc.",Garrido,
"O Garrido o gh’aiva a tessia do Recreativo, in segonda categoria, ma o zugava ascì inte unna squaddra inscrita à un torneo Aics, Sotto il Pontos Fc.",o,
"O Garrido o gh’aiva a tessia do Recreativo, in segonda categoria, ma o zugava ascì inte unna squaddra inscrita à un torneo Aics, Sotto il Pontos Fc.",gh,
"O Garrido o gh’aiva a tessia do Recreativo, in segonda categoria, ma o zugava ascì inte unna squaddra inscrita à un torneo Aics, Sotto il Pontos Fc.",’,
"O Garrido o gh’aiva a tessia do Recreativo, in segonda categoria, ma o zugava ascì inte unna squaddra inscrita à un torneo Aics, Sotto il Pontos Fc.",aiva,
"O Garrido o gh’aiva a tessia do Recreativo, in segonda categoria, ma o zugava ascì inte unna squaddra inscrita à un torneo Aics, Sotto il Pontos Fc.",a,
"O Garrido o gh’aiva a tessia do Recreativo, in segonda categoria, ma o zugava ascì inte unna squaddra inscrita à un torneo Aics, Sotto il Pontos Fc.",tessia,
"O Garrido o gh’aiva a tessia do Recreativo, in segonda categoria, ma o zugava ascì inte unna squaddra inscrita à un torneo Aics, Sotto il Pontos Fc.",do,
"O Garrido o gh’aiva a tessia do Recreativo, in segonda categoria, ma o zugava ascì inte unna squaddra inscrita à un torneo Aics, Sotto il Pontos Fc.",Recreativo,
"O Garrido o gh’aiva a tessia do Recreativo, in segonda categoria, ma o zugava ascì inte unna squaddra inscrita à un torneo Aics, Sotto il Pontos Fc.",",",
"O Garrido o gh’aiva a tessia do Recreativo, in segonda categoria, ma o zugava ascì inte unna squaddra inscrita à un torneo Aics, Sotto il Pontos Fc.",in,
"O Garrido o gh’aiva a tessia do Recreativo, in segonda categoria, ma o zugava ascì inte unna squaddra inscrita à un torneo Aics, Sotto il Pontos Fc.",segonda,
"O Garrido o gh’aiva a tessia do Recreativo, in segonda categoria, ma o zugava ascì inte unna squaddra inscrita à un torneo Aics, Sotto il Pontos Fc.",categoria,
"O Garrido o gh’aiva a tessia do Recreativo, in segonda categoria, ma o zugava ascì inte unna squaddra inscrita à un torneo Aics, Sotto il Pontos Fc.",",",
"O Garrido o gh’aiva a tessia do Recreativo, in segonda categoria, ma o zugava ascì inte unna squaddra inscrita à un torneo Aics, Sotto il Pontos Fc.",ma,
"O Garrido o gh’aiva a tessia do Recreativo, in segonda categoria, ma o zugava ascì inte unna squaddra inscrita à un torneo Aics, Sotto il Pontos Fc.",o,
"O Garrido o gh’aiva a tessia do Recreativo, in segonda categoria, ma o zugava ascì inte unna squaddra inscrita à un torneo Aics, Sotto il Pontos Fc.",zugava,
"O Garrido o gh’aiva a tessia do Recreativo, in segonda categoria, ma o zugava ascì inte unna squaddra inscrita à un torneo Aics, Sotto il Pontos Fc.",ascì,
"O Garrido o gh’aiva a tessia do Recreativo, in segonda categoria, ma o zugava ascì inte unna squaddra inscrita à un torneo Aics, Sotto il Pontos Fc.",inte,
"O Garrido o gh’aiva a tessia do Recreativo, in segonda categoria, ma o zugava ascì inte unna squaddra inscrita à un torneo Aics, Sotto il Pontos Fc.",unna,
"O Garrido o gh’aiva a tessia do Recreativo, in segonda categoria, ma o zugava ascì inte unna squaddra inscrita à un torneo Aics, Sotto il Pontos Fc.",squaddra,
"O Garrido o gh’aiva a tessia do Recreativo, in segonda categoria, ma o zugava ascì inte unna squaddra inscrita à un torneo Aics, Sotto il Pontos Fc.",inscrita,
"O Garrido o gh’aiva a tessia do Recreativo, in segonda categoria, ma o zugava ascì inte unna squaddra inscrita à un torneo Aics, Sotto il Pontos Fc.",à,
"O Garrido o gh’aiva a tessia do Recreativo, in segonda categoria, ma o zugava ascì inte unna squaddra inscrita à un torneo Aics, Sotto il Pontos Fc.",un,
"O Garrido o gh’aiva a tessia do Recreativo, in segonda categoria, ma o zugava ascì inte unna squaddra inscrita à un torneo Aics, Sotto il Pontos Fc.",torneo,
"O Garrido o gh’aiva a tessia do Recreativo, in segonda categoria, ma o zugava ascì inte unna squaddra inscrita à un torneo Aics, Sotto il Pontos Fc.",Aics,
"O Garrido o gh’aiva a tessia do Recreativo, in segonda categoria, ma o zugava ascì inte unna squaddra inscrita à un torneo Aics, Sotto il Pontos Fc.",",",
"O Garrido o gh’aiva a tessia do Recreativo, in segonda categoria, ma o zugava ascì inte unna squaddra inscrita à un torneo Aics, Sotto il Pontos Fc.",Sotto,
"O Garrido o gh’aiva a tessia do Recreativo, in segonda categoria, ma o zugava ascì inte unna squaddra inscrita à un torneo Aics, Sotto il Pontos Fc.",il,
"O Garrido o gh’aiva a tessia do Recreativo, in segonda categoria, ma o zugava ascì inte unna squaddra inscrita à un torneo Aics, Sotto il Pontos Fc.",Pontos,
"O Garrido o gh’aiva a tessia do Recreativo, in segonda categoria, ma o zugava ascì inte unna squaddra inscrita à un torneo Aics, Sotto il Pontos Fc.",Fc,
"O Garrido o gh’aiva a tessia do Recreativo, in segonda categoria, ma o zugava ascì inte unna squaddra inscrita à un torneo Aics, Sotto il Pontos Fc.",.,
O seu mego o gh’aiva conseggiou de no fâ de l’attivitæ sportiva pe di problemi de sanitæ.,O,
O seu mego o gh’aiva conseggiou de no fâ de l’attivitæ sportiva pe di problemi de sanitæ.,seu,
O seu mego o gh’aiva conseggiou de no fâ de l’attivitæ sportiva pe di problemi de sanitæ.,mego,
O seu mego o gh’aiva conseggiou de no fâ de l’attivitæ sportiva pe di problemi de sanitæ.,o,
O seu mego o gh’aiva conseggiou de no fâ de l’attivitæ sportiva pe di problemi de sanitæ.,gh,
O seu mego o gh’aiva conseggiou de no fâ de l’attivitæ sportiva pe di problemi de sanitæ.,’,
O seu mego o gh’aiva conseggiou de no fâ de l’attivitæ sportiva pe di problemi de sanitæ.,aiva,
O seu mego o gh’aiva conseggiou de no fâ de l’attivitæ sportiva pe di problemi de sanitæ.,conseggiou,
O seu mego o gh’aiva conseggiou de no fâ de l’attivitæ sportiva pe di problemi de sanitæ.,de,
O seu mego o gh’aiva conseggiou de no fâ de l’attivitæ sportiva pe di problemi de sanitæ.,no,
O seu mego o gh’aiva conseggiou de no fâ de l’attivitæ sportiva pe di problemi de sanitæ.,fâ,
O seu mego o gh’aiva conseggiou de no fâ de l’attivitæ sportiva pe di problemi de sanitæ.,de,
O seu mego o gh’aiva conseggiou de no fâ de l’attivitæ sportiva pe di problemi de sanitæ.,l,
O seu mego o gh’aiva conseggiou de no fâ de l’attivitæ sportiva pe di problemi de sanitæ.,’,
O seu mego o gh’aiva conseggiou de no fâ de l’attivitæ sportiva pe di problemi de sanitæ.,attivitæ,
O seu mego o gh’aiva conseggiou de no fâ de l’attivitæ sportiva pe di problemi de sanitæ.,sportiva,
O seu mego o gh’aiva conseggiou de no fâ de l’attivitæ sportiva pe di problemi de sanitæ.,pe,
O seu mego o gh’aiva conseggiou de no fâ de l’attivitæ sportiva pe di problemi de sanitæ.,di,
O seu mego o gh’aiva conseggiou de no fâ de l’attivitæ sportiva pe di problemi de sanitæ.,problemi,
O seu mego o gh’aiva conseggiou de no fâ de l’attivitæ sportiva pe di problemi de sanitæ.,de,
O seu mego o gh’aiva conseggiou de no fâ de l’attivitæ sportiva pe di problemi de sanitæ.,sanitæ,
O seu mego o gh’aiva conseggiou de no fâ de l’attivitæ sportiva pe di problemi de sanitæ.,.,
A Procua a veu capî se gh’ea stæto i açertamenti obrigatöi pe parteçipâ.,A,
A Procua a veu capî se gh’ea stæto i açertamenti obrigatöi pe parteçipâ.,Procua,
A Procua a veu capî se gh’ea stæto i açertamenti obrigatöi pe parteçipâ.,a,
A Procua a veu capî se gh’ea stæto i açertamenti obrigatöi pe parteçipâ.,veu,
A Procua a veu capî se gh’ea stæto i açertamenti obrigatöi pe parteçipâ.,capî,
A Procua a veu capî se gh’ea stæto i açertamenti obrigatöi pe parteçipâ.,se,
A Procua a veu capî se gh’ea stæto i açertamenti obrigatöi pe parteçipâ.,gh,
A Procua a veu capî se gh’ea stæto i açertamenti obrigatöi pe parteçipâ.,’,
A Procua a veu capî se gh’ea stæto i açertamenti obrigatöi pe parteçipâ.,ea,
A Procua a veu capî se gh’ea stæto i açertamenti obrigatöi pe parteçipâ.,stæto,
A Procua a veu capî se gh’ea stæto i açertamenti obrigatöi pe parteçipâ.,i,
A Procua a veu capî se gh’ea stæto i açertamenti obrigatöi pe parteçipâ.,açertamenti,
A Procua a veu capî se gh’ea stæto i açertamenti obrigatöi pe parteçipâ.,obrigatöi,
A Procua a veu capî se gh’ea stæto i açertamenti obrigatöi pe parteçipâ.,pe,
A Procua a veu capî se gh’ea stæto i açertamenti obrigatöi pe parteçipâ.,parteçipâ,
A Procua a veu capî se gh’ea stæto i açertamenti obrigatöi pe parteçipâ.,.,
"Stradde deruæ, case e buteghe piñe d’ægua, ciazze portæ via.",Stradde,
"Stradde deruæ, case e buteghe piñe d’ægua, ciazze portæ via.",deruæ,
"Stradde deruæ, case e buteghe piñe d’ægua, ciazze portæ via.",",",
"Stradde deruæ, case e buteghe piñe d’ægua, ciazze portæ via.",case,
"Stradde deruæ, case e buteghe piñe d’ægua, ciazze portæ via.",e,
"Stradde deruæ, case e buteghe piñe d’ægua, ciazze portæ via.",buteghe,
"Stradde deruæ, case e buteghe piñe d’ægua, ciazze portæ via.",piñe,
"Stradde deruæ, case e buteghe piñe d’ægua, ciazze portæ via.",d,
"Stradde deruæ, case e buteghe piñe d’ægua, ciazze portæ via.",’,
"Stradde deruæ, case e buteghe piñe d’ægua, ciazze portæ via.",ægua,
"Stradde deruæ, case e buteghe piñe d’ægua, ciazze portæ via.",",",
"Stradde deruæ, case e buteghe piñe d’ægua, ciazze portæ via.",ciazze,
"Stradde deruæ, case e buteghe piñe d’ægua, ciazze portæ via.",portæ,
"Stradde deruæ, case e buteghe piñe d’ægua, ciazze portæ via.",via,
"Stradde deruæ, case e buteghe piñe d’ægua, ciazze portæ via.",.,
"Son i guasti caxonæ da-o çiclon Harry into Sud Italia, sorviatutto Siçilia e Calabria, ma anche a Sardegna, corpie da di mouxi erti fin à 16 metri e passa, mai registræ into passou inte tutto o Mediterraneo.",Son,
"Son i guasti caxonæ da-o çiclon Harry into Sud Italia, sorviatutto Siçilia e Calabria, ma anche a Sardegna, corpie da di mouxi erti fin à 16 metri e passa, mai registræ into passou inte tutto o Mediterraneo.",i,
"Son i guasti caxonæ da-o çiclon Harry into Sud Italia, sorviatutto Siçilia e Calabria, ma anche a Sardegna, corpie da di mouxi erti fin à 16 metri e passa, mai registræ into passou inte tutto o Mediterraneo.",guasti,
"Son i guasti caxonæ da-o çiclon Harry into Sud Italia, sorviatutto Siçilia e Calabria, ma anche a Sardegna, corpie da di mouxi erti fin à 16 metri e passa, mai registræ into passou inte tutto o Mediterraneo.",caxonæ,
"Son i guasti caxonæ da-o çiclon Harry into Sud Italia, sorviatutto Siçilia e Calabria, ma anche a Sardegna, corpie da di mouxi erti fin à 16 metri e passa, mai registræ into passou inte tutto o Mediterraneo.",da-o,
"Son i guasti caxonæ da-o çiclon Harry into Sud Italia, sorviatutto Siçilia e Calabria, ma anche a Sardegna, corpie da di mouxi erti fin à 16 metri e passa, mai registræ into passou inte tutto o Mediterraneo.",çiclon,
"Son i guasti caxonæ da-o çiclon Harry into Sud Italia, sorviatutto Siçilia e Calabria, ma anche a Sardegna, corpie da di mouxi erti fin à 16 metri e passa, mai registræ into passou inte tutto o Mediterraneo.",Harry,
"Son i guasti caxonæ da-o çiclon Harry into Sud Italia, sorviatutto Siçilia e Calabria, ma anche a Sardegna, corpie da di mouxi erti fin à 16 metri e passa, mai registræ into passou inte tutto o Mediterraneo.",into,
"Son i guasti caxonæ da-o çiclon Harry into Sud Italia, sorviatutto Siçilia e Calabria, ma anche a Sardegna, corpie da di mouxi erti fin à 16 metri e passa, mai registræ into passou inte tutto o Mediterraneo.",Sud,
"Son i guasti caxonæ da-o çiclon Harry into Sud Italia, sorviatutto Siçilia e Calabria, ma anche a Sardegna, corpie da di mouxi erti fin à 16 metri e passa, mai registræ into passou inte tutto o Mediterraneo.",Italia,
"Son i guasti caxonæ da-o çiclon Harry into Sud Italia, sorviatutto Siçilia e Calabria, ma anche a Sardegna, corpie da di mouxi erti fin à 16 metri e passa, mai registræ into passou inte tutto o Mediterraneo.",",",
"Son i guasti caxonæ da-o çiclon Harry into Sud Italia, sorviatutto Siçilia e Calabria, ma anche a Sardegna, corpie da di mouxi erti fin à 16 metri e passa, mai registræ into passou inte tutto o Mediterraneo.",sorviatutto,
"Son i guasti caxonæ da-o çiclon Harry into Sud Italia, sorviatutto Siçilia e Calabria, ma anche a Sardegna, corpie da di mouxi erti fin à 16 metri e passa, mai registræ into passou inte tutto o Mediterraneo.",Siçilia,
"Son i guasti caxonæ da-o çiclon Harry into Sud Italia, sorviatutto Siçilia e Calabria, ma anche a Sardegna, corpie da di mouxi erti fin à 16 metri e passa, mai registræ into passou inte tutto o Mediterraneo.",e,
"Son i guasti caxonæ da-o çiclon Harry into Sud Italia, sorviatutto Siçilia e Calabria, ma anche a Sardegna, corpie da di mouxi erti fin à 16 metri e passa, mai registræ into passou inte tutto o Mediterraneo.",Calabria,
"Son i guasti caxonæ da-o çiclon Harry into Sud Italia, sorviatutto Siçilia e Calabria, ma anche a Sardegna, corpie da di mouxi erti fin à 16 metri e passa, mai registræ into passou inte tutto o Mediterraneo.",",",
"Son i guasti caxonæ da-o çiclon Harry into Sud Italia, sorviatutto Siçilia e Calabria, ma anche a Sardegna, corpie da di mouxi erti fin à 16 metri e passa, mai registræ into passou inte tutto o Mediterraneo.",ma,
"Son i guasti caxonæ da-o çiclon Harry into Sud Italia, sorviatutto Siçilia e Calabria, ma anche a Sardegna, corpie da di mouxi erti fin à 16 metri e passa, mai registræ into passou inte tutto o Mediterraneo.",anche,
"Son i guasti caxonæ da-o çiclon Harry into Sud Italia, sorviatutto Siçilia e Calabria, ma anche a Sardegna, corpie da di mouxi erti fin à 16 metri e passa, mai registræ into passou inte tutto o Mediterraneo.",a,
"Son i guasti caxonæ da-o çiclon Harry into Sud Italia, sorviatutto Siçilia e Calabria, ma anche a Sardegna, corpie da di mouxi erti fin à 16 metri e passa, mai registræ into passou inte tutto o Mediterraneo.",Sardegna,
"Son i guasti caxonæ da-o çiclon Harry into Sud Italia, sorviatutto Siçilia e Calabria, ma anche a Sardegna, corpie da di mouxi erti fin à 16 metri e passa, mai registræ into passou inte tutto o Mediterraneo.",",",
"Son i guasti caxonæ da-o çiclon Harry into Sud Italia, sorviatutto Siçilia e Calabria, ma anche a Sardegna, corpie da di mouxi erti fin à 16 metri e passa, mai registræ into passou inte tutto o Mediterraneo.",corpie,
"Son i guasti caxonæ da-o çiclon Harry into Sud Italia, sorviatutto Siçilia e Calabria, ma anche a Sardegna, corpie da di mouxi erti fin à 16 metri e passa, mai registræ into passou inte tutto o Mediterraneo.",da,
"Son i guasti caxonæ da-o çiclon Harry into Sud Italia, sorviatutto Siçilia e Calabria, ma anche a Sardegna, corpie da di mouxi erti fin à 16 metri e passa, mai registræ into passou inte tutto o Mediterraneo.",di,
"Son i guasti caxonæ da-o çiclon Harry into Sud Italia, sorviatutto Siçilia e Calabria, ma anche a Sardegna, corpie da di mouxi erti fin à 16 metri e passa, mai registræ into passou inte tutto o Mediterraneo.",mouxi,
"Son i guasti caxonæ da-o çiclon Harry into Sud Italia, sorviatutto Siçilia e Calabria, ma anche a Sardegna, corpie da di mouxi erti fin à 16 metri e passa, mai registræ into passou inte tutto o Mediterraneo.",erti,
"Son i guasti caxonæ da-o çiclon Harry into Sud Italia, sorviatutto Siçilia e Calabria, ma anche a Sardegna, corpie da di mouxi erti fin à 16 metri e passa, mai registræ into passou inte tutto o Mediterraneo.",fin,
"Son i guasti caxonæ da-o çiclon Harry into Sud Italia, sorviatutto Siçilia e Calabria, ma anche a Sardegna, corpie da di mouxi erti fin à 16 metri e passa, mai registræ into passou inte tutto o Mediterraneo.",à,
"Son i guasti caxonæ da-o çiclon Harry into Sud Italia, sorviatutto Siçilia e Calabria, ma anche a Sardegna, corpie da di mouxi erti fin à 16 metri e passa, mai registræ into passou inte tutto o Mediterraneo.",16,
"Son i guasti caxonæ da-o çiclon Harry into Sud Italia, sorviatutto Siçilia e Calabria, ma anche a Sardegna, corpie da di mouxi erti fin à 16 metri e passa, mai registræ into passou inte tutto o Mediterraneo.",metri,
"Son i guasti caxonæ da-o çiclon Harry into Sud Italia, sorviatutto Siçilia e Calabria, ma anche a Sardegna, corpie da di mouxi erti fin à 16 metri e passa, mai registræ into passou inte tutto o Mediterraneo.",e,
"Son i guasti caxonæ da-o çiclon Harry into Sud Italia, sorviatutto Siçilia e Calabria, ma anche a Sardegna, corpie da di mouxi erti fin à 16 metri e passa, mai registræ into passou inte tutto o Mediterraneo.",passa,
"Son i guasti caxonæ da-o çiclon Harry into Sud Italia, sorviatutto Siçilia e Calabria, ma anche a Sardegna, corpie da di mouxi erti fin à 16 metri e passa, mai registræ into passou inte tutto o Mediterraneo.",",",
"Son i guasti caxonæ da-o çiclon Harry into Sud Italia, sorviatutto Siçilia e Calabria, ma anche a Sardegna, corpie da di mouxi erti fin à 16 metri e passa, mai registræ into passou inte tutto o Mediterraneo.",mai,
"Son i guasti caxonæ da-o çiclon Harry into Sud Italia, sorviatutto Siçilia e Calabria, ma anche a Sardegna, corpie da di mouxi erti fin à 16 metri e passa, mai registræ into passou inte tutto o Mediterraneo.",registræ,
"Son i guasti caxonæ da-o çiclon Harry into Sud Italia, sorviatutto Siçilia e Calabria, ma anche a Sardegna, corpie da di mouxi erti fin à 16 metri e passa, mai registræ into passou inte tutto o Mediterraneo.",into,
"Son i guasti caxonæ da-o çiclon Harry into Sud Italia, sorviatutto Siçilia e Calabria, ma anche a Sardegna, corpie da di mouxi erti fin à 16 metri e passa, mai registræ into passou inte tutto o Mediterraneo.",passou,
"Son i guasti caxonæ da-o çiclon Harry into Sud Italia, sorviatutto Siçilia e Calabria, ma anche a Sardegna, corpie da di mouxi erti fin à 16 metri e passa, mai registræ into passou inte tutto o Mediterraneo.",inte,
"Son i guasti caxonæ da-o çiclon Harry into Sud Italia, sorviatutto Siçilia e Calabria, ma anche a Sardegna, corpie da di mouxi erti fin à 16 metri e passa, mai registræ into passou inte tutto o Mediterraneo.",tutto,
"Son i guasti caxonæ da-o çiclon Harry into Sud Italia, sorviatutto Siçilia e Calabria, ma anche a Sardegna, corpie da di mouxi erti fin à 16 metri e passa, mai registræ into passou inte tutto o Mediterraneo.",o,
"Son i guasti caxonæ da-o çiclon Harry into Sud Italia, sorviatutto Siçilia e Calabria, ma anche a Sardegna, corpie da di mouxi erti fin à 16 metri e passa, mai registræ into passou inte tutto o Mediterraneo.",Mediterraneo,
"Son i guasti caxonæ da-o çiclon Harry into Sud Italia, sorviatutto Siçilia e Calabria, ma anche a Sardegna, corpie da di mouxi erti fin à 16 metri e passa, mai registræ into passou inte tutto o Mediterraneo.",.,
"Inte provinse de Mesciña e Catania o mâ o l’à destruto ferrovie, mæñe, miage e portixeu.",Inte,
"Inte provinse de Mesciña e Catania o mâ o l’à destruto ferrovie, mæñe, miage e portixeu.",provinse,
"Inte provinse de Mesciña e Catania o mâ o l’à destruto ferrovie, mæñe, miage e portixeu.",de,
"Inte provinse de Mesciña e Catania o mâ o l’à destruto ferrovie, mæñe, miage e portixeu.",Mesciña,
"Inte provinse de Mesciña e Catania o mâ o l’à destruto ferrovie, mæñe, miage e portixeu.",e,
"Inte provinse de Mesciña e Catania o mâ o l’à destruto ferrovie, mæñe, miage e portixeu.",Catania,
"Inte provinse de Mesciña e Catania o mâ o l’à destruto ferrovie, mæñe, miage e portixeu.",o,
"Inte provinse de Mesciña e Catania o mâ o l’à destruto ferrovie, mæñe, miage e portixeu.",mâ,
"Inte provinse de Mesciña e Catania o mâ o l’à destruto ferrovie, mæñe, miage e portixeu.",o,
"Inte provinse de Mesciña e Catania o mâ o l’à destruto ferrovie, mæñe, miage e portixeu.",l,
"Inte provinse de Mesciña e Catania o mâ o l’à destruto ferrovie, mæñe, miage e portixeu.",’,
"Inte provinse de Mesciña e Catania o mâ o l’à destruto ferrovie, mæñe, miage e portixeu.",à,
"Inte provinse de Mesciña e Catania o mâ o l’à destruto ferrovie, mæñe, miage e portixeu.",destruto,
"Inte provinse de Mesciña e Catania o mâ o l’à destruto ferrovie, mæñe, miage e portixeu.",ferrovie,
"Inte provinse de Mesciña e Catania o mâ o l’à destruto ferrovie, mæñe, miage e portixeu.",",",
"Inte provinse de Mesciña e Catania o mâ o l’à destruto ferrovie, mæñe, miage e portixeu.",mæñe,
"Inte provinse de Mesciña e Catania o mâ o l’à destruto ferrovie, mæñe, miage e portixeu.",",",
"Inte provinse de Mesciña e Catania o mâ o l’à destruto ferrovie, mæñe, miage e portixeu.",miage,
"Inte provinse de Mesciña e Catania o mâ o l’à destruto ferrovie, mæñe, miage e portixeu.",e,
"Inte provinse de Mesciña e Catania o mâ o l’à destruto ferrovie, mæñe, miage e portixeu.",portixeu,
"Inte provinse de Mesciña e Catania o mâ o l’à destruto ferrovie, mæñe, miage e portixeu.",.,
Dexeñe de famigge son stæte scorrie d’in cà.,Dexeñe,
Dexeñe de famigge son stæte scorrie d’in cà.,de,
Dexeñe de famigge son stæte scorrie d’in cà.,famigge,
Dexeñe de famigge son stæte scorrie d’in cà.,son,
Dexeñe de famigge son stæte scorrie d’in cà.,stæte,
Dexeñe de famigge son stæte scorrie d’in cà.,scorrie,
Dexeñe de famigge son stæte scorrie d’in cà.,d,
Dexeñe de famigge son stæte scorrie d’in cà.,’,
Dexeñe de famigge son stæte scorrie d’in cà.,in,
Dexeñe de famigge son stæte scorrie d’in cà.,cà,
Dexeñe de famigge son stæte scorrie d’in cà.,.,
"Segondo unna primma stimma do prescidente da Region Renato Schifani i danni van 740 mioin d’euro, e atre çentanæa de mioin se contan in Sardegna, segondo a prescidente Alessandra Todde.",Segondo,
"Segondo unna primma stimma do prescidente da Region Renato Schifani i danni van 740 mioin d’euro, e atre çentanæa de mioin se contan in Sardegna, segondo a prescidente Alessandra Todde.",unna,
"Segondo unna primma stimma do prescidente da Region Renato Schifani i danni van 740 mioin d’euro, e atre çentanæa de mioin se contan in Sardegna, segondo a prescidente Alessandra Todde.",primma,
"Segondo unna primma stimma do prescidente da Region Renato Schifani i danni van 740 mioin d’euro, e atre çentanæa de mioin se contan in Sardegna, segondo a prescidente Alessandra Todde.",stimma,
"Segondo unna primma stimma do prescidente da Region Renato Schifani i danni van 740 mioin d’euro, e atre çentanæa de mioin se contan in Sardegna, segondo a prescidente Alessandra Todde.",do,
"Segondo unna primma stimma do prescidente da Region Renato Schifani i danni van 740 mioin d’euro, e atre çentanæa de mioin se contan in Sardegna, segondo a prescidente Alessandra Todde.",prescidente,
"Segondo unna primma stimma do prescidente da Region Renato Schifani i danni van 740 mioin d’euro, e atre çentanæa de mioin se contan in Sardegna, segondo a prescidente Alessandra Todde.",da,
"Segondo unna primma stimma do prescidente da Region Renato Schifani i danni van 740 mioin d’euro, e atre çentanæa de mioin se contan in Sardegna, segondo a prescidente Alessandra Todde.",Region,
"Segondo unna primma stimma do prescidente da Region Renato Schifani i danni van 740 mioin d’euro, e atre çentanæa de mioin se contan in Sardegna, segondo a prescidente Alessandra Todde.",Renato,
"Segondo unna primma stimma do prescidente da Region Renato Schifani i danni van 740 mioin d’euro, e atre çentanæa de mioin se contan in Sardegna, segondo a prescidente Alessandra Todde.",Schifani,
"Segondo unna primma stimma do prescidente da Region Renato Schifani i danni van 740 mioin d’euro, e atre çentanæa de mioin se contan in Sardegna, segondo a prescidente Alessandra Todde.",i,
"Segondo unna primma stimma do prescidente da Region Renato Schifani i danni van 740 mioin d’euro, e atre çentanæa de mioin se contan in Sardegna, segondo a prescidente Alessandra Todde.",danni,
"Segondo unna primma stimma do prescidente da Region Renato Schifani i danni van 740 mioin d’euro, e atre çentanæa de mioin se contan in Sardegna, segondo a prescidente Alessandra Todde.",van,
"Segondo unna primma stimma do prescidente da Region Renato Schifani i danni van 740 mioin d’euro, e atre çentanæa de mioin se contan in Sardegna, segondo a prescidente Alessandra Todde.",740,
"Segondo unna primma stimma do prescidente da Region Renato Schifani i danni van 740 mioin d’euro, e atre çentanæa de mioin se contan in Sardegna, segondo a prescidente Alessandra Todde.",mioin,
"Segondo unna primma stimma do prescidente da Region Renato Schifani i danni van 740 mioin d’euro, e atre çentanæa de mioin se contan in Sardegna, segondo a prescidente Alessandra Todde.",d,
"Segondo unna primma stimma do prescidente da Region Renato Schifani i danni van 740 mioin d’euro, e atre çentanæa de mioin se contan in Sardegna, segondo a prescidente Alessandra Todde.",’,
"Segondo unna primma stimma do prescidente da Region Renato Schifani i danni van 740 mioin d’euro, e atre çentanæa de mioin se contan in Sardegna, segondo a prescidente Alessandra Todde.",euro,
"Segondo unna primma stimma do prescidente da Region Renato Schifani i danni van 740 mioin d’euro, e atre çentanæa de mioin se contan in Sardegna, segondo a prescidente Alessandra Todde.",",",
"Segondo unna primma stimma do prescidente da Region Renato Schifani i danni van 740 mioin d’euro, e atre çentanæa de mioin se contan in Sardegna, segondo a prescidente Alessandra Todde.",e,
"Segondo unna primma stimma do prescidente da Region Renato Schifani i danni van 740 mioin d’euro, e atre çentanæa de mioin se contan in Sardegna, segondo a prescidente Alessandra Todde.",atre,
"Segondo unna primma stimma do prescidente da Region Renato Schifani i danni van 740 mioin d’euro, e atre çentanæa de mioin se contan in Sardegna, segondo a prescidente Alessandra Todde.",çentanæa,
"Segondo unna primma stimma do prescidente da Region Renato Schifani i danni van 740 mioin d’euro, e atre çentanæa de mioin se contan in Sardegna, segondo a prescidente Alessandra Todde.",de,
"Segondo unna primma stimma do prescidente da Region Renato Schifani i danni van 740 mioin d’euro, e atre çentanæa de mioin se contan in Sardegna, segondo a prescidente Alessandra Todde.",mioin,
"Segondo unna primma stimma do prescidente da Region Renato Schifani i danni van 740 mioin d’euro, e atre çentanæa de mioin se contan in Sardegna, segondo a prescidente Alessandra Todde.",se,
"Segondo unna primma stimma do prescidente da Region Renato Schifani i danni van 740 mioin d’euro, e atre çentanæa de mioin se contan in Sardegna, segondo a prescidente Alessandra Todde.",contan,
"Segondo unna primma stimma do prescidente da Region Renato Schifani i danni van 740 mioin d’euro, e atre çentanæa de mioin se contan in Sardegna, segondo a prescidente Alessandra Todde.",in,
"Segondo unna primma stimma do prescidente da Region Renato Schifani i danni van 740 mioin d’euro, e atre çentanæa de mioin se contan in Sardegna, segondo a prescidente Alessandra Todde.",Sardegna,
"Segondo unna primma stimma do prescidente da Region Renato Schifani i danni van 740 mioin d’euro, e atre çentanæa de mioin se contan in Sardegna, segondo a prescidente Alessandra Todde.",",",
"Segondo unna primma stimma do prescidente da Region Renato Schifani i danni van 740 mioin d’euro, e atre çentanæa de mioin se contan in Sardegna, segondo a prescidente Alessandra Todde.",segondo,
"Segondo unna primma stimma do prescidente da Region Renato Schifani i danni van 740 mioin d’euro, e atre çentanæa de mioin se contan in Sardegna, segondo a prescidente Alessandra Todde.",a,
"Segondo unna primma stimma do prescidente da Region Renato Schifani i danni van 740 mioin d’euro, e atre çentanæa de mioin se contan in Sardegna, segondo a prescidente Alessandra Todde.",prescidente,
"Segondo unna primma stimma do prescidente da Region Renato Schifani i danni van 740 mioin d’euro, e atre çentanæa de mioin se contan in Sardegna, segondo a prescidente Alessandra Todde.",Alessandra,
"Segondo unna primma stimma do prescidente da Region Renato Schifani i danni van 740 mioin d’euro, e atre çentanæa de mioin se contan in Sardegna, segondo a prescidente Alessandra Todde.",Todde,
"Segondo unna primma stimma do prescidente da Region Renato Schifani i danni van 740 mioin d’euro, e atre çentanæa de mioin se contan in Sardegna, segondo a prescidente Alessandra Todde.",.,
Neuvo scontro politico in gio a-o disegno de lezze in sciâ violensa sessuale.,Neuvo,
Neuvo scontro politico in gio a-o disegno de lezze in sciâ violensa sessuale.,scontro,
Neuvo scontro politico in gio a-o disegno de lezze in sciâ violensa sessuale.,politico,
Neuvo scontro politico in gio a-o disegno de lezze in sciâ violensa sessuale.,in,
Neuvo scontro politico in gio a-o disegno de lezze in sciâ violensa sessuale.,gio,
Neuvo scontro politico in gio a-o disegno de lezze in sciâ violensa sessuale.,a-o,
Neuvo scontro politico in gio a-o disegno de lezze in sciâ violensa sessuale.,disegno,
Neuvo scontro politico in gio a-o disegno de lezze in sciâ violensa sessuale.,de,
Neuvo scontro politico in gio a-o disegno de lezze in sciâ violensa sessuale.,lezze,
Neuvo scontro politico in gio a-o disegno de lezze in sciâ violensa sessuale.,in,
Neuvo scontro politico in gio a-o disegno de lezze in sciâ violensa sessuale.,sciâ,
Neuvo scontro politico in gio a-o disegno de lezze in sciâ violensa sessuale.,violensa,
Neuvo scontro politico in gio a-o disegno de lezze in sciâ violensa sessuale.,sessuale,
Neuvo scontro politico in gio a-o disegno de lezze in sciâ violensa sessuale.,.,
"Dòppo l’accòrdio tra a prescidente do Conseggio Giorgia Meloni e a segretäia do Partio Democratico Elly Schlein, a poula «consenso» a l’é sparia d’into testo propòsto da-a Giulia Bongiorno da Lega, a relatoa a-o Senato.",Dòppo,
"Dòppo l’accòrdio tra a prescidente do Conseggio Giorgia Meloni e a segretäia do Partio Democratico Elly Schlein, a poula «consenso» a l’é sparia d’into testo propòsto da-a Giulia Bongiorno da Lega, a relatoa a-o Senato.",l,
"Dòppo l’accòrdio tra a prescidente do Conseggio Giorgia Meloni e a segretäia do Partio Democratico Elly Schlein, a poula «consenso» a l’é sparia d’into testo propòsto da-a Giulia Bongiorno da Lega, a relatoa a-o Senato.",’,
"Dòppo l’accòrdio tra a prescidente do Conseggio Giorgia Meloni e a segretäia do Partio Democratico Elly Schlein, a poula «consenso» a l’é sparia d’into testo propòsto da-a Giulia Bongiorno da Lega, a relatoa a-o Senato.",accòrdio,
"Dòppo l’accòrdio tra a prescidente do Conseggio Giorgia Meloni e a segretäia do Partio Democratico Elly Schlein, a poula «consenso» a l’é sparia d’into testo propòsto da-a Giulia Bongiorno da Lega, a relatoa a-o Senato.",tra,
"Dòppo l’accòrdio tra a prescidente do Conseggio Giorgia Meloni e a segretäia do Partio Democratico Elly Schlein, a poula «consenso» a l’é sparia d’into testo propòsto da-a Giulia Bongiorno da Lega, a relatoa a-o Senato.",a,
"Dòppo l’accòrdio tra a prescidente do Conseggio Giorgia Meloni e a segretäia do Partio Democratico Elly Schlein, a poula «consenso» a l’é sparia d’into testo propòsto da-a Giulia Bongiorno da Lega, a relatoa a-o Senato.",prescidente,
"Dòppo l’accòrdio tra a prescidente do Conseggio Giorgia Meloni e a segretäia do Partio Democratico Elly Schlein, a poula «consenso» a l’é sparia d’into testo propòsto da-a Giulia Bongiorno da Lega, a relatoa a-o Senato.",do,
"Dòppo l’accòrdio tra a prescidente do Conseggio Giorgia Meloni e a segretäia do Partio Democratico Elly Schlein, a poula «consenso» a l’é sparia d’into testo propòsto da-a Giulia Bongiorno da Lega, a relatoa a-o Senato.",Conseggio,
"Dòppo l’accòrdio tra a prescidente do Conseggio Giorgia Meloni e a segretäia do Partio Democratico Elly Schlein, a poula «consenso» a l’é sparia d’into testo propòsto da-a Giulia Bongiorno da Lega, a relatoa a-o Senato.",Giorgia,
"Dòppo l’accòrdio tra a prescidente do Conseggio Giorgia Meloni e a segretäia do Partio Democratico Elly Schlein, a poula «consenso» a l’é sparia d’into testo propòsto da-a Giulia Bongiorno da Lega, a relatoa a-o Senato.",Meloni,
"Dòppo l’accòrdio tra a prescidente do Conseggio Giorgia Meloni e a segretäia do Partio Democratico Elly Schlein, a poula «consenso» a l’é sparia d’into testo propòsto da-a Giulia Bongiorno da Lega, a relatoa a-o Senato.",e,
"Dòppo l’accòrdio tra a prescidente do Conseggio Giorgia Meloni e a segretäia do Partio Democratico Elly Schlein, a poula «consenso» a l’é sparia d’into testo propòsto da-a Giulia Bongiorno da Lega, a relatoa a-o Senato.",a,
"Dòppo l’accòrdio tra a prescidente do Conseggio Giorgia Meloni e a segretäia do Partio Democratico Elly Schlein, a poula «consenso» a l’é sparia d’into testo propòsto da-a Giulia Bongiorno da Lega, a relatoa a-o Senato.",segretäia,
"Dòppo l’accòrdio tra a prescidente do Conseggio Giorgia Meloni e a segretäia do Partio Democratico Elly Schlein, a poula «consenso» a l’é sparia d’into testo propòsto da-a Giulia Bongiorno da Lega, a relatoa a-o Senato.",do,
"Dòppo l’accòrdio tra a prescidente do Conseggio Giorgia Meloni e a segretäia do Partio Democratico Elly Schlein, a poula «consenso» a l’é sparia d’into testo propòsto da-a Giulia Bongiorno da Lega, a relatoa a-o Senato.",Partio,
"Dòppo l’accòrdio tra a prescidente do Conseggio Giorgia Meloni e a segretäia do Partio Democratico Elly Schlein, a poula «consenso» a l’é sparia d’into testo propòsto da-a Giulia Bongiorno da Lega, a relatoa a-o Senato.",Democratico,
"Dòppo l’accòrdio tra a prescidente do Conseggio Giorgia Meloni e a segretäia do Partio Democratico Elly Schlein, a poula «consenso» a l’é sparia d’into testo propòsto da-a Giulia Bongiorno da Lega, a relatoa a-o Senato.",Elly,
"Dòppo l’accòrdio tra a prescidente do Conseggio Giorgia Meloni e a segretäia do Partio Democratico Elly Schlein, a poula «consenso» a l’é sparia d’into testo propòsto da-a Giulia Bongiorno da Lega, a relatoa a-o Senato.",Schlein,
"Dòppo l’accòrdio tra a prescidente do Conseggio Giorgia Meloni e a segretäia do Partio Democratico Elly Schlein, a poula «consenso» a l’é sparia d’into testo propòsto da-a Giulia Bongiorno da Lega, a relatoa a-o Senato.",",",
"Dòppo l’accòrdio tra a prescidente do Conseggio Giorgia Meloni e a segretäia do Partio Democratico Elly Schlein, a poula «consenso» a l’é sparia d’into testo propòsto da-a Giulia Bongiorno da Lega, a relatoa a-o Senato.",a,
"Dòppo l’accòrdio tra a prescidente do Conseggio Giorgia Meloni e a segretäia do Partio Democratico Elly Schlein, a poula «consenso» a l’é sparia d’into testo propòsto da-a Giulia Bongiorno da Lega, a relatoa a-o Senato.",poula,
"Dòppo l’accòrdio tra a prescidente do Conseggio Giorgia Meloni e a segretäia do Partio Democratico Elly Schlein, a poula «consenso» a l’é sparia d’into testo propòsto da-a Giulia Bongiorno da Lega, a relatoa a-o Senato.",«,
"Dòppo l’accòrdio tra a prescidente do Conseggio Giorgia Meloni e a segretäia do Partio Democratico Elly Schlein, a poula «consenso» a l’é sparia d’into testo propòsto da-a Giulia Bongiorno da Lega, a relatoa a-o Senato.",consenso,
"Dòppo l’accòrdio tra a prescidente do Conseggio Giorgia Meloni e a segretäia do Partio Democratico Elly Schlein, a poula «consenso» a l’é sparia d’into testo propòsto da-a Giulia Bongiorno da Lega, a relatoa a-o Senato.",»,
"Dòppo l’accòrdio tra a prescidente do Conseggio Giorgia Meloni e a segretäia do Partio Democratico Elly Schlein, a poula «consenso» a l’é sparia d’into testo propòsto da-a Giulia Bongiorno da Lega, a relatoa a-o Senato.",a,
"Dòppo l’accòrdio tra a prescidente do Conseggio Giorgia Meloni e a segretäia do Partio Democratico Elly Schlein, a poula «consenso» a l’é sparia d’into testo propòsto da-a Giulia Bongiorno da Lega, a relatoa a-o Senato.",l,
"Dòppo l’accòrdio tra a prescidente do Conseggio Giorgia Meloni e a segretäia do Partio Democratico Elly Schlein, a poula «consenso» a l’é sparia d’into testo propòsto da-a Giulia Bongiorno da Lega, a relatoa a-o Senato.",’,
"Dòppo l’accòrdio tra a prescidente do Conseggio Giorgia Meloni e a segretäia do Partio Democratico Elly Schlein, a poula «consenso» a l’é sparia d’into testo propòsto da-a Giulia Bongiorno da Lega, a relatoa a-o Senato.",é,
"Dòppo l’accòrdio tra a prescidente do Conseggio Giorgia Meloni e a segretäia do Partio Democratico Elly Schlein, a poula «consenso» a l’é sparia d’into testo propòsto da-a Giulia Bongiorno da Lega, a relatoa a-o Senato.",sparia,
"Dòppo l’accòrdio tra a prescidente do Conseggio Giorgia Meloni e a segretäia do Partio Democratico Elly Schlein, a poula «consenso» a l’é sparia d’into testo propòsto da-a Giulia Bongiorno da Lega, a relatoa a-o Senato.",d,
"Dòppo l’accòrdio tra a prescidente do Conseggio Giorgia Meloni e a segretäia do Partio Democratico Elly Schlein, a poula «consenso» a l’é sparia d’into testo propòsto da-a Giulia Bongiorno da Lega, a relatoa a-o Senato.",’,
"Dòppo l’accòrdio tra a prescidente do Conseggio Giorgia Meloni e a segretäia do Partio Democratico Elly Schlein, a poula «consenso» a l’é sparia d’into testo propòsto da-a Giulia Bongiorno da Lega, a relatoa a-o Senato.",into,
"Dòppo l’accòrdio tra a prescidente do Conseggio Giorgia Meloni e a segretäia do Partio Democratico Elly Schlein, a poula «consenso» a l’é sparia d’into testo propòsto da-a Giulia Bongiorno da Lega, a relatoa a-o Senato.",testo,
"Dòppo l’accòrdio tra a prescidente do Conseggio Giorgia Meloni e a segretäia do Partio Democratico Elly Schlein, a poula «consenso» a l’é sparia d’into testo propòsto da-a Giulia Bongiorno da Lega, a relatoa a-o Senato.",propòsto,
"Dòppo l’accòrdio tra a prescidente do Conseggio Giorgia Meloni e a segretäia do Partio Democratico Elly Schlein, a poula «consenso» a l’é sparia d’into testo propòsto da-a Giulia Bongiorno da Lega, a relatoa a-o Senato.",da-a,
"Dòppo l’accòrdio tra a prescidente do Conseggio Giorgia Meloni e a segretäia do Partio Democratico Elly Schlein, a poula «consenso» a l’é sparia d’into testo propòsto da-a Giulia Bongiorno da Lega, a relatoa a-o Senato.",Giulia,
"Dòppo l’accòrdio tra a prescidente do Conseggio Giorgia Meloni e a segretäia do Partio Democratico Elly Schlein, a poula «consenso» a l’é sparia d’into testo propòsto da-a Giulia Bongiorno da Lega, a relatoa a-o Senato.",Bongiorno,
"Dòppo l’accòrdio tra a prescidente do Conseggio Giorgia Meloni e a segretäia do Partio Democratico Elly Schlein, a poula «consenso» a l’é sparia d’into testo propòsto da-a Giulia Bongiorno da Lega, a relatoa a-o Senato.",da,
"Dòppo l’accòrdio tra a prescidente do Conseggio Giorgia Meloni e a segretäia do Partio Democratico Elly Schlein, a poula «consenso» a l’é sparia d’into testo propòsto da-a Giulia Bongiorno da Lega, a relatoa a-o Senato.",Lega,
"Dòppo l’accòrdio tra a prescidente do Conseggio Giorgia Meloni e a segretäia do Partio Democratico Elly Schlein, a poula «consenso» a l’é sparia d’into testo propòsto da-a Giulia Bongiorno da Lega, a relatoa a-o Senato.",",",
"Dòppo l’accòrdio tra a prescidente do Conseggio Giorgia Meloni e a segretäia do Partio Democratico Elly Schlein, a poula «consenso» a l’é sparia d’into testo propòsto da-a Giulia Bongiorno da Lega, a relatoa a-o Senato.",a,
"Dòppo l’accòrdio tra a prescidente do Conseggio Giorgia Meloni e a segretäia do Partio Democratico Elly Schlein, a poula «consenso» a l’é sparia d’into testo propòsto da-a Giulia Bongiorno da Lega, a relatoa a-o Senato.",relatoa,
"Dòppo l’accòrdio tra a prescidente do Conseggio Giorgia Meloni e a segretäia do Partio Democratico Elly Schlein, a poula «consenso» a l’é sparia d’into testo propòsto da-a Giulia Bongiorno da Lega, a relatoa a-o Senato.",a-o,
"Dòppo l’accòrdio tra a prescidente do Conseggio Giorgia Meloni e a segretäia do Partio Democratico Elly Schlein, a poula «consenso» a l’é sparia d’into testo propòsto da-a Giulia Bongiorno da Lega, a relatoa a-o Senato.",Senato,
"Dòppo l’accòrdio tra a prescidente do Conseggio Giorgia Meloni e a segretäia do Partio Democratico Elly Schlein, a poula «consenso» a l’é sparia d’into testo propòsto da-a Giulia Bongiorno da Lega, a relatoa a-o Senato.",.,
Incangio se parla de «voentæ conträia à l’atto sessuale» ch’a dev’ëse valuâ «tegnindo conto da scituaçion e do contesto».,Incangio,
Incangio se parla de «voentæ conträia à l’atto sessuale» ch’a dev’ëse valuâ «tegnindo conto da scituaçion e do contesto».,se,
Incangio se parla de «voentæ conträia à l’atto sessuale» ch’a dev’ëse valuâ «tegnindo conto da scituaçion e do contesto».,parla,
Incangio se parla de «voentæ conträia à l’atto sessuale» ch’a dev’ëse valuâ «tegnindo conto da scituaçion e do contesto».,de,
Incangio se parla de «voentæ conträia à l’atto sessuale» ch’a dev’ëse valuâ «tegnindo conto da scituaçion e do contesto».,«,
Incangio se parla de «voentæ conträia à l’atto sessuale» ch’a dev’ëse valuâ «tegnindo conto da scituaçion e do contesto».,voentæ,
Incangio se parla de «voentæ conträia à l’atto sessuale» ch’a dev’ëse valuâ «tegnindo conto da scituaçion e do contesto».,conträia,
Incangio se parla de «voentæ conträia à l’atto sessuale» ch’a dev’ëse valuâ «tegnindo conto da scituaçion e do contesto».,à,
Incangio se parla de «voentæ conträia à l’atto sessuale» ch’a dev’ëse valuâ «tegnindo conto da scituaçion e do contesto».,l,
Incangio se parla de «voentæ conträia à l’atto sessuale» ch’a dev’ëse valuâ «tegnindo conto da scituaçion e do contesto».,’,
Incangio se parla de «voentæ conträia à l’atto sessuale» ch’a dev’ëse valuâ «tegnindo conto da scituaçion e do contesto».,atto,
Incangio se parla de «voentæ conträia à l’atto sessuale» ch’a dev’ëse valuâ «tegnindo conto da scituaçion e do contesto».,sessuale,
Incangio se parla de «voentæ conträia à l’atto sessuale» ch’a dev’ëse valuâ «tegnindo conto da scituaçion e do contesto».,»,
Incangio se parla de «voentæ conträia à l’atto sessuale» ch’a dev’ëse valuâ «tegnindo conto da scituaçion e do contesto».,ch,
Incangio se parla de «voentæ conträia à l’atto sessuale» ch’a dev’ëse valuâ «tegnindo conto da scituaçion e do contesto».,’,
Incangio se parla de «voentæ conträia à l’atto sessuale» ch’a dev’ëse valuâ «tegnindo conto da scituaçion e do contesto».,a,
Incangio se parla de «voentæ conträia à l’atto sessuale» ch’a dev’ëse valuâ «tegnindo conto da scituaçion e do contesto».,dev,
Incangio se parla de «voentæ conträia à l’atto sessuale» ch’a dev’ëse valuâ «tegnindo conto da scituaçion e do contesto».,’,
Incangio se parla de «voentæ conträia à l’atto sessuale» ch’a dev’ëse valuâ «tegnindo conto da scituaçion e do contesto».,ëse,
Incangio se parla de «voentæ conträia à l’atto sessuale» ch’a dev’ëse valuâ «tegnindo conto da scituaçion e do contesto».,valuâ,
Incangio se parla de «voentæ conträia à l’atto sessuale» ch’a dev’ëse valuâ «tegnindo conto da scituaçion e do contesto».,«,
Incangio se parla de «voentæ conträia à l’atto sessuale» ch’a dev’ëse valuâ «tegnindo conto da scituaçion e do contesto».,tegnindo,
Incangio se parla de «voentæ conträia à l’atto sessuale» ch’a dev’ëse valuâ «tegnindo conto da scituaçion e do contesto».,conto,
Incangio se parla de «voentæ conträia à l’atto sessuale» ch’a dev’ëse valuâ «tegnindo conto da scituaçion e do contesto».,da,
Incangio se parla de «voentæ conträia à l’atto sessuale» ch’a dev’ëse valuâ «tegnindo conto da scituaçion e do contesto».,scituaçion,
Incangio se parla de «voentæ conträia à l’atto sessuale» ch’a dev’ëse valuâ «tegnindo conto da scituaçion e do contesto».,e,
Incangio se parla de «voentæ conträia à l’atto sessuale» ch’a dev’ëse valuâ «tegnindo conto da scituaçion e do contesto».,do,
Incangio se parla de «voentæ conträia à l’atto sessuale» ch’a dev’ëse valuâ «tegnindo conto da scituaçion e do contesto».,contesto,
Incangio se parla de «voentæ conträia à l’atto sessuale» ch’a dev’ëse valuâ «tegnindo conto da scituaçion e do contesto».,»,
Incangio se parla de «voentæ conträia à l’atto sessuale» ch’a dev’ëse valuâ «tegnindo conto da scituaçion e do contesto».,.,
Pe-e oppoxiçioin o l’é un «passo inderê graviscimo» e «a rottua de un patto politico».,Pe-e,
Pe-e oppoxiçioin o l’é un «passo inderê graviscimo» e «a rottua de un patto politico».,oppoxiçioin,
Pe-e oppoxiçioin o l’é un «passo inderê graviscimo» e «a rottua de un patto politico».,o,
Pe-e oppoxiçioin o l’é un «passo inderê graviscimo» e «a rottua de un patto politico».,l,
Pe-e oppoxiçioin o l’é un «passo inderê graviscimo» e «a rottua de un patto politico».,’,
Pe-e oppoxiçioin o l’é un «passo inderê graviscimo» e «a rottua de un patto politico».,é,
Pe-e oppoxiçioin o l’é un «passo inderê graviscimo» e «a rottua de un patto politico».,un,
Pe-e oppoxiçioin o l’é un «passo inderê graviscimo» e «a rottua de un patto politico».,«,
Pe-e oppoxiçioin o l’é un «passo inderê graviscimo» e «a rottua de un patto politico».,passo,
Pe-e oppoxiçioin o l’é un «passo inderê graviscimo» e «a rottua de un patto politico».,inderê,
Pe-e oppoxiçioin o l’é un «passo inderê graviscimo» e «a rottua de un patto politico».,graviscimo,
Pe-e oppoxiçioin o l’é un «passo inderê graviscimo» e «a rottua de un patto politico».,»,
Pe-e oppoxiçioin o l’é un «passo inderê graviscimo» e «a rottua de un patto politico».,e,
Pe-e oppoxiçioin o l’é un «passo inderê graviscimo» e «a rottua de un patto politico».,«,
Pe-e oppoxiçioin o l’é un «passo inderê graviscimo» e «a rottua de un patto politico».,a,
Pe-e oppoxiçioin o l’é un «passo inderê graviscimo» e «a rottua de un patto politico».,rottua,
Pe-e oppoxiçioin o l’é un «passo inderê graviscimo» e «a rottua de un patto politico».,de,
Pe-e oppoxiçioin o l’é un «passo inderê graviscimo» e «a rottua de un patto politico».,un,
Pe-e oppoxiçioin o l’é un «passo inderê graviscimo» e «a rottua de un patto politico».,patto,
Pe-e oppoxiçioin o l’é un «passo inderê graviscimo» e «a rottua de un patto politico».,politico,
Pe-e oppoxiçioin o l’é un «passo inderê graviscimo» e «a rottua de un patto politico».,»,
Pe-e oppoxiçioin o l’é un «passo inderê graviscimo» e «a rottua de un patto politico».,.,
"«Che a Meloni a no se fasse dâ a linia da-o patriarcato», o commento da Schlein.",«,
"«Che a Meloni a no se fasse dâ a linia da-o patriarcato», o commento da Schlein.",Che,
"«Che a Meloni a no se fasse dâ a linia da-o patriarcato», o commento da Schlein.",a,
"«Che a Meloni a no se fasse dâ a linia da-o patriarcato», o commento da Schlein.",Meloni,
"«Che a Meloni a no se fasse dâ a linia da-o patriarcato», o commento da Schlein.",a,
"«Che a Meloni a no se fasse dâ a linia da-o patriarcato», o commento da Schlein.",no,
"«Che a Meloni a no se fasse dâ a linia da-o patriarcato», o commento da Schlein.",se,
"«Che a Meloni a no se fasse dâ a linia da-o patriarcato», o commento da Schlein.",fasse,
"«Che a Meloni a no se fasse dâ a linia da-o patriarcato», o commento da Schlein.",dâ,
"«Che a Meloni a no se fasse dâ a linia da-o patriarcato», o commento da Schlein.",a,
"«Che a Meloni a no se fasse dâ a linia da-o patriarcato», o commento da Schlein.",linia,
"«Che a Meloni a no se fasse dâ a linia da-o patriarcato», o commento da Schlein.",da-o,
"«Che a Meloni a no se fasse dâ a linia da-o patriarcato», o commento da Schlein.",patriarcato,
"«Che a Meloni a no se fasse dâ a linia da-o patriarcato», o commento da Schlein.",»,
"«Che a Meloni a no se fasse dâ a linia da-o patriarcato», o commento da Schlein.",",",
"«Che a Meloni a no se fasse dâ a linia da-o patriarcato», o commento da Schlein.",o,
"«Che a Meloni a no se fasse dâ a linia da-o patriarcato», o commento da Schlein.",commento,
"«Che a Meloni a no se fasse dâ a linia da-o patriarcato», o commento da Schlein.",da,
"«Che a Meloni a no se fasse dâ a linia da-o patriarcato», o commento da Schlein.",Schlein,
"«Che a Meloni a no se fasse dâ a linia da-o patriarcato», o commento da Schlein.",.,
Pe-o momento Fratelli d’Italia a no l’à piggiou unna poxiçion definitiva.,Pe-o,
Pe-o momento Fratelli d’Italia a no l’à piggiou unna poxiçion definitiva.,momento,
Pe-o momento Fratelli d’Italia a no l’à piggiou unna poxiçion definitiva.,Fratelli,
Pe-o momento Fratelli d’Italia a no l’à piggiou unna poxiçion definitiva.,d,
Pe-o momento Fratelli d’Italia a no l’à piggiou unna poxiçion definitiva.,’,
Pe-o momento Fratelli d’Italia a no l’à piggiou unna poxiçion definitiva.,Italia,
Pe-o momento Fratelli d’Italia a no l’à piggiou unna poxiçion definitiva.,a,
Pe-o momento Fratelli d’Italia a no l’à piggiou unna poxiçion definitiva.,no,
Pe-o momento Fratelli d’Italia a no l’à piggiou unna poxiçion definitiva.,l,
Pe-o momento Fratelli d’Italia a no l’à piggiou unna poxiçion definitiva.,’,
Pe-o momento Fratelli d’Italia a no l’à piggiou unna poxiçion definitiva.,à,
Pe-o momento Fratelli d’Italia a no l’à piggiou unna poxiçion definitiva.,piggiou,
Pe-o momento Fratelli d’Italia a no l’à piggiou unna poxiçion definitiva.,unna,
Pe-o momento Fratelli d’Italia a no l’à piggiou unna poxiçion definitiva.,poxiçion,
Pe-o momento Fratelli d’Italia a no l’à piggiou unna poxiçion definitiva.,definitiva,
Pe-o momento Fratelli d’Italia a no l’à piggiou unna poxiçion definitiva.,.,
"L’é mòrto de 93 anni o Valentino Garavani, l’urtimo di gren protagonisti da mòdda in Italia.",L,
"L’é mòrto de 93 anni o Valentino Garavani, l’urtimo di gren protagonisti da mòdda in Italia.",’,
"L’é mòrto de 93 anni o Valentino Garavani, l’urtimo di gren protagonisti da mòdda in Italia.",é,
"L’é mòrto de 93 anni o Valentino Garavani, l’urtimo di gren protagonisti da mòdda in Italia.",mòrto,
"L’é mòrto de 93 anni o Valentino Garavani, l’urtimo di gren protagonisti da mòdda in Italia.",de,
"L’é mòrto de 93 anni o Valentino Garavani, l’urtimo di gren protagonisti da mòdda in Italia.",93,
"L’é mòrto de 93 anni o Valentino Garavani, l’urtimo di gren protagonisti da mòdda in Italia.",anni,
"L’é mòrto de 93 anni o Valentino Garavani, l’urtimo di gren protagonisti da mòdda in Italia.",o,
"L’é mòrto de 93 anni o Valentino Garavani, l’urtimo di gren protagonisti da mòdda in Italia.",Valentino,
"L’é mòrto de 93 anni o Valentino Garavani, l’urtimo di gren protagonisti da mòdda in Italia.",Garavani,
"L’é mòrto de 93 anni o Valentino Garavani, l’urtimo di gren protagonisti da mòdda in Italia.",",",
"L’é mòrto de 93 anni o Valentino Garavani, l’urtimo di gren protagonisti da mòdda in Italia.",l,
"L’é mòrto de 93 anni o Valentino Garavani, l’urtimo di gren protagonisti da mòdda in Italia.",’,
"L’é mòrto de 93 anni o Valentino Garavani, l’urtimo di gren protagonisti da mòdda in Italia.",urtimo,
"L’é mòrto de 93 anni o Valentino Garavani, l’urtimo di gren protagonisti da mòdda in Italia.",di,
"L’é mòrto de 93 anni o Valentino Garavani, l’urtimo di gren protagonisti da mòdda in Italia.",gren,
"L’é mòrto de 93 anni o Valentino Garavani, l’urtimo di gren protagonisti da mòdda in Italia.",protagonisti,
"L’é mòrto de 93 anni o Valentino Garavani, l’urtimo di gren protagonisti da mòdda in Italia.",da,
"L’é mòrto de 93 anni o Valentino Garavani, l’urtimo di gren protagonisti da mòdda in Italia.",mòdda,
"L’é mòrto de 93 anni o Valentino Garavani, l’urtimo di gren protagonisti da mòdda in Italia.",in,
"L’é mòrto de 93 anni o Valentino Garavani, l’urtimo di gren protagonisti da mòdda in Italia.",Italia,
"L’é mòrto de 93 anni o Valentino Garavani, l’urtimo di gren protagonisti da mòdda in Italia.",.,
"O l’aiva fondou o marco co-o seu nomme, do quæ o rosso e o velluo ean di scimboli.",O,
"O l’aiva fondou o marco co-o seu nomme, do quæ o rosso e o velluo ean di scimboli.",l,
"O l’aiva fondou o marco co-o seu nomme, do quæ o rosso e o velluo ean di scimboli.",’,
"O l’aiva fondou o marco co-o seu nomme, do quæ o rosso e o velluo ean di scimboli.",aiva,
"O l’aiva fondou o marco co-o seu nomme, do quæ o rosso e o velluo ean di scimboli.",fondou,
"O l’aiva fondou o marco co-o seu nomme, do quæ o rosso e o velluo ean di scimboli.",o,
"O l’aiva fondou o marco co-o seu nomme, do quæ o rosso e o velluo ean di scimboli.",marco,
"O l’aiva fondou o marco co-o seu nomme, do quæ o rosso e o velluo ean di scimboli.",co-o,
"O l’aiva fondou o marco co-o seu nomme, do quæ o rosso e o velluo ean di scimboli.",seu,
"O l’aiva fondou o marco co-o seu nomme, do quæ o rosso e o velluo ean di scimboli.",nomme,
"O l’aiva fondou o marco co-o seu nomme, do quæ o rosso e o velluo ean di scimboli.",",",
"O l’aiva fondou o marco co-o seu nomme, do quæ o rosso e o velluo ean di scimboli.",do,
"O l’aiva fondou o marco co-o seu nomme, do quæ o rosso e o velluo ean di scimboli.",quæ,
"O l’aiva fondou o marco co-o seu nomme, do quæ o rosso e o velluo ean di scimboli.",o,
"O l’aiva fondou o marco co-o seu nomme, do quæ o rosso e o velluo ean di scimboli.",rosso,
"O l’aiva fondou o marco co-o seu nomme, do quæ o rosso e o velluo ean di scimboli.",e,
"O l’aiva fondou o marco co-o seu nomme, do quæ o rosso e o velluo ean di scimboli.",o,
"O l’aiva fondou o marco co-o seu nomme, do quæ o rosso e o velluo ean di scimboli.",velluo,
"O l’aiva fondou o marco co-o seu nomme, do quæ o rosso e o velluo ean di scimboli.",ean,
"O l’aiva fondou o marco co-o seu nomme, do quæ o rosso e o velluo ean di scimboli.",di,
"O l’aiva fondou o marco co-o seu nomme, do quæ o rosso e o velluo ean di scimboli.",scimboli,
"O l’aiva fondou o marco co-o seu nomme, do quæ o rosso e o velluo ean di scimboli.",.,
A-o manco çinquemia persoñe gh’an reiso önô à Romma.,A-o,
A-o manco çinquemia persoñe gh’an reiso önô à Romma.,manco,
A-o manco çinquemia persoñe gh’an reiso önô à Romma.,çinquemia,
A-o manco çinquemia persoñe gh’an reiso önô à Romma.,persoñe,
A-o manco çinquemia persoñe gh’an reiso önô à Romma.,gh,
A-o manco çinquemia persoñe gh’an reiso önô à Romma.,’,
A-o manco çinquemia persoñe gh’an reiso önô à Romma.,an,
A-o manco çinquemia persoñe gh’an reiso önô à Romma.,reiso,
A-o manco çinquemia persoñe gh’an reiso önô à Romma.,önô,
A-o manco çinquemia persoñe gh’an reiso önô à Romma.,à,
A-o manco çinquemia persoñe gh’an reiso önô à Romma.,Romma,
A-o manco çinquemia persoñe gh’an reiso önô à Romma.,.,
A-i 23 de zenâ o morteuio inta gexa de Santa Maria di Angei con un muggio de gente avvoxæ.,A-i,
A-i 23 de zenâ o morteuio inta gexa de Santa Maria di Angei con un muggio de gente avvoxæ.,23,
A-i 23 de zenâ o morteuio inta gexa de Santa Maria di Angei con un muggio de gente avvoxæ.,de,
A-i 23 de zenâ o morteuio inta gexa de Santa Maria di Angei con un muggio de gente avvoxæ.,zenâ,
A-i 23 de zenâ o morteuio inta gexa de Santa Maria di Angei con un muggio de gente avvoxæ.,o,
A-i 23 de zenâ o morteuio inta gexa de Santa Maria di Angei con un muggio de gente avvoxæ.,morteuio,
A-i 23 de zenâ o morteuio inta gexa de Santa Maria di Angei con un muggio de gente avvoxæ.,inta,
A-i 23 de zenâ o morteuio inta gexa de Santa Maria di Angei con un muggio de gente avvoxæ.,gexa,
A-i 23 de zenâ o morteuio inta gexa de Santa Maria di Angei con un muggio de gente avvoxæ.,de,
A-i 23 de zenâ o morteuio inta gexa de Santa Maria di Angei con un muggio de gente avvoxæ.,Santa,
A-i 23 de zenâ o morteuio inta gexa de Santa Maria di Angei con un muggio de gente avvoxæ.,Maria,
A-i 23 de zenâ o morteuio inta gexa de Santa Maria di Angei con un muggio de gente avvoxæ.,di,
A-i 23 de zenâ o morteuio inta gexa de Santa Maria di Angei con un muggio de gente avvoxæ.,Angei,
A-i 23 de zenâ o morteuio inta gexa de Santa Maria di Angei con un muggio de gente avvoxæ.,con,
A-i 23 de zenâ o morteuio inta gexa de Santa Maria di Angei con un muggio de gente avvoxæ.,un,
A-i 23 de zenâ o morteuio inta gexa de Santa Maria di Angei con un muggio de gente avvoxæ.,muggio,
A-i 23 de zenâ o morteuio inta gexa de Santa Maria di Angei con un muggio de gente avvoxæ.,de,
A-i 23 de zenâ o morteuio inta gexa de Santa Maria di Angei con un muggio de gente avvoxæ.,gente,
A-i 23 de zenâ o morteuio inta gexa de Santa Maria di Angei con un muggio de gente avvoxæ.,avvoxæ,
A-i 23 de zenâ o morteuio inta gexa de Santa Maria di Angei con un muggio de gente avvoxæ.,.,
"«Un òmmo ch’o l’à semenou a bellessa e o n’é stæto un testimònio», e poule de præ Pietro Guerini.",«,
"«Un òmmo ch’o l’à semenou a bellessa e o n’é stæto un testimònio», e poule de præ Pietro Guerini.",Un,
"«Un òmmo ch’o l’à semenou a bellessa e o n’é stæto un testimònio», e poule de præ Pietro Guerini.",òmmo,
"«Un òmmo ch’o l’à semenou a bellessa e o n’é stæto un testimònio», e poule de præ Pietro Guerini.",ch,
"«Un òmmo ch’o l’à semenou a bellessa e o n’é stæto un testimònio», e poule de præ Pietro Guerini.",’,
"«Un òmmo ch’o l’à semenou a bellessa e o n’é stæto un testimònio», e poule de præ Pietro Guerini.",o,
"«Un òmmo ch’o l’à semenou a bellessa e o n’é stæto un testimònio», e poule de præ Pietro Guerini.",l,
"«Un òmmo ch’o l’à semenou a bellessa e o n’é stæto un testimònio», e poule de præ Pietro Guerini.",’,
"«Un òmmo ch’o l’à semenou a bellessa e o n’é stæto un testimònio», e poule de præ Pietro Guerini.",à,
"«Un òmmo ch’o l’à semenou a bellessa e o n’é stæto un testimònio», e poule de præ Pietro Guerini.",semenou,
"«Un òmmo ch’o l’à semenou a bellessa e o n’é stæto un testimònio», e poule de præ Pietro Guerini.",a,
"«Un òmmo ch’o l’à semenou a bellessa e o n’é stæto un testimònio», e poule de præ Pietro Guerini.",bellessa,
"«Un òmmo ch’o l’à semenou a bellessa e o n’é stæto un testimònio», e poule de præ Pietro Guerini.",e,
"«Un òmmo ch’o l’à semenou a bellessa e o n’é stæto un testimònio», e poule de præ Pietro Guerini.",o,
"«Un òmmo ch’o l’à semenou a bellessa e o n’é stæto un testimònio», e poule de præ Pietro Guerini.",n,
"«Un òmmo ch’o l’à semenou a bellessa e o n’é stæto un testimònio», e poule de præ Pietro Guerini.",’,
"«Un òmmo ch’o l’à semenou a bellessa e o n’é stæto un testimònio», e poule de præ Pietro Guerini.",é,
"«Un òmmo ch’o l’à semenou a bellessa e o n’é stæto un testimònio», e poule de præ Pietro Guerini.",stæto,
"«Un òmmo ch’o l’à semenou a bellessa e o n’é stæto un testimònio», e poule de præ Pietro Guerini.",un,
"«Un òmmo ch’o l’à semenou a bellessa e o n’é stæto un testimònio», e poule de præ Pietro Guerini.",testimònio,
"«Un òmmo ch’o l’à semenou a bellessa e o n’é stæto un testimònio», e poule de præ Pietro Guerini.",»,
"«Un òmmo ch’o l’à semenou a bellessa e o n’é stæto un testimònio», e poule de præ Pietro Guerini.",",",
"«Un òmmo ch’o l’à semenou a bellessa e o n’é stæto un testimònio», e poule de præ Pietro Guerini.",e,
"«Un òmmo ch’o l’à semenou a bellessa e o n’é stæto un testimònio», e poule de præ Pietro Guerini.",poule,
"«Un òmmo ch’o l’à semenou a bellessa e o n’é stæto un testimònio», e poule de præ Pietro Guerini.",de,
"«Un òmmo ch’o l’à semenou a bellessa e o n’é stæto un testimònio», e poule de præ Pietro Guerini.",præ,
"«Un òmmo ch’o l’à semenou a bellessa e o n’é stæto un testimònio», e poule de præ Pietro Guerini.",Pietro,
"«Un òmmo ch’o l’à semenou a bellessa e o n’é stæto un testimònio», e poule de præ Pietro Guerini.",Guerini,
"«Un òmmo ch’o l’à semenou a bellessa e o n’é stæto un testimònio», e poule de præ Pietro Guerini.",.,
O seu compagno Vernon Bruce Hoeksema: «No te diggo addio ma graçie».,O,
O seu compagno Vernon Bruce Hoeksema: «No te diggo addio ma graçie».,seu,
O seu compagno Vernon Bruce Hoeksema: «No te diggo addio ma graçie».,compagno,
O seu compagno Vernon Bruce Hoeksema: «No te diggo addio ma graçie».,Vernon,
O seu compagno Vernon Bruce Hoeksema: «No te diggo addio ma graçie».,Bruce,
O seu compagno Vernon Bruce Hoeksema: «No te diggo addio ma graçie».,Hoeksema,
O seu compagno Vernon Bruce Hoeksema: «No te diggo addio ma graçie».,:,
O seu compagno Vernon Bruce Hoeksema: «No te diggo addio ma graçie».,«,
O seu compagno Vernon Bruce Hoeksema: «No te diggo addio ma graçie».,No,
O seu compagno Vernon Bruce Hoeksema: «No te diggo addio ma graçie».,te,
O seu compagno Vernon Bruce Hoeksema: «No te diggo addio ma graçie».,diggo,
O seu compagno Vernon Bruce Hoeksema: «No te diggo addio ma graçie».,addio,
O seu compagno Vernon Bruce Hoeksema: «No te diggo addio ma graçie».,ma,
O seu compagno Vernon Bruce Hoeksema: «No te diggo addio ma graçie».,graçie,
O seu compagno Vernon Bruce Hoeksema: «No te diggo addio ma graçie».,»,
O seu compagno Vernon Bruce Hoeksema: «No te diggo addio ma graçie».,.,
"«O regòrdo ciù bello quande se semmo conosciui», o l’à dito o Giancarlo Giammetti, passou compagno e sòçio de l’imprenditô da-o 1960.",«,
"«O regòrdo ciù bello quande se semmo conosciui», o l’à dito o Giancarlo Giammetti, passou compagno e sòçio de l’imprenditô da-o 1960.",O,
"«O regòrdo ciù bello quande se semmo conosciui», o l’à dito o Giancarlo Giammetti, passou compagno e sòçio de l’imprenditô da-o 1960.",regòrdo,
"«O regòrdo ciù bello quande se semmo conosciui», o l’à dito o Giancarlo Giammetti, passou compagno e sòçio de l’imprenditô da-o 1960.",ciù,
"«O regòrdo ciù bello quande se semmo conosciui», o l’à dito o Giancarlo Giammetti, passou compagno e sòçio de l’imprenditô da-o 1960.",bello,
"«O regòrdo ciù bello quande se semmo conosciui», o l’à dito o Giancarlo Giammetti, passou compagno e sòçio de l’imprenditô da-o 1960.",quande,
"«O regòrdo ciù bello quande se semmo conosciui», o l’à dito o Giancarlo Giammetti, passou compagno e sòçio de l’imprenditô da-o 1960.",se,
"«O regòrdo ciù bello quande se semmo conosciui», o l’à dito o Giancarlo Giammetti, passou compagno e sòçio de l’imprenditô da-o 1960.",semmo,
"«O regòrdo ciù bello quande se semmo conosciui», o l’à dito o Giancarlo Giammetti, passou compagno e sòçio de l’imprenditô da-o 1960.",conosciui,
"«O regòrdo ciù bello quande se semmo conosciui», o l’à dito o Giancarlo Giammetti, passou compagno e sòçio de l’imprenditô da-o 1960.",»,
"«O regòrdo ciù bello quande se semmo conosciui», o l’à dito o Giancarlo Giammetti, passou compagno e sòçio de l’imprenditô da-o 1960.",",",
"«O regòrdo ciù bello quande se semmo conosciui», o l’à dito o Giancarlo Giammetti, passou compagno e sòçio de l’imprenditô da-o 1960.",o,
"«O regòrdo ciù bello quande se semmo conosciui», o l’à dito o Giancarlo Giammetti, passou compagno e sòçio de l’imprenditô da-o 1960.",l,
"«O regòrdo ciù bello quande se semmo conosciui», o l’à dito o Giancarlo Giammetti, passou compagno e sòçio de l’imprenditô da-o 1960.",’,
"«O regòrdo ciù bello quande se semmo conosciui», o l’à dito o Giancarlo Giammetti, passou compagno e sòçio de l’imprenditô da-o 1960.",à,
"«O regòrdo ciù bello quande se semmo conosciui», o l’à dito o Giancarlo Giammetti, passou compagno e sòçio de l’imprenditô da-o 1960.",dito,
"«O regòrdo ciù bello quande se semmo conosciui», o l’à dito o Giancarlo Giammetti, passou compagno e sòçio de l’imprenditô da-o 1960.",o,
"«O regòrdo ciù bello quande se semmo conosciui», o l’à dito o Giancarlo Giammetti, passou compagno e sòçio de l’imprenditô da-o 1960.",Giancarlo,
"«O regòrdo ciù bello quande se semmo conosciui», o l’à dito o Giancarlo Giammetti, passou compagno e sòçio de l’imprenditô da-o 1960.",Giammetti,
"«O regòrdo ciù bello quande se semmo conosciui», o l’à dito o Giancarlo Giammetti, passou compagno e sòçio de l’imprenditô da-o 1960.",",",
"«O regòrdo ciù bello quande se semmo conosciui», o l’à dito o Giancarlo Giammetti, passou compagno e sòçio de l’imprenditô da-o 1960.",passou,
"«O regòrdo ciù bello quande se semmo conosciui», o l’à dito o Giancarlo Giammetti, passou compagno e sòçio de l’imprenditô da-o 1960.",compagno,
"«O regòrdo ciù bello quande se semmo conosciui», o l’à dito o Giancarlo Giammetti, passou compagno e sòçio de l’imprenditô da-o 1960.",e,
"«O regòrdo ciù bello quande se semmo conosciui», o l’à dito o Giancarlo Giammetti, passou compagno e sòçio de l’imprenditô da-o 1960.",sòçio,
"«O regòrdo ciù bello quande se semmo conosciui», o l’à dito o Giancarlo Giammetti, passou compagno e sòçio de l’imprenditô da-o 1960.",de,
"«O regòrdo ciù bello quande se semmo conosciui», o l’à dito o Giancarlo Giammetti, passou compagno e sòçio de l’imprenditô da-o 1960.",l,
"«O regòrdo ciù bello quande se semmo conosciui», o l’à dito o Giancarlo Giammetti, passou compagno e sòçio de l’imprenditô da-o 1960.",’,
"«O regòrdo ciù bello quande se semmo conosciui», o l’à dito o Giancarlo Giammetti, passou compagno e sòçio de l’imprenditô da-o 1960.",imprenditô,
"«O regòrdo ciù bello quande se semmo conosciui», o l’à dito o Giancarlo Giammetti, passou compagno e sòçio de l’imprenditô da-o 1960.",da-o,
"«O regòrdo ciù bello quande se semmo conosciui», o l’à dito o Giancarlo Giammetti, passou compagno e sòçio de l’imprenditô da-o 1960.",1960,
"«O regòrdo ciù bello quande se semmo conosciui», o l’à dito o Giancarlo Giammetti, passou compagno e sòçio de l’imprenditô da-o 1960.",.,
"O prescidente american Donald Trump o l’à primma menassou di neuvi daçi contra i Paixi europëi che mandan de truppe in Groenlandia, dapeu a-o World Economic Forum de Davos, in Svissera, o l’à annonçiou un accòrdio à vegnî co-a Nato: «Emmo ottegnuo tutto quello che voeivimo, l’inteisa a duià pe delongo», o l’à dito dòppo un incontro co-o segretäio generale Mark Rutte.",O,
"O prescidente american Donald Trump o l’à primma menassou di neuvi daçi contra i Paixi europëi che mandan de truppe in Groenlandia, dapeu a-o World Economic Forum de Davos, in Svissera, o l’à annonçiou un accòrdio à vegnî co-a Nato: «Emmo ottegnuo tutto quello che voeivimo, l’inteisa a duià pe delongo», o l’à dito dòppo un incontro co-o segretäio generale Mark Rutte.",prescidente,
"O prescidente american Donald Trump o l’à primma menassou di neuvi daçi contra i Paixi europëi che mandan de truppe in Groenlandia, dapeu a-o World Economic Forum de Davos, in Svissera, o l’à annonçiou un accòrdio à vegnî co-a Nato: «Emmo ottegnuo tutto quello che voeivimo, l’inteisa a duià pe delongo», o l’à dito dòppo un incontro co-o segretäio generale Mark Rutte.",american,
"O prescidente american Donald Trump o l’à primma menassou di neuvi daçi contra i Paixi europëi che mandan de truppe in Groenlandia, dapeu a-o World Economic Forum de Davos, in Svissera, o l’à annonçiou un accòrdio à vegnî co-a Nato: «Emmo ottegnuo tutto quello che voeivimo, l’inteisa a duià pe delongo», o l’à dito dòppo un incontro co-o segretäio generale Mark Rutte.",Donald,
"O prescidente american Donald Trump o l’à primma menassou di neuvi daçi contra i Paixi europëi che mandan de truppe in Groenlandia, dapeu a-o World Economic Forum de Davos, in Svissera, o l’à annonçiou un accòrdio à vegnî co-a Nato: «Emmo ottegnuo tutto quello che voeivimo, l’inteisa a duià pe delongo», o l’à dito dòppo un incontro co-o segretäio generale Mark Rutte.",Trump,
"O prescidente american Donald Trump o l’à primma menassou di neuvi daçi contra i Paixi europëi che mandan de truppe in Groenlandia, dapeu a-o World Economic Forum de Davos, in Svissera, o l’à annonçiou un accòrdio à vegnî co-a Nato: «Emmo ottegnuo tutto quello che voeivimo, l’inteisa a duià pe delongo», o l’à dito dòppo un incontro co-o segretäio generale Mark Rutte.",o,
"O prescidente american Donald Trump o l’à primma menassou di neuvi daçi contra i Paixi europëi che mandan de truppe in Groenlandia, dapeu a-o World Economic Forum de Davos, in Svissera, o l’à annonçiou un accòrdio à vegnî co-a Nato: «Emmo ottegnuo tutto quello che voeivimo, l’inteisa a duià pe delongo», o l’à dito dòppo un incontro co-o segretäio generale Mark Rutte.",l,
"O prescidente american Donald Trump o l’à primma menassou di neuvi daçi contra i Paixi europëi che mandan de truppe in Groenlandia, dapeu a-o World Economic Forum de Davos, in Svissera, o l’à annonçiou un accòrdio à vegnî co-a Nato: «Emmo ottegnuo tutto quello che voeivimo, l’inteisa a duià pe delongo», o l’à dito dòppo un incontro co-o segretäio generale Mark Rutte.",’,
"O prescidente american Donald Trump o l’à primma menassou di neuvi daçi contra i Paixi europëi che mandan de truppe in Groenlandia, dapeu a-o World Economic Forum de Davos, in Svissera, o l’à annonçiou un accòrdio à vegnî co-a Nato: «Emmo ottegnuo tutto quello che voeivimo, l’inteisa a duià pe delongo», o l’à dito dòppo un incontro co-o segretäio generale Mark Rutte.",à,
"O prescidente american Donald Trump o l’à primma menassou di neuvi daçi contra i Paixi europëi che mandan de truppe in Groenlandia, dapeu a-o World Economic Forum de Davos, in Svissera, o l’à annonçiou un accòrdio à vegnî co-a Nato: «Emmo ottegnuo tutto quello che voeivimo, l’inteisa a duià pe delongo», o l’à dito dòppo un incontro co-o segretäio generale Mark Rutte.",primma,
"O prescidente american Donald Trump o l’à primma menassou di neuvi daçi contra i Paixi europëi che mandan de truppe in Groenlandia, dapeu a-o World Economic Forum de Davos, in Svissera, o l’à annonçiou un accòrdio à vegnî co-a Nato: «Emmo ottegnuo tutto quello che voeivimo, l’inteisa a duià pe delongo», o l’à dito dòppo un incontro co-o segretäio generale Mark Rutte.",menassou,
"O prescidente american Donald Trump o l’à primma menassou di neuvi daçi contra i Paixi europëi che mandan de truppe in Groenlandia, dapeu a-o World Economic Forum de Davos, in Svissera, o l’à annonçiou un accòrdio à vegnî co-a Nato: «Emmo ottegnuo tutto quello che voeivimo, l’inteisa a duià pe delongo», o l’à dito dòppo un incontro co-o segretäio generale Mark Rutte.",di,
"O prescidente american Donald Trump o l’à primma menassou di neuvi daçi contra i Paixi europëi che mandan de truppe in Groenlandia, dapeu a-o World Economic Forum de Davos, in Svissera, o l’à annonçiou un accòrdio à vegnî co-a Nato: «Emmo ottegnuo tutto quello che voeivimo, l’inteisa a duià pe delongo», o l’à dito dòppo un incontro co-o segretäio generale Mark Rutte.",neuvi,
"O prescidente american Donald Trump o l’à primma menassou di neuvi daçi contra i Paixi europëi che mandan de truppe in Groenlandia, dapeu a-o World Economic Forum de Davos, in Svissera, o l’à annonçiou un accòrdio à vegnî co-a Nato: «Emmo ottegnuo tutto quello che voeivimo, l’inteisa a duià pe delongo», o l’à dito dòppo un incontro co-o segretäio generale Mark Rutte.",daçi,
"O prescidente american Donald Trump o l’à primma menassou di neuvi daçi contra i Paixi europëi che mandan de truppe in Groenlandia, dapeu a-o World Economic Forum de Davos, in Svissera, o l’à annonçiou un accòrdio à vegnî co-a Nato: «Emmo ottegnuo tutto quello che voeivimo, l’inteisa a duià pe delongo», o l’à dito dòppo un incontro co-o segretäio generale Mark Rutte.",contra,
"O prescidente american Donald Trump o l’à primma menassou di neuvi daçi contra i Paixi europëi che mandan de truppe in Groenlandia, dapeu a-o World Economic Forum de Davos, in Svissera, o l’à annonçiou un accòrdio à vegnî co-a Nato: «Emmo ottegnuo tutto quello che voeivimo, l’inteisa a duià pe delongo», o l’à dito dòppo un incontro co-o segretäio generale Mark Rutte.",i,
"O prescidente american Donald Trump o l’à primma menassou di neuvi daçi contra i Paixi europëi che mandan de truppe in Groenlandia, dapeu a-o World Economic Forum de Davos, in Svissera, o l’à annonçiou un accòrdio à vegnî co-a Nato: «Emmo ottegnuo tutto quello che voeivimo, l’inteisa a duià pe delongo», o l’à dito dòppo un incontro co-o segretäio generale Mark Rutte.",Paixi,
"O prescidente american Donald Trump o l’à primma menassou di neuvi daçi contra i Paixi europëi che mandan de truppe in Groenlandia, dapeu a-o World Economic Forum de Davos, in Svissera, o l’à annonçiou un accòrdio à vegnî co-a Nato: «Emmo ottegnuo tutto quello che voeivimo, l’inteisa a duià pe delongo», o l’à dito dòppo un incontro co-o segretäio generale Mark Rutte.",europëi,
"O prescidente american Donald Trump o l’à primma menassou di neuvi daçi contra i Paixi europëi che mandan de truppe in Groenlandia, dapeu a-o World Economic Forum de Davos, in Svissera, o l’à annonçiou un accòrdio à vegnî co-a Nato: «Emmo ottegnuo tutto quello che voeivimo, l’inteisa a duià pe delongo», o l’à dito dòppo un incontro co-o segretäio generale Mark Rutte.",che,
"O prescidente american Donald Trump o l’à primma menassou di neuvi daçi contra i Paixi europëi che mandan de truppe in Groenlandia, dapeu a-o World Economic Forum de Davos, in Svissera, o l’à annonçiou un accòrdio à vegnî co-a Nato: «Emmo ottegnuo tutto quello che voeivimo, l’inteisa a duià pe delongo», o l’à dito dòppo un incontro co-o segretäio generale Mark Rutte.",mandan,
"O prescidente american Donald Trump o l’à primma menassou di neuvi daçi contra i Paixi europëi che mandan de truppe in Groenlandia, dapeu a-o World Economic Forum de Davos, in Svissera, o l’à annonçiou un accòrdio à vegnî co-a Nato: «Emmo ottegnuo tutto quello che voeivimo, l’inteisa a duià pe delongo», o l’à dito dòppo un incontro co-o segretäio generale Mark Rutte.",de,
"O prescidente american Donald Trump o l’à primma menassou di neuvi daçi contra i Paixi europëi che mandan de truppe in Groenlandia, dapeu a-o World Economic Forum de Davos, in Svissera, o l’à annonçiou un accòrdio à vegnî co-a Nato: «Emmo ottegnuo tutto quello che voeivimo, l’inteisa a duià pe delongo», o l’à dito dòppo un incontro co-o segretäio generale Mark Rutte.",truppe,
"O prescidente american Donald Trump o l’à primma menassou di neuvi daçi contra i Paixi europëi che mandan de truppe in Groenlandia, dapeu a-o World Economic Forum de Davos, in Svissera, o l’à annonçiou un accòrdio à vegnî co-a Nato: «Emmo ottegnuo tutto quello che voeivimo, l’inteisa a duià pe delongo», o l’à dito dòppo un incontro co-o segretäio generale Mark Rutte.",in,
"O prescidente american Donald Trump o l’à primma menassou di neuvi daçi contra i Paixi europëi che mandan de truppe in Groenlandia, dapeu a-o World Economic Forum de Davos, in Svissera, o l’à annonçiou un accòrdio à vegnî co-a Nato: «Emmo ottegnuo tutto quello che voeivimo, l’inteisa a duià pe delongo», o l’à dito dòppo un incontro co-o segretäio generale Mark Rutte.",Groenlandia,
"O prescidente american Donald Trump o l’à primma menassou di neuvi daçi contra i Paixi europëi che mandan de truppe in Groenlandia, dapeu a-o World Economic Forum de Davos, in Svissera, o l’à annonçiou un accòrdio à vegnî co-a Nato: «Emmo ottegnuo tutto quello che voeivimo, l’inteisa a duià pe delongo», o l’à dito dòppo un incontro co-o segretäio generale Mark Rutte.",",",
"O prescidente american Donald Trump o l’à primma menassou di neuvi daçi contra i Paixi europëi che mandan de truppe in Groenlandia, dapeu a-o World Economic Forum de Davos, in Svissera, o l’à annonçiou un accòrdio à vegnî co-a Nato: «Emmo ottegnuo tutto quello che voeivimo, l’inteisa a duià pe delongo», o l’à dito dòppo un incontro co-o segretäio generale Mark Rutte.",dapeu,
"O prescidente american Donald Trump o l’à primma menassou di neuvi daçi contra i Paixi europëi che mandan de truppe in Groenlandia, dapeu a-o World Economic Forum de Davos, in Svissera, o l’à annonçiou un accòrdio à vegnî co-a Nato: «Emmo ottegnuo tutto quello che voeivimo, l’inteisa a duià pe delongo», o l’à dito dòppo un incontro co-o segretäio generale Mark Rutte.",a-o,
"O prescidente american Donald Trump o l’à primma menassou di neuvi daçi contra i Paixi europëi che mandan de truppe in Groenlandia, dapeu a-o World Economic Forum de Davos, in Svissera, o l’à annonçiou un accòrdio à vegnî co-a Nato: «Emmo ottegnuo tutto quello che voeivimo, l’inteisa a duià pe delongo», o l’à dito dòppo un incontro co-o segretäio generale Mark Rutte.",World,
"O prescidente american Donald Trump o l’à primma menassou di neuvi daçi contra i Paixi europëi che mandan de truppe in Groenlandia, dapeu a-o World Economic Forum de Davos, in Svissera, o l’à annonçiou un accòrdio à vegnî co-a Nato: «Emmo ottegnuo tutto quello che voeivimo, l’inteisa a duià pe delongo», o l’à dito dòppo un incontro co-o segretäio generale Mark Rutte.",Economic,
"O prescidente american Donald Trump o l’à primma menassou di neuvi daçi contra i Paixi europëi che mandan de truppe in Groenlandia, dapeu a-o World Economic Forum de Davos, in Svissera, o l’à annonçiou un accòrdio à vegnî co-a Nato: «Emmo ottegnuo tutto quello che voeivimo, l’inteisa a duià pe delongo», o l’à dito dòppo un incontro co-o segretäio generale Mark Rutte.",Forum,
"O prescidente american Donald Trump o l’à primma menassou di neuvi daçi contra i Paixi europëi che mandan de truppe in Groenlandia, dapeu a-o World Economic Forum de Davos, in Svissera, o l’à annonçiou un accòrdio à vegnî co-a Nato: «Emmo ottegnuo tutto quello che voeivimo, l’inteisa a duià pe delongo», o l’à dito dòppo un incontro co-o segretäio generale Mark Rutte.",de,
"O prescidente american Donald Trump o l’à primma menassou di neuvi daçi contra i Paixi europëi che mandan de truppe in Groenlandia, dapeu a-o World Economic Forum de Davos, in Svissera, o l’à annonçiou un accòrdio à vegnî co-a Nato: «Emmo ottegnuo tutto quello che voeivimo, l’inteisa a duià pe delongo», o l’à dito dòppo un incontro co-o segretäio generale Mark Rutte.",Davos,
"O prescidente american Donald Trump o l’à primma menassou di neuvi daçi contra i Paixi europëi che mandan de truppe in Groenlandia, dapeu a-o World Economic Forum de Davos, in Svissera, o l’à annonçiou un accòrdio à vegnî co-a Nato: «Emmo ottegnuo tutto quello che voeivimo, l’inteisa a duià pe delongo», o l’à dito dòppo un incontro co-o segretäio generale Mark Rutte.",",",
"O prescidente american Donald Trump o l’à primma menassou di neuvi daçi contra i Paixi europëi che mandan de truppe in Groenlandia, dapeu a-o World Economic Forum de Davos, in Svissera, o l’à annonçiou un accòrdio à vegnî co-a Nato: «Emmo ottegnuo tutto quello che voeivimo, l’inteisa a duià pe delongo», o l’à dito dòppo un incontro co-o segretäio generale Mark Rutte.",in,
"O prescidente american Donald Trump o l’à primma menassou di neuvi daçi contra i Paixi europëi che mandan de truppe in Groenlandia, dapeu a-o World Economic Forum de Davos, in Svissera, o l’à annonçiou un accòrdio à vegnî co-a Nato: «Emmo ottegnuo tutto quello che voeivimo, l’inteisa a duià pe delongo», o l’à dito dòppo un incontro co-o segretäio generale Mark Rutte.",Svissera,
"O prescidente american Donald Trump o l’à primma menassou di neuvi daçi contra i Paixi europëi che mandan de truppe in Groenlandia, dapeu a-o World Economic Forum de Davos, in Svissera, o l’à annonçiou un accòrdio à vegnî co-a Nato: «Emmo ottegnuo tutto quello che voeivimo, l’inteisa a duià pe delongo», o l’à dito dòppo un incontro co-o segretäio generale Mark Rutte.",",",
"O prescidente american Donald Trump o l’à primma menassou di neuvi daçi contra i Paixi europëi che mandan de truppe in Groenlandia, dapeu a-o World Economic Forum de Davos, in Svissera, o l’à annonçiou un accòrdio à vegnî co-a Nato: «Emmo ottegnuo tutto quello che voeivimo, l’inteisa a duià pe delongo», o l’à dito dòppo un incontro co-o segretäio generale Mark Rutte.",o,
"O prescidente american Donald Trump o l’à primma menassou di neuvi daçi contra i Paixi europëi che mandan de truppe in Groenlandia, dapeu a-o World Economic Forum de Davos, in Svissera, o l’à annonçiou un accòrdio à vegnî co-a Nato: «Emmo ottegnuo tutto quello che voeivimo, l’inteisa a duià pe delongo», o l’à dito dòppo un incontro co-o segretäio generale Mark Rutte.",l,
"O prescidente american Donald Trump o l’à primma menassou di neuvi daçi contra i Paixi europëi che mandan de truppe in Groenlandia, dapeu a-o World Economic Forum de Davos, in Svissera, o l’à annonçiou un accòrdio à vegnî co-a Nato: «Emmo ottegnuo tutto quello che voeivimo, l’inteisa a duià pe delongo», o l’à dito dòppo un incontro co-o segretäio generale Mark Rutte.",’,
"O prescidente american Donald Trump o l’à primma menassou di neuvi daçi contra i Paixi europëi che mandan de truppe in Groenlandia, dapeu a-o World Economic Forum de Davos, in Svissera, o l’à annonçiou un accòrdio à vegnî co-a Nato: «Emmo ottegnuo tutto quello che voeivimo, l’inteisa a duià pe delongo», o l’à dito dòppo un incontro co-o segretäio generale Mark Rutte.",à,
"O prescidente american Donald Trump o l’à primma menassou di neuvi daçi contra i Paixi europëi che mandan de truppe in Groenlandia, dapeu a-o World Economic Forum de Davos, in Svissera, o l’à annonçiou un accòrdio à vegnî co-a Nato: «Emmo ottegnuo tutto quello che voeivimo, l’inteisa a duià pe delongo», o l’à dito dòppo un incontro co-o segretäio generale Mark Rutte.",annonçiou,
"O prescidente american Donald Trump o l’à primma menassou di neuvi daçi contra i Paixi europëi che mandan de truppe in Groenlandia, dapeu a-o World Economic Forum de Davos, in Svissera, o l’à annonçiou un accòrdio à vegnî co-a Nato: «Emmo ottegnuo tutto quello che voeivimo, l’inteisa a duià pe delongo», o l’à dito dòppo un incontro co-o segretäio generale Mark Rutte.",un,
"O prescidente american Donald Trump o l’à primma menassou di neuvi daçi contra i Paixi europëi che mandan de truppe in Groenlandia, dapeu a-o World Economic Forum de Davos, in Svissera, o l’à annonçiou un accòrdio à vegnî co-a Nato: «Emmo ottegnuo tutto quello che voeivimo, l’inteisa a duià pe delongo», o l’à dito dòppo un incontro co-o segretäio generale Mark Rutte.",accòrdio,
"O prescidente american Donald Trump o l’à primma menassou di neuvi daçi contra i Paixi europëi che mandan de truppe in Groenlandia, dapeu a-o World Economic Forum de Davos, in Svissera, o l’à annonçiou un accòrdio à vegnî co-a Nato: «Emmo ottegnuo tutto quello che voeivimo, l’inteisa a duià pe delongo», o l’à dito dòppo un incontro co-o segretäio generale Mark Rutte.",à,
"O prescidente american Donald Trump o l’à primma menassou di neuvi daçi contra i Paixi europëi che mandan de truppe in Groenlandia, dapeu a-o World Economic Forum de Davos, in Svissera, o l’à annonçiou un accòrdio à vegnî co-a Nato: «Emmo ottegnuo tutto quello che voeivimo, l’inteisa a duià pe delongo», o l’à dito dòppo un incontro co-o segretäio generale Mark Rutte.",vegnî,
"O prescidente american Donald Trump o l’à primma menassou di neuvi daçi contra i Paixi europëi che mandan de truppe in Groenlandia, dapeu a-o World Economic Forum de Davos, in Svissera, o l’à annonçiou un accòrdio à vegnî co-a Nato: «Emmo ottegnuo tutto quello che voeivimo, l’inteisa a duià pe delongo», o l’à dito dòppo un incontro co-o segretäio generale Mark Rutte.",co-a,
"O prescidente american Donald Trump o l’à primma menassou di neuvi daçi contra i Paixi europëi che mandan de truppe in Groenlandia, dapeu a-o World Economic Forum de Davos, in Svissera, o l’à annonçiou un accòrdio à vegnî co-a Nato: «Emmo ottegnuo tutto quello che voeivimo, l’inteisa a duià pe delongo», o l’à dito dòppo un incontro co-o segretäio generale Mark Rutte.",Nato,
"O prescidente american Donald Trump o l’à primma menassou di neuvi daçi contra i Paixi europëi che mandan de truppe in Groenlandia, dapeu a-o World Economic Forum de Davos, in Svissera, o l’à annonçiou un accòrdio à vegnî co-a Nato: «Emmo ottegnuo tutto quello che voeivimo, l’inteisa a duià pe delongo», o l’à dito dòppo un incontro co-o segretäio generale Mark Rutte.",:,
"O prescidente american Donald Trump o l’à primma menassou di neuvi daçi contra i Paixi europëi che mandan de truppe in Groenlandia, dapeu a-o World Economic Forum de Davos, in Svissera, o l’à annonçiou un accòrdio à vegnî co-a Nato: «Emmo ottegnuo tutto quello che voeivimo, l’inteisa a duià pe delongo», o l’à dito dòppo un incontro co-o segretäio generale Mark Rutte.",«,
"O prescidente american Donald Trump o l’à primma menassou di neuvi daçi contra i Paixi europëi che mandan de truppe in Groenlandia, dapeu a-o World Economic Forum de Davos, in Svissera, o l’à annonçiou un accòrdio à vegnî co-a Nato: «Emmo ottegnuo tutto quello che voeivimo, l’inteisa a duià pe delongo», o l’à dito dòppo un incontro co-o segretäio generale Mark Rutte.",Emmo,
"O prescidente american Donald Trump o l’à primma menassou di neuvi daçi contra i Paixi europëi che mandan de truppe in Groenlandia, dapeu a-o World Economic Forum de Davos, in Svissera, o l’à annonçiou un accòrdio à vegnî co-a Nato: «Emmo ottegnuo tutto quello che voeivimo, l’inteisa a duià pe delongo», o l’à dito dòppo un incontro co-o segretäio generale Mark Rutte.",ottegnuo,
"O prescidente american Donald Trump o l’à primma menassou di neuvi daçi contra i Paixi europëi che mandan de truppe in Groenlandia, dapeu a-o World Economic Forum de Davos, in Svissera, o l’à annonçiou un accòrdio à vegnî co-a Nato: «Emmo ottegnuo tutto quello che voeivimo, l’inteisa a duià pe delongo», o l’à dito dòppo un incontro co-o segretäio generale Mark Rutte.",tutto,
"O prescidente american Donald Trump o l’à primma menassou di neuvi daçi contra i Paixi europëi che mandan de truppe in Groenlandia, dapeu a-o World Economic Forum de Davos, in Svissera, o l’à annonçiou un accòrdio à vegnî co-a Nato: «Emmo ottegnuo tutto quello che voeivimo, l’inteisa a duià pe delongo», o l’à dito dòppo un incontro co-o segretäio generale Mark Rutte.",quello,
"O prescidente american Donald Trump o l’à primma menassou di neuvi daçi contra i Paixi europëi che mandan de truppe in Groenlandia, dapeu a-o World Economic Forum de Davos, in Svissera, o l’à annonçiou un accòrdio à vegnî co-a Nato: «Emmo ottegnuo tutto quello che voeivimo, l’inteisa a duià pe delongo», o l’à dito dòppo un incontro co-o segretäio generale Mark Rutte.",che,
"O prescidente american Donald Trump o l’à primma menassou di neuvi daçi contra i Paixi europëi che mandan de truppe in Groenlandia, dapeu a-o World Economic Forum de Davos, in Svissera, o l’à annonçiou un accòrdio à vegnî co-a Nato: «Emmo ottegnuo tutto quello che voeivimo, l’inteisa a duià pe delongo», o l’à dito dòppo un incontro co-o segretäio generale Mark Rutte.",voeivimo,
"O prescidente american Donald Trump o l’à primma menassou di neuvi daçi contra i Paixi europëi che mandan de truppe in Groenlandia, dapeu a-o World Economic Forum de Davos, in Svissera, o l’à annonçiou un accòrdio à vegnî co-a Nato: «Emmo ottegnuo tutto quello che voeivimo, l’inteisa a duià pe delongo», o l’à dito dòppo un incontro co-o segretäio generale Mark Rutte.",",",
"O prescidente american Donald Trump o l’à primma menassou di neuvi daçi contra i Paixi europëi che mandan de truppe in Groenlandia, dapeu a-o World Economic Forum de Davos, in Svissera, o l’à annonçiou un accòrdio à vegnî co-a Nato: «Emmo ottegnuo tutto quello che voeivimo, l’inteisa a duià pe delongo», o l’à dito dòppo un incontro co-o segretäio generale Mark Rutte.",l,
"O prescidente american Donald Trump o l’à primma menassou di neuvi daçi contra i Paixi europëi che mandan de truppe in Groenlandia, dapeu a-o World Economic Forum de Davos, in Svissera, o l’à annonçiou un accòrdio à vegnî co-a Nato: «Emmo ottegnuo tutto quello che voeivimo, l’inteisa a duià pe delongo», o l’à dito dòppo un incontro co-o segretäio generale Mark Rutte.",’,
"O prescidente american Donald Trump o l’à primma menassou di neuvi daçi contra i Paixi europëi che mandan de truppe in Groenlandia, dapeu a-o World Economic Forum de Davos, in Svissera, o l’à annonçiou un accòrdio à vegnî co-a Nato: «Emmo ottegnuo tutto quello che voeivimo, l’inteisa a duià pe delongo», o l’à dito dòppo un incontro co-o segretäio generale Mark Rutte.",inteisa,
"O prescidente american Donald Trump o l’à primma menassou di neuvi daçi contra i Paixi europëi che mandan de truppe in Groenlandia, dapeu a-o World Economic Forum de Davos, in Svissera, o l’à annonçiou un accòrdio à vegnî co-a Nato: «Emmo ottegnuo tutto quello che voeivimo, l’inteisa a duià pe delongo», o l’à dito dòppo un incontro co-o segretäio generale Mark Rutte.",a,
"O prescidente american Donald Trump o l’à primma menassou di neuvi daçi contra i Paixi europëi che mandan de truppe in Groenlandia, dapeu a-o World Economic Forum de Davos, in Svissera, o l’à annonçiou un accòrdio à vegnî co-a Nato: «Emmo ottegnuo tutto quello che voeivimo, l’inteisa a duià pe delongo», o l’à dito dòppo un incontro co-o segretäio generale Mark Rutte.",duià,
"O prescidente american Donald Trump o l’à primma menassou di neuvi daçi contra i Paixi europëi che mandan de truppe in Groenlandia, dapeu a-o World Economic Forum de Davos, in Svissera, o l’à annonçiou un accòrdio à vegnî co-a Nato: «Emmo ottegnuo tutto quello che voeivimo, l’inteisa a duià pe delongo», o l’à dito dòppo un incontro co-o segretäio generale Mark Rutte.",pe,
"O prescidente american Donald Trump o l’à primma menassou di neuvi daçi contra i Paixi europëi che mandan de truppe in Groenlandia, dapeu a-o World Economic Forum de Davos, in Svissera, o l’à annonçiou un accòrdio à vegnî co-a Nato: «Emmo ottegnuo tutto quello che voeivimo, l’inteisa a duià pe delongo», o l’à dito dòppo un incontro co-o segretäio generale Mark Rutte.",delongo,
"O prescidente american Donald Trump o l’à primma menassou di neuvi daçi contra i Paixi europëi che mandan de truppe in Groenlandia, dapeu a-o World Economic Forum de Davos, in Svissera, o l’à annonçiou un accòrdio à vegnî co-a Nato: «Emmo ottegnuo tutto quello che voeivimo, l’inteisa a duià pe delongo», o l’à dito dòppo un incontro co-o segretäio generale Mark Rutte.",»,
"O prescidente american Donald Trump o l’à primma menassou di neuvi daçi contra i Paixi europëi che mandan de truppe in Groenlandia, dapeu a-o World Economic Forum de Davos, in Svissera, o l’à annonçiou un accòrdio à vegnî co-a Nato: «Emmo ottegnuo tutto quello che voeivimo, l’inteisa a duià pe delongo», o l’à dito dòppo un incontro co-o segretäio generale Mark Rutte.",",",
"O prescidente american Donald Trump o l’à primma menassou di neuvi daçi contra i Paixi europëi che mandan de truppe in Groenlandia, dapeu a-o World Economic Forum de Davos, in Svissera, o l’à annonçiou un accòrdio à vegnî co-a Nato: «Emmo ottegnuo tutto quello che voeivimo, l’inteisa a duià pe delongo», o l’à dito dòppo un incontro co-o segretäio generale Mark Rutte.",o,
"O prescidente american Donald Trump o l’à primma menassou di neuvi daçi contra i Paixi europëi che mandan de truppe in Groenlandia, dapeu a-o World Economic Forum de Davos, in Svissera, o l’à annonçiou un accòrdio à vegnî co-a Nato: «Emmo ottegnuo tutto quello che voeivimo, l’inteisa a duià pe delongo», o l’à dito dòppo un incontro co-o segretäio generale Mark Rutte.",l,
"O prescidente american Donald Trump o l’à primma menassou di neuvi daçi contra i Paixi europëi che mandan de truppe in Groenlandia, dapeu a-o World Economic Forum de Davos, in Svissera, o l’à annonçiou un accòrdio à vegnî co-a Nato: «Emmo ottegnuo tutto quello che voeivimo, l’inteisa a duià pe delongo», o l’à dito dòppo un incontro co-o segretäio generale Mark Rutte.",’,
"O prescidente american Donald Trump o l’à primma menassou di neuvi daçi contra i Paixi europëi che mandan de truppe in Groenlandia, dapeu a-o World Economic Forum de Davos, in Svissera, o l’à annonçiou un accòrdio à vegnî co-a Nato: «Emmo ottegnuo tutto quello che voeivimo, l’inteisa a duià pe delongo», o l’à dito dòppo un incontro co-o segretäio generale Mark Rutte.",à,
"O prescidente american Donald Trump o l’à primma menassou di neuvi daçi contra i Paixi europëi che mandan de truppe in Groenlandia, dapeu a-o World Economic Forum de Davos, in Svissera, o l’à annonçiou un accòrdio à vegnî co-a Nato: «Emmo ottegnuo tutto quello che voeivimo, l’inteisa a duià pe delongo», o l’à dito dòppo un incontro co-o segretäio generale Mark Rutte.",dito,
"O prescidente american Donald Trump o l’à primma menassou di neuvi daçi contra i Paixi europëi che mandan de truppe in Groenlandia, dapeu a-o World Economic Forum de Davos, in Svissera, o l’à annonçiou un accòrdio à vegnî co-a Nato: «Emmo ottegnuo tutto quello che voeivimo, l’inteisa a duià pe delongo», o l’à dito dòppo un incontro co-o segretäio generale Mark Rutte.",dòppo,
"O prescidente american Donald Trump o l’à primma menassou di neuvi daçi contra i Paixi europëi che mandan de truppe in Groenlandia, dapeu a-o World Economic Forum de Davos, in Svissera, o l’à annonçiou un accòrdio à vegnî co-a Nato: «Emmo ottegnuo tutto quello che voeivimo, l’inteisa a duià pe delongo», o l’à dito dòppo un incontro co-o segretäio generale Mark Rutte.",un,
"O prescidente american Donald Trump o l’à primma menassou di neuvi daçi contra i Paixi europëi che mandan de truppe in Groenlandia, dapeu a-o World Economic Forum de Davos, in Svissera, o l’à annonçiou un accòrdio à vegnî co-a Nato: «Emmo ottegnuo tutto quello che voeivimo, l’inteisa a duià pe delongo», o l’à dito dòppo un incontro co-o segretäio generale Mark Rutte.",incontro,
"O prescidente american Donald Trump o l’à primma menassou di neuvi daçi contra i Paixi europëi che mandan de truppe in Groenlandia, dapeu a-o World Economic Forum de Davos, in Svissera, o l’à annonçiou un accòrdio à vegnî co-a Nato: «Emmo ottegnuo tutto quello che voeivimo, l’inteisa a duià pe delongo», o l’à dito dòppo un incontro co-o segretäio generale Mark Rutte.",co-o,
"O prescidente american Donald Trump o l’à primma menassou di neuvi daçi contra i Paixi europëi che mandan de truppe in Groenlandia, dapeu a-o World Economic Forum de Davos, in Svissera, o l’à annonçiou un accòrdio à vegnî co-a Nato: «Emmo ottegnuo tutto quello che voeivimo, l’inteisa a duià pe delongo», o l’à dito dòppo un incontro co-o segretäio generale Mark Rutte.",segretäio,
"O prescidente american Donald Trump o l’à primma menassou di neuvi daçi contra i Paixi europëi che mandan de truppe in Groenlandia, dapeu a-o World Economic Forum de Davos, in Svissera, o l’à annonçiou un accòrdio à vegnî co-a Nato: «Emmo ottegnuo tutto quello che voeivimo, l’inteisa a duià pe delongo», o l’à dito dòppo un incontro co-o segretäio generale Mark Rutte.",generale,
"O prescidente american Donald Trump o l’à primma menassou di neuvi daçi contra i Paixi europëi che mandan de truppe in Groenlandia, dapeu a-o World Economic Forum de Davos, in Svissera, o l’à annonçiou un accòrdio à vegnî co-a Nato: «Emmo ottegnuo tutto quello che voeivimo, l’inteisa a duià pe delongo», o l’à dito dòppo un incontro co-o segretäio generale Mark Rutte.",Mark,
"O prescidente american Donald Trump o l’à primma menassou di neuvi daçi contra i Paixi europëi che mandan de truppe in Groenlandia, dapeu a-o World Economic Forum de Davos, in Svissera, o l’à annonçiou un accòrdio à vegnî co-a Nato: «Emmo ottegnuo tutto quello che voeivimo, l’inteisa a duià pe delongo», o l’à dito dòppo un incontro co-o segretäio generale Mark Rutte.",Rutte,
"O prescidente american Donald Trump o l’à primma menassou di neuvi daçi contra i Paixi europëi che mandan de truppe in Groenlandia, dapeu a-o World Economic Forum de Davos, in Svissera, o l’à annonçiou un accòrdio à vegnî co-a Nato: «Emmo ottegnuo tutto quello che voeivimo, l’inteisa a duià pe delongo», o l’à dito dòppo un incontro co-o segretäio generale Mark Rutte.",.,
L’Union europea a l’ea za apreuvo à studiâ unna «respòsta unitäia».,L,
L’Union europea a l’ea za apreuvo à studiâ unna «respòsta unitäia».,’,
L’Union europea a l’ea za apreuvo à studiâ unna «respòsta unitäia».,Union,
L’Union europea a l’ea za apreuvo à studiâ unna «respòsta unitäia».,europea,
L’Union europea a l’ea za apreuvo à studiâ unna «respòsta unitäia».,a,
L’Union europea a l’ea za apreuvo à studiâ unna «respòsta unitäia».,l,
L’Union europea a l’ea za apreuvo à studiâ unna «respòsta unitäia».,’,
L’Union europea a l’ea za apreuvo à studiâ unna «respòsta unitäia».,ea,
L’Union europea a l’ea za apreuvo à studiâ unna «respòsta unitäia».,za,
L’Union europea a l’ea za apreuvo à studiâ unna «respòsta unitäia».,apreuvo,
L’Union europea a l’ea za apreuvo à studiâ unna «respòsta unitäia».,à,
L’Union europea a l’ea za apreuvo à studiâ unna «respòsta unitäia».,studiâ,
L’Union europea a l’ea za apreuvo à studiâ unna «respòsta unitäia».,unna,
L’Union europea a l’ea za apreuvo à studiâ unna «respòsta unitäia».,«,
L’Union europea a l’ea za apreuvo à studiâ unna «respòsta unitäia».,respòsta,
L’Union europea a l’ea za apreuvo à studiâ unna «respòsta unitäia».,unitäia,
L’Union europea a l’ea za apreuvo à studiâ unna «respòsta unitäia».,»,
L’Union europea a l’ea za apreuvo à studiâ unna «respòsta unitäia».,.,
Sempre à Davos l’é stæto presentou o Bord of peace pe Gazza con 20 Paixi.,Sempre,
Sempre à Davos l’é stæto presentou o Bord of peace pe Gazza con 20 Paixi.,à,
Sempre à Davos l’é stæto presentou o Bord of peace pe Gazza con 20 Paixi.,Davos,
Sempre à Davos l’é stæto presentou o Bord of peace pe Gazza con 20 Paixi.,l,
Sempre à Davos l’é stæto presentou o Bord of peace pe Gazza con 20 Paixi.,’,
Sempre à Davos l’é stæto presentou o Bord of peace pe Gazza con 20 Paixi.,é,
Sempre à Davos l’é stæto presentou o Bord of peace pe Gazza con 20 Paixi.,stæto,
Sempre à Davos l’é stæto presentou o Bord of peace pe Gazza con 20 Paixi.,presentou,
Sempre à Davos l’é stæto presentou o Bord of peace pe Gazza con 20 Paixi.,o,
Sempre à Davos l’é stæto presentou o Bord of peace pe Gazza con 20 Paixi.,Bord,
Sempre à Davos l’é stæto presentou o Bord of peace pe Gazza con 20 Paixi.,of,
Sempre à Davos l’é stæto presentou o Bord of peace pe Gazza con 20 Paixi.,peace,
Sempre à Davos l’é stæto presentou o Bord of peace pe Gazza con 20 Paixi.,pe,
Sempre à Davos l’é stæto presentou o Bord of peace pe Gazza con 20 Paixi.,Gazza,
Sempre à Davos l’é stæto presentou o Bord of peace pe Gazza con 20 Paixi.,con,
Sempre à Davos l’é stæto presentou o Bord of peace pe Gazza con 20 Paixi.,20,
Sempre à Davos l’é stæto presentou o Bord of peace pe Gazza con 20 Paixi.,Paixi,
Sempre à Davos l’é stæto presentou o Bord of peace pe Gazza con 20 Paixi.,.,
"Intanto comensa torna e trattative in sce l’Ucraina, o Zelensky o l’à attaccou: «Euröpa spartia e persa davanti a-o Trump».",Intanto,
"Intanto comensa torna e trattative in sce l’Ucraina, o Zelensky o l’à attaccou: «Euröpa spartia e persa davanti a-o Trump».",comensa,
"Intanto comensa torna e trattative in sce l’Ucraina, o Zelensky o l’à attaccou: «Euröpa spartia e persa davanti a-o Trump».",torna,
"Intanto comensa torna e trattative in sce l’Ucraina, o Zelensky o l’à attaccou: «Euröpa spartia e persa davanti a-o Trump».",e,
"Intanto comensa torna e trattative in sce l’Ucraina, o Zelensky o l’à attaccou: «Euröpa spartia e persa davanti a-o Trump».",trattative,
"Intanto comensa torna e trattative in sce l’Ucraina, o Zelensky o l’à attaccou: «Euröpa spartia e persa davanti a-o Trump».",in,
"Intanto comensa torna e trattative in sce l’Ucraina, o Zelensky o l’à attaccou: «Euröpa spartia e persa davanti a-o Trump».",sce,
"Intanto comensa torna e trattative in sce l’Ucraina, o Zelensky o l’à attaccou: «Euröpa spartia e persa davanti a-o Trump».",l,
"Intanto comensa torna e trattative in sce l’Ucraina, o Zelensky o l’à attaccou: «Euröpa spartia e persa davanti a-o Trump».",’,
"Intanto comensa torna e trattative in sce l’Ucraina, o Zelensky o l’à attaccou: «Euröpa spartia e persa davanti a-o Trump».",Ucraina,
"Intanto comensa torna e trattative in sce l’Ucraina, o Zelensky o l’à attaccou: «Euröpa spartia e persa davanti a-o Trump».",",",
"Intanto comensa torna e trattative in sce l’Ucraina, o Zelensky o l’à attaccou: «Euröpa spartia e persa davanti a-o Trump».",o,
"Intanto comensa torna e trattative in sce l’Ucraina, o Zelensky o l’à attaccou: «Euröpa spartia e persa davanti a-o Trump».",Zelensky,
"Intanto comensa torna e trattative in sce l’Ucraina, o Zelensky o l’à attaccou: «Euröpa spartia e persa davanti a-o Trump».",o,
"Intanto comensa torna e trattative in sce l’Ucraina, o Zelensky o l’à attaccou: «Euröpa spartia e persa davanti a-o Trump».",l,
"Intanto comensa torna e trattative in sce l’Ucraina, o Zelensky o l’à attaccou: «Euröpa spartia e persa davanti a-o Trump».",’,
"Intanto comensa torna e trattative in sce l’Ucraina, o Zelensky o l’à attaccou: «Euröpa spartia e persa davanti a-o Trump».",à,
"Intanto comensa torna e trattative in sce l’Ucraina, o Zelensky o l’à attaccou: «Euröpa spartia e persa davanti a-o Trump».",attaccou,
"Intanto comensa torna e trattative in sce l’Ucraina, o Zelensky o l’à attaccou: «Euröpa spartia e persa davanti a-o Trump».",:,
"Intanto comensa torna e trattative in sce l’Ucraina, o Zelensky o l’à attaccou: «Euröpa spartia e persa davanti a-o Trump».",«,
"Intanto comensa torna e trattative in sce l’Ucraina, o Zelensky o l’à attaccou: «Euröpa spartia e persa davanti a-o Trump».",Euröpa,
"Intanto comensa torna e trattative in sce l’Ucraina, o Zelensky o l’à attaccou: «Euröpa spartia e persa davanti a-o Trump».",spartia,
"Intanto comensa torna e trattative in sce l’Ucraina, o Zelensky o l’à attaccou: «Euröpa spartia e persa davanti a-o Trump».",e,
"Intanto comensa torna e trattative in sce l’Ucraina, o Zelensky o l’à attaccou: «Euröpa spartia e persa davanti a-o Trump».",persa,
"Intanto comensa torna e trattative in sce l’Ucraina, o Zelensky o l’à attaccou: «Euröpa spartia e persa davanti a-o Trump».",davanti,
"Intanto comensa torna e trattative in sce l’Ucraina, o Zelensky o l’à attaccou: «Euröpa spartia e persa davanti a-o Trump».",a-o,
"Intanto comensa torna e trattative in sce l’Ucraina, o Zelensky o l’à attaccou: «Euröpa spartia e persa davanti a-o Trump».",Trump,
"Intanto comensa torna e trattative in sce l’Ucraina, o Zelensky o l’à attaccou: «Euröpa spartia e persa davanti a-o Trump».",»,
"Intanto comensa torna e trattative in sce l’Ucraina, o Zelensky o l’à attaccou: «Euröpa spartia e persa davanti a-o Trump».",.,
A Ruscia a no ghe mòlla in sciô Donbass.,A,
A Ruscia a no ghe mòlla in sciô Donbass.,Ruscia,
A Ruscia a no ghe mòlla in sciô Donbass.,a,
A Ruscia a no ghe mòlla in sciô Donbass.,no,
A Ruscia a no ghe mòlla in sciô Donbass.,ghe,
A Ruscia a no ghe mòlla in sciô Donbass.,mòlla,
A Ruscia a no ghe mòlla in sciô Donbass.,in,
A Ruscia a no ghe mòlla in sciô Donbass.,sciô,
A Ruscia a no ghe mòlla in sciô Donbass.,Donbass,
A Ruscia a no ghe mòlla in sciô Donbass.,.,
"A-o manco 43 mòrti e ciù de 100 ferii in Spagna pe un açidente ferroviäio tra doî treni spedii in Andaluçia, vexin à Còrdova.",A-o,
"A-o manco 43 mòrti e ciù de 100 ferii in Spagna pe un açidente ferroviäio tra doî treni spedii in Andaluçia, vexin à Còrdova.",manco,
"A-o manco 43 mòrti e ciù de 100 ferii in Spagna pe un açidente ferroviäio tra doî treni spedii in Andaluçia, vexin à Còrdova.",43,
"A-o manco 43 mòrti e ciù de 100 ferii in Spagna pe un açidente ferroviäio tra doî treni spedii in Andaluçia, vexin à Còrdova.",mòrti,
"A-o manco 43 mòrti e ciù de 100 ferii in Spagna pe un açidente ferroviäio tra doî treni spedii in Andaluçia, vexin à Còrdova.",e,
"A-o manco 43 mòrti e ciù de 100 ferii in Spagna pe un açidente ferroviäio tra doî treni spedii in Andaluçia, vexin à Còrdova.",ciù,
"A-o manco 43 mòrti e ciù de 100 ferii in Spagna pe un açidente ferroviäio tra doî treni spedii in Andaluçia, vexin à Còrdova.",de,
"A-o manco 43 mòrti e ciù de 100 ferii in Spagna pe un açidente ferroviäio tra doî treni spedii in Andaluçia, vexin à Còrdova.",100,
"A-o manco 43 mòrti e ciù de 100 ferii in Spagna pe un açidente ferroviäio tra doî treni spedii in Andaluçia, vexin à Còrdova.",ferii,
"A-o manco 43 mòrti e ciù de 100 ferii in Spagna pe un açidente ferroviäio tra doî treni spedii in Andaluçia, vexin à Còrdova.",in,
"A-o manco 43 mòrti e ciù de 100 ferii in Spagna pe un açidente ferroviäio tra doî treni spedii in Andaluçia, vexin à Còrdova.",Spagna,
"A-o manco 43 mòrti e ciù de 100 ferii in Spagna pe un açidente ferroviäio tra doî treni spedii in Andaluçia, vexin à Còrdova.",pe,
"A-o manco 43 mòrti e ciù de 100 ferii in Spagna pe un açidente ferroviäio tra doî treni spedii in Andaluçia, vexin à Còrdova.",un,
"A-o manco 43 mòrti e ciù de 100 ferii in Spagna pe un açidente ferroviäio tra doî treni spedii in Andaluçia, vexin à Còrdova.",açidente,
"A-o manco 43 mòrti e ciù de 100 ferii in Spagna pe un açidente ferroviäio tra doî treni spedii in Andaluçia, vexin à Còrdova.",ferroviäio,
"A-o manco 43 mòrti e ciù de 100 ferii in Spagna pe un açidente ferroviäio tra doî treni spedii in Andaluçia, vexin à Còrdova.",tra,
"A-o manco 43 mòrti e ciù de 100 ferii in Spagna pe un açidente ferroviäio tra doî treni spedii in Andaluçia, vexin à Còrdova.",doî,
"A-o manco 43 mòrti e ciù de 100 ferii in Spagna pe un açidente ferroviäio tra doî treni spedii in Andaluçia, vexin à Còrdova.",treni,
"A-o manco 43 mòrti e ciù de 100 ferii in Spagna pe un açidente ferroviäio tra doî treni spedii in Andaluçia, vexin à Còrdova.",spedii,
"A-o manco 43 mòrti e ciù de 100 ferii in Spagna pe un açidente ferroviäio tra doî treni spedii in Andaluçia, vexin à Còrdova.",in,
"A-o manco 43 mòrti e ciù de 100 ferii in Spagna pe un açidente ferroviäio tra doî treni spedii in Andaluçia, vexin à Còrdova.",Andaluçia,
"A-o manco 43 mòrti e ciù de 100 ferii in Spagna pe un açidente ferroviäio tra doî treni spedii in Andaluçia, vexin à Còrdova.",",",
"A-o manco 43 mòrti e ciù de 100 ferii in Spagna pe un açidente ferroviäio tra doî treni spedii in Andaluçia, vexin à Còrdova.",vexin,
"A-o manco 43 mòrti e ciù de 100 ferii in Spagna pe un açidente ferroviäio tra doî treni spedii in Andaluçia, vexin à Còrdova.",à,
"A-o manco 43 mòrti e ciù de 100 ferii in Spagna pe un açidente ferroviäio tra doî treni spedii in Andaluçia, vexin à Còrdova.",Còrdova,
"A-o manco 43 mòrti e ciù de 100 ferii in Spagna pe un açidente ferroviäio tra doî treni spedii in Andaluçia, vexin à Còrdova.",.,
Trei vagoin scon sciortii feua da-e colisse.,Trei,
Trei vagoin scon sciortii feua da-e colisse.,vagoin,
Trei vagoin scon sciortii feua da-e colisse.,scon,
Trei vagoin scon sciortii feua da-e colisse.,sciortii,
Trei vagoin scon sciortii feua da-e colisse.,feua,
Trei vagoin scon sciortii feua da-e colisse.,da-e,
Trei vagoin scon sciortii feua da-e colisse.,colisse,
Trei vagoin scon sciortii feua da-e colisse.,.,
Dexeñe de persoñe no son stæte ancon attrovæ.,Dexeñe,
Dexeñe de persoñe no son stæte ancon attrovæ.,de,
Dexeñe de persoñe no son stæte ancon attrovæ.,persoñe,
Dexeñe de persoñe no son stæte ancon attrovæ.,no,
Dexeñe de persoñe no son stæte ancon attrovæ.,son,
Dexeñe de persoñe no son stæte ancon attrovæ.,stæte,
Dexeñe de persoñe no son stæte ancon attrovæ.,ancon,
Dexeñe de persoñe no son stæte ancon attrovæ.,attrovæ,
Dexeñe de persoñe no son stæte ancon attrovæ.,.,
Inta mæxima træta gh’ea za stæto eutto guasti inti anni passæ.,Inta,
Inta mæxima træta gh’ea za stæto eutto guasti inti anni passæ.,mæxima,
Inta mæxima træta gh’ea za stæto eutto guasti inti anni passæ.,træta,
Inta mæxima træta gh’ea za stæto eutto guasti inti anni passæ.,gh,
Inta mæxima træta gh’ea za stæto eutto guasti inti anni passæ.,’,
Inta mæxima træta gh’ea za stæto eutto guasti inti anni passæ.,ea,
Inta mæxima træta gh’ea za stæto eutto guasti inti anni passæ.,za,
Inta mæxima træta gh’ea za stæto eutto guasti inti anni passæ.,stæto,
Inta mæxima træta gh’ea za stæto eutto guasti inti anni passæ.,eutto,
Inta mæxima træta gh’ea za stæto eutto guasti inti anni passæ.,guasti,
Inta mæxima træta gh’ea za stæto eutto guasti inti anni passæ.,inti,
Inta mæxima træta gh’ea za stæto eutto guasti inti anni passæ.,anni,
Inta mæxima træta gh’ea za stæto eutto guasti inti anni passæ.,passæ,
Inta mæxima træta gh’ea za stæto eutto guasti inti anni passæ.,.,
Da lì à pöco l’é capitou atri doî açidenti in sciâ ræ spagnòlla.,Da,
Da lì à pöco l’é capitou atri doî açidenti in sciâ ræ spagnòlla.,lì,
Da lì à pöco l’é capitou atri doî açidenti in sciâ ræ spagnòlla.,à,
Da lì à pöco l’é capitou atri doî açidenti in sciâ ræ spagnòlla.,pöco,
Da lì à pöco l’é capitou atri doî açidenti in sciâ ræ spagnòlla.,l,
Da lì à pöco l’é capitou atri doî açidenti in sciâ ræ spagnòlla.,’,
Da lì à pöco l’é capitou atri doî açidenti in sciâ ræ spagnòlla.,é,
Da lì à pöco l’é capitou atri doî açidenti in sciâ ræ spagnòlla.,capitou,
Da lì à pöco l’é capitou atri doî açidenti in sciâ ræ spagnòlla.,atri,
Da lì à pöco l’é capitou atri doî açidenti in sciâ ræ spagnòlla.,doî,
Da lì à pöco l’é capitou atri doî açidenti in sciâ ræ spagnòlla.,açidenti,
Da lì à pöco l’é capitou atri doî açidenti in sciâ ræ spagnòlla.,in,
Da lì à pöco l’é capitou atri doî açidenti in sciâ ræ spagnòlla.,sciâ,
Da lì à pöco l’é capitou atri doî açidenti in sciâ ræ spagnòlla.,ræ,
Da lì à pöco l’é capitou atri doî açidenti in sciâ ræ spagnòlla.,spagnòlla,
Da lì à pöco l’é capitou atri doî açidenti in sciâ ræ spagnòlla.,.,
"In Catalogna, vexin à Gelida, un miagion o l’é vegnuo zu tanto che passava un treno regionale, fòscia pe-o tempo grammo: o machinista o l’é mòrto.",In,
"In Catalogna, vexin à Gelida, un miagion o l’é vegnuo zu tanto che passava un treno regionale, fòscia pe-o tempo grammo: o machinista o l’é mòrto.",Catalogna,
"In Catalogna, vexin à Gelida, un miagion o l’é vegnuo zu tanto che passava un treno regionale, fòscia pe-o tempo grammo: o machinista o l’é mòrto.",",",
"In Catalogna, vexin à Gelida, un miagion o l’é vegnuo zu tanto che passava un treno regionale, fòscia pe-o tempo grammo: o machinista o l’é mòrto.",vexin,
"In Catalogna, vexin à Gelida, un miagion o l’é vegnuo zu tanto che passava un treno regionale, fòscia pe-o tempo grammo: o machinista o l’é mòrto.",à,
"In Catalogna, vexin à Gelida, un miagion o l’é vegnuo zu tanto che passava un treno regionale, fòscia pe-o tempo grammo: o machinista o l’é mòrto.",Gelida,
"In Catalogna, vexin à Gelida, un miagion o l’é vegnuo zu tanto che passava un treno regionale, fòscia pe-o tempo grammo: o machinista o l’é mòrto.",",",
"In Catalogna, vexin à Gelida, un miagion o l’é vegnuo zu tanto che passava un treno regionale, fòscia pe-o tempo grammo: o machinista o l’é mòrto.",un,
"In Catalogna, vexin à Gelida, un miagion o l’é vegnuo zu tanto che passava un treno regionale, fòscia pe-o tempo grammo: o machinista o l’é mòrto.",miagion,
"In Catalogna, vexin à Gelida, un miagion o l’é vegnuo zu tanto che passava un treno regionale, fòscia pe-o tempo grammo: o machinista o l’é mòrto.",o,
"In Catalogna, vexin à Gelida, un miagion o l’é vegnuo zu tanto che passava un treno regionale, fòscia pe-o tempo grammo: o machinista o l’é mòrto.",l,
"In Catalogna, vexin à Gelida, un miagion o l’é vegnuo zu tanto che passava un treno regionale, fòscia pe-o tempo grammo: o machinista o l’é mòrto.",’,
"In Catalogna, vexin à Gelida, un miagion o l’é vegnuo zu tanto che passava un treno regionale, fòscia pe-o tempo grammo: o machinista o l’é mòrto.",é,
"In Catalogna, vexin à Gelida, un miagion o l’é vegnuo zu tanto che passava un treno regionale, fòscia pe-o tempo grammo: o machinista o l’é mòrto.",vegnuo,
"In Catalogna, vexin à Gelida, un miagion o l’é vegnuo zu tanto che passava un treno regionale, fòscia pe-o tempo grammo: o machinista o l’é mòrto.",zu,
"In Catalogna, vexin à Gelida, un miagion o l’é vegnuo zu tanto che passava un treno regionale, fòscia pe-o tempo grammo: o machinista o l’é mòrto.",tanto,
"In Catalogna, vexin à Gelida, un miagion o l’é vegnuo zu tanto che passava un treno regionale, fòscia pe-o tempo grammo: o machinista o l’é mòrto.",che,
"In Catalogna, vexin à Gelida, un miagion o l’é vegnuo zu tanto che passava un treno regionale, fòscia pe-o tempo grammo: o machinista o l’é mòrto.",passava,
"In Catalogna, vexin à Gelida, un miagion o l’é vegnuo zu tanto che passava un treno regionale, fòscia pe-o tempo grammo: o machinista o l’é mòrto.",un,
"In Catalogna, vexin à Gelida, un miagion o l’é vegnuo zu tanto che passava un treno regionale, fòscia pe-o tempo grammo: o machinista o l’é mòrto.",treno,
"In Catalogna, vexin à Gelida, un miagion o l’é vegnuo zu tanto che passava un treno regionale, fòscia pe-o tempo grammo: o machinista o l’é mòrto.",regionale,
"In Catalogna, vexin à Gelida, un miagion o l’é vegnuo zu tanto che passava un treno regionale, fòscia pe-o tempo grammo: o machinista o l’é mòrto.",",",
"In Catalogna, vexin à Gelida, un miagion o l’é vegnuo zu tanto che passava un treno regionale, fòscia pe-o tempo grammo: o machinista o l’é mòrto.",fòscia,
"In Catalogna, vexin à Gelida, un miagion o l’é vegnuo zu tanto che passava un treno regionale, fòscia pe-o tempo grammo: o machinista o l’é mòrto.",pe-o,
"In Catalogna, vexin à Gelida, un miagion o l’é vegnuo zu tanto che passava un treno regionale, fòscia pe-o tempo grammo: o machinista o l’é mòrto.",tempo,
"In Catalogna, vexin à Gelida, un miagion o l’é vegnuo zu tanto che passava un treno regionale, fòscia pe-o tempo grammo: o machinista o l’é mòrto.",grammo,
"In Catalogna, vexin à Gelida, un miagion o l’é vegnuo zu tanto che passava un treno regionale, fòscia pe-o tempo grammo: o machinista o l’é mòrto.",:,
"In Catalogna, vexin à Gelida, un miagion o l’é vegnuo zu tanto che passava un treno regionale, fòscia pe-o tempo grammo: o machinista o l’é mòrto.",o,
"In Catalogna, vexin à Gelida, un miagion o l’é vegnuo zu tanto che passava un treno regionale, fòscia pe-o tempo grammo: o machinista o l’é mòrto.",machinista,
"In Catalogna, vexin à Gelida, un miagion o l’é vegnuo zu tanto che passava un treno regionale, fòscia pe-o tempo grammo: o machinista o l’é mòrto.",o,
"In Catalogna, vexin à Gelida, un miagion o l’é vegnuo zu tanto che passava un treno regionale, fòscia pe-o tempo grammo: o machinista o l’é mòrto.",l,
"In Catalogna, vexin à Gelida, un miagion o l’é vegnuo zu tanto che passava un treno regionale, fòscia pe-o tempo grammo: o machinista o l’é mòrto.",’,
"In Catalogna, vexin à Gelida, un miagion o l’é vegnuo zu tanto che passava un treno regionale, fòscia pe-o tempo grammo: o machinista o l’é mòrto.",é,
"In Catalogna, vexin à Gelida, un miagion o l’é vegnuo zu tanto che passava un treno regionale, fòscia pe-o tempo grammo: o machinista o l’é mòrto.",mòrto,
"In Catalogna, vexin à Gelida, un miagion o l’é vegnuo zu tanto che passava un treno regionale, fòscia pe-o tempo grammo: o machinista o l’é mòrto.",.,
Inta mæxima region un atro treno o l’é sciortio pe di magheu cheiti in scê colisse.,Inta,
Inta mæxima region un atro treno o l’é sciortio pe di magheu cheiti in scê colisse.,mæxima,
Inta mæxima region un atro treno o l’é sciortio pe di magheu cheiti in scê colisse.,region,
Inta mæxima region un atro treno o l’é sciortio pe di magheu cheiti in scê colisse.,un,
Inta mæxima region un atro treno o l’é sciortio pe di magheu cheiti in scê colisse.,atro,
Inta mæxima region un atro treno o l’é sciortio pe di magheu cheiti in scê colisse.,treno,
Inta mæxima region un atro treno o l’é sciortio pe di magheu cheiti in scê colisse.,o,
Inta mæxima region un atro treno o l’é sciortio pe di magheu cheiti in scê colisse.,l,
Inta mæxima region un atro treno o l’é sciortio pe di magheu cheiti in scê colisse.,’,
Inta mæxima region un atro treno o l’é sciortio pe di magheu cheiti in scê colisse.,é,
Inta mæxima region un atro treno o l’é sciortio pe di magheu cheiti in scê colisse.,sciortio,
Inta mæxima region un atro treno o l’é sciortio pe di magheu cheiti in scê colisse.,pe,
Inta mæxima region un atro treno o l’é sciortio pe di magheu cheiti in scê colisse.,di,
Inta mæxima region un atro treno o l’é sciortio pe di magheu cheiti in scê colisse.,magheu,
Inta mæxima region un atro treno o l’é sciortio pe di magheu cheiti in scê colisse.,cheiti,
Inta mæxima region un atro treno o l’é sciortio pe di magheu cheiti in scê colisse.,in,
Inta mæxima region un atro treno o l’é sciortio pe di magheu cheiti in scê colisse.,scê,
Inta mæxima region un atro treno o l’é sciortio pe di magheu cheiti in scê colisse.,colisse,
Inta mæxima region un atro treno o l’é sciortio pe di magheu cheiti in scê colisse.,.,
A Commiscion europea a l’à firmou in Paraguay o neuvo accòrdio co-o Mercosur.,A,
A Commiscion europea a l’à firmou in Paraguay o neuvo accòrdio co-o Mercosur.,Commiscion,
A Commiscion europea a l’à firmou in Paraguay o neuvo accòrdio co-o Mercosur.,europea,
A Commiscion europea a l’à firmou in Paraguay o neuvo accòrdio co-o Mercosur.,a,
A Commiscion europea a l’à firmou in Paraguay o neuvo accòrdio co-o Mercosur.,l,
A Commiscion europea a l’à firmou in Paraguay o neuvo accòrdio co-o Mercosur.,’,
A Commiscion europea a l’à firmou in Paraguay o neuvo accòrdio co-o Mercosur.,à,
A Commiscion europea a l’à firmou in Paraguay o neuvo accòrdio co-o Mercosur.,firmou,
A Commiscion europea a l’à firmou in Paraguay o neuvo accòrdio co-o Mercosur.,in,
A Commiscion europea a l’à firmou in Paraguay o neuvo accòrdio co-o Mercosur.,Paraguay,
A Commiscion europea a l’à firmou in Paraguay o neuvo accòrdio co-o Mercosur.,o,
A Commiscion europea a l’à firmou in Paraguay o neuvo accòrdio co-o Mercosur.,neuvo,
A Commiscion europea a l’à firmou in Paraguay o neuvo accòrdio co-o Mercosur.,accòrdio,
A Commiscion europea a l’à firmou in Paraguay o neuvo accòrdio co-o Mercosur.,co-o,
A Commiscion europea a l’à firmou in Paraguay o neuvo accòrdio co-o Mercosur.,Mercosur,
A Commiscion europea a l’à firmou in Paraguay o neuvo accòrdio co-o Mercosur.,.,
"«Gh’é chi tia sciù de miage, noiatri femmo di ponti.",«,
"«Gh’é chi tia sciù de miage, noiatri femmo di ponti.",Gh,
"«Gh’é chi tia sciù de miage, noiatri femmo di ponti.",’,
"«Gh’é chi tia sciù de miage, noiatri femmo di ponti.",é,
"«Gh’é chi tia sciù de miage, noiatri femmo di ponti.",chi,
"«Gh’é chi tia sciù de miage, noiatri femmo di ponti.",tia,
"«Gh’é chi tia sciù de miage, noiatri femmo di ponti.",sciù,
"«Gh’é chi tia sciù de miage, noiatri femmo di ponti.",de,
"«Gh’é chi tia sciù de miage, noiatri femmo di ponti.",miage,
"«Gh’é chi tia sciù de miage, noiatri femmo di ponti.",",",
"«Gh’é chi tia sciù de miage, noiatri femmo di ponti.",noiatri,
"«Gh’é chi tia sciù de miage, noiatri femmo di ponti.",femmo,
"«Gh’é chi tia sciù de miage, noiatri femmo di ponti.",di,
"«Gh’é chi tia sciù de miage, noiatri femmo di ponti.",ponti,
"«Gh’é chi tia sciù de miage, noiatri femmo di ponti.",.,
"St’inteisa chì a l’é un segnâ pe-o mondo», a l’à dito a prescidente Ursula von der Leyen.",St,
"St’inteisa chì a l’é un segnâ pe-o mondo», a l’à dito a prescidente Ursula von der Leyen.",’,
"St’inteisa chì a l’é un segnâ pe-o mondo», a l’à dito a prescidente Ursula von der Leyen.",inteisa,
"St’inteisa chì a l’é un segnâ pe-o mondo», a l’à dito a prescidente Ursula von der Leyen.",chì,
"St’inteisa chì a l’é un segnâ pe-o mondo», a l’à dito a prescidente Ursula von der Leyen.",a,
"St’inteisa chì a l’é un segnâ pe-o mondo», a l’à dito a prescidente Ursula von der Leyen.",l,
"St’inteisa chì a l’é un segnâ pe-o mondo», a l’à dito a prescidente Ursula von der Leyen.",’,
"St’inteisa chì a l’é un segnâ pe-o mondo», a l’à dito a prescidente Ursula von der Leyen.",é,
"St’inteisa chì a l’é un segnâ pe-o mondo», a l’à dito a prescidente Ursula von der Leyen.",un,
"St’inteisa chì a l’é un segnâ pe-o mondo», a l’à dito a prescidente Ursula von der Leyen.",segnâ,
"St’inteisa chì a l’é un segnâ pe-o mondo», a l’à dito a prescidente Ursula von der Leyen.",pe-o,
"St’inteisa chì a l’é un segnâ pe-o mondo», a l’à dito a prescidente Ursula von der Leyen.",mondo,
"St’inteisa chì a l’é un segnâ pe-o mondo», a l’à dito a prescidente Ursula von der Leyen.",»,
"St’inteisa chì a l’é un segnâ pe-o mondo», a l’à dito a prescidente Ursula von der Leyen.",",",
"St’inteisa chì a l’é un segnâ pe-o mondo», a l’à dito a prescidente Ursula von der Leyen.",a,
"St’inteisa chì a l’é un segnâ pe-o mondo», a l’à dito a prescidente Ursula von der Leyen.",l,
"St’inteisa chì a l’é un segnâ pe-o mondo», a l’à dito a prescidente Ursula von der Leyen.",’,
"St’inteisa chì a l’é un segnâ pe-o mondo», a l’à dito a prescidente Ursula von der Leyen.",à,
"St’inteisa chì a l’é un segnâ pe-o mondo», a l’à dito a prescidente Ursula von der Leyen.",dito,
"St’inteisa chì a l’é un segnâ pe-o mondo», a l’à dito a prescidente Ursula von der Leyen.",a,
"St’inteisa chì a l’é un segnâ pe-o mondo», a l’à dito a prescidente Ursula von der Leyen.",prescidente,
"St’inteisa chì a l’é un segnâ pe-o mondo», a l’à dito a prescidente Ursula von der Leyen.",Ursula,
"St’inteisa chì a l’é un segnâ pe-o mondo», a l’à dito a prescidente Ursula von der Leyen.",von,
"St’inteisa chì a l’é un segnâ pe-o mondo», a l’à dito a prescidente Ursula von der Leyen.",der,
"St’inteisa chì a l’é un segnâ pe-o mondo», a l’à dito a prescidente Ursula von der Leyen.",Leyen,
"St’inteisa chì a l’é un segnâ pe-o mondo», a l’à dito a prescidente Ursula von der Leyen.",.,
"Ma da lì à no guæi o Parlamento o l’à bloccou o testo: con 334 scì l’é passou a domanda de un gruppo de deputæ da Scinistra, di Verdi e di Liberali de mandâlo a-a Corte de giustiçia pe un pai de lezze.",Ma,
"Ma da lì à no guæi o Parlamento o l’à bloccou o testo: con 334 scì l’é passou a domanda de un gruppo de deputæ da Scinistra, di Verdi e di Liberali de mandâlo a-a Corte de giustiçia pe un pai de lezze.",da,
"Ma da lì à no guæi o Parlamento o l’à bloccou o testo: con 334 scì l’é passou a domanda de un gruppo de deputæ da Scinistra, di Verdi e di Liberali de mandâlo a-a Corte de giustiçia pe un pai de lezze.",lì,
"Ma da lì à no guæi o Parlamento o l’à bloccou o testo: con 334 scì l’é passou a domanda de un gruppo de deputæ da Scinistra, di Verdi e di Liberali de mandâlo a-a Corte de giustiçia pe un pai de lezze.",à,
"Ma da lì à no guæi o Parlamento o l’à bloccou o testo: con 334 scì l’é passou a domanda de un gruppo de deputæ da Scinistra, di Verdi e di Liberali de mandâlo a-a Corte de giustiçia pe un pai de lezze.",no,
"Ma da lì à no guæi o Parlamento o l’à bloccou o testo: con 334 scì l’é passou a domanda de un gruppo de deputæ da Scinistra, di Verdi e di Liberali de mandâlo a-a Corte de giustiçia pe un pai de lezze.",guæi,
"Ma da lì à no guæi o Parlamento o l’à bloccou o testo: con 334 scì l’é passou a domanda de un gruppo de deputæ da Scinistra, di Verdi e di Liberali de mandâlo a-a Corte de giustiçia pe un pai de lezze.",o,
"Ma da lì à no guæi o Parlamento o l’à bloccou o testo: con 334 scì l’é passou a domanda de un gruppo de deputæ da Scinistra, di Verdi e di Liberali de mandâlo a-a Corte de giustiçia pe un pai de lezze.",Parlamento,
"Ma da lì à no guæi o Parlamento o l’à bloccou o testo: con 334 scì l’é passou a domanda de un gruppo de deputæ da Scinistra, di Verdi e di Liberali de mandâlo a-a Corte de giustiçia pe un pai de lezze.",o,
"Ma da lì à no guæi o Parlamento o l’à bloccou o testo: con 334 scì l’é passou a domanda de un gruppo de deputæ da Scinistra, di Verdi e di Liberali de mandâlo a-a Corte de giustiçia pe un pai de lezze.",l,
"Ma da lì à no guæi o Parlamento o l’à bloccou o testo: con 334 scì l’é passou a domanda de un gruppo de deputæ da Scinistra, di Verdi e di Liberali de mandâlo a-a Corte de giustiçia pe un pai de lezze.",’,
"Ma da lì à no guæi o Parlamento o l’à bloccou o testo: con 334 scì l’é passou a domanda de un gruppo de deputæ da Scinistra, di Verdi e di Liberali de mandâlo a-a Corte de giustiçia pe un pai de lezze.",à,
"Ma da lì à no guæi o Parlamento o l’à bloccou o testo: con 334 scì l’é passou a domanda de un gruppo de deputæ da Scinistra, di Verdi e di Liberali de mandâlo a-a Corte de giustiçia pe un pai de lezze.",bloccou,
"Ma da lì à no guæi o Parlamento o l’à bloccou o testo: con 334 scì l’é passou a domanda de un gruppo de deputæ da Scinistra, di Verdi e di Liberali de mandâlo a-a Corte de giustiçia pe un pai de lezze.",o,
"Ma da lì à no guæi o Parlamento o l’à bloccou o testo: con 334 scì l’é passou a domanda de un gruppo de deputæ da Scinistra, di Verdi e di Liberali de mandâlo a-a Corte de giustiçia pe un pai de lezze.",testo,
"Ma da lì à no guæi o Parlamento o l’à bloccou o testo: con 334 scì l’é passou a domanda de un gruppo de deputæ da Scinistra, di Verdi e di Liberali de mandâlo a-a Corte de giustiçia pe un pai de lezze.",:,
"Ma da lì à no guæi o Parlamento o l’à bloccou o testo: con 334 scì l’é passou a domanda de un gruppo de deputæ da Scinistra, di Verdi e di Liberali de mandâlo a-a Corte de giustiçia pe un pai de lezze.",con,
"Ma da lì à no guæi o Parlamento o l’à bloccou o testo: con 334 scì l’é passou a domanda de un gruppo de deputæ da Scinistra, di Verdi e di Liberali de mandâlo a-a Corte de giustiçia pe un pai de lezze.",334,
"Ma da lì à no guæi o Parlamento o l’à bloccou o testo: con 334 scì l’é passou a domanda de un gruppo de deputæ da Scinistra, di Verdi e di Liberali de mandâlo a-a Corte de giustiçia pe un pai de lezze.",scì,
"Ma da lì à no guæi o Parlamento o l’à bloccou o testo: con 334 scì l’é passou a domanda de un gruppo de deputæ da Scinistra, di Verdi e di Liberali de mandâlo a-a Corte de giustiçia pe un pai de lezze.",l,
"Ma da lì à no guæi o Parlamento o l’à bloccou o testo: con 334 scì l’é passou a domanda de un gruppo de deputæ da Scinistra, di Verdi e di Liberali de mandâlo a-a Corte de giustiçia pe un pai de lezze.",’,
"Ma da lì à no guæi o Parlamento o l’à bloccou o testo: con 334 scì l’é passou a domanda de un gruppo de deputæ da Scinistra, di Verdi e di Liberali de mandâlo a-a Corte de giustiçia pe un pai de lezze.",é,
"Ma da lì à no guæi o Parlamento o l’à bloccou o testo: con 334 scì l’é passou a domanda de un gruppo de deputæ da Scinistra, di Verdi e di Liberali de mandâlo a-a Corte de giustiçia pe un pai de lezze.",passou,
"Ma da lì à no guæi o Parlamento o l’à bloccou o testo: con 334 scì l’é passou a domanda de un gruppo de deputæ da Scinistra, di Verdi e di Liberali de mandâlo a-a Corte de giustiçia pe un pai de lezze.",a,
"Ma da lì à no guæi o Parlamento o l’à bloccou o testo: con 334 scì l’é passou a domanda de un gruppo de deputæ da Scinistra, di Verdi e di Liberali de mandâlo a-a Corte de giustiçia pe un pai de lezze.",domanda,
"Ma da lì à no guæi o Parlamento o l’à bloccou o testo: con 334 scì l’é passou a domanda de un gruppo de deputæ da Scinistra, di Verdi e di Liberali de mandâlo a-a Corte de giustiçia pe un pai de lezze.",de,
"Ma da lì à no guæi o Parlamento o l’à bloccou o testo: con 334 scì l’é passou a domanda de un gruppo de deputæ da Scinistra, di Verdi e di Liberali de mandâlo a-a Corte de giustiçia pe un pai de lezze.",un,
"Ma da lì à no guæi o Parlamento o l’à bloccou o testo: con 334 scì l’é passou a domanda de un gruppo de deputæ da Scinistra, di Verdi e di Liberali de mandâlo a-a Corte de giustiçia pe un pai de lezze.",gruppo,
"Ma da lì à no guæi o Parlamento o l’à bloccou o testo: con 334 scì l’é passou a domanda de un gruppo de deputæ da Scinistra, di Verdi e di Liberali de mandâlo a-a Corte de giustiçia pe un pai de lezze.",de,
"Ma da lì à no guæi o Parlamento o l’à bloccou o testo: con 334 scì l’é passou a domanda de un gruppo de deputæ da Scinistra, di Verdi e di Liberali de mandâlo a-a Corte de giustiçia pe un pai de lezze.",deputæ,
"Ma da lì à no guæi o Parlamento o l’à bloccou o testo: con 334 scì l’é passou a domanda de un gruppo de deputæ da Scinistra, di Verdi e di Liberali de mandâlo a-a Corte de giustiçia pe un pai de lezze.",da,
"Ma da lì à no guæi o Parlamento o l’à bloccou o testo: con 334 scì l’é passou a domanda de un gruppo de deputæ da Scinistra, di Verdi e di Liberali de mandâlo a-a Corte de giustiçia pe un pai de lezze.",Scinistra,
"Ma da lì à no guæi o Parlamento o l’à bloccou o testo: con 334 scì l’é passou a domanda de un gruppo de deputæ da Scinistra, di Verdi e di Liberali de mandâlo a-a Corte de giustiçia pe un pai de lezze.",",",
"Ma da lì à no guæi o Parlamento o l’à bloccou o testo: con 334 scì l’é passou a domanda de un gruppo de deputæ da Scinistra, di Verdi e di Liberali de mandâlo a-a Corte de giustiçia pe un pai de lezze.",di,
"Ma da lì à no guæi o Parlamento o l’à bloccou o testo: con 334 scì l’é passou a domanda de un gruppo de deputæ da Scinistra, di Verdi e di Liberali de mandâlo a-a Corte de giustiçia pe un pai de lezze.",Verdi,
"Ma da lì à no guæi o Parlamento o l’à bloccou o testo: con 334 scì l’é passou a domanda de un gruppo de deputæ da Scinistra, di Verdi e di Liberali de mandâlo a-a Corte de giustiçia pe un pai de lezze.",e,
"Ma da lì à no guæi o Parlamento o l’à bloccou o testo: con 334 scì l’é passou a domanda de un gruppo de deputæ da Scinistra, di Verdi e di Liberali de mandâlo a-a Corte de giustiçia pe un pai de lezze.",di,
"Ma da lì à no guæi o Parlamento o l’à bloccou o testo: con 334 scì l’é passou a domanda de un gruppo de deputæ da Scinistra, di Verdi e di Liberali de mandâlo a-a Corte de giustiçia pe un pai de lezze.",Liberali,
"Ma da lì à no guæi o Parlamento o l’à bloccou o testo: con 334 scì l’é passou a domanda de un gruppo de deputæ da Scinistra, di Verdi e di Liberali de mandâlo a-a Corte de giustiçia pe un pai de lezze.",de,
"Ma da lì à no guæi o Parlamento o l’à bloccou o testo: con 334 scì l’é passou a domanda de un gruppo de deputæ da Scinistra, di Verdi e di Liberali de mandâlo a-a Corte de giustiçia pe un pai de lezze.",mandâlo,
"Ma da lì à no guæi o Parlamento o l’à bloccou o testo: con 334 scì l’é passou a domanda de un gruppo de deputæ da Scinistra, di Verdi e di Liberali de mandâlo a-a Corte de giustiçia pe un pai de lezze.",a-a,
"Ma da lì à no guæi o Parlamento o l’à bloccou o testo: con 334 scì l’é passou a domanda de un gruppo de deputæ da Scinistra, di Verdi e di Liberali de mandâlo a-a Corte de giustiçia pe un pai de lezze.",Corte,
"Ma da lì à no guæi o Parlamento o l’à bloccou o testo: con 334 scì l’é passou a domanda de un gruppo de deputæ da Scinistra, di Verdi e di Liberali de mandâlo a-a Corte de giustiçia pe un pai de lezze.",de,
"Ma da lì à no guæi o Parlamento o l’à bloccou o testo: con 334 scì l’é passou a domanda de un gruppo de deputæ da Scinistra, di Verdi e di Liberali de mandâlo a-a Corte de giustiçia pe un pai de lezze.",giustiçia,
"Ma da lì à no guæi o Parlamento o l’à bloccou o testo: con 334 scì l’é passou a domanda de un gruppo de deputæ da Scinistra, di Verdi e di Liberali de mandâlo a-a Corte de giustiçia pe un pai de lezze.",pe,
"Ma da lì à no guæi o Parlamento o l’à bloccou o testo: con 334 scì l’é passou a domanda de un gruppo de deputæ da Scinistra, di Verdi e di Liberali de mandâlo a-a Corte de giustiçia pe un pai de lezze.",un,
"Ma da lì à no guæi o Parlamento o l’à bloccou o testo: con 334 scì l’é passou a domanda de un gruppo de deputæ da Scinistra, di Verdi e di Liberali de mandâlo a-a Corte de giustiçia pe un pai de lezze.",pai,
"Ma da lì à no guæi o Parlamento o l’à bloccou o testo: con 334 scì l’é passou a domanda de un gruppo de deputæ da Scinistra, di Verdi e di Liberali de mandâlo a-a Corte de giustiçia pe un pai de lezze.",de,
"Ma da lì à no guæi o Parlamento o l’à bloccou o testo: con 334 scì l’é passou a domanda de un gruppo de deputæ da Scinistra, di Verdi e di Liberali de mandâlo a-a Corte de giustiçia pe un pai de lezze.",lezze,
"Ma da lì à no guæi o Parlamento o l’à bloccou o testo: con 334 scì l’é passou a domanda de un gruppo de deputæ da Scinistra, di Verdi e di Liberali de mandâlo a-a Corte de giustiçia pe un pai de lezze.",.,
"Oua besorrià aspëtâ l’examme, ch’o porrieiva duâ pe di meixi.",Oua,
"Oua besorrià aspëtâ l’examme, ch’o porrieiva duâ pe di meixi.",besorrià,
"Oua besorrià aspëtâ l’examme, ch’o porrieiva duâ pe di meixi.",aspëtâ,
"Oua besorrià aspëtâ l’examme, ch’o porrieiva duâ pe di meixi.",l,
"Oua besorrià aspëtâ l’examme, ch’o porrieiva duâ pe di meixi.",’,
"Oua besorrià aspëtâ l’examme, ch’o porrieiva duâ pe di meixi.",examme,
"Oua besorrià aspëtâ l’examme, ch’o porrieiva duâ pe di meixi.",",",
"Oua besorrià aspëtâ l’examme, ch’o porrieiva duâ pe di meixi.",ch,
"Oua besorrià aspëtâ l’examme, ch’o porrieiva duâ pe di meixi.",’,
"Oua besorrià aspëtâ l’examme, ch’o porrieiva duâ pe di meixi.",o,
"Oua besorrià aspëtâ l’examme, ch’o porrieiva duâ pe di meixi.",porrieiva,
"Oua besorrià aspëtâ l’examme, ch’o porrieiva duâ pe di meixi.",duâ,
"Oua besorrià aspëtâ l’examme, ch’o porrieiva duâ pe di meixi.",pe,
"Oua besorrià aspëtâ l’examme, ch’o porrieiva duâ pe di meixi.",di,
"Oua besorrià aspëtâ l’examme, ch’o porrieiva duâ pe di meixi.",meixi,
"Oua besorrià aspëtâ l’examme, ch’o porrieiva duâ pe di meixi.",.,
A Germania a vorrieiva applicâ l’accòrdio de mainea provisöia.,A,
A Germania a vorrieiva applicâ l’accòrdio de mainea provisöia.,Germania,
A Germania a vorrieiva applicâ l’accòrdio de mainea provisöia.,a,
A Germania a vorrieiva applicâ l’accòrdio de mainea provisöia.,vorrieiva,
A Germania a vorrieiva applicâ l’accòrdio de mainea provisöia.,applicâ,
A Germania a vorrieiva applicâ l’accòrdio de mainea provisöia.,l,
A Germania a vorrieiva applicâ l’accòrdio de mainea provisöia.,’,
A Germania a vorrieiva applicâ l’accòrdio de mainea provisöia.,accòrdio,
A Germania a vorrieiva applicâ l’accòrdio de mainea provisöia.,de,
A Germania a vorrieiva applicâ l’accòrdio de mainea provisöia.,mainea,
A Germania a vorrieiva applicâ l’accòrdio de mainea provisöia.,provisöia,
A Germania a vorrieiva applicâ l’accòrdio de mainea provisöia.,.,
"Un zoeno de 19 anni, Youssef Abanoub, originäio de l’Egitto o l’é stæto ammassou con unna cotellâ da un compagno de scheua inte un instituto profescionale de Spezza.",Un,
"Un zoeno de 19 anni, Youssef Abanoub, originäio de l’Egitto o l’é stæto ammassou con unna cotellâ da un compagno de scheua inte un instituto profescionale de Spezza.",zoeno,
"Un zoeno de 19 anni, Youssef Abanoub, originäio de l’Egitto o l’é stæto ammassou con unna cotellâ da un compagno de scheua inte un instituto profescionale de Spezza.",de,
"Un zoeno de 19 anni, Youssef Abanoub, originäio de l’Egitto o l’é stæto ammassou con unna cotellâ da un compagno de scheua inte un instituto profescionale de Spezza.",19,
"Un zoeno de 19 anni, Youssef Abanoub, originäio de l’Egitto o l’é stæto ammassou con unna cotellâ da un compagno de scheua inte un instituto profescionale de Spezza.",anni,
"Un zoeno de 19 anni, Youssef Abanoub, originäio de l’Egitto o l’é stæto ammassou con unna cotellâ da un compagno de scheua inte un instituto profescionale de Spezza.",",",
"Un zoeno de 19 anni, Youssef Abanoub, originäio de l’Egitto o l’é stæto ammassou con unna cotellâ da un compagno de scheua inte un instituto profescionale de Spezza.",Youssef,
"Un zoeno de 19 anni, Youssef Abanoub, originäio de l’Egitto o l’é stæto ammassou con unna cotellâ da un compagno de scheua inte un instituto profescionale de Spezza.",Abanoub,
"Un zoeno de 19 anni, Youssef Abanoub, originäio de l’Egitto o l’é stæto ammassou con unna cotellâ da un compagno de scheua inte un instituto profescionale de Spezza.",",",
"Un zoeno de 19 anni, Youssef Abanoub, originäio de l’Egitto o l’é stæto ammassou con unna cotellâ da un compagno de scheua inte un instituto profescionale de Spezza.",originäio,
"Un zoeno de 19 anni, Youssef Abanoub, originäio de l’Egitto o l’é stæto ammassou con unna cotellâ da un compagno de scheua inte un instituto profescionale de Spezza.",de,
"Un zoeno de 19 anni, Youssef Abanoub, originäio de l’Egitto o l’é stæto ammassou con unna cotellâ da un compagno de scheua inte un instituto profescionale de Spezza.",l,
"Un zoeno de 19 anni, Youssef Abanoub, originäio de l’Egitto o l’é stæto ammassou con unna cotellâ da un compagno de scheua inte un instituto profescionale de Spezza.",’,
"Un zoeno de 19 anni, Youssef Abanoub, originäio de l’Egitto o l’é stæto ammassou con unna cotellâ da un compagno de scheua inte un instituto profescionale de Spezza.",Egitto,
"Un zoeno de 19 anni, Youssef Abanoub, originäio de l’Egitto o l’é stæto ammassou con unna cotellâ da un compagno de scheua inte un instituto profescionale de Spezza.",o,
"Un zoeno de 19 anni, Youssef Abanoub, originäio de l’Egitto o l’é stæto ammassou con unna cotellâ da un compagno de scheua inte un instituto profescionale de Spezza.",l,
"Un zoeno de 19 anni, Youssef Abanoub, originäio de l’Egitto o l’é stæto ammassou con unna cotellâ da un compagno de scheua inte un instituto profescionale de Spezza.",’,
"Un zoeno de 19 anni, Youssef Abanoub, originäio de l’Egitto o l’é stæto ammassou con unna cotellâ da un compagno de scheua inte un instituto profescionale de Spezza.",é,
"Un zoeno de 19 anni, Youssef Abanoub, originäio de l’Egitto o l’é stæto ammassou con unna cotellâ da un compagno de scheua inte un instituto profescionale de Spezza.",stæto,
"Un zoeno de 19 anni, Youssef Abanoub, originäio de l’Egitto o l’é stæto ammassou con unna cotellâ da un compagno de scheua inte un instituto profescionale de Spezza.",ammassou,
"Un zoeno de 19 anni, Youssef Abanoub, originäio de l’Egitto o l’é stæto ammassou con unna cotellâ da un compagno de scheua inte un instituto profescionale de Spezza.",con,
"Un zoeno de 19 anni, Youssef Abanoub, originäio de l’Egitto o l’é stæto ammassou con unna cotellâ da un compagno de scheua inte un instituto profescionale de Spezza.",unna,
"Un zoeno de 19 anni, Youssef Abanoub, originäio de l’Egitto o l’é stæto ammassou con unna cotellâ da un compagno de scheua inte un instituto profescionale de Spezza.",cotellâ,
"Un zoeno de 19 anni, Youssef Abanoub, originäio de l’Egitto o l’é stæto ammassou con unna cotellâ da un compagno de scheua inte un instituto profescionale de Spezza.",da,
"Un zoeno de 19 anni, Youssef Abanoub, originäio de l’Egitto o l’é stæto ammassou con unna cotellâ da un compagno de scheua inte un instituto profescionale de Spezza.",un,
"Un zoeno de 19 anni, Youssef Abanoub, originäio de l’Egitto o l’é stæto ammassou con unna cotellâ da un compagno de scheua inte un instituto profescionale de Spezza.",compagno,
"Un zoeno de 19 anni, Youssef Abanoub, originäio de l’Egitto o l’é stæto ammassou con unna cotellâ da un compagno de scheua inte un instituto profescionale de Spezza.",de,
"Un zoeno de 19 anni, Youssef Abanoub, originäio de l’Egitto o l’é stæto ammassou con unna cotellâ da un compagno de scheua inte un instituto profescionale de Spezza.",scheua,
"Un zoeno de 19 anni, Youssef Abanoub, originäio de l’Egitto o l’é stæto ammassou con unna cotellâ da un compagno de scheua inte un instituto profescionale de Spezza.",inte,
"Un zoeno de 19 anni, Youssef Abanoub, originäio de l’Egitto o l’é stæto ammassou con unna cotellâ da un compagno de scheua inte un instituto profescionale de Spezza.",un,
"Un zoeno de 19 anni, Youssef Abanoub, originäio de l’Egitto o l’é stæto ammassou con unna cotellâ da un compagno de scheua inte un instituto profescionale de Spezza.",instituto,
"Un zoeno de 19 anni, Youssef Abanoub, originäio de l’Egitto o l’é stæto ammassou con unna cotellâ da un compagno de scheua inte un instituto profescionale de Spezza.",profescionale,
"Un zoeno de 19 anni, Youssef Abanoub, originäio de l’Egitto o l’é stæto ammassou con unna cotellâ da un compagno de scheua inte un instituto profescionale de Spezza.",de,
"Un zoeno de 19 anni, Youssef Abanoub, originäio de l’Egitto o l’é stæto ammassou con unna cotellâ da un compagno de scheua inte un instituto profescionale de Spezza.",Spezza,
"Un zoeno de 19 anni, Youssef Abanoub, originäio de l’Egitto o l’é stæto ammassou con unna cotellâ da un compagno de scheua inte un instituto profescionale de Spezza.",.,
O l’é avvegnuo a-i 16 de zenâ pöco primma de mezogiorno.,O,
O l’é avvegnuo a-i 16 de zenâ pöco primma de mezogiorno.,l,
O l’é avvegnuo a-i 16 de zenâ pöco primma de mezogiorno.,’,
O l’é avvegnuo a-i 16 de zenâ pöco primma de mezogiorno.,é,
O l’é avvegnuo a-i 16 de zenâ pöco primma de mezogiorno.,avvegnuo,
O l’é avvegnuo a-i 16 de zenâ pöco primma de mezogiorno.,a-i,
O l’é avvegnuo a-i 16 de zenâ pöco primma de mezogiorno.,16,
O l’é avvegnuo a-i 16 de zenâ pöco primma de mezogiorno.,de,
O l’é avvegnuo a-i 16 de zenâ pöco primma de mezogiorno.,zenâ,
O l’é avvegnuo a-i 16 de zenâ pöco primma de mezogiorno.,pöco,
O l’é avvegnuo a-i 16 de zenâ pöco primma de mezogiorno.,primma,
O l’é avvegnuo a-i 16 de zenâ pöco primma de mezogiorno.,de,
O l’é avvegnuo a-i 16 de zenâ pöco primma de mezogiorno.,mezogiorno,
O l’é avvegnuo a-i 16 de zenâ pöco primma de mezogiorno.,.,
"A poliçia a l’à arrestou un studente de 18 anni de naçionalitæ marocchiña, Zouhair Atif, bloccou e desarmou da un professô.",A,
"A poliçia a l’à arrestou un studente de 18 anni de naçionalitæ marocchiña, Zouhair Atif, bloccou e desarmou da un professô.",poliçia,
"A poliçia a l’à arrestou un studente de 18 anni de naçionalitæ marocchiña, Zouhair Atif, bloccou e desarmou da un professô.",a,
"A poliçia a l’à arrestou un studente de 18 anni de naçionalitæ marocchiña, Zouhair Atif, bloccou e desarmou da un professô.",l,
"A poliçia a l’à arrestou un studente de 18 anni de naçionalitæ marocchiña, Zouhair Atif, bloccou e desarmou da un professô.",’,
"A poliçia a l’à arrestou un studente de 18 anni de naçionalitæ marocchiña, Zouhair Atif, bloccou e desarmou da un professô.",à,
"A poliçia a l’à arrestou un studente de 18 anni de naçionalitæ marocchiña, Zouhair Atif, bloccou e desarmou da un professô.",arrestou,
"A poliçia a l’à arrestou un studente de 18 anni de naçionalitæ marocchiña, Zouhair Atif, bloccou e desarmou da un professô.",un,
"A poliçia a l’à arrestou un studente de 18 anni de naçionalitæ marocchiña, Zouhair Atif, bloccou e desarmou da un professô.",studente,
"A poliçia a l’à arrestou un studente de 18 anni de naçionalitæ marocchiña, Zouhair Atif, bloccou e desarmou da un professô.",de,
"A poliçia a l’à arrestou un studente de 18 anni de naçionalitæ marocchiña, Zouhair Atif, bloccou e desarmou da un professô.",18,
"A poliçia a l’à arrestou un studente de 18 anni de naçionalitæ marocchiña, Zouhair Atif, bloccou e desarmou da un professô.",anni,
"A poliçia a l’à arrestou un studente de 18 anni de naçionalitæ marocchiña, Zouhair Atif, bloccou e desarmou da un professô.",de,
"A poliçia a l’à arrestou un studente de 18 anni de naçionalitæ marocchiña, Zouhair Atif, bloccou e desarmou da un professô.",naçionalitæ,
"A poliçia a l’à arrestou un studente de 18 anni de naçionalitæ marocchiña, Zouhair Atif, bloccou e desarmou da un professô.",marocchiña,
"A poliçia a l’à arrestou un studente de 18 anni de naçionalitæ marocchiña, Zouhair Atif, bloccou e desarmou da un professô.",",",
"A poliçia a l’à arrestou un studente de 18 anni de naçionalitæ marocchiña, Zouhair Atif, bloccou e desarmou da un professô.",Zouhair,
"A poliçia a l’à arrestou un studente de 18 anni de naçionalitæ marocchiña, Zouhair Atif, bloccou e desarmou da un professô.",Atif,
"A poliçia a l’à arrestou un studente de 18 anni de naçionalitæ marocchiña, Zouhair Atif, bloccou e desarmou da un professô.",",",
"A poliçia a l’à arrestou un studente de 18 anni de naçionalitæ marocchiña, Zouhair Atif, bloccou e desarmou da un professô.",bloccou,
"A poliçia a l’à arrestou un studente de 18 anni de naçionalitæ marocchiña, Zouhair Atif, bloccou e desarmou da un professô.",e,
"A poliçia a l’à arrestou un studente de 18 anni de naçionalitæ marocchiña, Zouhair Atif, bloccou e desarmou da un professô.",desarmou,
"A poliçia a l’à arrestou un studente de 18 anni de naçionalitæ marocchiña, Zouhair Atif, bloccou e desarmou da un professô.",da,
"A poliçia a l’à arrestou un studente de 18 anni de naçionalitæ marocchiña, Zouhair Atif, bloccou e desarmou da un professô.",un,
"A poliçia a l’à arrestou un studente de 18 anni de naçionalitæ marocchiña, Zouhair Atif, bloccou e desarmou da un professô.",professô,
"A poliçia a l’à arrestou un studente de 18 anni de naçionalitæ marocchiña, Zouhair Atif, bloccou e desarmou da un professô.",.,
"Segondo a reconstruçion, i doî aivan comensou a rattellâ inti bagni, se pensa pe unna figgia, dapeu gh’é stæto l’aggrescion inte unna classe.",Segondo,
"Segondo a reconstruçion, i doî aivan comensou a rattellâ inti bagni, se pensa pe unna figgia, dapeu gh’é stæto l’aggrescion inte unna classe.",a,
"Segondo a reconstruçion, i doî aivan comensou a rattellâ inti bagni, se pensa pe unna figgia, dapeu gh’é stæto l’aggrescion inte unna classe.",reconstruçion,
"Segondo a reconstruçion, i doî aivan comensou a rattellâ inti bagni, se pensa pe unna figgia, dapeu gh’é stæto l’aggrescion inte unna classe.",",",
"Segondo a reconstruçion, i doî aivan comensou a rattellâ inti bagni, se pensa pe unna figgia, dapeu gh’é stæto l’aggrescion inte unna classe.",i,
"Segondo a reconstruçion, i doî aivan comensou a rattellâ inti bagni, se pensa pe unna figgia, dapeu gh’é stæto l’aggrescion inte unna classe.",doî,
"Segondo a reconstruçion, i doî aivan comensou a rattellâ inti bagni, se pensa pe unna figgia, dapeu gh’é stæto l’aggrescion inte unna classe.",aivan,
"Segondo a reconstruçion, i doî aivan comensou a rattellâ inti bagni, se pensa pe unna figgia, dapeu gh’é stæto l’aggrescion inte unna classe.",comensou,
"Segondo a reconstruçion, i doî aivan comensou a rattellâ inti bagni, se pensa pe unna figgia, dapeu gh’é stæto l’aggrescion inte unna classe.",a,
"Segondo a reconstruçion, i doî aivan comensou a rattellâ inti bagni, se pensa pe unna figgia, dapeu gh’é stæto l’aggrescion inte unna classe.",rattellâ,
"Segondo a reconstruçion, i doî aivan comensou a rattellâ inti bagni, se pensa pe unna figgia, dapeu gh’é stæto l’aggrescion inte unna classe.",inti,
"Segondo a reconstruçion, i doî aivan comensou a rattellâ inti bagni, se pensa pe unna figgia, dapeu gh’é stæto l’aggrescion inte unna classe.",bagni,
"Segondo a reconstruçion, i doî aivan comensou a rattellâ inti bagni, se pensa pe unna figgia, dapeu gh’é stæto l’aggrescion inte unna classe.",",",
"Segondo a reconstruçion, i doî aivan comensou a rattellâ inti bagni, se pensa pe unna figgia, dapeu gh’é stæto l’aggrescion inte unna classe.",se,
"Segondo a reconstruçion, i doî aivan comensou a rattellâ inti bagni, se pensa pe unna figgia, dapeu gh’é stæto l’aggrescion inte unna classe.",pensa,
"Segondo a reconstruçion, i doî aivan comensou a rattellâ inti bagni, se pensa pe unna figgia, dapeu gh’é stæto l’aggrescion inte unna classe.",pe,
"Segondo a reconstruçion, i doî aivan comensou a rattellâ inti bagni, se pensa pe unna figgia, dapeu gh’é stæto l’aggrescion inte unna classe.",unna,
"Segondo a reconstruçion, i doî aivan comensou a rattellâ inti bagni, se pensa pe unna figgia, dapeu gh’é stæto l’aggrescion inte unna classe.",figgia,
"Segondo a reconstruçion, i doî aivan comensou a rattellâ inti bagni, se pensa pe unna figgia, dapeu gh’é stæto l’aggrescion inte unna classe.",",",
"Segondo a reconstruçion, i doî aivan comensou a rattellâ inti bagni, se pensa pe unna figgia, dapeu gh’é stæto l’aggrescion inte unna classe.",dapeu,
"Segondo a reconstruçion, i doî aivan comensou a rattellâ inti bagni, se pensa pe unna figgia, dapeu gh’é stæto l’aggrescion inte unna classe.",gh,
"Segondo a reconstruçion, i doî aivan comensou a rattellâ inti bagni, se pensa pe unna figgia, dapeu gh’é stæto l’aggrescion inte unna classe.",’,
"Segondo a reconstruçion, i doî aivan comensou a rattellâ inti bagni, se pensa pe unna figgia, dapeu gh’é stæto l’aggrescion inte unna classe.",é,
"Segondo a reconstruçion, i doî aivan comensou a rattellâ inti bagni, se pensa pe unna figgia, dapeu gh’é stæto l’aggrescion inte unna classe.",stæto,
"Segondo a reconstruçion, i doî aivan comensou a rattellâ inti bagni, se pensa pe unna figgia, dapeu gh’é stæto l’aggrescion inte unna classe.",l,
"Segondo a reconstruçion, i doî aivan comensou a rattellâ inti bagni, se pensa pe unna figgia, dapeu gh’é stæto l’aggrescion inte unna classe.",’,
"Segondo a reconstruçion, i doî aivan comensou a rattellâ inti bagni, se pensa pe unna figgia, dapeu gh’é stæto l’aggrescion inte unna classe.",aggrescion,
"Segondo a reconstruçion, i doî aivan comensou a rattellâ inti bagni, se pensa pe unna figgia, dapeu gh’é stæto l’aggrescion inte unna classe.",inte,
"Segondo a reconstruçion, i doî aivan comensou a rattellâ inti bagni, se pensa pe unna figgia, dapeu gh’é stæto l’aggrescion inte unna classe.",unna,
"Segondo a reconstruçion, i doî aivan comensou a rattellâ inti bagni, se pensa pe unna figgia, dapeu gh’é stæto l’aggrescion inte unna classe.",classe,
"Segondo a reconstruçion, i doî aivan comensou a rattellâ inti bagni, se pensa pe unna figgia, dapeu gh’é stæto l’aggrescion inte unna classe.",.,
A lamma a l’é arrivâ fin a-o figæto e a-a minsa.,A,
A lamma a l’é arrivâ fin a-o figæto e a-a minsa.,lamma,
A lamma a l’é arrivâ fin a-o figæto e a-a minsa.,a,
A lamma a l’é arrivâ fin a-o figæto e a-a minsa.,l,
A lamma a l’é arrivâ fin a-o figæto e a-a minsa.,’,
A lamma a l’é arrivâ fin a-o figæto e a-a minsa.,é,
A lamma a l’é arrivâ fin a-o figæto e a-a minsa.,arrivâ,
A lamma a l’é arrivâ fin a-o figæto e a-a minsa.,fin,
A lamma a l’é arrivâ fin a-o figæto e a-a minsa.,a-o,
A lamma a l’é arrivâ fin a-o figæto e a-a minsa.,figæto,
A lamma a l’é arrivâ fin a-o figæto e a-a minsa.,e,
A lamma a l’é arrivâ fin a-o figæto e a-a minsa.,a-a,
A lamma a l’é arrivâ fin a-o figæto e a-a minsa.,minsa,
A lamma a l’é arrivâ fin a-o figæto e a-a minsa.,.,
"I meghi de l’uspiâ Sant’Andria an fæto tutto o poscibile e l’an sottopòsto à unn’operaçion pe sarvâlo, ma inta seiaña o Youssef o l’à finio de vive.",I,
"I meghi de l’uspiâ Sant’Andria an fæto tutto o poscibile e l’an sottopòsto à unn’operaçion pe sarvâlo, ma inta seiaña o Youssef o l’à finio de vive.",meghi,
"I meghi de l’uspiâ Sant’Andria an fæto tutto o poscibile e l’an sottopòsto à unn’operaçion pe sarvâlo, ma inta seiaña o Youssef o l’à finio de vive.",de,
"I meghi de l’uspiâ Sant’Andria an fæto tutto o poscibile e l’an sottopòsto à unn’operaçion pe sarvâlo, ma inta seiaña o Youssef o l’à finio de vive.",l,
"I meghi de l’uspiâ Sant’Andria an fæto tutto o poscibile e l’an sottopòsto à unn’operaçion pe sarvâlo, ma inta seiaña o Youssef o l’à finio de vive.",’,
"I meghi de l’uspiâ Sant’Andria an fæto tutto o poscibile e l’an sottopòsto à unn’operaçion pe sarvâlo, ma inta seiaña o Youssef o l’à finio de vive.",uspiâ,
"I meghi de l’uspiâ Sant’Andria an fæto tutto o poscibile e l’an sottopòsto à unn’operaçion pe sarvâlo, ma inta seiaña o Youssef o l’à finio de vive.",Sant,
"I meghi de l’uspiâ Sant’Andria an fæto tutto o poscibile e l’an sottopòsto à unn’operaçion pe sarvâlo, ma inta seiaña o Youssef o l’à finio de vive.",’,
"I meghi de l’uspiâ Sant’Andria an fæto tutto o poscibile e l’an sottopòsto à unn’operaçion pe sarvâlo, ma inta seiaña o Youssef o l’à finio de vive.",Andria,
"I meghi de l’uspiâ Sant’Andria an fæto tutto o poscibile e l’an sottopòsto à unn’operaçion pe sarvâlo, ma inta seiaña o Youssef o l’à finio de vive.",an,
"I meghi de l’uspiâ Sant’Andria an fæto tutto o poscibile e l’an sottopòsto à unn’operaçion pe sarvâlo, ma inta seiaña o Youssef o l’à finio de vive.",fæto,
"I meghi de l’uspiâ Sant’Andria an fæto tutto o poscibile e l’an sottopòsto à unn’operaçion pe sarvâlo, ma inta seiaña o Youssef o l’à finio de vive.",tutto,
"I meghi de l’uspiâ Sant’Andria an fæto tutto o poscibile e l’an sottopòsto à unn’operaçion pe sarvâlo, ma inta seiaña o Youssef o l’à finio de vive.",o,
"I meghi de l’uspiâ Sant’Andria an fæto tutto o poscibile e l’an sottopòsto à unn’operaçion pe sarvâlo, ma inta seiaña o Youssef o l’à finio de vive.",poscibile,
"I meghi de l’uspiâ Sant’Andria an fæto tutto o poscibile e l’an sottopòsto à unn’operaçion pe sarvâlo, ma inta seiaña o Youssef o l’à finio de vive.",e,
"I meghi de l’uspiâ Sant’Andria an fæto tutto o poscibile e l’an sottopòsto à unn’operaçion pe sarvâlo, ma inta seiaña o Youssef o l’à finio de vive.",l,
"I meghi de l’uspiâ Sant’Andria an fæto tutto o poscibile e l’an sottopòsto à unn’operaçion pe sarvâlo, ma inta seiaña o Youssef o l’à finio de vive.",’,
"I meghi de l’uspiâ Sant’Andria an fæto tutto o poscibile e l’an sottopòsto à unn’operaçion pe sarvâlo, ma inta seiaña o Youssef o l’à finio de vive.",an,
"I meghi de l’uspiâ Sant’Andria an fæto tutto o poscibile e l’an sottopòsto à unn’operaçion pe sarvâlo, ma inta seiaña o Youssef o l’à finio de vive.",sottopòsto,
"I meghi de l’uspiâ Sant’Andria an fæto tutto o poscibile e l’an sottopòsto à unn’operaçion pe sarvâlo, ma inta seiaña o Youssef o l’à finio de vive.",à,
"I meghi de l’uspiâ Sant’Andria an fæto tutto o poscibile e l’an sottopòsto à unn’operaçion pe sarvâlo, ma inta seiaña o Youssef o l’à finio de vive.",unn,
"I meghi de l’uspiâ Sant’Andria an fæto tutto o poscibile e l’an sottopòsto à unn’operaçion pe sarvâlo, ma inta seiaña o Youssef o l’à finio de vive.",’,
"I meghi de l’uspiâ Sant’Andria an fæto tutto o poscibile e l’an sottopòsto à unn’operaçion pe sarvâlo, ma inta seiaña o Youssef o l’à finio de vive.",operaçion,
"I meghi de l’uspiâ Sant’Andria an fæto tutto o poscibile e l’an sottopòsto à unn’operaçion pe sarvâlo, ma inta seiaña o Youssef o l’à finio de vive.",pe,
"I meghi de l’uspiâ Sant’Andria an fæto tutto o poscibile e l’an sottopòsto à unn’operaçion pe sarvâlo, ma inta seiaña o Youssef o l’à finio de vive.",sarvâlo,
"I meghi de l’uspiâ Sant’Andria an fæto tutto o poscibile e l’an sottopòsto à unn’operaçion pe sarvâlo, ma inta seiaña o Youssef o l’à finio de vive.",",",
"I meghi de l’uspiâ Sant’Andria an fæto tutto o poscibile e l’an sottopòsto à unn’operaçion pe sarvâlo, ma inta seiaña o Youssef o l’à finio de vive.",ma,
"I meghi de l’uspiâ Sant’Andria an fæto tutto o poscibile e l’an sottopòsto à unn’operaçion pe sarvâlo, ma inta seiaña o Youssef o l’à finio de vive.",inta,
"I meghi de l’uspiâ Sant’Andria an fæto tutto o poscibile e l’an sottopòsto à unn’operaçion pe sarvâlo, ma inta seiaña o Youssef o l’à finio de vive.",seiaña,
"I meghi de l’uspiâ Sant’Andria an fæto tutto o poscibile e l’an sottopòsto à unn’operaçion pe sarvâlo, ma inta seiaña o Youssef o l’à finio de vive.",o,
"I meghi de l’uspiâ Sant’Andria an fæto tutto o poscibile e l’an sottopòsto à unn’operaçion pe sarvâlo, ma inta seiaña o Youssef o l’à finio de vive.",Youssef,
"I meghi de l’uspiâ Sant’Andria an fæto tutto o poscibile e l’an sottopòsto à unn’operaçion pe sarvâlo, ma inta seiaña o Youssef o l’à finio de vive.",o,
"I meghi de l’uspiâ Sant’Andria an fæto tutto o poscibile e l’an sottopòsto à unn’operaçion pe sarvâlo, ma inta seiaña o Youssef o l’à finio de vive.",l,
"I meghi de l’uspiâ Sant’Andria an fæto tutto o poscibile e l’an sottopòsto à unn’operaçion pe sarvâlo, ma inta seiaña o Youssef o l’à finio de vive.",’,
"I meghi de l’uspiâ Sant’Andria an fæto tutto o poscibile e l’an sottopòsto à unn’operaçion pe sarvâlo, ma inta seiaña o Youssef o l’à finio de vive.",à,
"I meghi de l’uspiâ Sant’Andria an fæto tutto o poscibile e l’an sottopòsto à unn’operaçion pe sarvâlo, ma inta seiaña o Youssef o l’à finio de vive.",finio,
"I meghi de l’uspiâ Sant’Andria an fæto tutto o poscibile e l’an sottopòsto à unn’operaçion pe sarvâlo, ma inta seiaña o Youssef o l’à finio de vive.",de,
"I meghi de l’uspiâ Sant’Andria an fæto tutto o poscibile e l’an sottopòsto à unn’operaçion pe sarvâlo, ma inta seiaña o Youssef o l’à finio de vive.",vive,
"I meghi de l’uspiâ Sant’Andria an fæto tutto o poscibile e l’an sottopòsto à unn’operaçion pe sarvâlo, ma inta seiaña o Youssef o l’à finio de vive.",.,
"Dòppo trent’anni gh’é unna sentensa de primmo graddo pe l’assascinio da Nada Cella, ammassâ de 24 anni into scagno do commerçialista Marco Soracco de Ciavai.",Dòppo,
"Dòppo trent’anni gh’é unna sentensa de primmo graddo pe l’assascinio da Nada Cella, ammassâ de 24 anni into scagno do commerçialista Marco Soracco de Ciavai.",trent,
"Dòppo trent’anni gh’é unna sentensa de primmo graddo pe l’assascinio da Nada Cella, ammassâ de 24 anni into scagno do commerçialista Marco Soracco de Ciavai.",’,
"Dòppo trent’anni gh’é unna sentensa de primmo graddo pe l’assascinio da Nada Cella, ammassâ de 24 anni into scagno do commerçialista Marco Soracco de Ciavai.",anni,
"Dòppo trent’anni gh’é unna sentensa de primmo graddo pe l’assascinio da Nada Cella, ammassâ de 24 anni into scagno do commerçialista Marco Soracco de Ciavai.",gh,
"Dòppo trent’anni gh’é unna sentensa de primmo graddo pe l’assascinio da Nada Cella, ammassâ de 24 anni into scagno do commerçialista Marco Soracco de Ciavai.",’,
"Dòppo trent’anni gh’é unna sentensa de primmo graddo pe l’assascinio da Nada Cella, ammassâ de 24 anni into scagno do commerçialista Marco Soracco de Ciavai.",é,
"Dòppo trent’anni gh’é unna sentensa de primmo graddo pe l’assascinio da Nada Cella, ammassâ de 24 anni into scagno do commerçialista Marco Soracco de Ciavai.",unna,
"Dòppo trent’anni gh’é unna sentensa de primmo graddo pe l’assascinio da Nada Cella, ammassâ de 24 anni into scagno do commerçialista Marco Soracco de Ciavai.",sentensa,
"Dòppo trent’anni gh’é unna sentensa de primmo graddo pe l’assascinio da Nada Cella, ammassâ de 24 anni into scagno do commerçialista Marco Soracco de Ciavai.",de,
"Dòppo trent’anni gh’é unna sentensa de primmo graddo pe l’assascinio da Nada Cella, ammassâ de 24 anni into scagno do commerçialista Marco Soracco de Ciavai.",primmo,
"Dòppo trent’anni gh’é unna sentensa de primmo graddo pe l’assascinio da Nada Cella, ammassâ de 24 anni into scagno do commerçialista Marco Soracco de Ciavai.",graddo,
"Dòppo trent’anni gh’é unna sentensa de primmo graddo pe l’assascinio da Nada Cella, ammassâ de 24 anni into scagno do commerçialista Marco Soracco de Ciavai.",pe,
"Dòppo trent’anni gh’é unna sentensa de primmo graddo pe l’assascinio da Nada Cella, ammassâ de 24 anni into scagno do commerçialista Marco Soracco de Ciavai.",l,
"Dòppo trent’anni gh’é unna sentensa de primmo graddo pe l’assascinio da Nada Cella, ammassâ de 24 anni into scagno do commerçialista Marco Soracco de Ciavai.",’,
"Dòppo trent’anni gh’é unna sentensa de primmo graddo pe l’assascinio da Nada Cella, ammassâ de 24 anni into scagno do commerçialista Marco Soracco de Ciavai.",assascinio,
"Dòppo trent’anni gh’é unna sentensa de primmo graddo pe l’assascinio da Nada Cella, ammassâ de 24 anni into scagno do commerçialista Marco Soracco de Ciavai.",da,
"Dòppo trent’anni gh’é unna sentensa de primmo graddo pe l’assascinio da Nada Cella, ammassâ de 24 anni into scagno do commerçialista Marco Soracco de Ciavai.",Nada,
"Dòppo trent’anni gh’é unna sentensa de primmo graddo pe l’assascinio da Nada Cella, ammassâ de 24 anni into scagno do commerçialista Marco Soracco de Ciavai.",Cella,
"Dòppo trent’anni gh’é unna sentensa de primmo graddo pe l’assascinio da Nada Cella, ammassâ de 24 anni into scagno do commerçialista Marco Soracco de Ciavai.",",",
"Dòppo trent’anni gh’é unna sentensa de primmo graddo pe l’assascinio da Nada Cella, ammassâ de 24 anni into scagno do commerçialista Marco Soracco de Ciavai.",ammassâ,
"Dòppo trent’anni gh’é unna sentensa de primmo graddo pe l’assascinio da Nada Cella, ammassâ de 24 anni into scagno do commerçialista Marco Soracco de Ciavai.",de,
"Dòppo trent’anni gh’é unna sentensa de primmo graddo pe l’assascinio da Nada Cella, ammassâ de 24 anni into scagno do commerçialista Marco Soracco de Ciavai.",24,
"Dòppo trent’anni gh’é unna sentensa de primmo graddo pe l’assascinio da Nada Cella, ammassâ de 24 anni into scagno do commerçialista Marco Soracco de Ciavai.",anni,
"Dòppo trent’anni gh’é unna sentensa de primmo graddo pe l’assascinio da Nada Cella, ammassâ de 24 anni into scagno do commerçialista Marco Soracco de Ciavai.",into,
"Dòppo trent’anni gh’é unna sentensa de primmo graddo pe l’assascinio da Nada Cella, ammassâ de 24 anni into scagno do commerçialista Marco Soracco de Ciavai.",scagno,
"Dòppo trent’anni gh’é unna sentensa de primmo graddo pe l’assascinio da Nada Cella, ammassâ de 24 anni into scagno do commerçialista Marco Soracco de Ciavai.",do,
"Dòppo trent’anni gh’é unna sentensa de primmo graddo pe l’assascinio da Nada Cella, ammassâ de 24 anni into scagno do commerçialista Marco Soracco de Ciavai.",commerçialista,
"Dòppo trent’anni gh’é unna sentensa de primmo graddo pe l’assascinio da Nada Cella, ammassâ de 24 anni into scagno do commerçialista Marco Soracco de Ciavai.",Marco,
"Dòppo trent’anni gh’é unna sentensa de primmo graddo pe l’assascinio da Nada Cella, ammassâ de 24 anni into scagno do commerçialista Marco Soracco de Ciavai.",Soracco,
"Dòppo trent’anni gh’é unna sentensa de primmo graddo pe l’assascinio da Nada Cella, ammassâ de 24 anni into scagno do commerçialista Marco Soracco de Ciavai.",de,
"Dòppo trent’anni gh’é unna sentensa de primmo graddo pe l’assascinio da Nada Cella, ammassâ de 24 anni into scagno do commerçialista Marco Soracco de Ciavai.",Ciavai,
"Dòppo trent’anni gh’é unna sentensa de primmo graddo pe l’assascinio da Nada Cella, ammassâ de 24 anni into scagno do commerçialista Marco Soracco de Ciavai.",.,
A Corte d’assise de Zena a l’à deciarou corpeive a Annalucia Cecere e a l’à condannâ à 24 anni de prexon.,A,
A Corte d’assise de Zena a l’à deciarou corpeive a Annalucia Cecere e a l’à condannâ à 24 anni de prexon.,Corte,
A Corte d’assise de Zena a l’à deciarou corpeive a Annalucia Cecere e a l’à condannâ à 24 anni de prexon.,d,
A Corte d’assise de Zena a l’à deciarou corpeive a Annalucia Cecere e a l’à condannâ à 24 anni de prexon.,’,
A Corte d’assise de Zena a l’à deciarou corpeive a Annalucia Cecere e a l’à condannâ à 24 anni de prexon.,assise,
A Corte d’assise de Zena a l’à deciarou corpeive a Annalucia Cecere e a l’à condannâ à 24 anni de prexon.,de,
A Corte d’assise de Zena a l’à deciarou corpeive a Annalucia Cecere e a l’à condannâ à 24 anni de prexon.,Zena,
A Corte d’assise de Zena a l’à deciarou corpeive a Annalucia Cecere e a l’à condannâ à 24 anni de prexon.,a,
A Corte d’assise de Zena a l’à deciarou corpeive a Annalucia Cecere e a l’à condannâ à 24 anni de prexon.,l,
A Corte d’assise de Zena a l’à deciarou corpeive a Annalucia Cecere e a l’à condannâ à 24 anni de prexon.,’,
A Corte d’assise de Zena a l’à deciarou corpeive a Annalucia Cecere e a l’à condannâ à 24 anni de prexon.,à,
A Corte d’assise de Zena a l’à deciarou corpeive a Annalucia Cecere e a l’à condannâ à 24 anni de prexon.,deciarou,
A Corte d’assise de Zena a l’à deciarou corpeive a Annalucia Cecere e a l’à condannâ à 24 anni de prexon.,corpeive,
A Corte d’assise de Zena a l’à deciarou corpeive a Annalucia Cecere e a l’à condannâ à 24 anni de prexon.,a,
A Corte d’assise de Zena a l’à deciarou corpeive a Annalucia Cecere e a l’à condannâ à 24 anni de prexon.,Annalucia,
A Corte d’assise de Zena a l’à deciarou corpeive a Annalucia Cecere e a l’à condannâ à 24 anni de prexon.,Cecere,
A Corte d’assise de Zena a l’à deciarou corpeive a Annalucia Cecere e a l’à condannâ à 24 anni de prexon.,e,
A Corte d’assise de Zena a l’à deciarou corpeive a Annalucia Cecere e a l’à condannâ à 24 anni de prexon.,a,
A Corte d’assise de Zena a l’à deciarou corpeive a Annalucia Cecere e a l’à condannâ à 24 anni de prexon.,l,
A Corte d’assise de Zena a l’à deciarou corpeive a Annalucia Cecere e a l’à condannâ à 24 anni de prexon.,’,
A Corte d’assise de Zena a l’à deciarou corpeive a Annalucia Cecere e a l’à condannâ à 24 anni de prexon.,à,
A Corte d’assise de Zena a l’à deciarou corpeive a Annalucia Cecere e a l’à condannâ à 24 anni de prexon.,condannâ,
A Corte d’assise de Zena a l’à deciarou corpeive a Annalucia Cecere e a l’à condannâ à 24 anni de prexon.,à,
A Corte d’assise de Zena a l’à deciarou corpeive a Annalucia Cecere e a l’à condannâ à 24 anni de prexon.,24,
A Corte d’assise de Zena a l’à deciarou corpeive a Annalucia Cecere e a l’à condannâ à 24 anni de prexon.,anni,
A Corte d’assise de Zena a l’à deciarou corpeive a Annalucia Cecere e a l’à condannâ à 24 anni de prexon.,de,
A Corte d’assise de Zena a l’à deciarou corpeive a Annalucia Cecere e a l’à condannâ à 24 anni de prexon.,prexon,
A Corte d’assise de Zena a l’à deciarou corpeive a Annalucia Cecere e a l’à condannâ à 24 anni de prexon.,.,
A Procua a l’aiva domandou a prexon à vitta.,A,
A Procua a l’aiva domandou a prexon à vitta.,Procua,
A Procua a l’aiva domandou a prexon à vitta.,a,
A Procua a l’aiva domandou a prexon à vitta.,l,
A Procua a l’aiva domandou a prexon à vitta.,’,
A Procua a l’aiva domandou a prexon à vitta.,aiva,
A Procua a l’aiva domandou a prexon à vitta.,domandou,
A Procua a l’aiva domandou a prexon à vitta.,a,
A Procua a l’aiva domandou a prexon à vitta.,prexon,
A Procua a l’aiva domandou a prexon à vitta.,à,
A Procua a l’aiva domandou a prexon à vitta.,vitta,
A Procua a l’aiva domandou a prexon à vitta.,.,
O Soracco o l’é stæto condannou à doî anni pe façilitaçion.,O,
O Soracco o l’é stæto condannou à doî anni pe façilitaçion.,Soracco,
O Soracco o l’é stæto condannou à doî anni pe façilitaçion.,o,
O Soracco o l’é stæto condannou à doî anni pe façilitaçion.,l,
O Soracco o l’é stæto condannou à doî anni pe façilitaçion.,’,
O Soracco o l’é stæto condannou à doî anni pe façilitaçion.,é,
O Soracco o l’é stæto condannou à doî anni pe façilitaçion.,stæto,
O Soracco o l’é stæto condannou à doî anni pe façilitaçion.,condannou,
O Soracco o l’é stæto condannou à doî anni pe façilitaçion.,à,
O Soracco o l’é stæto condannou à doî anni pe façilitaçion.,doî,
O Soracco o l’é stæto condannou à doî anni pe façilitaçion.,anni,
O Soracco o l’é stæto condannou à doî anni pe façilitaçion.,pe,
O Soracco o l’é stæto condannou à doî anni pe façilitaçion.,façilitaçion,
O Soracco o l’é stæto condannou à doî anni pe façilitaçion.,.,
"«Pensava che l’avessan ascordâ, oua s’é fæto giustiçia», o commento da coxiña Silvia Cella.",«,
"«Pensava che l’avessan ascordâ, oua s’é fæto giustiçia», o commento da coxiña Silvia Cella.",Pensava,
"«Pensava che l’avessan ascordâ, oua s’é fæto giustiçia», o commento da coxiña Silvia Cella.",che,
"«Pensava che l’avessan ascordâ, oua s’é fæto giustiçia», o commento da coxiña Silvia Cella.",l,
"«Pensava che l’avessan ascordâ, oua s’é fæto giustiçia», o commento da coxiña Silvia Cella.",’,
"«Pensava che l’avessan ascordâ, oua s’é fæto giustiçia», o commento da coxiña Silvia Cella.",avessan,
"«Pensava che l’avessan ascordâ, oua s’é fæto giustiçia», o commento da coxiña Silvia Cella.",ascordâ,
"«Pensava che l’avessan ascordâ, oua s’é fæto giustiçia», o commento da coxiña Silvia Cella.",",",
"«Pensava che l’avessan ascordâ, oua s’é fæto giustiçia», o commento da coxiña Silvia Cella.",oua,
"«Pensava che l’avessan ascordâ, oua s’é fæto giustiçia», o commento da coxiña Silvia Cella.",s,
"«Pensava che l’avessan ascordâ, oua s’é fæto giustiçia», o commento da coxiña Silvia Cella.",’,
"«Pensava che l’avessan ascordâ, oua s’é fæto giustiçia», o commento da coxiña Silvia Cella.",é,
"«Pensava che l’avessan ascordâ, oua s’é fæto giustiçia», o commento da coxiña Silvia Cella.",fæto,
"«Pensava che l’avessan ascordâ, oua s’é fæto giustiçia», o commento da coxiña Silvia Cella.",giustiçia,
"«Pensava che l’avessan ascordâ, oua s’é fæto giustiçia», o commento da coxiña Silvia Cella.",»,
"«Pensava che l’avessan ascordâ, oua s’é fæto giustiçia», o commento da coxiña Silvia Cella.",",",
"«Pensava che l’avessan ascordâ, oua s’é fæto giustiçia», o commento da coxiña Silvia Cella.",o,
"«Pensava che l’avessan ascordâ, oua s’é fæto giustiçia», o commento da coxiña Silvia Cella.",commento,
"«Pensava che l’avessan ascordâ, oua s’é fæto giustiçia», o commento da coxiña Silvia Cella.",da,
"«Pensava che l’avessan ascordâ, oua s’é fæto giustiçia», o commento da coxiña Silvia Cella.",coxiña,
"«Pensava che l’avessan ascordâ, oua s’é fæto giustiçia», o commento da coxiña Silvia Cella.",Silvia,
"«Pensava che l’avessan ascordâ, oua s’é fæto giustiçia», o commento da coxiña Silvia Cella.",Cella,
"«Pensava che l’avessan ascordâ, oua s’é fæto giustiçia», o commento da coxiña Silvia Cella.",.,
"«Son contenta e commòssa, a sentensa d’ancheu a l’é tròppo importante», a l’à dito a Sabrina Franzone, l’avvocata da seu Daniela Cella.",«,
"«Son contenta e commòssa, a sentensa d’ancheu a l’é tròppo importante», a l’à dito a Sabrina Franzone, l’avvocata da seu Daniela Cella.",Son,
"«Son contenta e commòssa, a sentensa d’ancheu a l’é tròppo importante», a l’à dito a Sabrina Franzone, l’avvocata da seu Daniela Cella.",contenta,
"«Son contenta e commòssa, a sentensa d’ancheu a l’é tròppo importante», a l’à dito a Sabrina Franzone, l’avvocata da seu Daniela Cella.",e,
"«Son contenta e commòssa, a sentensa d’ancheu a l’é tròppo importante», a l’à dito a Sabrina Franzone, l’avvocata da seu Daniela Cella.",commòssa,
"«Son contenta e commòssa, a sentensa d’ancheu a l’é tròppo importante», a l’à dito a Sabrina Franzone, l’avvocata da seu Daniela Cella.",",",
"«Son contenta e commòssa, a sentensa d’ancheu a l’é tròppo importante», a l’à dito a Sabrina Franzone, l’avvocata da seu Daniela Cella.",a,
"«Son contenta e commòssa, a sentensa d’ancheu a l’é tròppo importante», a l’à dito a Sabrina Franzone, l’avvocata da seu Daniela Cella.",sentensa,
"«Son contenta e commòssa, a sentensa d’ancheu a l’é tròppo importante», a l’à dito a Sabrina Franzone, l’avvocata da seu Daniela Cella.",d,
"«Son contenta e commòssa, a sentensa d’ancheu a l’é tròppo importante», a l’à dito a Sabrina Franzone, l’avvocata da seu Daniela Cella.",’,
"«Son contenta e commòssa, a sentensa d’ancheu a l’é tròppo importante», a l’à dito a Sabrina Franzone, l’avvocata da seu Daniela Cella.",ancheu,
"«Son contenta e commòssa, a sentensa d’ancheu a l’é tròppo importante», a l’à dito a Sabrina Franzone, l’avvocata da seu Daniela Cella.",a,
"«Son contenta e commòssa, a sentensa d’ancheu a l’é tròppo importante», a l’à dito a Sabrina Franzone, l’avvocata da seu Daniela Cella.",l,
"«Son contenta e commòssa, a sentensa d’ancheu a l’é tròppo importante», a l’à dito a Sabrina Franzone, l’avvocata da seu Daniela Cella.",’,
"«Son contenta e commòssa, a sentensa d’ancheu a l’é tròppo importante», a l’à dito a Sabrina Franzone, l’avvocata da seu Daniela Cella.",é,
"«Son contenta e commòssa, a sentensa d’ancheu a l’é tròppo importante», a l’à dito a Sabrina Franzone, l’avvocata da seu Daniela Cella.",tròppo,
"«Son contenta e commòssa, a sentensa d’ancheu a l’é tròppo importante», a l’à dito a Sabrina Franzone, l’avvocata da seu Daniela Cella.",importante,
"«Son contenta e commòssa, a sentensa d’ancheu a l’é tròppo importante», a l’à dito a Sabrina Franzone, l’avvocata da seu Daniela Cella.",»,
"«Son contenta e commòssa, a sentensa d’ancheu a l’é tròppo importante», a l’à dito a Sabrina Franzone, l’avvocata da seu Daniela Cella.",",",
"«Son contenta e commòssa, a sentensa d’ancheu a l’é tròppo importante», a l’à dito a Sabrina Franzone, l’avvocata da seu Daniela Cella.",a,
"«Son contenta e commòssa, a sentensa d’ancheu a l’é tròppo importante», a l’à dito a Sabrina Franzone, l’avvocata da seu Daniela Cella.",l,
"«Son contenta e commòssa, a sentensa d’ancheu a l’é tròppo importante», a l’à dito a Sabrina Franzone, l’avvocata da seu Daniela Cella.",’,
"«Son contenta e commòssa, a sentensa d’ancheu a l’é tròppo importante», a l’à dito a Sabrina Franzone, l’avvocata da seu Daniela Cella.",à,
"«Son contenta e commòssa, a sentensa d’ancheu a l’é tròppo importante», a l’à dito a Sabrina Franzone, l’avvocata da seu Daniela Cella.",dito,
"«Son contenta e commòssa, a sentensa d’ancheu a l’é tròppo importante», a l’à dito a Sabrina Franzone, l’avvocata da seu Daniela Cella.",a,
"«Son contenta e commòssa, a sentensa d’ancheu a l’é tròppo importante», a l’à dito a Sabrina Franzone, l’avvocata da seu Daniela Cella.",Sabrina,
"«Son contenta e commòssa, a sentensa d’ancheu a l’é tròppo importante», a l’à dito a Sabrina Franzone, l’avvocata da seu Daniela Cella.",Franzone,
"«Son contenta e commòssa, a sentensa d’ancheu a l’é tròppo importante», a l’à dito a Sabrina Franzone, l’avvocata da seu Daniela Cella.",",",
"«Son contenta e commòssa, a sentensa d’ancheu a l’é tròppo importante», a l’à dito a Sabrina Franzone, l’avvocata da seu Daniela Cella.",l,
"«Son contenta e commòssa, a sentensa d’ancheu a l’é tròppo importante», a l’à dito a Sabrina Franzone, l’avvocata da seu Daniela Cella.",’,
"«Son contenta e commòssa, a sentensa d’ancheu a l’é tròppo importante», a l’à dito a Sabrina Franzone, l’avvocata da seu Daniela Cella.",avvocata,
"«Son contenta e commòssa, a sentensa d’ancheu a l’é tròppo importante», a l’à dito a Sabrina Franzone, l’avvocata da seu Daniela Cella.",da,
"«Son contenta e commòssa, a sentensa d’ancheu a l’é tròppo importante», a l’à dito a Sabrina Franzone, l’avvocata da seu Daniela Cella.",seu,
"«Son contenta e commòssa, a sentensa d’ancheu a l’é tròppo importante», a l’à dito a Sabrina Franzone, l’avvocata da seu Daniela Cella.",Daniela,
"«Son contenta e commòssa, a sentensa d’ancheu a l’é tròppo importante», a l’à dito a Sabrina Franzone, l’avvocata da seu Daniela Cella.",Cella,
"«Son contenta e commòssa, a sentensa d’ancheu a l’é tròppo importante», a l’à dito a Sabrina Franzone, l’avvocata da seu Daniela Cella.",.,
E motivaçion da sentensa saian fæte conosce da cjì à 90 giorni.,E,
E motivaçion da sentensa saian fæte conosce da cjì à 90 giorni.,motivaçion,
E motivaçion da sentensa saian fæte conosce da cjì à 90 giorni.,da,
E motivaçion da sentensa saian fæte conosce da cjì à 90 giorni.,sentensa,
E motivaçion da sentensa saian fæte conosce da cjì à 90 giorni.,saian,
E motivaçion da sentensa saian fæte conosce da cjì à 90 giorni.,fæte,
E motivaçion da sentensa saian fæte conosce da cjì à 90 giorni.,conosce,
E motivaçion da sentensa saian fæte conosce da cjì à 90 giorni.,da,
E motivaçion da sentensa saian fæte conosce da cjì à 90 giorni.,cjì,
E motivaçion da sentensa saian fæte conosce da cjì à 90 giorni.,à,
E motivaçion da sentensa saian fæte conosce da cjì à 90 giorni.,90,
E motivaçion da sentensa saian fæte conosce da cjì à 90 giorni.,giorni,
E motivaçion da sentensa saian fæte conosce da cjì à 90 giorni.,.,
"O prescidente da Region Liguria Marco Bucci o l’à nominou i doî neuvi assessoî da seu zonta: son a Claudia Morich, pe chinz’anni à cappo da direçion finançiäia, e o conseggê da Lega Alessio Piana.",O,
"O prescidente da Region Liguria Marco Bucci o l’à nominou i doî neuvi assessoî da seu zonta: son a Claudia Morich, pe chinz’anni à cappo da direçion finançiäia, e o conseggê da Lega Alessio Piana.",prescidente,
"O prescidente da Region Liguria Marco Bucci o l’à nominou i doî neuvi assessoî da seu zonta: son a Claudia Morich, pe chinz’anni à cappo da direçion finançiäia, e o conseggê da Lega Alessio Piana.",da,
"O prescidente da Region Liguria Marco Bucci o l’à nominou i doî neuvi assessoî da seu zonta: son a Claudia Morich, pe chinz’anni à cappo da direçion finançiäia, e o conseggê da Lega Alessio Piana.",Region,
"O prescidente da Region Liguria Marco Bucci o l’à nominou i doî neuvi assessoî da seu zonta: son a Claudia Morich, pe chinz’anni à cappo da direçion finançiäia, e o conseggê da Lega Alessio Piana.",Liguria,
"O prescidente da Region Liguria Marco Bucci o l’à nominou i doî neuvi assessoî da seu zonta: son a Claudia Morich, pe chinz’anni à cappo da direçion finançiäia, e o conseggê da Lega Alessio Piana.",Marco,
"O prescidente da Region Liguria Marco Bucci o l’à nominou i doî neuvi assessoî da seu zonta: son a Claudia Morich, pe chinz’anni à cappo da direçion finançiäia, e o conseggê da Lega Alessio Piana.",Bucci,
"O prescidente da Region Liguria Marco Bucci o l’à nominou i doî neuvi assessoî da seu zonta: son a Claudia Morich, pe chinz’anni à cappo da direçion finançiäia, e o conseggê da Lega Alessio Piana.",o,
"O prescidente da Region Liguria Marco Bucci o l’à nominou i doî neuvi assessoî da seu zonta: son a Claudia Morich, pe chinz’anni à cappo da direçion finançiäia, e o conseggê da Lega Alessio Piana.",l,
"O prescidente da Region Liguria Marco Bucci o l’à nominou i doî neuvi assessoî da seu zonta: son a Claudia Morich, pe chinz’anni à cappo da direçion finançiäia, e o conseggê da Lega Alessio Piana.",’,
"O prescidente da Region Liguria Marco Bucci o l’à nominou i doî neuvi assessoî da seu zonta: son a Claudia Morich, pe chinz’anni à cappo da direçion finançiäia, e o conseggê da Lega Alessio Piana.",à,
"O prescidente da Region Liguria Marco Bucci o l’à nominou i doî neuvi assessoî da seu zonta: son a Claudia Morich, pe chinz’anni à cappo da direçion finançiäia, e o conseggê da Lega Alessio Piana.",nominou,
"O prescidente da Region Liguria Marco Bucci o l’à nominou i doî neuvi assessoî da seu zonta: son a Claudia Morich, pe chinz’anni à cappo da direçion finançiäia, e o conseggê da Lega Alessio Piana.",i,
"O prescidente da Region Liguria Marco Bucci o l’à nominou i doî neuvi assessoî da seu zonta: son a Claudia Morich, pe chinz’anni à cappo da direçion finançiäia, e o conseggê da Lega Alessio Piana.",doî,
"O prescidente da Region Liguria Marco Bucci o l’à nominou i doî neuvi assessoî da seu zonta: son a Claudia Morich, pe chinz’anni à cappo da direçion finançiäia, e o conseggê da Lega Alessio Piana.",neuvi,
"O prescidente da Region Liguria Marco Bucci o l’à nominou i doî neuvi assessoî da seu zonta: son a Claudia Morich, pe chinz’anni à cappo da direçion finançiäia, e o conseggê da Lega Alessio Piana.",assessoî,
"O prescidente da Region Liguria Marco Bucci o l’à nominou i doî neuvi assessoî da seu zonta: son a Claudia Morich, pe chinz’anni à cappo da direçion finançiäia, e o conseggê da Lega Alessio Piana.",da,
"O prescidente da Region Liguria Marco Bucci o l’à nominou i doî neuvi assessoî da seu zonta: son a Claudia Morich, pe chinz’anni à cappo da direçion finançiäia, e o conseggê da Lega Alessio Piana.",seu,
"O prescidente da Region Liguria Marco Bucci o l’à nominou i doî neuvi assessoî da seu zonta: son a Claudia Morich, pe chinz’anni à cappo da direçion finançiäia, e o conseggê da Lega Alessio Piana.",zonta,
"O prescidente da Region Liguria Marco Bucci o l’à nominou i doî neuvi assessoî da seu zonta: son a Claudia Morich, pe chinz’anni à cappo da direçion finançiäia, e o conseggê da Lega Alessio Piana.",:,
"O prescidente da Region Liguria Marco Bucci o l’à nominou i doî neuvi assessoî da seu zonta: son a Claudia Morich, pe chinz’anni à cappo da direçion finançiäia, e o conseggê da Lega Alessio Piana.",son,
"O prescidente da Region Liguria Marco Bucci o l’à nominou i doî neuvi assessoî da seu zonta: son a Claudia Morich, pe chinz’anni à cappo da direçion finançiäia, e o conseggê da Lega Alessio Piana.",a,
"O prescidente da Region Liguria Marco Bucci o l’à nominou i doî neuvi assessoî da seu zonta: son a Claudia Morich, pe chinz’anni à cappo da direçion finançiäia, e o conseggê da Lega Alessio Piana.",Claudia,
"O prescidente da Region Liguria Marco Bucci o l’à nominou i doî neuvi assessoî da seu zonta: son a Claudia Morich, pe chinz’anni à cappo da direçion finançiäia, e o conseggê da Lega Alessio Piana.",Morich,
"O prescidente da Region Liguria Marco Bucci o l’à nominou i doî neuvi assessoî da seu zonta: son a Claudia Morich, pe chinz’anni à cappo da direçion finançiäia, e o conseggê da Lega Alessio Piana.",",",
"O prescidente da Region Liguria Marco Bucci o l’à nominou i doî neuvi assessoî da seu zonta: son a Claudia Morich, pe chinz’anni à cappo da direçion finançiäia, e o conseggê da Lega Alessio Piana.",pe,
"O prescidente da Region Liguria Marco Bucci o l’à nominou i doî neuvi assessoî da seu zonta: son a Claudia Morich, pe chinz’anni à cappo da direçion finançiäia, e o conseggê da Lega Alessio Piana.",chinz,
"O prescidente da Region Liguria Marco Bucci o l’à nominou i doî neuvi assessoî da seu zonta: son a Claudia Morich, pe chinz’anni à cappo da direçion finançiäia, e o conseggê da Lega Alessio Piana.",’,
"O prescidente da Region Liguria Marco Bucci o l’à nominou i doî neuvi assessoî da seu zonta: son a Claudia Morich, pe chinz’anni à cappo da direçion finançiäia, e o conseggê da Lega Alessio Piana.",anni,
"O prescidente da Region Liguria Marco Bucci o l’à nominou i doî neuvi assessoî da seu zonta: son a Claudia Morich, pe chinz’anni à cappo da direçion finançiäia, e o conseggê da Lega Alessio Piana.",à,
"O prescidente da Region Liguria Marco Bucci o l’à nominou i doî neuvi assessoî da seu zonta: son a Claudia Morich, pe chinz’anni à cappo da direçion finançiäia, e o conseggê da Lega Alessio Piana.",cappo,
"O prescidente da Region Liguria Marco Bucci o l’à nominou i doî neuvi assessoî da seu zonta: son a Claudia Morich, pe chinz’anni à cappo da direçion finançiäia, e o conseggê da Lega Alessio Piana.",da,
"O prescidente da Region Liguria Marco Bucci o l’à nominou i doî neuvi assessoî da seu zonta: son a Claudia Morich, pe chinz’anni à cappo da direçion finançiäia, e o conseggê da Lega Alessio Piana.",direçion,
"O prescidente da Region Liguria Marco Bucci o l’à nominou i doî neuvi assessoî da seu zonta: son a Claudia Morich, pe chinz’anni à cappo da direçion finançiäia, e o conseggê da Lega Alessio Piana.",finançiäia,
"O prescidente da Region Liguria Marco Bucci o l’à nominou i doî neuvi assessoî da seu zonta: son a Claudia Morich, pe chinz’anni à cappo da direçion finançiäia, e o conseggê da Lega Alessio Piana.",",",
"O prescidente da Region Liguria Marco Bucci o l’à nominou i doî neuvi assessoî da seu zonta: son a Claudia Morich, pe chinz’anni à cappo da direçion finançiäia, e o conseggê da Lega Alessio Piana.",e,
"O prescidente da Region Liguria Marco Bucci o l’à nominou i doî neuvi assessoî da seu zonta: son a Claudia Morich, pe chinz’anni à cappo da direçion finançiäia, e o conseggê da Lega Alessio Piana.",o,
"O prescidente da Region Liguria Marco Bucci o l’à nominou i doî neuvi assessoî da seu zonta: son a Claudia Morich, pe chinz’anni à cappo da direçion finançiäia, e o conseggê da Lega Alessio Piana.",conseggê,
"O prescidente da Region Liguria Marco Bucci o l’à nominou i doî neuvi assessoî da seu zonta: son a Claudia Morich, pe chinz’anni à cappo da direçion finançiäia, e o conseggê da Lega Alessio Piana.",da,
"O prescidente da Region Liguria Marco Bucci o l’à nominou i doî neuvi assessoî da seu zonta: son a Claudia Morich, pe chinz’anni à cappo da direçion finançiäia, e o conseggê da Lega Alessio Piana.",Lega,
"O prescidente da Region Liguria Marco Bucci o l’à nominou i doî neuvi assessoî da seu zonta: son a Claudia Morich, pe chinz’anni à cappo da direçion finançiäia, e o conseggê da Lega Alessio Piana.",Alessio,
"O prescidente da Region Liguria Marco Bucci o l’à nominou i doî neuvi assessoî da seu zonta: son a Claudia Morich, pe chinz’anni à cappo da direçion finançiäia, e o conseggê da Lega Alessio Piana.",Piana,
"O prescidente da Region Liguria Marco Bucci o l’à nominou i doî neuvi assessoî da seu zonta: son a Claudia Morich, pe chinz’anni à cappo da direçion finançiäia, e o conseggê da Lega Alessio Piana.",.,
I componenti montan coscì à neuve graçie a-a reforma do Statuto e a-a lezze naçionale.,I,
I componenti montan coscì à neuve graçie a-a reforma do Statuto e a-a lezze naçionale.,componenti,
I componenti montan coscì à neuve graçie a-a reforma do Statuto e a-a lezze naçionale.,montan,
I componenti montan coscì à neuve graçie a-a reforma do Statuto e a-a lezze naçionale.,coscì,
I componenti montan coscì à neuve graçie a-a reforma do Statuto e a-a lezze naçionale.,à,
I componenti montan coscì à neuve graçie a-a reforma do Statuto e a-a lezze naçionale.,neuve,
I componenti montan coscì à neuve graçie a-a reforma do Statuto e a-a lezze naçionale.,graçie,
I componenti montan coscì à neuve graçie a-a reforma do Statuto e a-a lezze naçionale.,a-a,
I componenti montan coscì à neuve graçie a-a reforma do Statuto e a-a lezze naçionale.,reforma,
I componenti montan coscì à neuve graçie a-a reforma do Statuto e a-a lezze naçionale.,do,
I componenti montan coscì à neuve graçie a-a reforma do Statuto e a-a lezze naçionale.,Statuto,
I componenti montan coscì à neuve graçie a-a reforma do Statuto e a-a lezze naçionale.,e,
I componenti montan coscì à neuve graçie a-a reforma do Statuto e a-a lezze naçionale.,a-a,
I componenti montan coscì à neuve graçie a-a reforma do Statuto e a-a lezze naçionale.,lezze,
I componenti montan coscì à neuve graçie a-a reforma do Statuto e a-a lezze naçionale.,naçionale,
I componenti montan coscì à neuve graçie a-a reforma do Statuto e a-a lezze naçionale.,.,
A Simona Ferro a vëgne viçeprescidente incangio do Alessandro Piana.,A,
A Simona Ferro a vëgne viçeprescidente incangio do Alessandro Piana.,Simona,
A Simona Ferro a vëgne viçeprescidente incangio do Alessandro Piana.,Ferro,
A Simona Ferro a vëgne viçeprescidente incangio do Alessandro Piana.,a,
A Simona Ferro a vëgne viçeprescidente incangio do Alessandro Piana.,vëgne,
A Simona Ferro a vëgne viçeprescidente incangio do Alessandro Piana.,viçeprescidente,
A Simona Ferro a vëgne viçeprescidente incangio do Alessandro Piana.,incangio,
A Simona Ferro a vëgne viçeprescidente incangio do Alessandro Piana.,do,
A Simona Ferro a vëgne viçeprescidente incangio do Alessandro Piana.,Alessandro,
A Simona Ferro a vëgne viçeprescidente incangio do Alessandro Piana.,Piana,
A Simona Ferro a vëgne viçeprescidente incangio do Alessandro Piana.,.,
O Giacomo Giampedrone o piggia unna neuva delega in sciâ diga do pòrto de Zena e quella à l’Ambiente a va a-o Paolo Ripamonti.,O,
O Giacomo Giampedrone o piggia unna neuva delega in sciâ diga do pòrto de Zena e quella à l’Ambiente a va a-o Paolo Ripamonti.,Giacomo,
O Giacomo Giampedrone o piggia unna neuva delega in sciâ diga do pòrto de Zena e quella à l’Ambiente a va a-o Paolo Ripamonti.,Giampedrone,
O Giacomo Giampedrone o piggia unna neuva delega in sciâ diga do pòrto de Zena e quella à l’Ambiente a va a-o Paolo Ripamonti.,o,
O Giacomo Giampedrone o piggia unna neuva delega in sciâ diga do pòrto de Zena e quella à l’Ambiente a va a-o Paolo Ripamonti.,piggia,
O Giacomo Giampedrone o piggia unna neuva delega in sciâ diga do pòrto de Zena e quella à l’Ambiente a va a-o Paolo Ripamonti.,unna,
O Giacomo Giampedrone o piggia unna neuva delega in sciâ diga do pòrto de Zena e quella à l’Ambiente a va a-o Paolo Ripamonti.,neuva,
O Giacomo Giampedrone o piggia unna neuva delega in sciâ diga do pòrto de Zena e quella à l’Ambiente a va a-o Paolo Ripamonti.,delega,
O Giacomo Giampedrone o piggia unna neuva delega in sciâ diga do pòrto de Zena e quella à l’Ambiente a va a-o Paolo Ripamonti.,in,
O Giacomo Giampedrone o piggia unna neuva delega in sciâ diga do pòrto de Zena e quella à l’Ambiente a va a-o Paolo Ripamonti.,sciâ,
O Giacomo Giampedrone o piggia unna neuva delega in sciâ diga do pòrto de Zena e quella à l’Ambiente a va a-o Paolo Ripamonti.,diga,
O Giacomo Giampedrone o piggia unna neuva delega in sciâ diga do pòrto de Zena e quella à l’Ambiente a va a-o Paolo Ripamonti.,do,
O Giacomo Giampedrone o piggia unna neuva delega in sciâ diga do pòrto de Zena e quella à l’Ambiente a va a-o Paolo Ripamonti.,pòrto,
O Giacomo Giampedrone o piggia unna neuva delega in sciâ diga do pòrto de Zena e quella à l’Ambiente a va a-o Paolo Ripamonti.,de,
O Giacomo Giampedrone o piggia unna neuva delega in sciâ diga do pòrto de Zena e quella à l’Ambiente a va a-o Paolo Ripamonti.,Zena,
O Giacomo Giampedrone o piggia unna neuva delega in sciâ diga do pòrto de Zena e quella à l’Ambiente a va a-o Paolo Ripamonti.,e,
O Giacomo Giampedrone o piggia unna neuva delega in sciâ diga do pòrto de Zena e quella à l’Ambiente a va a-o Paolo Ripamonti.,quella,
O Giacomo Giampedrone o piggia unna neuva delega in sciâ diga do pòrto de Zena e quella à l’Ambiente a va a-o Paolo Ripamonti.,à,
O Giacomo Giampedrone o piggia unna neuva delega in sciâ diga do pòrto de Zena e quella à l’Ambiente a va a-o Paolo Ripamonti.,l,
O Giacomo Giampedrone o piggia unna neuva delega in sciâ diga do pòrto de Zena e quella à l’Ambiente a va a-o Paolo Ripamonti.,’,
O Giacomo Giampedrone o piggia unna neuva delega in sciâ diga do pòrto de Zena e quella à l’Ambiente a va a-o Paolo Ripamonti.,Ambiente,
O Giacomo Giampedrone o piggia unna neuva delega in sciâ diga do pòrto de Zena e quella à l’Ambiente a va a-o Paolo Ripamonti.,a,
O Giacomo Giampedrone o piggia unna neuva delega in sciâ diga do pòrto de Zena e quella à l’Ambiente a va a-o Paolo Ripamonti.,va,
O Giacomo Giampedrone o piggia unna neuva delega in sciâ diga do pòrto de Zena e quella à l’Ambiente a va a-o Paolo Ripamonti.,a-o,
O Giacomo Giampedrone o piggia unna neuva delega in sciâ diga do pòrto de Zena e quella à l’Ambiente a va a-o Paolo Ripamonti.,Paolo,
O Giacomo Giampedrone o piggia unna neuva delega in sciâ diga do pòrto de Zena e quella à l’Ambiente a va a-o Paolo Ripamonti.,Ripamonti,
O Giacomo Giampedrone o piggia unna neuva delega in sciâ diga do pòrto de Zena e quella à l’Ambiente a va a-o Paolo Ripamonti.,.,
O Angelo Vaccarezza o l’avià un incarrego in scê relaçioin internaçionale e i Enti locali.,O,
O Angelo Vaccarezza o l’avià un incarrego in scê relaçioin internaçionale e i Enti locali.,Angelo,
O Angelo Vaccarezza o l’avià un incarrego in scê relaçioin internaçionale e i Enti locali.,Vaccarezza,
O Angelo Vaccarezza o l’avià un incarrego in scê relaçioin internaçionale e i Enti locali.,o,
O Angelo Vaccarezza o l’avià un incarrego in scê relaçioin internaçionale e i Enti locali.,l,
O Angelo Vaccarezza o l’avià un incarrego in scê relaçioin internaçionale e i Enti locali.,’,
O Angelo Vaccarezza o l’avià un incarrego in scê relaçioin internaçionale e i Enti locali.,avià,
O Angelo Vaccarezza o l’avià un incarrego in scê relaçioin internaçionale e i Enti locali.,un,
O Angelo Vaccarezza o l’avià un incarrego in scê relaçioin internaçionale e i Enti locali.,incarrego,
O Angelo Vaccarezza o l’avià un incarrego in scê relaçioin internaçionale e i Enti locali.,in,
O Angelo Vaccarezza o l’avià un incarrego in scê relaçioin internaçionale e i Enti locali.,scê,
O Angelo Vaccarezza o l’avià un incarrego in scê relaçioin internaçionale e i Enti locali.,relaçioin,
O Angelo Vaccarezza o l’avià un incarrego in scê relaçioin internaçionale e i Enti locali.,internaçionale,
O Angelo Vaccarezza o l’avià un incarrego in scê relaçioin internaçionale e i Enti locali.,e,
O Angelo Vaccarezza o l’avià un incarrego in scê relaçioin internaçionale e i Enti locali.,i,
O Angelo Vaccarezza o l’avià un incarrego in scê relaçioin internaçionale e i Enti locali.,Enti,
O Angelo Vaccarezza o l’avià un incarrego in scê relaçioin internaçionale e i Enti locali.,locali,
O Angelo Vaccarezza o l’avià un incarrego in scê relaçioin internaçionale e i Enti locali.,.,
"«A maggioransa a l’é fòrte», o l’à respòsto o Bucci in scê rouxie che vegnieivan da-e liste çiviche.",«,
"«A maggioransa a l’é fòrte», o l’à respòsto o Bucci in scê rouxie che vegnieivan da-e liste çiviche.",A,
"«A maggioransa a l’é fòrte», o l’à respòsto o Bucci in scê rouxie che vegnieivan da-e liste çiviche.",maggioransa,
"«A maggioransa a l’é fòrte», o l’à respòsto o Bucci in scê rouxie che vegnieivan da-e liste çiviche.",a,
"«A maggioransa a l’é fòrte», o l’à respòsto o Bucci in scê rouxie che vegnieivan da-e liste çiviche.",l,
"«A maggioransa a l’é fòrte», o l’à respòsto o Bucci in scê rouxie che vegnieivan da-e liste çiviche.",’,
"«A maggioransa a l’é fòrte», o l’à respòsto o Bucci in scê rouxie che vegnieivan da-e liste çiviche.",é,
"«A maggioransa a l’é fòrte», o l’à respòsto o Bucci in scê rouxie che vegnieivan da-e liste çiviche.",fòrte,
"«A maggioransa a l’é fòrte», o l’à respòsto o Bucci in scê rouxie che vegnieivan da-e liste çiviche.",»,
"«A maggioransa a l’é fòrte», o l’à respòsto o Bucci in scê rouxie che vegnieivan da-e liste çiviche.",",",
"«A maggioransa a l’é fòrte», o l’à respòsto o Bucci in scê rouxie che vegnieivan da-e liste çiviche.",o,
"«A maggioransa a l’é fòrte», o l’à respòsto o Bucci in scê rouxie che vegnieivan da-e liste çiviche.",l,
"«A maggioransa a l’é fòrte», o l’à respòsto o Bucci in scê rouxie che vegnieivan da-e liste çiviche.",’,
"«A maggioransa a l’é fòrte», o l’à respòsto o Bucci in scê rouxie che vegnieivan da-e liste çiviche.",à,
"«A maggioransa a l’é fòrte», o l’à respòsto o Bucci in scê rouxie che vegnieivan da-e liste çiviche.",respòsto,
"«A maggioransa a l’é fòrte», o l’à respòsto o Bucci in scê rouxie che vegnieivan da-e liste çiviche.",o,
"«A maggioransa a l’é fòrte», o l’à respòsto o Bucci in scê rouxie che vegnieivan da-e liste çiviche.",Bucci,
"«A maggioransa a l’é fòrte», o l’à respòsto o Bucci in scê rouxie che vegnieivan da-e liste çiviche.",in,
"«A maggioransa a l’é fòrte», o l’à respòsto o Bucci in scê rouxie che vegnieivan da-e liste çiviche.",scê,
"«A maggioransa a l’é fòrte», o l’à respòsto o Bucci in scê rouxie che vegnieivan da-e liste çiviche.",rouxie,
"«A maggioransa a l’é fòrte», o l’à respòsto o Bucci in scê rouxie che vegnieivan da-e liste çiviche.",che,
"«A maggioransa a l’é fòrte», o l’à respòsto o Bucci in scê rouxie che vegnieivan da-e liste çiviche.",vegnieivan,
"«A maggioransa a l’é fòrte», o l’à respòsto o Bucci in scê rouxie che vegnieivan da-e liste çiviche.",da-e,
"«A maggioransa a l’é fòrte», o l’à respòsto o Bucci in scê rouxie che vegnieivan da-e liste çiviche.",liste,
"«A maggioransa a l’é fòrte», o l’à respòsto o Bucci in scê rouxie che vegnieivan da-e liste çiviche.",çiviche,
"«A maggioransa a l’é fòrte», o l’à respòsto o Bucci in scê rouxie che vegnieivan da-e liste çiviche.",.,
Se votià a-i 22 e 23 de marso pe-o referendum constituçionale in sciâ reforma da giustiçia ch’o prevedde sorviatutto a spartiçion de carree di magistrati.,Se,
Se votià a-i 22 e 23 de marso pe-o referendum constituçionale in sciâ reforma da giustiçia ch’o prevedde sorviatutto a spartiçion de carree di magistrati.,votià,
Se votià a-i 22 e 23 de marso pe-o referendum constituçionale in sciâ reforma da giustiçia ch’o prevedde sorviatutto a spartiçion de carree di magistrati.,a-i,
Se votià a-i 22 e 23 de marso pe-o referendum constituçionale in sciâ reforma da giustiçia ch’o prevedde sorviatutto a spartiçion de carree di magistrati.,22,
Se votià a-i 22 e 23 de marso pe-o referendum constituçionale in sciâ reforma da giustiçia ch’o prevedde sorviatutto a spartiçion de carree di magistrati.,e,
Se votià a-i 22 e 23 de marso pe-o referendum constituçionale in sciâ reforma da giustiçia ch’o prevedde sorviatutto a spartiçion de carree di magistrati.,23,
Se votià a-i 22 e 23 de marso pe-o referendum constituçionale in sciâ reforma da giustiçia ch’o prevedde sorviatutto a spartiçion de carree di magistrati.,de,
Se votià a-i 22 e 23 de marso pe-o referendum constituçionale in sciâ reforma da giustiçia ch’o prevedde sorviatutto a spartiçion de carree di magistrati.,marso,
Se votià a-i 22 e 23 de marso pe-o referendum constituçionale in sciâ reforma da giustiçia ch’o prevedde sorviatutto a spartiçion de carree di magistrati.,pe-o,
Se votià a-i 22 e 23 de marso pe-o referendum constituçionale in sciâ reforma da giustiçia ch’o prevedde sorviatutto a spartiçion de carree di magistrati.,referendum,
Se votià a-i 22 e 23 de marso pe-o referendum constituçionale in sciâ reforma da giustiçia ch’o prevedde sorviatutto a spartiçion de carree di magistrati.,constituçionale,
Se votià a-i 22 e 23 de marso pe-o referendum constituçionale in sciâ reforma da giustiçia ch’o prevedde sorviatutto a spartiçion de carree di magistrati.,in,
Se votià a-i 22 e 23 de marso pe-o referendum constituçionale in sciâ reforma da giustiçia ch’o prevedde sorviatutto a spartiçion de carree di magistrati.,sciâ,
Se votià a-i 22 e 23 de marso pe-o referendum constituçionale in sciâ reforma da giustiçia ch’o prevedde sorviatutto a spartiçion de carree di magistrati.,reforma,
Se votià a-i 22 e 23 de marso pe-o referendum constituçionale in sciâ reforma da giustiçia ch’o prevedde sorviatutto a spartiçion de carree di magistrati.,da,
Se votià a-i 22 e 23 de marso pe-o referendum constituçionale in sciâ reforma da giustiçia ch’o prevedde sorviatutto a spartiçion de carree di magistrati.,giustiçia,
Se votià a-i 22 e 23 de marso pe-o referendum constituçionale in sciâ reforma da giustiçia ch’o prevedde sorviatutto a spartiçion de carree di magistrati.,ch,
Se votià a-i 22 e 23 de marso pe-o referendum constituçionale in sciâ reforma da giustiçia ch’o prevedde sorviatutto a spartiçion de carree di magistrati.,’,
Se votià a-i 22 e 23 de marso pe-o referendum constituçionale in sciâ reforma da giustiçia ch’o prevedde sorviatutto a spartiçion de carree di magistrati.,o,
Se votià a-i 22 e 23 de marso pe-o referendum constituçionale in sciâ reforma da giustiçia ch’o prevedde sorviatutto a spartiçion de carree di magistrati.,prevedde,
Se votià a-i 22 e 23 de marso pe-o referendum constituçionale in sciâ reforma da giustiçia ch’o prevedde sorviatutto a spartiçion de carree di magistrati.,sorviatutto,
Se votià a-i 22 e 23 de marso pe-o referendum constituçionale in sciâ reforma da giustiçia ch’o prevedde sorviatutto a spartiçion de carree di magistrati.,a,
Se votià a-i 22 e 23 de marso pe-o referendum constituçionale in sciâ reforma da giustiçia ch’o prevedde sorviatutto a spartiçion de carree di magistrati.,spartiçion,
Se votià a-i 22 e 23 de marso pe-o referendum constituçionale in sciâ reforma da giustiçia ch’o prevedde sorviatutto a spartiçion de carree di magistrati.,de,
Se votià a-i 22 e 23 de marso pe-o referendum constituçionale in sciâ reforma da giustiçia ch’o prevedde sorviatutto a spartiçion de carree di magistrati.,carree,
Se votià a-i 22 e 23 de marso pe-o referendum constituçionale in sciâ reforma da giustiçia ch’o prevedde sorviatutto a spartiçion de carree di magistrati.,di,
Se votià a-i 22 e 23 de marso pe-o referendum constituçionale in sciâ reforma da giustiçia ch’o prevedde sorviatutto a spartiçion de carree di magistrati.,magistrati,
Se votià a-i 22 e 23 de marso pe-o referendum constituçionale in sciâ reforma da giustiçia ch’o prevedde sorviatutto a spartiçion de carree di magistrati.,.,
A deçixon a l’é stæta piggiâ da-o Conseggio di ministri.,A,
A deçixon a l’é stæta piggiâ da-o Conseggio di ministri.,deçixon,
A deçixon a l’é stæta piggiâ da-o Conseggio di ministri.,a,
A deçixon a l’é stæta piggiâ da-o Conseggio di ministri.,l,
A deçixon a l’é stæta piggiâ da-o Conseggio di ministri.,’,
A deçixon a l’é stæta piggiâ da-o Conseggio di ministri.,é,
A deçixon a l’é stæta piggiâ da-o Conseggio di ministri.,stæta,
A deçixon a l’é stæta piggiâ da-o Conseggio di ministri.,piggiâ,
A deçixon a l’é stæta piggiâ da-o Conseggio di ministri.,da-o,
A deçixon a l’é stæta piggiâ da-o Conseggio di ministri.,Conseggio,
A deçixon a l’é stæta piggiâ da-o Conseggio di ministri.,di,
A deçixon a l’é stæta piggiâ da-o Conseggio di ministri.,ministri,
A deçixon a l’é stæta piggiâ da-o Conseggio di ministri.,.,
L’oppoxiçion a protesta: «O Governo o l’à poia di çittæn informæ».,L,
L’oppoxiçion a protesta: «O Governo o l’à poia di çittæn informæ».,’,
L’oppoxiçion a protesta: «O Governo o l’à poia di çittæn informæ».,oppoxiçion,
L’oppoxiçion a protesta: «O Governo o l’à poia di çittæn informæ».,a,
L’oppoxiçion a protesta: «O Governo o l’à poia di çittæn informæ».,protesta,
L’oppoxiçion a protesta: «O Governo o l’à poia di çittæn informæ».,:,
L’oppoxiçion a protesta: «O Governo o l’à poia di çittæn informæ».,«,
L’oppoxiçion a protesta: «O Governo o l’à poia di çittæn informæ».,O,
L’oppoxiçion a protesta: «O Governo o l’à poia di çittæn informæ».,Governo,
L’oppoxiçion a protesta: «O Governo o l’à poia di çittæn informæ».,o,
L’oppoxiçion a protesta: «O Governo o l’à poia di çittæn informæ».,l,
L’oppoxiçion a protesta: «O Governo o l’à poia di çittæn informæ».,’,
L’oppoxiçion a protesta: «O Governo o l’à poia di çittæn informæ».,à,
L’oppoxiçion a protesta: «O Governo o l’à poia di çittæn informæ».,poia,
L’oppoxiçion a protesta: «O Governo o l’à poia di çittæn informæ».,di,
L’oppoxiçion a protesta: «O Governo o l’à poia di çittæn informæ».,çittæn,
L’oppoxiçion a protesta: «O Governo o l’à poia di çittæn informæ».,informæ,
L’oppoxiçion a protesta: «O Governo o l’à poia di çittæn informæ».,»,
L’oppoxiçion a protesta: «O Governo o l’à poia di çittæn informæ».,.,
Intanto l’iniçiativa popolare pe ottegnî un referendum in sciâ mæxima lezze o l’é arrivou a-o quorum de 500mia firme.,Intanto,
Intanto l’iniçiativa popolare pe ottegnî un referendum in sciâ mæxima lezze o l’é arrivou a-o quorum de 500mia firme.,l,
Intanto l’iniçiativa popolare pe ottegnî un referendum in sciâ mæxima lezze o l’é arrivou a-o quorum de 500mia firme.,’,
Intanto l’iniçiativa popolare pe ottegnî un referendum in sciâ mæxima lezze o l’é arrivou a-o quorum de 500mia firme.,iniçiativa,
Intanto l’iniçiativa popolare pe ottegnî un referendum in sciâ mæxima lezze o l’é arrivou a-o quorum de 500mia firme.,popolare,
Intanto l’iniçiativa popolare pe ottegnî un referendum in sciâ mæxima lezze o l’é arrivou a-o quorum de 500mia firme.,pe,
Intanto l’iniçiativa popolare pe ottegnî un referendum in sciâ mæxima lezze o l’é arrivou a-o quorum de 500mia firme.,ottegnî,
Intanto l’iniçiativa popolare pe ottegnî un referendum in sciâ mæxima lezze o l’é arrivou a-o quorum de 500mia firme.,un,
Intanto l’iniçiativa popolare pe ottegnî un referendum in sciâ mæxima lezze o l’é arrivou a-o quorum de 500mia firme.,referendum,
Intanto l’iniçiativa popolare pe ottegnî un referendum in sciâ mæxima lezze o l’é arrivou a-o quorum de 500mia firme.,in,
Intanto l’iniçiativa popolare pe ottegnî un referendum in sciâ mæxima lezze o l’é arrivou a-o quorum de 500mia firme.,sciâ,
Intanto l’iniçiativa popolare pe ottegnî un referendum in sciâ mæxima lezze o l’é arrivou a-o quorum de 500mia firme.,mæxima,
Intanto l’iniçiativa popolare pe ottegnî un referendum in sciâ mæxima lezze o l’é arrivou a-o quorum de 500mia firme.,lezze,
Intanto l’iniçiativa popolare pe ottegnî un referendum in sciâ mæxima lezze o l’é arrivou a-o quorum de 500mia firme.,o,
Intanto l’iniçiativa popolare pe ottegnî un referendum in sciâ mæxima lezze o l’é arrivou a-o quorum de 500mia firme.,l,
Intanto l’iniçiativa popolare pe ottegnî un referendum in sciâ mæxima lezze o l’é arrivou a-o quorum de 500mia firme.,’,
Intanto l’iniçiativa popolare pe ottegnî un referendum in sciâ mæxima lezze o l’é arrivou a-o quorum de 500mia firme.,é,
Intanto l’iniçiativa popolare pe ottegnî un referendum in sciâ mæxima lezze o l’é arrivou a-o quorum de 500mia firme.,arrivou,
Intanto l’iniçiativa popolare pe ottegnî un referendum in sciâ mæxima lezze o l’é arrivou a-o quorum de 500mia firme.,a-o,
Intanto l’iniçiativa popolare pe ottegnî un referendum in sciâ mæxima lezze o l’é arrivou a-o quorum de 500mia firme.,quorum,
Intanto l’iniçiativa popolare pe ottegnî un referendum in sciâ mæxima lezze o l’é arrivou a-o quorum de 500mia firme.,de,
Intanto l’iniçiativa popolare pe ottegnî un referendum in sciâ mæxima lezze o l’é arrivou a-o quorum de 500mia firme.,500mia,
Intanto l’iniçiativa popolare pe ottegnî un referendum in sciâ mæxima lezze o l’é arrivou a-o quorum de 500mia firme.,firme,
Intanto l’iniçiativa popolare pe ottegnî un referendum in sciâ mæxima lezze o l’é arrivou a-o quorum de 500mia firme.,.,
Contra a delibera do Governo co-a dæta da votaçion i proponenti an presentou un recorso a-o Tar do Laçio.,Contra,
Contra a delibera do Governo co-a dæta da votaçion i proponenti an presentou un recorso a-o Tar do Laçio.,a,
Contra a delibera do Governo co-a dæta da votaçion i proponenti an presentou un recorso a-o Tar do Laçio.,delibera,
Contra a delibera do Governo co-a dæta da votaçion i proponenti an presentou un recorso a-o Tar do Laçio.,do,
Contra a delibera do Governo co-a dæta da votaçion i proponenti an presentou un recorso a-o Tar do Laçio.,Governo,
Contra a delibera do Governo co-a dæta da votaçion i proponenti an presentou un recorso a-o Tar do Laçio.,co-a,
Contra a delibera do Governo co-a dæta da votaçion i proponenti an presentou un recorso a-o Tar do Laçio.,dæta,
Contra a delibera do Governo co-a dæta da votaçion i proponenti an presentou un recorso a-o Tar do Laçio.,da,
Contra a delibera do Governo co-a dæta da votaçion i proponenti an presentou un recorso a-o Tar do Laçio.,votaçion,
Contra a delibera do Governo co-a dæta da votaçion i proponenti an presentou un recorso a-o Tar do Laçio.,i,
Contra a delibera do Governo co-a dæta da votaçion i proponenti an presentou un recorso a-o Tar do Laçio.,proponenti,
Contra a delibera do Governo co-a dæta da votaçion i proponenti an presentou un recorso a-o Tar do Laçio.,an,
Contra a delibera do Governo co-a dæta da votaçion i proponenti an presentou un recorso a-o Tar do Laçio.,presentou,
Contra a delibera do Governo co-a dæta da votaçion i proponenti an presentou un recorso a-o Tar do Laçio.,un,
Contra a delibera do Governo co-a dæta da votaçion i proponenti an presentou un recorso a-o Tar do Laçio.,recorso,
Contra a delibera do Governo co-a dæta da votaçion i proponenti an presentou un recorso a-o Tar do Laçio.,a-o,
Contra a delibera do Governo co-a dæta da votaçion i proponenti an presentou un recorso a-o Tar do Laçio.,Tar,
Contra a delibera do Governo co-a dæta da votaçion i proponenti an presentou un recorso a-o Tar do Laçio.,do,
Contra a delibera do Governo co-a dæta da votaçion i proponenti an presentou un recorso a-o Tar do Laçio.,Laçio,
Contra a delibera do Governo co-a dæta da votaçion i proponenti an presentou un recorso a-o Tar do Laçio.,.,
"I giudiçi amministrativi no an sospeiso o provedimento, ma an fissou a deçixon a-i 27 de zenâ, a meitæ di termini de lezze.",I,
"I giudiçi amministrativi no an sospeiso o provedimento, ma an fissou a deçixon a-i 27 de zenâ, a meitæ di termini de lezze.",giudiçi,
"I giudiçi amministrativi no an sospeiso o provedimento, ma an fissou a deçixon a-i 27 de zenâ, a meitæ di termini de lezze.",amministrativi,
"I giudiçi amministrativi no an sospeiso o provedimento, ma an fissou a deçixon a-i 27 de zenâ, a meitæ di termini de lezze.",no,
"I giudiçi amministrativi no an sospeiso o provedimento, ma an fissou a deçixon a-i 27 de zenâ, a meitæ di termini de lezze.",an,
"I giudiçi amministrativi no an sospeiso o provedimento, ma an fissou a deçixon a-i 27 de zenâ, a meitæ di termini de lezze.",sospeiso,
"I giudiçi amministrativi no an sospeiso o provedimento, ma an fissou a deçixon a-i 27 de zenâ, a meitæ di termini de lezze.",o,
"I giudiçi amministrativi no an sospeiso o provedimento, ma an fissou a deçixon a-i 27 de zenâ, a meitæ di termini de lezze.",provedimento,
"I giudiçi amministrativi no an sospeiso o provedimento, ma an fissou a deçixon a-i 27 de zenâ, a meitæ di termini de lezze.",",",
"I giudiçi amministrativi no an sospeiso o provedimento, ma an fissou a deçixon a-i 27 de zenâ, a meitæ di termini de lezze.",ma,
"I giudiçi amministrativi no an sospeiso o provedimento, ma an fissou a deçixon a-i 27 de zenâ, a meitæ di termini de lezze.",an,
"I giudiçi amministrativi no an sospeiso o provedimento, ma an fissou a deçixon a-i 27 de zenâ, a meitæ di termini de lezze.",fissou,
"I giudiçi amministrativi no an sospeiso o provedimento, ma an fissou a deçixon a-i 27 de zenâ, a meitæ di termini de lezze.",a,
"I giudiçi amministrativi no an sospeiso o provedimento, ma an fissou a deçixon a-i 27 de zenâ, a meitæ di termini de lezze.",deçixon,
"I giudiçi amministrativi no an sospeiso o provedimento, ma an fissou a deçixon a-i 27 de zenâ, a meitæ di termini de lezze.",a-i,
"I giudiçi amministrativi no an sospeiso o provedimento, ma an fissou a deçixon a-i 27 de zenâ, a meitæ di termini de lezze.",27,
"I giudiçi amministrativi no an sospeiso o provedimento, ma an fissou a deçixon a-i 27 de zenâ, a meitæ di termini de lezze.",de,
"I giudiçi amministrativi no an sospeiso o provedimento, ma an fissou a deçixon a-i 27 de zenâ, a meitæ di termini de lezze.",zenâ,
"I giudiçi amministrativi no an sospeiso o provedimento, ma an fissou a deçixon a-i 27 de zenâ, a meitæ di termini de lezze.",",",
"I giudiçi amministrativi no an sospeiso o provedimento, ma an fissou a deçixon a-i 27 de zenâ, a meitæ di termini de lezze.",a,
"I giudiçi amministrativi no an sospeiso o provedimento, ma an fissou a deçixon a-i 27 de zenâ, a meitæ di termini de lezze.",meitæ,
"I giudiçi amministrativi no an sospeiso o provedimento, ma an fissou a deçixon a-i 27 de zenâ, a meitæ di termini de lezze.",di,
"I giudiçi amministrativi no an sospeiso o provedimento, ma an fissou a deçixon a-i 27 de zenâ, a meitæ di termini de lezze.",termini,
"I giudiçi amministrativi no an sospeiso o provedimento, ma an fissou a deçixon a-i 27 de zenâ, a meitæ di termini de lezze.",de,
"I giudiçi amministrativi no an sospeiso o provedimento, ma an fissou a deçixon a-i 27 de zenâ, a meitæ di termini de lezze.",lezze,
"I giudiçi amministrativi no an sospeiso o provedimento, ma an fissou a deçixon a-i 27 de zenâ, a meitæ di termini de lezze.",.,
"O prescidente de l’Autoritæ garante pe-a proteçion di dæti personali Pasquale Stanzione o l’é indagou da-a Procua de Romma, insemme con tutto o Collegio, pe corruçion e destornaçion de dinæ pubrichi.",O,
"O prescidente de l’Autoritæ garante pe-a proteçion di dæti personali Pasquale Stanzione o l’é indagou da-a Procua de Romma, insemme con tutto o Collegio, pe corruçion e destornaçion de dinæ pubrichi.",prescidente,
"O prescidente de l’Autoritæ garante pe-a proteçion di dæti personali Pasquale Stanzione o l’é indagou da-a Procua de Romma, insemme con tutto o Collegio, pe corruçion e destornaçion de dinæ pubrichi.",de,
"O prescidente de l’Autoritæ garante pe-a proteçion di dæti personali Pasquale Stanzione o l’é indagou da-a Procua de Romma, insemme con tutto o Collegio, pe corruçion e destornaçion de dinæ pubrichi.",l,
"O prescidente de l’Autoritæ garante pe-a proteçion di dæti personali Pasquale Stanzione o l’é indagou da-a Procua de Romma, insemme con tutto o Collegio, pe corruçion e destornaçion de dinæ pubrichi.",’,
"O prescidente de l’Autoritæ garante pe-a proteçion di dæti personali Pasquale Stanzione o l’é indagou da-a Procua de Romma, insemme con tutto o Collegio, pe corruçion e destornaçion de dinæ pubrichi.",Autoritæ,
"O prescidente de l’Autoritæ garante pe-a proteçion di dæti personali Pasquale Stanzione o l’é indagou da-a Procua de Romma, insemme con tutto o Collegio, pe corruçion e destornaçion de dinæ pubrichi.",garante,
"O prescidente de l’Autoritæ garante pe-a proteçion di dæti personali Pasquale Stanzione o l’é indagou da-a Procua de Romma, insemme con tutto o Collegio, pe corruçion e destornaçion de dinæ pubrichi.",pe-a,
"O prescidente de l’Autoritæ garante pe-a proteçion di dæti personali Pasquale Stanzione o l’é indagou da-a Procua de Romma, insemme con tutto o Collegio, pe corruçion e destornaçion de dinæ pubrichi.",proteçion,
"O prescidente de l’Autoritæ garante pe-a proteçion di dæti personali Pasquale Stanzione o l’é indagou da-a Procua de Romma, insemme con tutto o Collegio, pe corruçion e destornaçion de dinæ pubrichi.",di,
"O prescidente de l’Autoritæ garante pe-a proteçion di dæti personali Pasquale Stanzione o l’é indagou da-a Procua de Romma, insemme con tutto o Collegio, pe corruçion e destornaçion de dinæ pubrichi.",dæti,
"O prescidente de l’Autoritæ garante pe-a proteçion di dæti personali Pasquale Stanzione o l’é indagou da-a Procua de Romma, insemme con tutto o Collegio, pe corruçion e destornaçion de dinæ pubrichi.",personali,
"O prescidente de l’Autoritæ garante pe-a proteçion di dæti personali Pasquale Stanzione o l’é indagou da-a Procua de Romma, insemme con tutto o Collegio, pe corruçion e destornaçion de dinæ pubrichi.",Pasquale,
"O prescidente de l’Autoritæ garante pe-a proteçion di dæti personali Pasquale Stanzione o l’é indagou da-a Procua de Romma, insemme con tutto o Collegio, pe corruçion e destornaçion de dinæ pubrichi.",Stanzione,
"O prescidente de l’Autoritæ garante pe-a proteçion di dæti personali Pasquale Stanzione o l’é indagou da-a Procua de Romma, insemme con tutto o Collegio, pe corruçion e destornaçion de dinæ pubrichi.",o,
"O prescidente de l’Autoritæ garante pe-a proteçion di dæti personali Pasquale Stanzione o l’é indagou da-a Procua de Romma, insemme con tutto o Collegio, pe corruçion e destornaçion de dinæ pubrichi.",l,
"O prescidente de l’Autoritæ garante pe-a proteçion di dæti personali Pasquale Stanzione o l’é indagou da-a Procua de Romma, insemme con tutto o Collegio, pe corruçion e destornaçion de dinæ pubrichi.",’,
"O prescidente de l’Autoritæ garante pe-a proteçion di dæti personali Pasquale Stanzione o l’é indagou da-a Procua de Romma, insemme con tutto o Collegio, pe corruçion e destornaçion de dinæ pubrichi.",é,
"O prescidente de l’Autoritæ garante pe-a proteçion di dæti personali Pasquale Stanzione o l’é indagou da-a Procua de Romma, insemme con tutto o Collegio, pe corruçion e destornaçion de dinæ pubrichi.",indagou,
"O prescidente de l’Autoritæ garante pe-a proteçion di dæti personali Pasquale Stanzione o l’é indagou da-a Procua de Romma, insemme con tutto o Collegio, pe corruçion e destornaçion de dinæ pubrichi.",da-a,
"O prescidente de l’Autoritæ garante pe-a proteçion di dæti personali Pasquale Stanzione o l’é indagou da-a Procua de Romma, insemme con tutto o Collegio, pe corruçion e destornaçion de dinæ pubrichi.",Procua,
"O prescidente de l’Autoritæ garante pe-a proteçion di dæti personali Pasquale Stanzione o l’é indagou da-a Procua de Romma, insemme con tutto o Collegio, pe corruçion e destornaçion de dinæ pubrichi.",de,
"O prescidente de l’Autoritæ garante pe-a proteçion di dæti personali Pasquale Stanzione o l’é indagou da-a Procua de Romma, insemme con tutto o Collegio, pe corruçion e destornaçion de dinæ pubrichi.",Romma,
"O prescidente de l’Autoritæ garante pe-a proteçion di dæti personali Pasquale Stanzione o l’é indagou da-a Procua de Romma, insemme con tutto o Collegio, pe corruçion e destornaçion de dinæ pubrichi.",",",
"O prescidente de l’Autoritæ garante pe-a proteçion di dæti personali Pasquale Stanzione o l’é indagou da-a Procua de Romma, insemme con tutto o Collegio, pe corruçion e destornaçion de dinæ pubrichi.",insemme,
"O prescidente de l’Autoritæ garante pe-a proteçion di dæti personali Pasquale Stanzione o l’é indagou da-a Procua de Romma, insemme con tutto o Collegio, pe corruçion e destornaçion de dinæ pubrichi.",con,
"O prescidente de l’Autoritæ garante pe-a proteçion di dæti personali Pasquale Stanzione o l’é indagou da-a Procua de Romma, insemme con tutto o Collegio, pe corruçion e destornaçion de dinæ pubrichi.",tutto,
"O prescidente de l’Autoritæ garante pe-a proteçion di dæti personali Pasquale Stanzione o l’é indagou da-a Procua de Romma, insemme con tutto o Collegio, pe corruçion e destornaçion de dinæ pubrichi.",o,
"O prescidente de l’Autoritæ garante pe-a proteçion di dæti personali Pasquale Stanzione o l’é indagou da-a Procua de Romma, insemme con tutto o Collegio, pe corruçion e destornaçion de dinæ pubrichi.",Collegio,
"O prescidente de l’Autoritæ garante pe-a proteçion di dæti personali Pasquale Stanzione o l’é indagou da-a Procua de Romma, insemme con tutto o Collegio, pe corruçion e destornaçion de dinæ pubrichi.",",",
"O prescidente de l’Autoritæ garante pe-a proteçion di dæti personali Pasquale Stanzione o l’é indagou da-a Procua de Romma, insemme con tutto o Collegio, pe corruçion e destornaçion de dinæ pubrichi.",pe,
"O prescidente de l’Autoritæ garante pe-a proteçion di dæti personali Pasquale Stanzione o l’é indagou da-a Procua de Romma, insemme con tutto o Collegio, pe corruçion e destornaçion de dinæ pubrichi.",corruçion,
"O prescidente de l’Autoritæ garante pe-a proteçion di dæti personali Pasquale Stanzione o l’é indagou da-a Procua de Romma, insemme con tutto o Collegio, pe corruçion e destornaçion de dinæ pubrichi.",e,
"O prescidente de l’Autoritæ garante pe-a proteçion di dæti personali Pasquale Stanzione o l’é indagou da-a Procua de Romma, insemme con tutto o Collegio, pe corruçion e destornaçion de dinæ pubrichi.",destornaçion,
"O prescidente de l’Autoritæ garante pe-a proteçion di dæti personali Pasquale Stanzione o l’é indagou da-a Procua de Romma, insemme con tutto o Collegio, pe corruçion e destornaçion de dinæ pubrichi.",de,
"O prescidente de l’Autoritæ garante pe-a proteçion di dæti personali Pasquale Stanzione o l’é indagou da-a Procua de Romma, insemme con tutto o Collegio, pe corruçion e destornaçion de dinæ pubrichi.",dinæ,
"O prescidente de l’Autoritæ garante pe-a proteçion di dæti personali Pasquale Stanzione o l’é indagou da-a Procua de Romma, insemme con tutto o Collegio, pe corruçion e destornaçion de dinæ pubrichi.",pubrichi,
"O prescidente de l’Autoritæ garante pe-a proteçion di dæti personali Pasquale Stanzione o l’é indagou da-a Procua de Romma, insemme con tutto o Collegio, pe corruçion e destornaçion de dinæ pubrichi.",.,
"L’investigaçion a l’ea stæta inandiâ inti meixi passæ dòppo di serviçi mandæ in onda da Report, a-i 15 de zenâ gh’é stæto ascì de perquixiçioin.",L,
"L’investigaçion a l’ea stæta inandiâ inti meixi passæ dòppo di serviçi mandæ in onda da Report, a-i 15 de zenâ gh’é stæto ascì de perquixiçioin.",’,
"L’investigaçion a l’ea stæta inandiâ inti meixi passæ dòppo di serviçi mandæ in onda da Report, a-i 15 de zenâ gh’é stæto ascì de perquixiçioin.",investigaçion,
"L’investigaçion a l’ea stæta inandiâ inti meixi passæ dòppo di serviçi mandæ in onda da Report, a-i 15 de zenâ gh’é stæto ascì de perquixiçioin.",a,
"L’investigaçion a l’ea stæta inandiâ inti meixi passæ dòppo di serviçi mandæ in onda da Report, a-i 15 de zenâ gh’é stæto ascì de perquixiçioin.",l,
"L’investigaçion a l’ea stæta inandiâ inti meixi passæ dòppo di serviçi mandæ in onda da Report, a-i 15 de zenâ gh’é stæto ascì de perquixiçioin.",’,
"L’investigaçion a l’ea stæta inandiâ inti meixi passæ dòppo di serviçi mandæ in onda da Report, a-i 15 de zenâ gh’é stæto ascì de perquixiçioin.",ea,
"L’investigaçion a l’ea stæta inandiâ inti meixi passæ dòppo di serviçi mandæ in onda da Report, a-i 15 de zenâ gh’é stæto ascì de perquixiçioin.",stæta,
"L’investigaçion a l’ea stæta inandiâ inti meixi passæ dòppo di serviçi mandæ in onda da Report, a-i 15 de zenâ gh’é stæto ascì de perquixiçioin.",inandiâ,
"L’investigaçion a l’ea stæta inandiâ inti meixi passæ dòppo di serviçi mandæ in onda da Report, a-i 15 de zenâ gh’é stæto ascì de perquixiçioin.",inti,
"L’investigaçion a l’ea stæta inandiâ inti meixi passæ dòppo di serviçi mandæ in onda da Report, a-i 15 de zenâ gh’é stæto ascì de perquixiçioin.",meixi,
"L’investigaçion a l’ea stæta inandiâ inti meixi passæ dòppo di serviçi mandæ in onda da Report, a-i 15 de zenâ gh’é stæto ascì de perquixiçioin.",passæ,
"L’investigaçion a l’ea stæta inandiâ inti meixi passæ dòppo di serviçi mandæ in onda da Report, a-i 15 de zenâ gh’é stæto ascì de perquixiçioin.",dòppo,
"L’investigaçion a l’ea stæta inandiâ inti meixi passæ dòppo di serviçi mandæ in onda da Report, a-i 15 de zenâ gh’é stæto ascì de perquixiçioin.",di,
"L’investigaçion a l’ea stæta inandiâ inti meixi passæ dòppo di serviçi mandæ in onda da Report, a-i 15 de zenâ gh’é stæto ascì de perquixiçioin.",serviçi,
"L’investigaçion a l’ea stæta inandiâ inti meixi passæ dòppo di serviçi mandæ in onda da Report, a-i 15 de zenâ gh’é stæto ascì de perquixiçioin.",mandæ,
"L’investigaçion a l’ea stæta inandiâ inti meixi passæ dòppo di serviçi mandæ in onda da Report, a-i 15 de zenâ gh’é stæto ascì de perquixiçioin.",in,
"L’investigaçion a l’ea stæta inandiâ inti meixi passæ dòppo di serviçi mandæ in onda da Report, a-i 15 de zenâ gh’é stæto ascì de perquixiçioin.",onda,
"L’investigaçion a l’ea stæta inandiâ inti meixi passæ dòppo di serviçi mandæ in onda da Report, a-i 15 de zenâ gh’é stæto ascì de perquixiçioin.",da,
"L’investigaçion a l’ea stæta inandiâ inti meixi passæ dòppo di serviçi mandæ in onda da Report, a-i 15 de zenâ gh’é stæto ascì de perquixiçioin.",Report,
"L’investigaçion a l’ea stæta inandiâ inti meixi passæ dòppo di serviçi mandæ in onda da Report, a-i 15 de zenâ gh’é stæto ascì de perquixiçioin.",",",
"L’investigaçion a l’ea stæta inandiâ inti meixi passæ dòppo di serviçi mandæ in onda da Report, a-i 15 de zenâ gh’é stæto ascì de perquixiçioin.",a-i,
"L’investigaçion a l’ea stæta inandiâ inti meixi passæ dòppo di serviçi mandæ in onda da Report, a-i 15 de zenâ gh’é stæto ascì de perquixiçioin.",15,
"L’investigaçion a l’ea stæta inandiâ inti meixi passæ dòppo di serviçi mandæ in onda da Report, a-i 15 de zenâ gh’é stæto ascì de perquixiçioin.",de,
"L’investigaçion a l’ea stæta inandiâ inti meixi passæ dòppo di serviçi mandæ in onda da Report, a-i 15 de zenâ gh’é stæto ascì de perquixiçioin.",zenâ,
"L’investigaçion a l’ea stæta inandiâ inti meixi passæ dòppo di serviçi mandæ in onda da Report, a-i 15 de zenâ gh’é stæto ascì de perquixiçioin.",gh,
"L’investigaçion a l’ea stæta inandiâ inti meixi passæ dòppo di serviçi mandæ in onda da Report, a-i 15 de zenâ gh’é stæto ascì de perquixiçioin.",’,
"L’investigaçion a l’ea stæta inandiâ inti meixi passæ dòppo di serviçi mandæ in onda da Report, a-i 15 de zenâ gh’é stæto ascì de perquixiçioin.",é,
"L’investigaçion a l’ea stæta inandiâ inti meixi passæ dòppo di serviçi mandæ in onda da Report, a-i 15 de zenâ gh’é stæto ascì de perquixiçioin.",stæto,
"L’investigaçion a l’ea stæta inandiâ inti meixi passæ dòppo di serviçi mandæ in onda da Report, a-i 15 de zenâ gh’é stæto ascì de perquixiçioin.",ascì,
"L’investigaçion a l’ea stæta inandiâ inti meixi passæ dòppo di serviçi mandæ in onda da Report, a-i 15 de zenâ gh’é stæto ascì de perquixiçioin.",de,
"L’investigaçion a l’ea stæta inandiâ inti meixi passæ dòppo di serviçi mandæ in onda da Report, a-i 15 de zenâ gh’é stæto ascì de perquixiçioin.",perquixiçioin,
"L’investigaçion a l’ea stæta inandiâ inti meixi passæ dòppo di serviçi mandæ in onda da Report, a-i 15 de zenâ gh’é stæto ascì de perquixiçioin.",.,
"Pe l’accusa i indagæ avieivan reçevuo de tessie de l’Ita Airways in cangio de unna sançion mancâ, e avieivan fæto de speise – comme röba da mangiâ, appontamenti da-o perrucchê, viægi e aberghi à çinque stelle – co-i dinæ de l’Autoritæ.",Pe,
"Pe l’accusa i indagæ avieivan reçevuo de tessie de l’Ita Airways in cangio de unna sançion mancâ, e avieivan fæto de speise – comme röba da mangiâ, appontamenti da-o perrucchê, viægi e aberghi à çinque stelle – co-i dinæ de l’Autoritæ.",l,
"Pe l’accusa i indagæ avieivan reçevuo de tessie de l’Ita Airways in cangio de unna sançion mancâ, e avieivan fæto de speise – comme röba da mangiâ, appontamenti da-o perrucchê, viægi e aberghi à çinque stelle – co-i dinæ de l’Autoritæ.",’,
"Pe l’accusa i indagæ avieivan reçevuo de tessie de l’Ita Airways in cangio de unna sançion mancâ, e avieivan fæto de speise – comme röba da mangiâ, appontamenti da-o perrucchê, viægi e aberghi à çinque stelle – co-i dinæ de l’Autoritæ.",accusa,
"Pe l’accusa i indagæ avieivan reçevuo de tessie de l’Ita Airways in cangio de unna sançion mancâ, e avieivan fæto de speise – comme röba da mangiâ, appontamenti da-o perrucchê, viægi e aberghi à çinque stelle – co-i dinæ de l’Autoritæ.",i,
"Pe l’accusa i indagæ avieivan reçevuo de tessie de l’Ita Airways in cangio de unna sançion mancâ, e avieivan fæto de speise – comme röba da mangiâ, appontamenti da-o perrucchê, viægi e aberghi à çinque stelle – co-i dinæ de l’Autoritæ.",indagæ,
"Pe l’accusa i indagæ avieivan reçevuo de tessie de l’Ita Airways in cangio de unna sançion mancâ, e avieivan fæto de speise – comme röba da mangiâ, appontamenti da-o perrucchê, viægi e aberghi à çinque stelle – co-i dinæ de l’Autoritæ.",avieivan,
"Pe l’accusa i indagæ avieivan reçevuo de tessie de l’Ita Airways in cangio de unna sançion mancâ, e avieivan fæto de speise – comme röba da mangiâ, appontamenti da-o perrucchê, viægi e aberghi à çinque stelle – co-i dinæ de l’Autoritæ.",reçevuo,
"Pe l’accusa i indagæ avieivan reçevuo de tessie de l’Ita Airways in cangio de unna sançion mancâ, e avieivan fæto de speise – comme röba da mangiâ, appontamenti da-o perrucchê, viægi e aberghi à çinque stelle – co-i dinæ de l’Autoritæ.",de,
"Pe l’accusa i indagæ avieivan reçevuo de tessie de l’Ita Airways in cangio de unna sançion mancâ, e avieivan fæto de speise – comme röba da mangiâ, appontamenti da-o perrucchê, viægi e aberghi à çinque stelle – co-i dinæ de l’Autoritæ.",tessie,
"Pe l’accusa i indagæ avieivan reçevuo de tessie de l’Ita Airways in cangio de unna sançion mancâ, e avieivan fæto de speise – comme röba da mangiâ, appontamenti da-o perrucchê, viægi e aberghi à çinque stelle – co-i dinæ de l’Autoritæ.",de,
"Pe l’accusa i indagæ avieivan reçevuo de tessie de l’Ita Airways in cangio de unna sançion mancâ, e avieivan fæto de speise – comme röba da mangiâ, appontamenti da-o perrucchê, viægi e aberghi à çinque stelle – co-i dinæ de l’Autoritæ.",l,
"Pe l’accusa i indagæ avieivan reçevuo de tessie de l’Ita Airways in cangio de unna sançion mancâ, e avieivan fæto de speise – comme röba da mangiâ, appontamenti da-o perrucchê, viægi e aberghi à çinque stelle – co-i dinæ de l’Autoritæ.",’,
"Pe l’accusa i indagæ avieivan reçevuo de tessie de l’Ita Airways in cangio de unna sançion mancâ, e avieivan fæto de speise – comme röba da mangiâ, appontamenti da-o perrucchê, viægi e aberghi à çinque stelle – co-i dinæ de l’Autoritæ.",Ita,
"Pe l’accusa i indagæ avieivan reçevuo de tessie de l’Ita Airways in cangio de unna sançion mancâ, e avieivan fæto de speise – comme röba da mangiâ, appontamenti da-o perrucchê, viægi e aberghi à çinque stelle – co-i dinæ de l’Autoritæ.",Airways,
"Pe l’accusa i indagæ avieivan reçevuo de tessie de l’Ita Airways in cangio de unna sançion mancâ, e avieivan fæto de speise – comme röba da mangiâ, appontamenti da-o perrucchê, viægi e aberghi à çinque stelle – co-i dinæ de l’Autoritæ.",in,
"Pe l’accusa i indagæ avieivan reçevuo de tessie de l’Ita Airways in cangio de unna sançion mancâ, e avieivan fæto de speise – comme röba da mangiâ, appontamenti da-o perrucchê, viægi e aberghi à çinque stelle – co-i dinæ de l’Autoritæ.",cangio,
"Pe l’accusa i indagæ avieivan reçevuo de tessie de l’Ita Airways in cangio de unna sançion mancâ, e avieivan fæto de speise – comme röba da mangiâ, appontamenti da-o perrucchê, viægi e aberghi à çinque stelle – co-i dinæ de l’Autoritæ.",de,
"Pe l’accusa i indagæ avieivan reçevuo de tessie de l’Ita Airways in cangio de unna sançion mancâ, e avieivan fæto de speise – comme röba da mangiâ, appontamenti da-o perrucchê, viægi e aberghi à çinque stelle – co-i dinæ de l’Autoritæ.",unna,
"Pe l’accusa i indagæ avieivan reçevuo de tessie de l’Ita Airways in cangio de unna sançion mancâ, e avieivan fæto de speise – comme röba da mangiâ, appontamenti da-o perrucchê, viægi e aberghi à çinque stelle – co-i dinæ de l’Autoritæ.",sançion,
"Pe l’accusa i indagæ avieivan reçevuo de tessie de l’Ita Airways in cangio de unna sançion mancâ, e avieivan fæto de speise – comme röba da mangiâ, appontamenti da-o perrucchê, viægi e aberghi à çinque stelle – co-i dinæ de l’Autoritæ.",mancâ,
"Pe l’accusa i indagæ avieivan reçevuo de tessie de l’Ita Airways in cangio de unna sançion mancâ, e avieivan fæto de speise – comme röba da mangiâ, appontamenti da-o perrucchê, viægi e aberghi à çinque stelle – co-i dinæ de l’Autoritæ.",",",
"Pe l’accusa i indagæ avieivan reçevuo de tessie de l’Ita Airways in cangio de unna sançion mancâ, e avieivan fæto de speise – comme röba da mangiâ, appontamenti da-o perrucchê, viægi e aberghi à çinque stelle – co-i dinæ de l’Autoritæ.",e,
"Pe l’accusa i indagæ avieivan reçevuo de tessie de l’Ita Airways in cangio de unna sançion mancâ, e avieivan fæto de speise – comme röba da mangiâ, appontamenti da-o perrucchê, viægi e aberghi à çinque stelle – co-i dinæ de l’Autoritæ.",avieivan,
"Pe l’accusa i indagæ avieivan reçevuo de tessie de l’Ita Airways in cangio de unna sançion mancâ, e avieivan fæto de speise – comme röba da mangiâ, appontamenti da-o perrucchê, viægi e aberghi à çinque stelle – co-i dinæ de l’Autoritæ.",fæto,
"Pe l’accusa i indagæ avieivan reçevuo de tessie de l’Ita Airways in cangio de unna sançion mancâ, e avieivan fæto de speise – comme röba da mangiâ, appontamenti da-o perrucchê, viægi e aberghi à çinque stelle – co-i dinæ de l’Autoritæ.",de,
"Pe l’accusa i indagæ avieivan reçevuo de tessie de l’Ita Airways in cangio de unna sançion mancâ, e avieivan fæto de speise – comme röba da mangiâ, appontamenti da-o perrucchê, viægi e aberghi à çinque stelle – co-i dinæ de l’Autoritæ.",speise,
"Pe l’accusa i indagæ avieivan reçevuo de tessie de l’Ita Airways in cangio de unna sançion mancâ, e avieivan fæto de speise – comme röba da mangiâ, appontamenti da-o perrucchê, viægi e aberghi à çinque stelle – co-i dinæ de l’Autoritæ.",–,
"Pe l’accusa i indagæ avieivan reçevuo de tessie de l’Ita Airways in cangio de unna sançion mancâ, e avieivan fæto de speise – comme röba da mangiâ, appontamenti da-o perrucchê, viægi e aberghi à çinque stelle – co-i dinæ de l’Autoritæ.",comme,
"Pe l’accusa i indagæ avieivan reçevuo de tessie de l’Ita Airways in cangio de unna sançion mancâ, e avieivan fæto de speise – comme röba da mangiâ, appontamenti da-o perrucchê, viægi e aberghi à çinque stelle – co-i dinæ de l’Autoritæ.",röba,
"Pe l’accusa i indagæ avieivan reçevuo de tessie de l’Ita Airways in cangio de unna sançion mancâ, e avieivan fæto de speise – comme röba da mangiâ, appontamenti da-o perrucchê, viægi e aberghi à çinque stelle – co-i dinæ de l’Autoritæ.",da,
"Pe l’accusa i indagæ avieivan reçevuo de tessie de l’Ita Airways in cangio de unna sançion mancâ, e avieivan fæto de speise – comme röba da mangiâ, appontamenti da-o perrucchê, viægi e aberghi à çinque stelle – co-i dinæ de l’Autoritæ.",mangiâ,
"Pe l’accusa i indagæ avieivan reçevuo de tessie de l’Ita Airways in cangio de unna sançion mancâ, e avieivan fæto de speise – comme röba da mangiâ, appontamenti da-o perrucchê, viægi e aberghi à çinque stelle – co-i dinæ de l’Autoritæ.",",",
"Pe l’accusa i indagæ avieivan reçevuo de tessie de l’Ita Airways in cangio de unna sançion mancâ, e avieivan fæto de speise – comme röba da mangiâ, appontamenti da-o perrucchê, viægi e aberghi à çinque stelle – co-i dinæ de l’Autoritæ.",appontamenti,
"Pe l’accusa i indagæ avieivan reçevuo de tessie de l’Ita Airways in cangio de unna sançion mancâ, e avieivan fæto de speise – comme röba da mangiâ, appontamenti da-o perrucchê, viægi e aberghi à çinque stelle – co-i dinæ de l’Autoritæ.",da-o,
"Pe l’accusa i indagæ avieivan reçevuo de tessie de l’Ita Airways in cangio de unna sançion mancâ, e avieivan fæto de speise – comme röba da mangiâ, appontamenti da-o perrucchê, viægi e aberghi à çinque stelle – co-i dinæ de l’Autoritæ.",perrucchê,
"Pe l’accusa i indagæ avieivan reçevuo de tessie de l’Ita Airways in cangio de unna sançion mancâ, e avieivan fæto de speise – comme röba da mangiâ, appontamenti da-o perrucchê, viægi e aberghi à çinque stelle – co-i dinæ de l’Autoritæ.",",",
"Pe l’accusa i indagæ avieivan reçevuo de tessie de l’Ita Airways in cangio de unna sançion mancâ, e avieivan fæto de speise – comme röba da mangiâ, appontamenti da-o perrucchê, viægi e aberghi à çinque stelle – co-i dinæ de l’Autoritæ.",viægi,
"Pe l’accusa i indagæ avieivan reçevuo de tessie de l’Ita Airways in cangio de unna sançion mancâ, e avieivan fæto de speise – comme röba da mangiâ, appontamenti da-o perrucchê, viægi e aberghi à çinque stelle – co-i dinæ de l’Autoritæ.",e,
"Pe l’accusa i indagæ avieivan reçevuo de tessie de l’Ita Airways in cangio de unna sançion mancâ, e avieivan fæto de speise – comme röba da mangiâ, appontamenti da-o perrucchê, viægi e aberghi à çinque stelle – co-i dinæ de l’Autoritæ.",aberghi,
"Pe l’accusa i indagæ avieivan reçevuo de tessie de l’Ita Airways in cangio de unna sançion mancâ, e avieivan fæto de speise – comme röba da mangiâ, appontamenti da-o perrucchê, viægi e aberghi à çinque stelle – co-i dinæ de l’Autoritæ.",à,
"Pe l’accusa i indagæ avieivan reçevuo de tessie de l’Ita Airways in cangio de unna sançion mancâ, e avieivan fæto de speise – comme röba da mangiâ, appontamenti da-o perrucchê, viægi e aberghi à çinque stelle – co-i dinæ de l’Autoritæ.",çinque,
"Pe l’accusa i indagæ avieivan reçevuo de tessie de l’Ita Airways in cangio de unna sançion mancâ, e avieivan fæto de speise – comme röba da mangiâ, appontamenti da-o perrucchê, viægi e aberghi à çinque stelle – co-i dinæ de l’Autoritæ.",stelle,
"Pe l’accusa i indagæ avieivan reçevuo de tessie de l’Ita Airways in cangio de unna sançion mancâ, e avieivan fæto de speise – comme röba da mangiâ, appontamenti da-o perrucchê, viægi e aberghi à çinque stelle – co-i dinæ de l’Autoritæ.",–,
"Pe l’accusa i indagæ avieivan reçevuo de tessie de l’Ita Airways in cangio de unna sançion mancâ, e avieivan fæto de speise – comme röba da mangiâ, appontamenti da-o perrucchê, viægi e aberghi à çinque stelle – co-i dinæ de l’Autoritæ.",co-i,
"Pe l’accusa i indagæ avieivan reçevuo de tessie de l’Ita Airways in cangio de unna sançion mancâ, e avieivan fæto de speise – comme röba da mangiâ, appontamenti da-o perrucchê, viægi e aberghi à çinque stelle – co-i dinæ de l’Autoritæ.",dinæ,
"Pe l’accusa i indagæ avieivan reçevuo de tessie de l’Ita Airways in cangio de unna sançion mancâ, e avieivan fæto de speise – comme röba da mangiâ, appontamenti da-o perrucchê, viægi e aberghi à çinque stelle – co-i dinæ de l’Autoritæ.",de,
"Pe l’accusa i indagæ avieivan reçevuo de tessie de l’Ita Airways in cangio de unna sançion mancâ, e avieivan fæto de speise – comme röba da mangiâ, appontamenti da-o perrucchê, viægi e aberghi à çinque stelle – co-i dinæ de l’Autoritæ.",l,
"Pe l’accusa i indagæ avieivan reçevuo de tessie de l’Ita Airways in cangio de unna sançion mancâ, e avieivan fæto de speise – comme röba da mangiâ, appontamenti da-o perrucchê, viægi e aberghi à çinque stelle – co-i dinæ de l’Autoritæ.",’,
"Pe l’accusa i indagæ avieivan reçevuo de tessie de l’Ita Airways in cangio de unna sançion mancâ, e avieivan fæto de speise – comme röba da mangiâ, appontamenti da-o perrucchê, viægi e aberghi à çinque stelle – co-i dinæ de l’Autoritæ.",Autoritæ,
"Pe l’accusa i indagæ avieivan reçevuo de tessie de l’Ita Airways in cangio de unna sançion mancâ, e avieivan fæto de speise – comme röba da mangiâ, appontamenti da-o perrucchê, viægi e aberghi à çinque stelle – co-i dinæ de l’Autoritæ.",.,
"«Ninte dimiscioin, anemmo avanti», a deciaraçion do Collegio.",«,
"«Ninte dimiscioin, anemmo avanti», a deciaraçion do Collegio.",Ninte,
"«Ninte dimiscioin, anemmo avanti», a deciaraçion do Collegio.",dimiscioin,
"«Ninte dimiscioin, anemmo avanti», a deciaraçion do Collegio.",",",
"«Ninte dimiscioin, anemmo avanti», a deciaraçion do Collegio.",anemmo,
"«Ninte dimiscioin, anemmo avanti», a deciaraçion do Collegio.",avanti,
"«Ninte dimiscioin, anemmo avanti», a deciaraçion do Collegio.",»,
"«Ninte dimiscioin, anemmo avanti», a deciaraçion do Collegio.",",",
"«Ninte dimiscioin, anemmo avanti», a deciaraçion do Collegio.",a,
"«Ninte dimiscioin, anemmo avanti», a deciaraçion do Collegio.",deciaraçion,
"«Ninte dimiscioin, anemmo avanti», a deciaraçion do Collegio.",do,
"«Ninte dimiscioin, anemmo avanti», a deciaraçion do Collegio.",Collegio,
"«Ninte dimiscioin, anemmo avanti», a deciaraçion do Collegio.",.,
O Alberto Trentini e o Mario Burlò son tornæ in Italia dòppo che son stæti in prexon in Venezuela pe 400 giorni e passa.,O,
O Alberto Trentini e o Mario Burlò son tornæ in Italia dòppo che son stæti in prexon in Venezuela pe 400 giorni e passa.,Alberto,
O Alberto Trentini e o Mario Burlò son tornæ in Italia dòppo che son stæti in prexon in Venezuela pe 400 giorni e passa.,Trentini,
O Alberto Trentini e o Mario Burlò son tornæ in Italia dòppo che son stæti in prexon in Venezuela pe 400 giorni e passa.,e,
O Alberto Trentini e o Mario Burlò son tornæ in Italia dòppo che son stæti in prexon in Venezuela pe 400 giorni e passa.,o,
O Alberto Trentini e o Mario Burlò son tornæ in Italia dòppo che son stæti in prexon in Venezuela pe 400 giorni e passa.,Mario,
O Alberto Trentini e o Mario Burlò son tornæ in Italia dòppo che son stæti in prexon in Venezuela pe 400 giorni e passa.,Burlò,
O Alberto Trentini e o Mario Burlò son tornæ in Italia dòppo che son stæti in prexon in Venezuela pe 400 giorni e passa.,son,
O Alberto Trentini e o Mario Burlò son tornæ in Italia dòppo che son stæti in prexon in Venezuela pe 400 giorni e passa.,tornæ,
O Alberto Trentini e o Mario Burlò son tornæ in Italia dòppo che son stæti in prexon in Venezuela pe 400 giorni e passa.,in,
O Alberto Trentini e o Mario Burlò son tornæ in Italia dòppo che son stæti in prexon in Venezuela pe 400 giorni e passa.,Italia,
O Alberto Trentini e o Mario Burlò son tornæ in Italia dòppo che son stæti in prexon in Venezuela pe 400 giorni e passa.,dòppo,
O Alberto Trentini e o Mario Burlò son tornæ in Italia dòppo che son stæti in prexon in Venezuela pe 400 giorni e passa.,che,
O Alberto Trentini e o Mario Burlò son tornæ in Italia dòppo che son stæti in prexon in Venezuela pe 400 giorni e passa.,son,
O Alberto Trentini e o Mario Burlò son tornæ in Italia dòppo che son stæti in prexon in Venezuela pe 400 giorni e passa.,stæti,
O Alberto Trentini e o Mario Burlò son tornæ in Italia dòppo che son stæti in prexon in Venezuela pe 400 giorni e passa.,in,
O Alberto Trentini e o Mario Burlò son tornæ in Italia dòppo che son stæti in prexon in Venezuela pe 400 giorni e passa.,prexon,
O Alberto Trentini e o Mario Burlò son tornæ in Italia dòppo che son stæti in prexon in Venezuela pe 400 giorni e passa.,in,
O Alberto Trentini e o Mario Burlò son tornæ in Italia dòppo che son stæti in prexon in Venezuela pe 400 giorni e passa.,Venezuela,
O Alberto Trentini e o Mario Burlò son tornæ in Italia dòppo che son stæti in prexon in Venezuela pe 400 giorni e passa.,pe,
O Alberto Trentini e o Mario Burlò son tornæ in Italia dòppo che son stæti in prexon in Venezuela pe 400 giorni e passa.,400,
O Alberto Trentini e o Mario Burlò son tornæ in Italia dòppo che son stæti in prexon in Venezuela pe 400 giorni e passa.,giorni,
O Alberto Trentini e o Mario Burlò son tornæ in Italia dòppo che son stæti in prexon in Venezuela pe 400 giorni e passa.,e,
O Alberto Trentini e o Mario Burlò son tornæ in Italia dòppo che son stæti in prexon in Venezuela pe 400 giorni e passa.,passa,
O Alberto Trentini e o Mario Burlò son tornæ in Italia dòppo che son stæti in prexon in Venezuela pe 400 giorni e passa.,.,
"I doî italien, liberæ apreuvo à l’arresto do prescidente Maduro, son stæti reçevui à Ciampino da-a prescidente Meloni e da-o ministr Tajani.",I,
"I doî italien, liberæ apreuvo à l’arresto do prescidente Maduro, son stæti reçevui à Ciampino da-a prescidente Meloni e da-o ministr Tajani.",doî,
"I doî italien, liberæ apreuvo à l’arresto do prescidente Maduro, son stæti reçevui à Ciampino da-a prescidente Meloni e da-o ministr Tajani.",italien,
"I doî italien, liberæ apreuvo à l’arresto do prescidente Maduro, son stæti reçevui à Ciampino da-a prescidente Meloni e da-o ministr Tajani.",",",
"I doî italien, liberæ apreuvo à l’arresto do prescidente Maduro, son stæti reçevui à Ciampino da-a prescidente Meloni e da-o ministr Tajani.",liberæ,
"I doî italien, liberæ apreuvo à l’arresto do prescidente Maduro, son stæti reçevui à Ciampino da-a prescidente Meloni e da-o ministr Tajani.",apreuvo,
"I doî italien, liberæ apreuvo à l’arresto do prescidente Maduro, son stæti reçevui à Ciampino da-a prescidente Meloni e da-o ministr Tajani.",à,
"I doî italien, liberæ apreuvo à l’arresto do prescidente Maduro, son stæti reçevui à Ciampino da-a prescidente Meloni e da-o ministr Tajani.",l,
"I doî italien, liberæ apreuvo à l’arresto do prescidente Maduro, son stæti reçevui à Ciampino da-a prescidente Meloni e da-o ministr Tajani.",’,
"I doî italien, liberæ apreuvo à l’arresto do prescidente Maduro, son stæti reçevui à Ciampino da-a prescidente Meloni e da-o ministr Tajani.",arresto,
"I doî italien, liberæ apreuvo à l’arresto do prescidente Maduro, son stæti reçevui à Ciampino da-a prescidente Meloni e da-o ministr Tajani.",do,
"I doî italien, liberæ apreuvo à l’arresto do prescidente Maduro, son stæti reçevui à Ciampino da-a prescidente Meloni e da-o ministr Tajani.",prescidente,
"I doî italien, liberæ apreuvo à l’arresto do prescidente Maduro, son stæti reçevui à Ciampino da-a prescidente Meloni e da-o ministr Tajani.",Maduro,
"I doî italien, liberæ apreuvo à l’arresto do prescidente Maduro, son stæti reçevui à Ciampino da-a prescidente Meloni e da-o ministr Tajani.",",",
"I doî italien, liberæ apreuvo à l’arresto do prescidente Maduro, son stæti reçevui à Ciampino da-a prescidente Meloni e da-o ministr Tajani.",son,
"I doî italien, liberæ apreuvo à l’arresto do prescidente Maduro, son stæti reçevui à Ciampino da-a prescidente Meloni e da-o ministr Tajani.",stæti,
"I doî italien, liberæ apreuvo à l’arresto do prescidente Maduro, son stæti reçevui à Ciampino da-a prescidente Meloni e da-o ministr Tajani.",reçevui,
"I doî italien, liberæ apreuvo à l’arresto do prescidente Maduro, son stæti reçevui à Ciampino da-a prescidente Meloni e da-o ministr Tajani.",à,
"I doî italien, liberæ apreuvo à l’arresto do prescidente Maduro, son stæti reçevui à Ciampino da-a prescidente Meloni e da-o ministr Tajani.",Ciampino,
"I doî italien, liberæ apreuvo à l’arresto do prescidente Maduro, son stæti reçevui à Ciampino da-a prescidente Meloni e da-o ministr Tajani.",da-a,
"I doî italien, liberæ apreuvo à l’arresto do prescidente Maduro, son stæti reçevui à Ciampino da-a prescidente Meloni e da-o ministr Tajani.",prescidente,
"I doî italien, liberæ apreuvo à l’arresto do prescidente Maduro, son stæti reçevui à Ciampino da-a prescidente Meloni e da-o ministr Tajani.",Meloni,
"I doî italien, liberæ apreuvo à l’arresto do prescidente Maduro, son stæti reçevui à Ciampino da-a prescidente Meloni e da-o ministr Tajani.",e,
"I doî italien, liberæ apreuvo à l’arresto do prescidente Maduro, son stæti reçevui à Ciampino da-a prescidente Meloni e da-o ministr Tajani.",da-o,
"I doî italien, liberæ apreuvo à l’arresto do prescidente Maduro, son stæti reçevui à Ciampino da-a prescidente Meloni e da-o ministr Tajani.",ministr,
"I doî italien, liberæ apreuvo à l’arresto do prescidente Maduro, son stæti reçevui à Ciampino da-a prescidente Meloni e da-o ministr Tajani.",Tajani,
"I doî italien, liberæ apreuvo à l’arresto do prescidente Maduro, son stæti reçevui à Ciampino da-a prescidente Meloni e da-o ministr Tajani.",.,
«A nòstra contentessa a gh’à un prexo ertiscimo – o l’à dito o Trentini – gh’emmo beseugno de sënitæ ma i patimenti no se scassan».,«,
«A nòstra contentessa a gh’à un prexo ertiscimo – o l’à dito o Trentini – gh’emmo beseugno de sënitæ ma i patimenti no se scassan».,A,
«A nòstra contentessa a gh’à un prexo ertiscimo – o l’à dito o Trentini – gh’emmo beseugno de sënitæ ma i patimenti no se scassan».,nòstra,
«A nòstra contentessa a gh’à un prexo ertiscimo – o l’à dito o Trentini – gh’emmo beseugno de sënitæ ma i patimenti no se scassan».,contentessa,
«A nòstra contentessa a gh’à un prexo ertiscimo – o l’à dito o Trentini – gh’emmo beseugno de sënitæ ma i patimenti no se scassan».,a,
«A nòstra contentessa a gh’à un prexo ertiscimo – o l’à dito o Trentini – gh’emmo beseugno de sënitæ ma i patimenti no se scassan».,gh,
«A nòstra contentessa a gh’à un prexo ertiscimo – o l’à dito o Trentini – gh’emmo beseugno de sënitæ ma i patimenti no se scassan».,’,
«A nòstra contentessa a gh’à un prexo ertiscimo – o l’à dito o Trentini – gh’emmo beseugno de sënitæ ma i patimenti no se scassan».,à,
«A nòstra contentessa a gh’à un prexo ertiscimo – o l’à dito o Trentini – gh’emmo beseugno de sënitæ ma i patimenti no se scassan».,un,
«A nòstra contentessa a gh’à un prexo ertiscimo – o l’à dito o Trentini – gh’emmo beseugno de sënitæ ma i patimenti no se scassan».,prexo,
«A nòstra contentessa a gh’à un prexo ertiscimo – o l’à dito o Trentini – gh’emmo beseugno de sënitæ ma i patimenti no se scassan».,ertiscimo,
«A nòstra contentessa a gh’à un prexo ertiscimo – o l’à dito o Trentini – gh’emmo beseugno de sënitæ ma i patimenti no se scassan».,–,
«A nòstra contentessa a gh’à un prexo ertiscimo – o l’à dito o Trentini – gh’emmo beseugno de sënitæ ma i patimenti no se scassan».,o,
«A nòstra contentessa a gh’à un prexo ertiscimo – o l’à dito o Trentini – gh’emmo beseugno de sënitæ ma i patimenti no se scassan».,l,
«A nòstra contentessa a gh’à un prexo ertiscimo – o l’à dito o Trentini – gh’emmo beseugno de sënitæ ma i patimenti no se scassan».,’,
«A nòstra contentessa a gh’à un prexo ertiscimo – o l’à dito o Trentini – gh’emmo beseugno de sënitæ ma i patimenti no se scassan».,à,
«A nòstra contentessa a gh’à un prexo ertiscimo – o l’à dito o Trentini – gh’emmo beseugno de sënitæ ma i patimenti no se scassan».,dito,
«A nòstra contentessa a gh’à un prexo ertiscimo – o l’à dito o Trentini – gh’emmo beseugno de sënitæ ma i patimenti no se scassan».,o,
«A nòstra contentessa a gh’à un prexo ertiscimo – o l’à dito o Trentini – gh’emmo beseugno de sënitæ ma i patimenti no se scassan».,Trentini,
«A nòstra contentessa a gh’à un prexo ertiscimo – o l’à dito o Trentini – gh’emmo beseugno de sënitæ ma i patimenti no se scassan».,–,
«A nòstra contentessa a gh’à un prexo ertiscimo – o l’à dito o Trentini – gh’emmo beseugno de sënitæ ma i patimenti no se scassan».,gh,
«A nòstra contentessa a gh’à un prexo ertiscimo – o l’à dito o Trentini – gh’emmo beseugno de sënitæ ma i patimenti no se scassan».,’,
«A nòstra contentessa a gh’à un prexo ertiscimo – o l’à dito o Trentini – gh’emmo beseugno de sënitæ ma i patimenti no se scassan».,emmo,
«A nòstra contentessa a gh’à un prexo ertiscimo – o l’à dito o Trentini – gh’emmo beseugno de sënitæ ma i patimenti no se scassan».,beseugno,
«A nòstra contentessa a gh’à un prexo ertiscimo – o l’à dito o Trentini – gh’emmo beseugno de sënitæ ma i patimenti no se scassan».,de,
«A nòstra contentessa a gh’à un prexo ertiscimo – o l’à dito o Trentini – gh’emmo beseugno de sënitæ ma i patimenti no se scassan».,sënitæ,
«A nòstra contentessa a gh’à un prexo ertiscimo – o l’à dito o Trentini – gh’emmo beseugno de sënitæ ma i patimenti no se scassan».,ma,
«A nòstra contentessa a gh’à un prexo ertiscimo – o l’à dito o Trentini – gh’emmo beseugno de sënitæ ma i patimenti no se scassan».,i,
«A nòstra contentessa a gh’à un prexo ertiscimo – o l’à dito o Trentini – gh’emmo beseugno de sënitæ ma i patimenti no se scassan».,patimenti,
«A nòstra contentessa a gh’à un prexo ertiscimo – o l’à dito o Trentini – gh’emmo beseugno de sënitæ ma i patimenti no se scassan».,no,
«A nòstra contentessa a gh’à un prexo ertiscimo – o l’à dito o Trentini – gh’emmo beseugno de sënitæ ma i patimenti no se scassan».,se,
«A nòstra contentessa a gh’à un prexo ertiscimo – o l’à dito o Trentini – gh’emmo beseugno de sënitæ ma i patimenti no se scassan».,scassan,
«A nòstra contentessa a gh’à un prexo ertiscimo – o l’à dito o Trentini – gh’emmo beseugno de sënitæ ma i patimenti no se scassan».,»,
«A nòstra contentessa a gh’à un prexo ertiscimo – o l’à dito o Trentini – gh’emmo beseugno de sënitæ ma i patimenti no se scassan».,.,
"«A l’é stæta ben ben dua», o commento do Burlò.",«,
"«A l’é stæta ben ben dua», o commento do Burlò.",A,
"«A l’é stæta ben ben dua», o commento do Burlò.",l,
"«A l’é stæta ben ben dua», o commento do Burlò.",’,
"«A l’é stæta ben ben dua», o commento do Burlò.",é,
"«A l’é stæta ben ben dua», o commento do Burlò.",stæta,
"«A l’é stæta ben ben dua», o commento do Burlò.",ben,
"«A l’é stæta ben ben dua», o commento do Burlò.",ben,
"«A l’é stæta ben ben dua», o commento do Burlò.",dua,
"«A l’é stæta ben ben dua», o commento do Burlò.",»,
"«A l’é stæta ben ben dua», o commento do Burlò.",",",
"«A l’é stæta ben ben dua», o commento do Burlò.",o,
"«A l’é stæta ben ben dua», o commento do Burlò.",commento,
"«A l’é stæta ben ben dua», o commento do Burlò.",do,
"«A l’é stæta ben ben dua», o commento do Burlò.",Burlò,
"«A l’é stæta ben ben dua», o commento do Burlò.",.,
A diplomaçia e i serviçi segretti son a-o travaggio pe portâ inderê atri 42 italien.,A,
A diplomaçia e i serviçi segretti son a-o travaggio pe portâ inderê atri 42 italien.,diplomaçia,
A diplomaçia e i serviçi segretti son a-o travaggio pe portâ inderê atri 42 italien.,e,
A diplomaçia e i serviçi segretti son a-o travaggio pe portâ inderê atri 42 italien.,i,
A diplomaçia e i serviçi segretti son a-o travaggio pe portâ inderê atri 42 italien.,serviçi,
A diplomaçia e i serviçi segretti son a-o travaggio pe portâ inderê atri 42 italien.,segretti,
A diplomaçia e i serviçi segretti son a-o travaggio pe portâ inderê atri 42 italien.,son,
A diplomaçia e i serviçi segretti son a-o travaggio pe portâ inderê atri 42 italien.,a-o,
A diplomaçia e i serviçi segretti son a-o travaggio pe portâ inderê atri 42 italien.,travaggio,
A diplomaçia e i serviçi segretti son a-o travaggio pe portâ inderê atri 42 italien.,pe,
A diplomaçia e i serviçi segretti son a-o travaggio pe portâ inderê atri 42 italien.,portâ,
A diplomaçia e i serviçi segretti son a-o travaggio pe portâ inderê atri 42 italien.,inderê,
A diplomaçia e i serviçi segretti son a-o travaggio pe portâ inderê atri 42 italien.,atri,
A diplomaçia e i serviçi segretti son a-o travaggio pe portâ inderê atri 42 italien.,42,
A diplomaçia e i serviçi segretti son a-o travaggio pe portâ inderê atri 42 italien.,italien,
A diplomaçia e i serviçi segretti son a-o travaggio pe portâ inderê atri 42 italien.,.,
Miggiæa de mòrti in Iran pe-e proteste contra o regimme di ayatollah.,Miggiæa,
Miggiæa de mòrti in Iran pe-e proteste contra o regimme di ayatollah.,de,
Miggiæa de mòrti in Iran pe-e proteste contra o regimme di ayatollah.,mòrti,
Miggiæa de mòrti in Iran pe-e proteste contra o regimme di ayatollah.,in,
Miggiæa de mòrti in Iran pe-e proteste contra o regimme di ayatollah.,Iran,
Miggiæa de mòrti in Iran pe-e proteste contra o regimme di ayatollah.,pe-e,
Miggiæa de mòrti in Iran pe-e proteste contra o regimme di ayatollah.,proteste,
Miggiæa de mòrti in Iran pe-e proteste contra o regimme di ayatollah.,contra,
Miggiæa de mòrti in Iran pe-e proteste contra o regimme di ayatollah.,o,
Miggiæa de mòrti in Iran pe-e proteste contra o regimme di ayatollah.,regimme,
Miggiæa de mòrti in Iran pe-e proteste contra o regimme di ayatollah.,di,
Miggiæa de mòrti in Iran pe-e proteste contra o regimme di ayatollah.,ayatollah,
Miggiæa de mòrti in Iran pe-e proteste contra o regimme di ayatollah.,.,
"Iran International o l’à astimmou a-o manco 12mia vittime, e ciù tante sotta i 30 anni, pe-o governo son 3mia compreiso a poliçia.",Iran,
"Iran International o l’à astimmou a-o manco 12mia vittime, e ciù tante sotta i 30 anni, pe-o governo son 3mia compreiso a poliçia.",International,
"Iran International o l’à astimmou a-o manco 12mia vittime, e ciù tante sotta i 30 anni, pe-o governo son 3mia compreiso a poliçia.",o,
"Iran International o l’à astimmou a-o manco 12mia vittime, e ciù tante sotta i 30 anni, pe-o governo son 3mia compreiso a poliçia.",l,
"Iran International o l’à astimmou a-o manco 12mia vittime, e ciù tante sotta i 30 anni, pe-o governo son 3mia compreiso a poliçia.",’,
"Iran International o l’à astimmou a-o manco 12mia vittime, e ciù tante sotta i 30 anni, pe-o governo son 3mia compreiso a poliçia.",à,
"Iran International o l’à astimmou a-o manco 12mia vittime, e ciù tante sotta i 30 anni, pe-o governo son 3mia compreiso a poliçia.",astimmou,
"Iran International o l’à astimmou a-o manco 12mia vittime, e ciù tante sotta i 30 anni, pe-o governo son 3mia compreiso a poliçia.",a-o,
"Iran International o l’à astimmou a-o manco 12mia vittime, e ciù tante sotta i 30 anni, pe-o governo son 3mia compreiso a poliçia.",manco,
"Iran International o l’à astimmou a-o manco 12mia vittime, e ciù tante sotta i 30 anni, pe-o governo son 3mia compreiso a poliçia.",12mia,
"Iran International o l’à astimmou a-o manco 12mia vittime, e ciù tante sotta i 30 anni, pe-o governo son 3mia compreiso a poliçia.",vittime,
"Iran International o l’à astimmou a-o manco 12mia vittime, e ciù tante sotta i 30 anni, pe-o governo son 3mia compreiso a poliçia.",",",
"Iran International o l’à astimmou a-o manco 12mia vittime, e ciù tante sotta i 30 anni, pe-o governo son 3mia compreiso a poliçia.",e,
"Iran International o l’à astimmou a-o manco 12mia vittime, e ciù tante sotta i 30 anni, pe-o governo son 3mia compreiso a poliçia.",ciù,
"Iran International o l’à astimmou a-o manco 12mia vittime, e ciù tante sotta i 30 anni, pe-o governo son 3mia compreiso a poliçia.",tante,
"Iran International o l’à astimmou a-o manco 12mia vittime, e ciù tante sotta i 30 anni, pe-o governo son 3mia compreiso a poliçia.",sotta,
"Iran International o l’à astimmou a-o manco 12mia vittime, e ciù tante sotta i 30 anni, pe-o governo son 3mia compreiso a poliçia.",i,
"Iran International o l’à astimmou a-o manco 12mia vittime, e ciù tante sotta i 30 anni, pe-o governo son 3mia compreiso a poliçia.",30,
"Iran International o l’à astimmou a-o manco 12mia vittime, e ciù tante sotta i 30 anni, pe-o governo son 3mia compreiso a poliçia.",anni,
"Iran International o l’à astimmou a-o manco 12mia vittime, e ciù tante sotta i 30 anni, pe-o governo son 3mia compreiso a poliçia.",",",
"Iran International o l’à astimmou a-o manco 12mia vittime, e ciù tante sotta i 30 anni, pe-o governo son 3mia compreiso a poliçia.",pe-o,
"Iran International o l’à astimmou a-o manco 12mia vittime, e ciù tante sotta i 30 anni, pe-o governo son 3mia compreiso a poliçia.",governo,
"Iran International o l’à astimmou a-o manco 12mia vittime, e ciù tante sotta i 30 anni, pe-o governo son 3mia compreiso a poliçia.",son,
"Iran International o l’à astimmou a-o manco 12mia vittime, e ciù tante sotta i 30 anni, pe-o governo son 3mia compreiso a poliçia.",3mia,
"Iran International o l’à astimmou a-o manco 12mia vittime, e ciù tante sotta i 30 anni, pe-o governo son 3mia compreiso a poliçia.",compreiso,
"Iran International o l’à astimmou a-o manco 12mia vittime, e ciù tante sotta i 30 anni, pe-o governo son 3mia compreiso a poliçia.",a,
"Iran International o l’à astimmou a-o manco 12mia vittime, e ciù tante sotta i 30 anni, pe-o governo son 3mia compreiso a poliçia.",poliçia,
"Iran International o l’à astimmou a-o manco 12mia vittime, e ciù tante sotta i 30 anni, pe-o governo son 3mia compreiso a poliçia.",.,
"O prescidente american Donald Trump o l’à sponciou i manifestanti à anâ avanti e piggiâ o contròllo de instituçioin: «L’aggiutto o l’é in arrivo», o l’à promisso.",O,
"O prescidente american Donald Trump o l’à sponciou i manifestanti à anâ avanti e piggiâ o contròllo de instituçioin: «L’aggiutto o l’é in arrivo», o l’à promisso.",prescidente,
"O prescidente american Donald Trump o l’à sponciou i manifestanti à anâ avanti e piggiâ o contròllo de instituçioin: «L’aggiutto o l’é in arrivo», o l’à promisso.",american,
"O prescidente american Donald Trump o l’à sponciou i manifestanti à anâ avanti e piggiâ o contròllo de instituçioin: «L’aggiutto o l’é in arrivo», o l’à promisso.",Donald,
"O prescidente american Donald Trump o l’à sponciou i manifestanti à anâ avanti e piggiâ o contròllo de instituçioin: «L’aggiutto o l’é in arrivo», o l’à promisso.",Trump,
"O prescidente american Donald Trump o l’à sponciou i manifestanti à anâ avanti e piggiâ o contròllo de instituçioin: «L’aggiutto o l’é in arrivo», o l’à promisso.",o,
"O prescidente american Donald Trump o l’à sponciou i manifestanti à anâ avanti e piggiâ o contròllo de instituçioin: «L’aggiutto o l’é in arrivo», o l’à promisso.",l,
"O prescidente american Donald Trump o l’à sponciou i manifestanti à anâ avanti e piggiâ o contròllo de instituçioin: «L’aggiutto o l’é in arrivo», o l’à promisso.",’,
"O prescidente american Donald Trump o l’à sponciou i manifestanti à anâ avanti e piggiâ o contròllo de instituçioin: «L’aggiutto o l’é in arrivo», o l’à promisso.",à,
"O prescidente american Donald Trump o l’à sponciou i manifestanti à anâ avanti e piggiâ o contròllo de instituçioin: «L’aggiutto o l’é in arrivo», o l’à promisso.",sponciou,
"O prescidente american Donald Trump o l’à sponciou i manifestanti à anâ avanti e piggiâ o contròllo de instituçioin: «L’aggiutto o l’é in arrivo», o l’à promisso.",i,
"O prescidente american Donald Trump o l’à sponciou i manifestanti à anâ avanti e piggiâ o contròllo de instituçioin: «L’aggiutto o l’é in arrivo», o l’à promisso.",manifestanti,
"O prescidente american Donald Trump o l’à sponciou i manifestanti à anâ avanti e piggiâ o contròllo de instituçioin: «L’aggiutto o l’é in arrivo», o l’à promisso.",à,
"O prescidente american Donald Trump o l’à sponciou i manifestanti à anâ avanti e piggiâ o contròllo de instituçioin: «L’aggiutto o l’é in arrivo», o l’à promisso.",anâ,
"O prescidente american Donald Trump o l’à sponciou i manifestanti à anâ avanti e piggiâ o contròllo de instituçioin: «L’aggiutto o l’é in arrivo», o l’à promisso.",avanti,
"O prescidente american Donald Trump o l’à sponciou i manifestanti à anâ avanti e piggiâ o contròllo de instituçioin: «L’aggiutto o l’é in arrivo», o l’à promisso.",e,
"O prescidente american Donald Trump o l’à sponciou i manifestanti à anâ avanti e piggiâ o contròllo de instituçioin: «L’aggiutto o l’é in arrivo», o l’à promisso.",piggiâ,
"O prescidente american Donald Trump o l’à sponciou i manifestanti à anâ avanti e piggiâ o contròllo de instituçioin: «L’aggiutto o l’é in arrivo», o l’à promisso.",o,
"O prescidente american Donald Trump o l’à sponciou i manifestanti à anâ avanti e piggiâ o contròllo de instituçioin: «L’aggiutto o l’é in arrivo», o l’à promisso.",contròllo,
"O prescidente american Donald Trump o l’à sponciou i manifestanti à anâ avanti e piggiâ o contròllo de instituçioin: «L’aggiutto o l’é in arrivo», o l’à promisso.",de,
"O prescidente american Donald Trump o l’à sponciou i manifestanti à anâ avanti e piggiâ o contròllo de instituçioin: «L’aggiutto o l’é in arrivo», o l’à promisso.",instituçioin,
"O prescidente american Donald Trump o l’à sponciou i manifestanti à anâ avanti e piggiâ o contròllo de instituçioin: «L’aggiutto o l’é in arrivo», o l’à promisso.",:,
"O prescidente american Donald Trump o l’à sponciou i manifestanti à anâ avanti e piggiâ o contròllo de instituçioin: «L’aggiutto o l’é in arrivo», o l’à promisso.",«,
"O prescidente american Donald Trump o l’à sponciou i manifestanti à anâ avanti e piggiâ o contròllo de instituçioin: «L’aggiutto o l’é in arrivo», o l’à promisso.",L,
"O prescidente american Donald Trump o l’à sponciou i manifestanti à anâ avanti e piggiâ o contròllo de instituçioin: «L’aggiutto o l’é in arrivo», o l’à promisso.",’,
"O prescidente american Donald Trump o l’à sponciou i manifestanti à anâ avanti e piggiâ o contròllo de instituçioin: «L’aggiutto o l’é in arrivo», o l’à promisso.",aggiutto,
"O prescidente american Donald Trump o l’à sponciou i manifestanti à anâ avanti e piggiâ o contròllo de instituçioin: «L’aggiutto o l’é in arrivo», o l’à promisso.",o,
"O prescidente american Donald Trump o l’à sponciou i manifestanti à anâ avanti e piggiâ o contròllo de instituçioin: «L’aggiutto o l’é in arrivo», o l’à promisso.",l,
"O prescidente american Donald Trump o l’à sponciou i manifestanti à anâ avanti e piggiâ o contròllo de instituçioin: «L’aggiutto o l’é in arrivo», o l’à promisso.",’,
"O prescidente american Donald Trump o l’à sponciou i manifestanti à anâ avanti e piggiâ o contròllo de instituçioin: «L’aggiutto o l’é in arrivo», o l’à promisso.",é,
"O prescidente american Donald Trump o l’à sponciou i manifestanti à anâ avanti e piggiâ o contròllo de instituçioin: «L’aggiutto o l’é in arrivo», o l’à promisso.",in,
"O prescidente american Donald Trump o l’à sponciou i manifestanti à anâ avanti e piggiâ o contròllo de instituçioin: «L’aggiutto o l’é in arrivo», o l’à promisso.",arrivo,
"O prescidente american Donald Trump o l’à sponciou i manifestanti à anâ avanti e piggiâ o contròllo de instituçioin: «L’aggiutto o l’é in arrivo», o l’à promisso.",»,
"O prescidente american Donald Trump o l’à sponciou i manifestanti à anâ avanti e piggiâ o contròllo de instituçioin: «L’aggiutto o l’é in arrivo», o l’à promisso.",",",
"O prescidente american Donald Trump o l’à sponciou i manifestanti à anâ avanti e piggiâ o contròllo de instituçioin: «L’aggiutto o l’é in arrivo», o l’à promisso.",o,
"O prescidente american Donald Trump o l’à sponciou i manifestanti à anâ avanti e piggiâ o contròllo de instituçioin: «L’aggiutto o l’é in arrivo», o l’à promisso.",l,
"O prescidente american Donald Trump o l’à sponciou i manifestanti à anâ avanti e piggiâ o contròllo de instituçioin: «L’aggiutto o l’é in arrivo», o l’à promisso.",’,
"O prescidente american Donald Trump o l’à sponciou i manifestanti à anâ avanti e piggiâ o contròllo de instituçioin: «L’aggiutto o l’é in arrivo», o l’à promisso.",à,
"O prescidente american Donald Trump o l’à sponciou i manifestanti à anâ avanti e piggiâ o contròllo de instituçioin: «L’aggiutto o l’é in arrivo», o l’à promisso.",promisso,
"O prescidente american Donald Trump o l’à sponciou i manifestanti à anâ avanti e piggiâ o contròllo de instituçioin: «L’aggiutto o l’é in arrivo», o l’à promisso.",.,
Pe Mosca e menasse à Teheran «no se peuan açettâ» e un neuvo attacco o l’avieiva «conseguense desastrose».,Pe,
Pe Mosca e menasse à Teheran «no se peuan açettâ» e un neuvo attacco o l’avieiva «conseguense desastrose».,Mosca,
Pe Mosca e menasse à Teheran «no se peuan açettâ» e un neuvo attacco o l’avieiva «conseguense desastrose».,e,
Pe Mosca e menasse à Teheran «no se peuan açettâ» e un neuvo attacco o l’avieiva «conseguense desastrose».,menasse,
Pe Mosca e menasse à Teheran «no se peuan açettâ» e un neuvo attacco o l’avieiva «conseguense desastrose».,à,
Pe Mosca e menasse à Teheran «no se peuan açettâ» e un neuvo attacco o l’avieiva «conseguense desastrose».,Teheran,
Pe Mosca e menasse à Teheran «no se peuan açettâ» e un neuvo attacco o l’avieiva «conseguense desastrose».,«,
Pe Mosca e menasse à Teheran «no se peuan açettâ» e un neuvo attacco o l’avieiva «conseguense desastrose».,no,
Pe Mosca e menasse à Teheran «no se peuan açettâ» e un neuvo attacco o l’avieiva «conseguense desastrose».,se,
Pe Mosca e menasse à Teheran «no se peuan açettâ» e un neuvo attacco o l’avieiva «conseguense desastrose».,peuan,
Pe Mosca e menasse à Teheran «no se peuan açettâ» e un neuvo attacco o l’avieiva «conseguense desastrose».,açettâ,
Pe Mosca e menasse à Teheran «no se peuan açettâ» e un neuvo attacco o l’avieiva «conseguense desastrose».,»,
Pe Mosca e menasse à Teheran «no se peuan açettâ» e un neuvo attacco o l’avieiva «conseguense desastrose».,e,
Pe Mosca e menasse à Teheran «no se peuan açettâ» e un neuvo attacco o l’avieiva «conseguense desastrose».,un,
Pe Mosca e menasse à Teheran «no se peuan açettâ» e un neuvo attacco o l’avieiva «conseguense desastrose».,neuvo,
Pe Mosca e menasse à Teheran «no se peuan açettâ» e un neuvo attacco o l’avieiva «conseguense desastrose».,attacco,
Pe Mosca e menasse à Teheran «no se peuan açettâ» e un neuvo attacco o l’avieiva «conseguense desastrose».,o,
Pe Mosca e menasse à Teheran «no se peuan açettâ» e un neuvo attacco o l’avieiva «conseguense desastrose».,l,
Pe Mosca e menasse à Teheran «no se peuan açettâ» e un neuvo attacco o l’avieiva «conseguense desastrose».,’,
Pe Mosca e menasse à Teheran «no se peuan açettâ» e un neuvo attacco o l’avieiva «conseguense desastrose».,avieiva,
Pe Mosca e menasse à Teheran «no se peuan açettâ» e un neuvo attacco o l’avieiva «conseguense desastrose».,«,
Pe Mosca e menasse à Teheran «no se peuan açettâ» e un neuvo attacco o l’avieiva «conseguense desastrose».,conseguense,
Pe Mosca e menasse à Teheran «no se peuan açettâ» e un neuvo attacco o l’avieiva «conseguense desastrose».,desastrose,
Pe Mosca e menasse à Teheran «no se peuan açettâ» e un neuvo attacco o l’avieiva «conseguense desastrose».,»,
Pe Mosca e menasse à Teheran «no se peuan açettâ» e un neuvo attacco o l’avieiva «conseguense desastrose».,.,
Ma i Stati Unii saieivan pronti o mæximo à un intervento militare.,Ma,
Ma i Stati Unii saieivan pronti o mæximo à un intervento militare.,i,
Ma i Stati Unii saieivan pronti o mæximo à un intervento militare.,Stati,
Ma i Stati Unii saieivan pronti o mæximo à un intervento militare.,Unii,
Ma i Stati Unii saieivan pronti o mæximo à un intervento militare.,saieivan,
Ma i Stati Unii saieivan pronti o mæximo à un intervento militare.,pronti,
Ma i Stati Unii saieivan pronti o mæximo à un intervento militare.,o,
Ma i Stati Unii saieivan pronti o mæximo à un intervento militare.,mæximo,
Ma i Stati Unii saieivan pronti o mæximo à un intervento militare.,à,
Ma i Stati Unii saieivan pronti o mæximo à un intervento militare.,un,
Ma i Stati Unii saieivan pronti o mæximo à un intervento militare.,intervento,
Ma i Stati Unii saieivan pronti o mæximo à un intervento militare.,militare,
Ma i Stati Unii saieivan pronti o mæximo à un intervento militare.,.,
I Paixi europëi an serrou e ambasciæ e an invitou i seu çittæn à lasciâ o Paise.,I,
I Paixi europëi an serrou e ambasciæ e an invitou i seu çittæn à lasciâ o Paise.,Paixi,
I Paixi europëi an serrou e ambasciæ e an invitou i seu çittæn à lasciâ o Paise.,europëi,
I Paixi europëi an serrou e ambasciæ e an invitou i seu çittæn à lasciâ o Paise.,an,
I Paixi europëi an serrou e ambasciæ e an invitou i seu çittæn à lasciâ o Paise.,serrou,
I Paixi europëi an serrou e ambasciæ e an invitou i seu çittæn à lasciâ o Paise.,e,
I Paixi europëi an serrou e ambasciæ e an invitou i seu çittæn à lasciâ o Paise.,ambasciæ,
I Paixi europëi an serrou e ambasciæ e an invitou i seu çittæn à lasciâ o Paise.,e,
I Paixi europëi an serrou e ambasciæ e an invitou i seu çittæn à lasciâ o Paise.,an,
I Paixi europëi an serrou e ambasciæ e an invitou i seu çittæn à lasciâ o Paise.,invitou,
I Paixi europëi an serrou e ambasciæ e an invitou i seu çittæn à lasciâ o Paise.,i,
I Paixi europëi an serrou e ambasciæ e an invitou i seu çittæn à lasciâ o Paise.,seu,
I Paixi europëi an serrou e ambasciæ e an invitou i seu çittæn à lasciâ o Paise.,çittæn,
I Paixi europëi an serrou e ambasciæ e an invitou i seu çittæn à lasciâ o Paise.,à,
I Paixi europëi an serrou e ambasciæ e an invitou i seu çittæn à lasciâ o Paise.,lasciâ,
I Paixi europëi an serrou e ambasciæ e an invitou i seu çittæn à lasciâ o Paise.,o,
I Paixi europëi an serrou e ambasciæ e an invitou i seu çittæn à lasciâ o Paise.,Paise,
I Paixi europëi an serrou e ambasciæ e an invitou i seu çittæn à lasciâ o Paise.,.,
"O Reza Pahlavi, figgio de l’urtimo scià: «Son l’unico ch’o peu garantî a tranxiçion».",O,
"O Reza Pahlavi, figgio de l’urtimo scià: «Son l’unico ch’o peu garantî a tranxiçion».",Reza,
"O Reza Pahlavi, figgio de l’urtimo scià: «Son l’unico ch’o peu garantî a tranxiçion».",Pahlavi,
"O Reza Pahlavi, figgio de l’urtimo scià: «Son l’unico ch’o peu garantî a tranxiçion».",",",
"O Reza Pahlavi, figgio de l’urtimo scià: «Son l’unico ch’o peu garantî a tranxiçion».",figgio,
"O Reza Pahlavi, figgio de l’urtimo scià: «Son l’unico ch’o peu garantî a tranxiçion».",de,
"O Reza Pahlavi, figgio de l’urtimo scià: «Son l’unico ch’o peu garantî a tranxiçion».",l,
"O Reza Pahlavi, figgio de l’urtimo scià: «Son l’unico ch’o peu garantî a tranxiçion».",’,
"O Reza Pahlavi, figgio de l’urtimo scià: «Son l’unico ch’o peu garantî a tranxiçion».",urtimo,
"O Reza Pahlavi, figgio de l’urtimo scià: «Son l’unico ch’o peu garantî a tranxiçion».",scià,
"O Reza Pahlavi, figgio de l’urtimo scià: «Son l’unico ch’o peu garantî a tranxiçion».",:,
"O Reza Pahlavi, figgio de l’urtimo scià: «Son l’unico ch’o peu garantî a tranxiçion».",«,
"O Reza Pahlavi, figgio de l’urtimo scià: «Son l’unico ch’o peu garantî a tranxiçion».",Son,
"O Reza Pahlavi, figgio de l’urtimo scià: «Son l’unico ch’o peu garantî a tranxiçion».",l,
"O Reza Pahlavi, figgio de l’urtimo scià: «Son l’unico ch’o peu garantî a tranxiçion».",’,
"O Reza Pahlavi, figgio de l’urtimo scià: «Son l’unico ch’o peu garantî a tranxiçion».",unico,
"O Reza Pahlavi, figgio de l’urtimo scià: «Son l’unico ch’o peu garantî a tranxiçion».",ch,
"O Reza Pahlavi, figgio de l’urtimo scià: «Son l’unico ch’o peu garantî a tranxiçion».",’,
"O Reza Pahlavi, figgio de l’urtimo scià: «Son l’unico ch’o peu garantî a tranxiçion».",o,
"O Reza Pahlavi, figgio de l’urtimo scià: «Son l’unico ch’o peu garantî a tranxiçion».",peu,
"O Reza Pahlavi, figgio de l’urtimo scià: «Son l’unico ch’o peu garantî a tranxiçion».",garantî,
"O Reza Pahlavi, figgio de l’urtimo scià: «Son l’unico ch’o peu garantî a tranxiçion».",a,
"O Reza Pahlavi, figgio de l’urtimo scià: «Son l’unico ch’o peu garantî a tranxiçion».",tranxiçion,
"O Reza Pahlavi, figgio de l’urtimo scià: «Son l’unico ch’o peu garantî a tranxiçion».",»,
"O Reza Pahlavi, figgio de l’urtimo scià: «Son l’unico ch’o peu garantî a tranxiçion».",.,
«A Groenlandia a ne serve pe raxoin de seguessa».,«,
«A Groenlandia a ne serve pe raxoin de seguessa».,A,
«A Groenlandia a ne serve pe raxoin de seguessa».,Groenlandia,
«A Groenlandia a ne serve pe raxoin de seguessa».,a,
«A Groenlandia a ne serve pe raxoin de seguessa».,ne,
«A Groenlandia a ne serve pe raxoin de seguessa».,serve,
«A Groenlandia a ne serve pe raxoin de seguessa».,pe,
«A Groenlandia a ne serve pe raxoin de seguessa».,raxoin,
«A Groenlandia a ne serve pe raxoin de seguessa».,de,
«A Groenlandia a ne serve pe raxoin de seguessa».,seguessa,
«A Groenlandia a ne serve pe raxoin de seguessa».,»,
«A Groenlandia a ne serve pe raxoin de seguessa».,.,
"L’à dito torna o prescidente di Stati Unii Donald Trump, cha dapeu o l’à menassou o resto do mondo: «Daçi à chi se mette contra di mi».",L,
"L’à dito torna o prescidente di Stati Unii Donald Trump, cha dapeu o l’à menassou o resto do mondo: «Daçi à chi se mette contra di mi».",’,
"L’à dito torna o prescidente di Stati Unii Donald Trump, cha dapeu o l’à menassou o resto do mondo: «Daçi à chi se mette contra di mi».",à,
"L’à dito torna o prescidente di Stati Unii Donald Trump, cha dapeu o l’à menassou o resto do mondo: «Daçi à chi se mette contra di mi».",dito,
"L’à dito torna o prescidente di Stati Unii Donald Trump, cha dapeu o l’à menassou o resto do mondo: «Daçi à chi se mette contra di mi».",torna,
"L’à dito torna o prescidente di Stati Unii Donald Trump, cha dapeu o l’à menassou o resto do mondo: «Daçi à chi se mette contra di mi».",o,
"L’à dito torna o prescidente di Stati Unii Donald Trump, cha dapeu o l’à menassou o resto do mondo: «Daçi à chi se mette contra di mi».",prescidente,
"L’à dito torna o prescidente di Stati Unii Donald Trump, cha dapeu o l’à menassou o resto do mondo: «Daçi à chi se mette contra di mi».",di,
"L’à dito torna o prescidente di Stati Unii Donald Trump, cha dapeu o l’à menassou o resto do mondo: «Daçi à chi se mette contra di mi».",Stati,
"L’à dito torna o prescidente di Stati Unii Donald Trump, cha dapeu o l’à menassou o resto do mondo: «Daçi à chi se mette contra di mi».",Unii,
"L’à dito torna o prescidente di Stati Unii Donald Trump, cha dapeu o l’à menassou o resto do mondo: «Daçi à chi se mette contra di mi».",Donald,
"L’à dito torna o prescidente di Stati Unii Donald Trump, cha dapeu o l’à menassou o resto do mondo: «Daçi à chi se mette contra di mi».",Trump,
"L’à dito torna o prescidente di Stati Unii Donald Trump, cha dapeu o l’à menassou o resto do mondo: «Daçi à chi se mette contra di mi».",",",
"L’à dito torna o prescidente di Stati Unii Donald Trump, cha dapeu o l’à menassou o resto do mondo: «Daçi à chi se mette contra di mi».",cha,
"L’à dito torna o prescidente di Stati Unii Donald Trump, cha dapeu o l’à menassou o resto do mondo: «Daçi à chi se mette contra di mi».",dapeu,
"L’à dito torna o prescidente di Stati Unii Donald Trump, cha dapeu o l’à menassou o resto do mondo: «Daçi à chi se mette contra di mi».",o,
"L’à dito torna o prescidente di Stati Unii Donald Trump, cha dapeu o l’à menassou o resto do mondo: «Daçi à chi se mette contra di mi».",l,
"L’à dito torna o prescidente di Stati Unii Donald Trump, cha dapeu o l’à menassou o resto do mondo: «Daçi à chi se mette contra di mi».",’,
"L’à dito torna o prescidente di Stati Unii Donald Trump, cha dapeu o l’à menassou o resto do mondo: «Daçi à chi se mette contra di mi».",à,
"L’à dito torna o prescidente di Stati Unii Donald Trump, cha dapeu o l’à menassou o resto do mondo: «Daçi à chi se mette contra di mi».",menassou,
"L’à dito torna o prescidente di Stati Unii Donald Trump, cha dapeu o l’à menassou o resto do mondo: «Daçi à chi se mette contra di mi».",o,
"L’à dito torna o prescidente di Stati Unii Donald Trump, cha dapeu o l’à menassou o resto do mondo: «Daçi à chi se mette contra di mi».",resto,
"L’à dito torna o prescidente di Stati Unii Donald Trump, cha dapeu o l’à menassou o resto do mondo: «Daçi à chi se mette contra di mi».",do,
"L’à dito torna o prescidente di Stati Unii Donald Trump, cha dapeu o l’à menassou o resto do mondo: «Daçi à chi se mette contra di mi».",mondo,
"L’à dito torna o prescidente di Stati Unii Donald Trump, cha dapeu o l’à menassou o resto do mondo: «Daçi à chi se mette contra di mi».",:,
"L’à dito torna o prescidente di Stati Unii Donald Trump, cha dapeu o l’à menassou o resto do mondo: «Daçi à chi se mette contra di mi».",«,
"L’à dito torna o prescidente di Stati Unii Donald Trump, cha dapeu o l’à menassou o resto do mondo: «Daçi à chi se mette contra di mi».",Daçi,
"L’à dito torna o prescidente di Stati Unii Donald Trump, cha dapeu o l’à menassou o resto do mondo: «Daçi à chi se mette contra di mi».",à,
"L’à dito torna o prescidente di Stati Unii Donald Trump, cha dapeu o l’à menassou o resto do mondo: «Daçi à chi se mette contra di mi».",chi,
"L’à dito torna o prescidente di Stati Unii Donald Trump, cha dapeu o l’à menassou o resto do mondo: «Daçi à chi se mette contra di mi».",se,
"L’à dito torna o prescidente di Stati Unii Donald Trump, cha dapeu o l’à menassou o resto do mondo: «Daçi à chi se mette contra di mi».",mette,
"L’à dito torna o prescidente di Stati Unii Donald Trump, cha dapeu o l’à menassou o resto do mondo: «Daçi à chi se mette contra di mi».",contra,
"L’à dito torna o prescidente di Stati Unii Donald Trump, cha dapeu o l’à menassou o resto do mondo: «Daçi à chi se mette contra di mi».",di,
"L’à dito torna o prescidente di Stati Unii Donald Trump, cha dapeu o l’à menassou o resto do mondo: «Daçi à chi se mette contra di mi».",mi,
"L’à dito torna o prescidente di Stati Unii Donald Trump, cha dapeu o l’à menassou o resto do mondo: «Daçi à chi se mette contra di mi».",»,
"L’à dito torna o prescidente di Stati Unii Donald Trump, cha dapeu o l’à menassou o resto do mondo: «Daçi à chi se mette contra di mi».",.,
Ma a Ruscia a l’à strinou: «Pe noiatri a l’é parte do Regno de Danimarca».,Ma,
Ma a Ruscia a l’à strinou: «Pe noiatri a l’é parte do Regno de Danimarca».,a,
Ma a Ruscia a l’à strinou: «Pe noiatri a l’é parte do Regno de Danimarca».,Ruscia,
Ma a Ruscia a l’à strinou: «Pe noiatri a l’é parte do Regno de Danimarca».,a,
Ma a Ruscia a l’à strinou: «Pe noiatri a l’é parte do Regno de Danimarca».,l,
Ma a Ruscia a l’à strinou: «Pe noiatri a l’é parte do Regno de Danimarca».,’,
Ma a Ruscia a l’à strinou: «Pe noiatri a l’é parte do Regno de Danimarca».,à,
Ma a Ruscia a l’à strinou: «Pe noiatri a l’é parte do Regno de Danimarca».,strinou,
Ma a Ruscia a l’à strinou: «Pe noiatri a l’é parte do Regno de Danimarca».,:,
Ma a Ruscia a l’à strinou: «Pe noiatri a l’é parte do Regno de Danimarca».,«,
Ma a Ruscia a l’à strinou: «Pe noiatri a l’é parte do Regno de Danimarca».,Pe,
Ma a Ruscia a l’à strinou: «Pe noiatri a l’é parte do Regno de Danimarca».,noiatri,
Ma a Ruscia a l’à strinou: «Pe noiatri a l’é parte do Regno de Danimarca».,a,
Ma a Ruscia a l’à strinou: «Pe noiatri a l’é parte do Regno de Danimarca».,l,
Ma a Ruscia a l’à strinou: «Pe noiatri a l’é parte do Regno de Danimarca».,’,
Ma a Ruscia a l’à strinou: «Pe noiatri a l’é parte do Regno de Danimarca».,é,
Ma a Ruscia a l’à strinou: «Pe noiatri a l’é parte do Regno de Danimarca».,parte,
Ma a Ruscia a l’à strinou: «Pe noiatri a l’é parte do Regno de Danimarca».,do,
Ma a Ruscia a l’à strinou: «Pe noiatri a l’é parte do Regno de Danimarca».,Regno,
Ma a Ruscia a l’à strinou: «Pe noiatri a l’é parte do Regno de Danimarca».,de,
Ma a Ruscia a l’à strinou: «Pe noiatri a l’é parte do Regno de Danimarca».,Danimarca,
Ma a Ruscia a l’à strinou: «Pe noiatri a l’é parte do Regno de Danimarca».,»,
Ma a Ruscia a l’à strinou: «Pe noiatri a l’é parte do Regno de Danimarca».,.,
"Intanto Copenaghen a l’à rinforsou a presensa militare in sce l’isoa, a Sveçia a l’à mandou di sordatti e o Regno Unio ascì o l’é apreuvo à negoçiâ co-i amixi europëi un intervento pe garantî a seguessa de l’Artico.",Intanto,
"Intanto Copenaghen a l’à rinforsou a presensa militare in sce l’isoa, a Sveçia a l’à mandou di sordatti e o Regno Unio ascì o l’é apreuvo à negoçiâ co-i amixi europëi un intervento pe garantî a seguessa de l’Artico.",Copenaghen,
"Intanto Copenaghen a l’à rinforsou a presensa militare in sce l’isoa, a Sveçia a l’à mandou di sordatti e o Regno Unio ascì o l’é apreuvo à negoçiâ co-i amixi europëi un intervento pe garantî a seguessa de l’Artico.",a,
"Intanto Copenaghen a l’à rinforsou a presensa militare in sce l’isoa, a Sveçia a l’à mandou di sordatti e o Regno Unio ascì o l’é apreuvo à negoçiâ co-i amixi europëi un intervento pe garantî a seguessa de l’Artico.",l,
"Intanto Copenaghen a l’à rinforsou a presensa militare in sce l’isoa, a Sveçia a l’à mandou di sordatti e o Regno Unio ascì o l’é apreuvo à negoçiâ co-i amixi europëi un intervento pe garantî a seguessa de l’Artico.",’,
"Intanto Copenaghen a l’à rinforsou a presensa militare in sce l’isoa, a Sveçia a l’à mandou di sordatti e o Regno Unio ascì o l’é apreuvo à negoçiâ co-i amixi europëi un intervento pe garantî a seguessa de l’Artico.",à,
"Intanto Copenaghen a l’à rinforsou a presensa militare in sce l’isoa, a Sveçia a l’à mandou di sordatti e o Regno Unio ascì o l’é apreuvo à negoçiâ co-i amixi europëi un intervento pe garantî a seguessa de l’Artico.",rinforsou,
"Intanto Copenaghen a l’à rinforsou a presensa militare in sce l’isoa, a Sveçia a l’à mandou di sordatti e o Regno Unio ascì o l’é apreuvo à negoçiâ co-i amixi europëi un intervento pe garantî a seguessa de l’Artico.",a,
"Intanto Copenaghen a l’à rinforsou a presensa militare in sce l’isoa, a Sveçia a l’à mandou di sordatti e o Regno Unio ascì o l’é apreuvo à negoçiâ co-i amixi europëi un intervento pe garantî a seguessa de l’Artico.",presensa,
"Intanto Copenaghen a l’à rinforsou a presensa militare in sce l’isoa, a Sveçia a l’à mandou di sordatti e o Regno Unio ascì o l’é apreuvo à negoçiâ co-i amixi europëi un intervento pe garantî a seguessa de l’Artico.",militare,
"Intanto Copenaghen a l’à rinforsou a presensa militare in sce l’isoa, a Sveçia a l’à mandou di sordatti e o Regno Unio ascì o l’é apreuvo à negoçiâ co-i amixi europëi un intervento pe garantî a seguessa de l’Artico.",in,
"Intanto Copenaghen a l’à rinforsou a presensa militare in sce l’isoa, a Sveçia a l’à mandou di sordatti e o Regno Unio ascì o l’é apreuvo à negoçiâ co-i amixi europëi un intervento pe garantî a seguessa de l’Artico.",sce,
"Intanto Copenaghen a l’à rinforsou a presensa militare in sce l’isoa, a Sveçia a l’à mandou di sordatti e o Regno Unio ascì o l’é apreuvo à negoçiâ co-i amixi europëi un intervento pe garantî a seguessa de l’Artico.",l,
"Intanto Copenaghen a l’à rinforsou a presensa militare in sce l’isoa, a Sveçia a l’à mandou di sordatti e o Regno Unio ascì o l’é apreuvo à negoçiâ co-i amixi europëi un intervento pe garantî a seguessa de l’Artico.",’,
"Intanto Copenaghen a l’à rinforsou a presensa militare in sce l’isoa, a Sveçia a l’à mandou di sordatti e o Regno Unio ascì o l’é apreuvo à negoçiâ co-i amixi europëi un intervento pe garantî a seguessa de l’Artico.",isoa,
"Intanto Copenaghen a l’à rinforsou a presensa militare in sce l’isoa, a Sveçia a l’à mandou di sordatti e o Regno Unio ascì o l’é apreuvo à negoçiâ co-i amixi europëi un intervento pe garantî a seguessa de l’Artico.",",",
"Intanto Copenaghen a l’à rinforsou a presensa militare in sce l’isoa, a Sveçia a l’à mandou di sordatti e o Regno Unio ascì o l’é apreuvo à negoçiâ co-i amixi europëi un intervento pe garantî a seguessa de l’Artico.",a,
"Intanto Copenaghen a l’à rinforsou a presensa militare in sce l’isoa, a Sveçia a l’à mandou di sordatti e o Regno Unio ascì o l’é apreuvo à negoçiâ co-i amixi europëi un intervento pe garantî a seguessa de l’Artico.",Sveçia,
"Intanto Copenaghen a l’à rinforsou a presensa militare in sce l’isoa, a Sveçia a l’à mandou di sordatti e o Regno Unio ascì o l’é apreuvo à negoçiâ co-i amixi europëi un intervento pe garantî a seguessa de l’Artico.",a,
"Intanto Copenaghen a l’à rinforsou a presensa militare in sce l’isoa, a Sveçia a l’à mandou di sordatti e o Regno Unio ascì o l’é apreuvo à negoçiâ co-i amixi europëi un intervento pe garantî a seguessa de l’Artico.",l,
"Intanto Copenaghen a l’à rinforsou a presensa militare in sce l’isoa, a Sveçia a l’à mandou di sordatti e o Regno Unio ascì o l’é apreuvo à negoçiâ co-i amixi europëi un intervento pe garantî a seguessa de l’Artico.",’,
"Intanto Copenaghen a l’à rinforsou a presensa militare in sce l’isoa, a Sveçia a l’à mandou di sordatti e o Regno Unio ascì o l’é apreuvo à negoçiâ co-i amixi europëi un intervento pe garantî a seguessa de l’Artico.",à,
"Intanto Copenaghen a l’à rinforsou a presensa militare in sce l’isoa, a Sveçia a l’à mandou di sordatti e o Regno Unio ascì o l’é apreuvo à negoçiâ co-i amixi europëi un intervento pe garantî a seguessa de l’Artico.",mandou,
"Intanto Copenaghen a l’à rinforsou a presensa militare in sce l’isoa, a Sveçia a l’à mandou di sordatti e o Regno Unio ascì o l’é apreuvo à negoçiâ co-i amixi europëi un intervento pe garantî a seguessa de l’Artico.",di,
"Intanto Copenaghen a l’à rinforsou a presensa militare in sce l’isoa, a Sveçia a l’à mandou di sordatti e o Regno Unio ascì o l’é apreuvo à negoçiâ co-i amixi europëi un intervento pe garantî a seguessa de l’Artico.",sordatti,
"Intanto Copenaghen a l’à rinforsou a presensa militare in sce l’isoa, a Sveçia a l’à mandou di sordatti e o Regno Unio ascì o l’é apreuvo à negoçiâ co-i amixi europëi un intervento pe garantî a seguessa de l’Artico.",e,
"Intanto Copenaghen a l’à rinforsou a presensa militare in sce l’isoa, a Sveçia a l’à mandou di sordatti e o Regno Unio ascì o l’é apreuvo à negoçiâ co-i amixi europëi un intervento pe garantî a seguessa de l’Artico.",o,
"Intanto Copenaghen a l’à rinforsou a presensa militare in sce l’isoa, a Sveçia a l’à mandou di sordatti e o Regno Unio ascì o l’é apreuvo à negoçiâ co-i amixi europëi un intervento pe garantî a seguessa de l’Artico.",Regno,
"Intanto Copenaghen a l’à rinforsou a presensa militare in sce l’isoa, a Sveçia a l’à mandou di sordatti e o Regno Unio ascì o l’é apreuvo à negoçiâ co-i amixi europëi un intervento pe garantî a seguessa de l’Artico.",Unio,
"Intanto Copenaghen a l’à rinforsou a presensa militare in sce l’isoa, a Sveçia a l’à mandou di sordatti e o Regno Unio ascì o l’é apreuvo à negoçiâ co-i amixi europëi un intervento pe garantî a seguessa de l’Artico.",ascì,
"Intanto Copenaghen a l’à rinforsou a presensa militare in sce l’isoa, a Sveçia a l’à mandou di sordatti e o Regno Unio ascì o l’é apreuvo à negoçiâ co-i amixi europëi un intervento pe garantî a seguessa de l’Artico.",o,
"Intanto Copenaghen a l’à rinforsou a presensa militare in sce l’isoa, a Sveçia a l’à mandou di sordatti e o Regno Unio ascì o l’é apreuvo à negoçiâ co-i amixi europëi un intervento pe garantî a seguessa de l’Artico.",l,
"Intanto Copenaghen a l’à rinforsou a presensa militare in sce l’isoa, a Sveçia a l’à mandou di sordatti e o Regno Unio ascì o l’é apreuvo à negoçiâ co-i amixi europëi un intervento pe garantî a seguessa de l’Artico.",’,
"Intanto Copenaghen a l’à rinforsou a presensa militare in sce l’isoa, a Sveçia a l’à mandou di sordatti e o Regno Unio ascì o l’é apreuvo à negoçiâ co-i amixi europëi un intervento pe garantî a seguessa de l’Artico.",é,
"Intanto Copenaghen a l’à rinforsou a presensa militare in sce l’isoa, a Sveçia a l’à mandou di sordatti e o Regno Unio ascì o l’é apreuvo à negoçiâ co-i amixi europëi un intervento pe garantî a seguessa de l’Artico.",apreuvo,
"Intanto Copenaghen a l’à rinforsou a presensa militare in sce l’isoa, a Sveçia a l’à mandou di sordatti e o Regno Unio ascì o l’é apreuvo à negoçiâ co-i amixi europëi un intervento pe garantî a seguessa de l’Artico.",à,
"Intanto Copenaghen a l’à rinforsou a presensa militare in sce l’isoa, a Sveçia a l’à mandou di sordatti e o Regno Unio ascì o l’é apreuvo à negoçiâ co-i amixi europëi un intervento pe garantî a seguessa de l’Artico.",negoçiâ,
"Intanto Copenaghen a l’à rinforsou a presensa militare in sce l’isoa, a Sveçia a l’à mandou di sordatti e o Regno Unio ascì o l’é apreuvo à negoçiâ co-i amixi europëi un intervento pe garantî a seguessa de l’Artico.",co-i,
"Intanto Copenaghen a l’à rinforsou a presensa militare in sce l’isoa, a Sveçia a l’à mandou di sordatti e o Regno Unio ascì o l’é apreuvo à negoçiâ co-i amixi europëi un intervento pe garantî a seguessa de l’Artico.",amixi,
"Intanto Copenaghen a l’à rinforsou a presensa militare in sce l’isoa, a Sveçia a l’à mandou di sordatti e o Regno Unio ascì o l’é apreuvo à negoçiâ co-i amixi europëi un intervento pe garantî a seguessa de l’Artico.",europëi,
"Intanto Copenaghen a l’à rinforsou a presensa militare in sce l’isoa, a Sveçia a l’à mandou di sordatti e o Regno Unio ascì o l’é apreuvo à negoçiâ co-i amixi europëi un intervento pe garantî a seguessa de l’Artico.",un,
"Intanto Copenaghen a l’à rinforsou a presensa militare in sce l’isoa, a Sveçia a l’à mandou di sordatti e o Regno Unio ascì o l’é apreuvo à negoçiâ co-i amixi europëi un intervento pe garantî a seguessa de l’Artico.",intervento,
"Intanto Copenaghen a l’à rinforsou a presensa militare in sce l’isoa, a Sveçia a l’à mandou di sordatti e o Regno Unio ascì o l’é apreuvo à negoçiâ co-i amixi europëi un intervento pe garantî a seguessa de l’Artico.",pe,
"Intanto Copenaghen a l’à rinforsou a presensa militare in sce l’isoa, a Sveçia a l’à mandou di sordatti e o Regno Unio ascì o l’é apreuvo à negoçiâ co-i amixi europëi un intervento pe garantî a seguessa de l’Artico.",garantî,
"Intanto Copenaghen a l’à rinforsou a presensa militare in sce l’isoa, a Sveçia a l’à mandou di sordatti e o Regno Unio ascì o l’é apreuvo à negoçiâ co-i amixi europëi un intervento pe garantî a seguessa de l’Artico.",a,
"Intanto Copenaghen a l’à rinforsou a presensa militare in sce l’isoa, a Sveçia a l’à mandou di sordatti e o Regno Unio ascì o l’é apreuvo à negoçiâ co-i amixi europëi un intervento pe garantî a seguessa de l’Artico.",seguessa,
"Intanto Copenaghen a l’à rinforsou a presensa militare in sce l’isoa, a Sveçia a l’à mandou di sordatti e o Regno Unio ascì o l’é apreuvo à negoçiâ co-i amixi europëi un intervento pe garantî a seguessa de l’Artico.",de,
"Intanto Copenaghen a l’à rinforsou a presensa militare in sce l’isoa, a Sveçia a l’à mandou di sordatti e o Regno Unio ascì o l’é apreuvo à negoçiâ co-i amixi europëi un intervento pe garantî a seguessa de l’Artico.",l,
"Intanto Copenaghen a l’à rinforsou a presensa militare in sce l’isoa, a Sveçia a l’à mandou di sordatti e o Regno Unio ascì o l’é apreuvo à negoçiâ co-i amixi europëi un intervento pe garantî a seguessa de l’Artico.",’,
"Intanto Copenaghen a l’à rinforsou a presensa militare in sce l’isoa, a Sveçia a l’à mandou di sordatti e o Regno Unio ascì o l’é apreuvo à negoçiâ co-i amixi europëi un intervento pe garantî a seguessa de l’Artico.",Artico,
"Intanto Copenaghen a l’à rinforsou a presensa militare in sce l’isoa, a Sveçia a l’à mandou di sordatti e o Regno Unio ascì o l’é apreuvo à negoçiâ co-i amixi europëi un intervento pe garantî a seguessa de l’Artico.",.,
A Fransa a l’é pronta à spedî fin à 6mila sordatti in Ucraina dòppo finio a guæra e Londra a mettià 230 mioin pe-o seu exerçito.,A,
A Fransa a l’é pronta à spedî fin à 6mila sordatti in Ucraina dòppo finio a guæra e Londra a mettià 230 mioin pe-o seu exerçito.,Fransa,
A Fransa a l’é pronta à spedî fin à 6mila sordatti in Ucraina dòppo finio a guæra e Londra a mettià 230 mioin pe-o seu exerçito.,a,
A Fransa a l’é pronta à spedî fin à 6mila sordatti in Ucraina dòppo finio a guæra e Londra a mettià 230 mioin pe-o seu exerçito.,l,
A Fransa a l’é pronta à spedî fin à 6mila sordatti in Ucraina dòppo finio a guæra e Londra a mettià 230 mioin pe-o seu exerçito.,’,
A Fransa a l’é pronta à spedî fin à 6mila sordatti in Ucraina dòppo finio a guæra e Londra a mettià 230 mioin pe-o seu exerçito.,é,
A Fransa a l’é pronta à spedî fin à 6mila sordatti in Ucraina dòppo finio a guæra e Londra a mettià 230 mioin pe-o seu exerçito.,pronta,
A Fransa a l’é pronta à spedî fin à 6mila sordatti in Ucraina dòppo finio a guæra e Londra a mettià 230 mioin pe-o seu exerçito.,à,
A Fransa a l’é pronta à spedî fin à 6mila sordatti in Ucraina dòppo finio a guæra e Londra a mettià 230 mioin pe-o seu exerçito.,spedî,
A Fransa a l’é pronta à spedî fin à 6mila sordatti in Ucraina dòppo finio a guæra e Londra a mettià 230 mioin pe-o seu exerçito.,fin,
A Fransa a l’é pronta à spedî fin à 6mila sordatti in Ucraina dòppo finio a guæra e Londra a mettià 230 mioin pe-o seu exerçito.,à,
A Fransa a l’é pronta à spedî fin à 6mila sordatti in Ucraina dòppo finio a guæra e Londra a mettià 230 mioin pe-o seu exerçito.,6mila,
A Fransa a l’é pronta à spedî fin à 6mila sordatti in Ucraina dòppo finio a guæra e Londra a mettià 230 mioin pe-o seu exerçito.,sordatti,
A Fransa a l’é pronta à spedî fin à 6mila sordatti in Ucraina dòppo finio a guæra e Londra a mettià 230 mioin pe-o seu exerçito.,in,
A Fransa a l’é pronta à spedî fin à 6mila sordatti in Ucraina dòppo finio a guæra e Londra a mettià 230 mioin pe-o seu exerçito.,Ucraina,
A Fransa a l’é pronta à spedî fin à 6mila sordatti in Ucraina dòppo finio a guæra e Londra a mettià 230 mioin pe-o seu exerçito.,dòppo,
A Fransa a l’é pronta à spedî fin à 6mila sordatti in Ucraina dòppo finio a guæra e Londra a mettià 230 mioin pe-o seu exerçito.,finio,
A Fransa a l’é pronta à spedî fin à 6mila sordatti in Ucraina dòppo finio a guæra e Londra a mettià 230 mioin pe-o seu exerçito.,a,
A Fransa a l’é pronta à spedî fin à 6mila sordatti in Ucraina dòppo finio a guæra e Londra a mettià 230 mioin pe-o seu exerçito.,guæra,
A Fransa a l’é pronta à spedî fin à 6mila sordatti in Ucraina dòppo finio a guæra e Londra a mettià 230 mioin pe-o seu exerçito.,e,
A Fransa a l’é pronta à spedî fin à 6mila sordatti in Ucraina dòppo finio a guæra e Londra a mettià 230 mioin pe-o seu exerçito.,Londra,
A Fransa a l’é pronta à spedî fin à 6mila sordatti in Ucraina dòppo finio a guæra e Londra a mettià 230 mioin pe-o seu exerçito.,a,
A Fransa a l’é pronta à spedî fin à 6mila sordatti in Ucraina dòppo finio a guæra e Londra a mettià 230 mioin pe-o seu exerçito.,mettià,
A Fransa a l’é pronta à spedî fin à 6mila sordatti in Ucraina dòppo finio a guæra e Londra a mettià 230 mioin pe-o seu exerçito.,230,
A Fransa a l’é pronta à spedî fin à 6mila sordatti in Ucraina dòppo finio a guæra e Londra a mettià 230 mioin pe-o seu exerçito.,mioin,
A Fransa a l’é pronta à spedî fin à 6mila sordatti in Ucraina dòppo finio a guæra e Londra a mettià 230 mioin pe-o seu exerçito.,pe-o,
A Fransa a l’é pronta à spedî fin à 6mila sordatti in Ucraina dòppo finio a guæra e Londra a mettià 230 mioin pe-o seu exerçito.,seu,
A Fransa a l’é pronta à spedî fin à 6mila sordatti in Ucraina dòppo finio a guæra e Londra a mettià 230 mioin pe-o seu exerçito.,exerçito,
A Fransa a l’é pronta à spedî fin à 6mila sordatti in Ucraina dòppo finio a guæra e Londra a mettià 230 mioin pe-o seu exerçito.,.,
"L’investigaçion in sciâ strage do Primmo de l’anno à Crans-Montana, in Svissera, donde 40 persoñe son mòrte inte l’inçendio de un locale, a s’allarga a-i contròlli mancæ da parte do Commun.",L,
"L’investigaçion in sciâ strage do Primmo de l’anno à Crans-Montana, in Svissera, donde 40 persoñe son mòrte inte l’inçendio de un locale, a s’allarga a-i contròlli mancæ da parte do Commun.",’,
"L’investigaçion in sciâ strage do Primmo de l’anno à Crans-Montana, in Svissera, donde 40 persoñe son mòrte inte l’inçendio de un locale, a s’allarga a-i contròlli mancæ da parte do Commun.",investigaçion,
"L’investigaçion in sciâ strage do Primmo de l’anno à Crans-Montana, in Svissera, donde 40 persoñe son mòrte inte l’inçendio de un locale, a s’allarga a-i contròlli mancæ da parte do Commun.",in,
"L’investigaçion in sciâ strage do Primmo de l’anno à Crans-Montana, in Svissera, donde 40 persoñe son mòrte inte l’inçendio de un locale, a s’allarga a-i contròlli mancæ da parte do Commun.",sciâ,
"L’investigaçion in sciâ strage do Primmo de l’anno à Crans-Montana, in Svissera, donde 40 persoñe son mòrte inte l’inçendio de un locale, a s’allarga a-i contròlli mancæ da parte do Commun.",strage,
"L’investigaçion in sciâ strage do Primmo de l’anno à Crans-Montana, in Svissera, donde 40 persoñe son mòrte inte l’inçendio de un locale, a s’allarga a-i contròlli mancæ da parte do Commun.",do,
"L’investigaçion in sciâ strage do Primmo de l’anno à Crans-Montana, in Svissera, donde 40 persoñe son mòrte inte l’inçendio de un locale, a s’allarga a-i contròlli mancæ da parte do Commun.",Primmo,
"L’investigaçion in sciâ strage do Primmo de l’anno à Crans-Montana, in Svissera, donde 40 persoñe son mòrte inte l’inçendio de un locale, a s’allarga a-i contròlli mancæ da parte do Commun.",de,
"L’investigaçion in sciâ strage do Primmo de l’anno à Crans-Montana, in Svissera, donde 40 persoñe son mòrte inte l’inçendio de un locale, a s’allarga a-i contròlli mancæ da parte do Commun.",l,
"L’investigaçion in sciâ strage do Primmo de l’anno à Crans-Montana, in Svissera, donde 40 persoñe son mòrte inte l’inçendio de un locale, a s’allarga a-i contròlli mancæ da parte do Commun.",’,
"L’investigaçion in sciâ strage do Primmo de l’anno à Crans-Montana, in Svissera, donde 40 persoñe son mòrte inte l’inçendio de un locale, a s’allarga a-i contròlli mancæ da parte do Commun.",anno,
"L’investigaçion in sciâ strage do Primmo de l’anno à Crans-Montana, in Svissera, donde 40 persoñe son mòrte inte l’inçendio de un locale, a s’allarga a-i contròlli mancæ da parte do Commun.",à,
"L’investigaçion in sciâ strage do Primmo de l’anno à Crans-Montana, in Svissera, donde 40 persoñe son mòrte inte l’inçendio de un locale, a s’allarga a-i contròlli mancæ da parte do Commun.",Crans-Montana,
"L’investigaçion in sciâ strage do Primmo de l’anno à Crans-Montana, in Svissera, donde 40 persoñe son mòrte inte l’inçendio de un locale, a s’allarga a-i contròlli mancæ da parte do Commun.",",",
"L’investigaçion in sciâ strage do Primmo de l’anno à Crans-Montana, in Svissera, donde 40 persoñe son mòrte inte l’inçendio de un locale, a s’allarga a-i contròlli mancæ da parte do Commun.",in,
"L’investigaçion in sciâ strage do Primmo de l’anno à Crans-Montana, in Svissera, donde 40 persoñe son mòrte inte l’inçendio de un locale, a s’allarga a-i contròlli mancæ da parte do Commun.",Svissera,
"L’investigaçion in sciâ strage do Primmo de l’anno à Crans-Montana, in Svissera, donde 40 persoñe son mòrte inte l’inçendio de un locale, a s’allarga a-i contròlli mancæ da parte do Commun.",",",
"L’investigaçion in sciâ strage do Primmo de l’anno à Crans-Montana, in Svissera, donde 40 persoñe son mòrte inte l’inçendio de un locale, a s’allarga a-i contròlli mancæ da parte do Commun.",donde,
"L’investigaçion in sciâ strage do Primmo de l’anno à Crans-Montana, in Svissera, donde 40 persoñe son mòrte inte l’inçendio de un locale, a s’allarga a-i contròlli mancæ da parte do Commun.",40,
"L’investigaçion in sciâ strage do Primmo de l’anno à Crans-Montana, in Svissera, donde 40 persoñe son mòrte inte l’inçendio de un locale, a s’allarga a-i contròlli mancæ da parte do Commun.",persoñe,
"L’investigaçion in sciâ strage do Primmo de l’anno à Crans-Montana, in Svissera, donde 40 persoñe son mòrte inte l’inçendio de un locale, a s’allarga a-i contròlli mancæ da parte do Commun.",son,
"L’investigaçion in sciâ strage do Primmo de l’anno à Crans-Montana, in Svissera, donde 40 persoñe son mòrte inte l’inçendio de un locale, a s’allarga a-i contròlli mancæ da parte do Commun.",mòrte,
"L’investigaçion in sciâ strage do Primmo de l’anno à Crans-Montana, in Svissera, donde 40 persoñe son mòrte inte l’inçendio de un locale, a s’allarga a-i contròlli mancæ da parte do Commun.",inte,
"L’investigaçion in sciâ strage do Primmo de l’anno à Crans-Montana, in Svissera, donde 40 persoñe son mòrte inte l’inçendio de un locale, a s’allarga a-i contròlli mancæ da parte do Commun.",l,
"L’investigaçion in sciâ strage do Primmo de l’anno à Crans-Montana, in Svissera, donde 40 persoñe son mòrte inte l’inçendio de un locale, a s’allarga a-i contròlli mancæ da parte do Commun.",’,
"L’investigaçion in sciâ strage do Primmo de l’anno à Crans-Montana, in Svissera, donde 40 persoñe son mòrte inte l’inçendio de un locale, a s’allarga a-i contròlli mancæ da parte do Commun.",inçendio,
"L’investigaçion in sciâ strage do Primmo de l’anno à Crans-Montana, in Svissera, donde 40 persoñe son mòrte inte l’inçendio de un locale, a s’allarga a-i contròlli mancæ da parte do Commun.",de,
"L’investigaçion in sciâ strage do Primmo de l’anno à Crans-Montana, in Svissera, donde 40 persoñe son mòrte inte l’inçendio de un locale, a s’allarga a-i contròlli mancæ da parte do Commun.",un,
"L’investigaçion in sciâ strage do Primmo de l’anno à Crans-Montana, in Svissera, donde 40 persoñe son mòrte inte l’inçendio de un locale, a s’allarga a-i contròlli mancæ da parte do Commun.",locale,
"L’investigaçion in sciâ strage do Primmo de l’anno à Crans-Montana, in Svissera, donde 40 persoñe son mòrte inte l’inçendio de un locale, a s’allarga a-i contròlli mancæ da parte do Commun.",",",
"L’investigaçion in sciâ strage do Primmo de l’anno à Crans-Montana, in Svissera, donde 40 persoñe son mòrte inte l’inçendio de un locale, a s’allarga a-i contròlli mancæ da parte do Commun.",a,
"L’investigaçion in sciâ strage do Primmo de l’anno à Crans-Montana, in Svissera, donde 40 persoñe son mòrte inte l’inçendio de un locale, a s’allarga a-i contròlli mancæ da parte do Commun.",s,
"L’investigaçion in sciâ strage do Primmo de l’anno à Crans-Montana, in Svissera, donde 40 persoñe son mòrte inte l’inçendio de un locale, a s’allarga a-i contròlli mancæ da parte do Commun.",’,
"L’investigaçion in sciâ strage do Primmo de l’anno à Crans-Montana, in Svissera, donde 40 persoñe son mòrte inte l’inçendio de un locale, a s’allarga a-i contròlli mancæ da parte do Commun.",allarga,
"L’investigaçion in sciâ strage do Primmo de l’anno à Crans-Montana, in Svissera, donde 40 persoñe son mòrte inte l’inçendio de un locale, a s’allarga a-i contròlli mancæ da parte do Commun.",a-i,
"L’investigaçion in sciâ strage do Primmo de l’anno à Crans-Montana, in Svissera, donde 40 persoñe son mòrte inte l’inçendio de un locale, a s’allarga a-i contròlli mancæ da parte do Commun.",contròlli,
"L’investigaçion in sciâ strage do Primmo de l’anno à Crans-Montana, in Svissera, donde 40 persoñe son mòrte inte l’inçendio de un locale, a s’allarga a-i contròlli mancæ da parte do Commun.",mancæ,
"L’investigaçion in sciâ strage do Primmo de l’anno à Crans-Montana, in Svissera, donde 40 persoñe son mòrte inte l’inçendio de un locale, a s’allarga a-i contròlli mancæ da parte do Commun.",da,
"L’investigaçion in sciâ strage do Primmo de l’anno à Crans-Montana, in Svissera, donde 40 persoñe son mòrte inte l’inçendio de un locale, a s’allarga a-i contròlli mancæ da parte do Commun.",parte,
"L’investigaçion in sciâ strage do Primmo de l’anno à Crans-Montana, in Svissera, donde 40 persoñe son mòrte inte l’inçendio de un locale, a s’allarga a-i contròlli mancæ da parte do Commun.",do,
"L’investigaçion in sciâ strage do Primmo de l’anno à Crans-Montana, in Svissera, donde 40 persoñe son mòrte inte l’inçendio de un locale, a s’allarga a-i contròlli mancæ da parte do Commun.",Commun,
"L’investigaçion in sciâ strage do Primmo de l’anno à Crans-Montana, in Svissera, donde 40 persoñe son mòrte inte l’inçendio de un locale, a s’allarga a-i contròlli mancæ da parte do Commun.",.,
A viçescindica do paise a l’à ciammou scuse.,A,
A viçescindica do paise a l’à ciammou scuse.,viçescindica,
A viçescindica do paise a l’à ciammou scuse.,do,
A viçescindica do paise a l’à ciammou scuse.,paise,
A viçescindica do paise a l’à ciammou scuse.,a,
A viçescindica do paise a l’à ciammou scuse.,l,
A viçescindica do paise a l’à ciammou scuse.,’,
A viçescindica do paise a l’à ciammou scuse.,à,
A viçescindica do paise a l’à ciammou scuse.,ciammou,
A viçescindica do paise a l’à ciammou scuse.,scuse,
A viçescindica do paise a l’à ciammou scuse.,.,
"O Jacques Moretti, baccan do Le Constellation co-a moggê Jessica, o l’é ancon in prexon pe-o reisego de fuga, ma a Procua de Sion a l’avieiva domandou unna cauçion de 400mia franchi pe mettilo in libertæ.",O,
"O Jacques Moretti, baccan do Le Constellation co-a moggê Jessica, o l’é ancon in prexon pe-o reisego de fuga, ma a Procua de Sion a l’avieiva domandou unna cauçion de 400mia franchi pe mettilo in libertæ.",Jacques,
"O Jacques Moretti, baccan do Le Constellation co-a moggê Jessica, o l’é ancon in prexon pe-o reisego de fuga, ma a Procua de Sion a l’avieiva domandou unna cauçion de 400mia franchi pe mettilo in libertæ.",Moretti,
"O Jacques Moretti, baccan do Le Constellation co-a moggê Jessica, o l’é ancon in prexon pe-o reisego de fuga, ma a Procua de Sion a l’avieiva domandou unna cauçion de 400mia franchi pe mettilo in libertæ.",",",
"O Jacques Moretti, baccan do Le Constellation co-a moggê Jessica, o l’é ancon in prexon pe-o reisego de fuga, ma a Procua de Sion a l’avieiva domandou unna cauçion de 400mia franchi pe mettilo in libertæ.",baccan,
"O Jacques Moretti, baccan do Le Constellation co-a moggê Jessica, o l’é ancon in prexon pe-o reisego de fuga, ma a Procua de Sion a l’avieiva domandou unna cauçion de 400mia franchi pe mettilo in libertæ.",do,
"O Jacques Moretti, baccan do Le Constellation co-a moggê Jessica, o l’é ancon in prexon pe-o reisego de fuga, ma a Procua de Sion a l’avieiva domandou unna cauçion de 400mia franchi pe mettilo in libertæ.",Le,
"O Jacques Moretti, baccan do Le Constellation co-a moggê Jessica, o l’é ancon in prexon pe-o reisego de fuga, ma a Procua de Sion a l’avieiva domandou unna cauçion de 400mia franchi pe mettilo in libertæ.",Constellation,
"O Jacques Moretti, baccan do Le Constellation co-a moggê Jessica, o l’é ancon in prexon pe-o reisego de fuga, ma a Procua de Sion a l’avieiva domandou unna cauçion de 400mia franchi pe mettilo in libertæ.",co-a,
"O Jacques Moretti, baccan do Le Constellation co-a moggê Jessica, o l’é ancon in prexon pe-o reisego de fuga, ma a Procua de Sion a l’avieiva domandou unna cauçion de 400mia franchi pe mettilo in libertæ.",moggê,
"O Jacques Moretti, baccan do Le Constellation co-a moggê Jessica, o l’é ancon in prexon pe-o reisego de fuga, ma a Procua de Sion a l’avieiva domandou unna cauçion de 400mia franchi pe mettilo in libertæ.",Jessica,
"O Jacques Moretti, baccan do Le Constellation co-a moggê Jessica, o l’é ancon in prexon pe-o reisego de fuga, ma a Procua de Sion a l’avieiva domandou unna cauçion de 400mia franchi pe mettilo in libertæ.",",",
"O Jacques Moretti, baccan do Le Constellation co-a moggê Jessica, o l’é ancon in prexon pe-o reisego de fuga, ma a Procua de Sion a l’avieiva domandou unna cauçion de 400mia franchi pe mettilo in libertæ.",o,
"O Jacques Moretti, baccan do Le Constellation co-a moggê Jessica, o l’é ancon in prexon pe-o reisego de fuga, ma a Procua de Sion a l’avieiva domandou unna cauçion de 400mia franchi pe mettilo in libertæ.",l,
"O Jacques Moretti, baccan do Le Constellation co-a moggê Jessica, o l’é ancon in prexon pe-o reisego de fuga, ma a Procua de Sion a l’avieiva domandou unna cauçion de 400mia franchi pe mettilo in libertæ.",’,
"O Jacques Moretti, baccan do Le Constellation co-a moggê Jessica, o l’é ancon in prexon pe-o reisego de fuga, ma a Procua de Sion a l’avieiva domandou unna cauçion de 400mia franchi pe mettilo in libertæ.",é,
"O Jacques Moretti, baccan do Le Constellation co-a moggê Jessica, o l’é ancon in prexon pe-o reisego de fuga, ma a Procua de Sion a l’avieiva domandou unna cauçion de 400mia franchi pe mettilo in libertæ.",ancon,
"O Jacques Moretti, baccan do Le Constellation co-a moggê Jessica, o l’é ancon in prexon pe-o reisego de fuga, ma a Procua de Sion a l’avieiva domandou unna cauçion de 400mia franchi pe mettilo in libertæ.",in,
"O Jacques Moretti, baccan do Le Constellation co-a moggê Jessica, o l’é ancon in prexon pe-o reisego de fuga, ma a Procua de Sion a l’avieiva domandou unna cauçion de 400mia franchi pe mettilo in libertæ.",prexon,
"O Jacques Moretti, baccan do Le Constellation co-a moggê Jessica, o l’é ancon in prexon pe-o reisego de fuga, ma a Procua de Sion a l’avieiva domandou unna cauçion de 400mia franchi pe mettilo in libertæ.",pe-o,
"O Jacques Moretti, baccan do Le Constellation co-a moggê Jessica, o l’é ancon in prexon pe-o reisego de fuga, ma a Procua de Sion a l’avieiva domandou unna cauçion de 400mia franchi pe mettilo in libertæ.",reisego,
"O Jacques Moretti, baccan do Le Constellation co-a moggê Jessica, o l’é ancon in prexon pe-o reisego de fuga, ma a Procua de Sion a l’avieiva domandou unna cauçion de 400mia franchi pe mettilo in libertæ.",de,
"O Jacques Moretti, baccan do Le Constellation co-a moggê Jessica, o l’é ancon in prexon pe-o reisego de fuga, ma a Procua de Sion a l’avieiva domandou unna cauçion de 400mia franchi pe mettilo in libertæ.",fuga,
"O Jacques Moretti, baccan do Le Constellation co-a moggê Jessica, o l’é ancon in prexon pe-o reisego de fuga, ma a Procua de Sion a l’avieiva domandou unna cauçion de 400mia franchi pe mettilo in libertæ.",",",
"O Jacques Moretti, baccan do Le Constellation co-a moggê Jessica, o l’é ancon in prexon pe-o reisego de fuga, ma a Procua de Sion a l’avieiva domandou unna cauçion de 400mia franchi pe mettilo in libertæ.",ma,
"O Jacques Moretti, baccan do Le Constellation co-a moggê Jessica, o l’é ancon in prexon pe-o reisego de fuga, ma a Procua de Sion a l’avieiva domandou unna cauçion de 400mia franchi pe mettilo in libertæ.",a,
"O Jacques Moretti, baccan do Le Constellation co-a moggê Jessica, o l’é ancon in prexon pe-o reisego de fuga, ma a Procua de Sion a l’avieiva domandou unna cauçion de 400mia franchi pe mettilo in libertæ.",Procua,
"O Jacques Moretti, baccan do Le Constellation co-a moggê Jessica, o l’é ancon in prexon pe-o reisego de fuga, ma a Procua de Sion a l’avieiva domandou unna cauçion de 400mia franchi pe mettilo in libertæ.",de,
"O Jacques Moretti, baccan do Le Constellation co-a moggê Jessica, o l’é ancon in prexon pe-o reisego de fuga, ma a Procua de Sion a l’avieiva domandou unna cauçion de 400mia franchi pe mettilo in libertæ.",Sion,
"O Jacques Moretti, baccan do Le Constellation co-a moggê Jessica, o l’é ancon in prexon pe-o reisego de fuga, ma a Procua de Sion a l’avieiva domandou unna cauçion de 400mia franchi pe mettilo in libertæ.",a,
"O Jacques Moretti, baccan do Le Constellation co-a moggê Jessica, o l’é ancon in prexon pe-o reisego de fuga, ma a Procua de Sion a l’avieiva domandou unna cauçion de 400mia franchi pe mettilo in libertæ.",l,
"O Jacques Moretti, baccan do Le Constellation co-a moggê Jessica, o l’é ancon in prexon pe-o reisego de fuga, ma a Procua de Sion a l’avieiva domandou unna cauçion de 400mia franchi pe mettilo in libertæ.",’,
"O Jacques Moretti, baccan do Le Constellation co-a moggê Jessica, o l’é ancon in prexon pe-o reisego de fuga, ma a Procua de Sion a l’avieiva domandou unna cauçion de 400mia franchi pe mettilo in libertæ.",avieiva,
"O Jacques Moretti, baccan do Le Constellation co-a moggê Jessica, o l’é ancon in prexon pe-o reisego de fuga, ma a Procua de Sion a l’avieiva domandou unna cauçion de 400mia franchi pe mettilo in libertæ.",domandou,
"O Jacques Moretti, baccan do Le Constellation co-a moggê Jessica, o l’é ancon in prexon pe-o reisego de fuga, ma a Procua de Sion a l’avieiva domandou unna cauçion de 400mia franchi pe mettilo in libertæ.",unna,
"O Jacques Moretti, baccan do Le Constellation co-a moggê Jessica, o l’é ancon in prexon pe-o reisego de fuga, ma a Procua de Sion a l’avieiva domandou unna cauçion de 400mia franchi pe mettilo in libertæ.",cauçion,
"O Jacques Moretti, baccan do Le Constellation co-a moggê Jessica, o l’é ancon in prexon pe-o reisego de fuga, ma a Procua de Sion a l’avieiva domandou unna cauçion de 400mia franchi pe mettilo in libertæ.",de,
"O Jacques Moretti, baccan do Le Constellation co-a moggê Jessica, o l’é ancon in prexon pe-o reisego de fuga, ma a Procua de Sion a l’avieiva domandou unna cauçion de 400mia franchi pe mettilo in libertæ.",400mia,
"O Jacques Moretti, baccan do Le Constellation co-a moggê Jessica, o l’é ancon in prexon pe-o reisego de fuga, ma a Procua de Sion a l’avieiva domandou unna cauçion de 400mia franchi pe mettilo in libertæ.",franchi,
"O Jacques Moretti, baccan do Le Constellation co-a moggê Jessica, o l’é ancon in prexon pe-o reisego de fuga, ma a Procua de Sion a l’avieiva domandou unna cauçion de 400mia franchi pe mettilo in libertæ.",pe,
"O Jacques Moretti, baccan do Le Constellation co-a moggê Jessica, o l’é ancon in prexon pe-o reisego de fuga, ma a Procua de Sion a l’avieiva domandou unna cauçion de 400mia franchi pe mettilo in libertæ.",mettilo,
"O Jacques Moretti, baccan do Le Constellation co-a moggê Jessica, o l’é ancon in prexon pe-o reisego de fuga, ma a Procua de Sion a l’avieiva domandou unna cauçion de 400mia franchi pe mettilo in libertæ.",in,
"O Jacques Moretti, baccan do Le Constellation co-a moggê Jessica, o l’é ancon in prexon pe-o reisego de fuga, ma a Procua de Sion a l’avieiva domandou unna cauçion de 400mia franchi pe mettilo in libertæ.",libertæ,
"O Jacques Moretti, baccan do Le Constellation co-a moggê Jessica, o l’é ancon in prexon pe-o reisego de fuga, ma a Procua de Sion a l’avieiva domandou unna cauçion de 400mia franchi pe mettilo in libertæ.",.,
O l’à ammisso che a pòrta a-o cian terren a l’ea serrâ co-a ciave e ch’o l’aiva cangiou lê a scciumma anti-fô ch’a l’à piggiou feugo.,O,
O l’à ammisso che a pòrta a-o cian terren a l’ea serrâ co-a ciave e ch’o l’aiva cangiou lê a scciumma anti-fô ch’a l’à piggiou feugo.,l,
O l’à ammisso che a pòrta a-o cian terren a l’ea serrâ co-a ciave e ch’o l’aiva cangiou lê a scciumma anti-fô ch’a l’à piggiou feugo.,’,
O l’à ammisso che a pòrta a-o cian terren a l’ea serrâ co-a ciave e ch’o l’aiva cangiou lê a scciumma anti-fô ch’a l’à piggiou feugo.,à,
O l’à ammisso che a pòrta a-o cian terren a l’ea serrâ co-a ciave e ch’o l’aiva cangiou lê a scciumma anti-fô ch’a l’à piggiou feugo.,ammisso,
O l’à ammisso che a pòrta a-o cian terren a l’ea serrâ co-a ciave e ch’o l’aiva cangiou lê a scciumma anti-fô ch’a l’à piggiou feugo.,che,
O l’à ammisso che a pòrta a-o cian terren a l’ea serrâ co-a ciave e ch’o l’aiva cangiou lê a scciumma anti-fô ch’a l’à piggiou feugo.,a,
O l’à ammisso che a pòrta a-o cian terren a l’ea serrâ co-a ciave e ch’o l’aiva cangiou lê a scciumma anti-fô ch’a l’à piggiou feugo.,pòrta,
O l’à ammisso che a pòrta a-o cian terren a l’ea serrâ co-a ciave e ch’o l’aiva cangiou lê a scciumma anti-fô ch’a l’à piggiou feugo.,a-o,
O l’à ammisso che a pòrta a-o cian terren a l’ea serrâ co-a ciave e ch’o l’aiva cangiou lê a scciumma anti-fô ch’a l’à piggiou feugo.,cian,
O l’à ammisso che a pòrta a-o cian terren a l’ea serrâ co-a ciave e ch’o l’aiva cangiou lê a scciumma anti-fô ch’a l’à piggiou feugo.,terren,
O l’à ammisso che a pòrta a-o cian terren a l’ea serrâ co-a ciave e ch’o l’aiva cangiou lê a scciumma anti-fô ch’a l’à piggiou feugo.,a,
O l’à ammisso che a pòrta a-o cian terren a l’ea serrâ co-a ciave e ch’o l’aiva cangiou lê a scciumma anti-fô ch’a l’à piggiou feugo.,l,
O l’à ammisso che a pòrta a-o cian terren a l’ea serrâ co-a ciave e ch’o l’aiva cangiou lê a scciumma anti-fô ch’a l’à piggiou feugo.,’,
O l’à ammisso che a pòrta a-o cian terren a l’ea serrâ co-a ciave e ch’o l’aiva cangiou lê a scciumma anti-fô ch’a l’à piggiou feugo.,ea,
O l’à ammisso che a pòrta a-o cian terren a l’ea serrâ co-a ciave e ch’o l’aiva cangiou lê a scciumma anti-fô ch’a l’à piggiou feugo.,serrâ,
O l’à ammisso che a pòrta a-o cian terren a l’ea serrâ co-a ciave e ch’o l’aiva cangiou lê a scciumma anti-fô ch’a l’à piggiou feugo.,co-a,
O l’à ammisso che a pòrta a-o cian terren a l’ea serrâ co-a ciave e ch’o l’aiva cangiou lê a scciumma anti-fô ch’a l’à piggiou feugo.,ciave,
O l’à ammisso che a pòrta a-o cian terren a l’ea serrâ co-a ciave e ch’o l’aiva cangiou lê a scciumma anti-fô ch’a l’à piggiou feugo.,e,
O l’à ammisso che a pòrta a-o cian terren a l’ea serrâ co-a ciave e ch’o l’aiva cangiou lê a scciumma anti-fô ch’a l’à piggiou feugo.,ch,
O l’à ammisso che a pòrta a-o cian terren a l’ea serrâ co-a ciave e ch’o l’aiva cangiou lê a scciumma anti-fô ch’a l’à piggiou feugo.,’,
O l’à ammisso che a pòrta a-o cian terren a l’ea serrâ co-a ciave e ch’o l’aiva cangiou lê a scciumma anti-fô ch’a l’à piggiou feugo.,o,
O l’à ammisso che a pòrta a-o cian terren a l’ea serrâ co-a ciave e ch’o l’aiva cangiou lê a scciumma anti-fô ch’a l’à piggiou feugo.,l,
O l’à ammisso che a pòrta a-o cian terren a l’ea serrâ co-a ciave e ch’o l’aiva cangiou lê a scciumma anti-fô ch’a l’à piggiou feugo.,’,
O l’à ammisso che a pòrta a-o cian terren a l’ea serrâ co-a ciave e ch’o l’aiva cangiou lê a scciumma anti-fô ch’a l’à piggiou feugo.,aiva,
O l’à ammisso che a pòrta a-o cian terren a l’ea serrâ co-a ciave e ch’o l’aiva cangiou lê a scciumma anti-fô ch’a l’à piggiou feugo.,cangiou,
O l’à ammisso che a pòrta a-o cian terren a l’ea serrâ co-a ciave e ch’o l’aiva cangiou lê a scciumma anti-fô ch’a l’à piggiou feugo.,lê,
O l’à ammisso che a pòrta a-o cian terren a l’ea serrâ co-a ciave e ch’o l’aiva cangiou lê a scciumma anti-fô ch’a l’à piggiou feugo.,a,
O l’à ammisso che a pòrta a-o cian terren a l’ea serrâ co-a ciave e ch’o l’aiva cangiou lê a scciumma anti-fô ch’a l’à piggiou feugo.,scciumma,
O l’à ammisso che a pòrta a-o cian terren a l’ea serrâ co-a ciave e ch’o l’aiva cangiou lê a scciumma anti-fô ch’a l’à piggiou feugo.,anti-fô,
O l’à ammisso che a pòrta a-o cian terren a l’ea serrâ co-a ciave e ch’o l’aiva cangiou lê a scciumma anti-fô ch’a l’à piggiou feugo.,ch,
O l’à ammisso che a pòrta a-o cian terren a l’ea serrâ co-a ciave e ch’o l’aiva cangiou lê a scciumma anti-fô ch’a l’à piggiou feugo.,’,
O l’à ammisso che a pòrta a-o cian terren a l’ea serrâ co-a ciave e ch’o l’aiva cangiou lê a scciumma anti-fô ch’a l’à piggiou feugo.,a,
O l’à ammisso che a pòrta a-o cian terren a l’ea serrâ co-a ciave e ch’o l’aiva cangiou lê a scciumma anti-fô ch’a l’à piggiou feugo.,l,
O l’à ammisso che a pòrta a-o cian terren a l’ea serrâ co-a ciave e ch’o l’aiva cangiou lê a scciumma anti-fô ch’a l’à piggiou feugo.,’,
O l’à ammisso che a pòrta a-o cian terren a l’ea serrâ co-a ciave e ch’o l’aiva cangiou lê a scciumma anti-fô ch’a l’à piggiou feugo.,à,
O l’à ammisso che a pòrta a-o cian terren a l’ea serrâ co-a ciave e ch’o l’aiva cangiou lê a scciumma anti-fô ch’a l’à piggiou feugo.,piggiou,
O l’à ammisso che a pòrta a-o cian terren a l’ea serrâ co-a ciave e ch’o l’aiva cangiou lê a scciumma anti-fô ch’a l’à piggiou feugo.,feugo,
O l’à ammisso che a pòrta a-o cian terren a l’ea serrâ co-a ciave e ch’o l’aiva cangiou lê a scciumma anti-fô ch’a l’à piggiou feugo.,.,
"I doî son accaxonæ d’ammassamento, lexoin e inçendio corpoxi.",I,
"I doî son accaxonæ d’ammassamento, lexoin e inçendio corpoxi.",doî,
"I doî son accaxonæ d’ammassamento, lexoin e inçendio corpoxi.",son,
"I doî son accaxonæ d’ammassamento, lexoin e inçendio corpoxi.",accaxonæ,
"I doî son accaxonæ d’ammassamento, lexoin e inçendio corpoxi.",d,
"I doî son accaxonæ d’ammassamento, lexoin e inçendio corpoxi.",’,
"I doî son accaxonæ d’ammassamento, lexoin e inçendio corpoxi.",ammassamento,
"I doî son accaxonæ d’ammassamento, lexoin e inçendio corpoxi.",",",
"I doî son accaxonæ d’ammassamento, lexoin e inçendio corpoxi.",lexoin,
"I doî son accaxonæ d’ammassamento, lexoin e inçendio corpoxi.",e,
"I doî son accaxonæ d’ammassamento, lexoin e inçendio corpoxi.",inçendio,
"I doî son accaxonæ d’ammassamento, lexoin e inçendio corpoxi.",corpoxi,
"I doî son accaxonæ d’ammassamento, lexoin e inçendio corpoxi.",.,
A dònna a gh’à solo l’òbrigo de firma.,A,
A dònna a gh’à solo l’òbrigo de firma.,dònna,
A dònna a gh’à solo l’òbrigo de firma.,a,
A dònna a gh’à solo l’òbrigo de firma.,gh,
A dònna a gh’à solo l’òbrigo de firma.,’,
A dònna a gh’à solo l’òbrigo de firma.,à,
A dònna a gh’à solo l’òbrigo de firma.,solo,
A dònna a gh’à solo l’òbrigo de firma.,l,
A dònna a gh’à solo l’òbrigo de firma.,’,
A dònna a gh’à solo l’òbrigo de firma.,òbrigo,
A dònna a gh’à solo l’òbrigo de firma.,de,
A dònna a gh’à solo l’òbrigo de firma.,firma,
A dònna a gh’à solo l’òbrigo de firma.,.,
"O Mohammad Hannoun, l’attivista palestineise de 63 anni arrestou à Zena con l’accusa d’avei finançiou Hamas e d’ëse o cappo da çellula italiaña de l’organizzaçion, o l’é stæto portou da-a prexon de Marasci à quella de Terni inte unna seçion d’erta seguessa destinâ a-i detegnui pe terroriximo.",O,
"O Mohammad Hannoun, l’attivista palestineise de 63 anni arrestou à Zena con l’accusa d’avei finançiou Hamas e d’ëse o cappo da çellula italiaña de l’organizzaçion, o l’é stæto portou da-a prexon de Marasci à quella de Terni inte unna seçion d’erta seguessa destinâ a-i detegnui pe terroriximo.",Mohammad,
"O Mohammad Hannoun, l’attivista palestineise de 63 anni arrestou à Zena con l’accusa d’avei finançiou Hamas e d’ëse o cappo da çellula italiaña de l’organizzaçion, o l’é stæto portou da-a prexon de Marasci à quella de Terni inte unna seçion d’erta seguessa destinâ a-i detegnui pe terroriximo.",Hannoun,
"O Mohammad Hannoun, l’attivista palestineise de 63 anni arrestou à Zena con l’accusa d’avei finançiou Hamas e d’ëse o cappo da çellula italiaña de l’organizzaçion, o l’é stæto portou da-a prexon de Marasci à quella de Terni inte unna seçion d’erta seguessa destinâ a-i detegnui pe terroriximo.",",",
"O Mohammad Hannoun, l’attivista palestineise de 63 anni arrestou à Zena con l’accusa d’avei finançiou Hamas e d’ëse o cappo da çellula italiaña de l’organizzaçion, o l’é stæto portou da-a prexon de Marasci à quella de Terni inte unna seçion d’erta seguessa destinâ a-i detegnui pe terroriximo.",l,
"O Mohammad Hannoun, l’attivista palestineise de 63 anni arrestou à Zena con l’accusa d’avei finançiou Hamas e d’ëse o cappo da çellula italiaña de l’organizzaçion, o l’é stæto portou da-a prexon de Marasci à quella de Terni inte unna seçion d’erta seguessa destinâ a-i detegnui pe terroriximo.",’,
"O Mohammad Hannoun, l’attivista palestineise de 63 anni arrestou à Zena con l’accusa d’avei finançiou Hamas e d’ëse o cappo da çellula italiaña de l’organizzaçion, o l’é stæto portou da-a prexon de Marasci à quella de Terni inte unna seçion d’erta seguessa destinâ a-i detegnui pe terroriximo.",attivista,
"O Mohammad Hannoun, l’attivista palestineise de 63 anni arrestou à Zena con l’accusa d’avei finançiou Hamas e d’ëse o cappo da çellula italiaña de l’organizzaçion, o l’é stæto portou da-a prexon de Marasci à quella de Terni inte unna seçion d’erta seguessa destinâ a-i detegnui pe terroriximo.",palestineise,
"O Mohammad Hannoun, l’attivista palestineise de 63 anni arrestou à Zena con l’accusa d’avei finançiou Hamas e d’ëse o cappo da çellula italiaña de l’organizzaçion, o l’é stæto portou da-a prexon de Marasci à quella de Terni inte unna seçion d’erta seguessa destinâ a-i detegnui pe terroriximo.",de,
"O Mohammad Hannoun, l’attivista palestineise de 63 anni arrestou à Zena con l’accusa d’avei finançiou Hamas e d’ëse o cappo da çellula italiaña de l’organizzaçion, o l’é stæto portou da-a prexon de Marasci à quella de Terni inte unna seçion d’erta seguessa destinâ a-i detegnui pe terroriximo.",63,
"O Mohammad Hannoun, l’attivista palestineise de 63 anni arrestou à Zena con l’accusa d’avei finançiou Hamas e d’ëse o cappo da çellula italiaña de l’organizzaçion, o l’é stæto portou da-a prexon de Marasci à quella de Terni inte unna seçion d’erta seguessa destinâ a-i detegnui pe terroriximo.",anni,
"O Mohammad Hannoun, l’attivista palestineise de 63 anni arrestou à Zena con l’accusa d’avei finançiou Hamas e d’ëse o cappo da çellula italiaña de l’organizzaçion, o l’é stæto portou da-a prexon de Marasci à quella de Terni inte unna seçion d’erta seguessa destinâ a-i detegnui pe terroriximo.",arrestou,
"O Mohammad Hannoun, l’attivista palestineise de 63 anni arrestou à Zena con l’accusa d’avei finançiou Hamas e d’ëse o cappo da çellula italiaña de l’organizzaçion, o l’é stæto portou da-a prexon de Marasci à quella de Terni inte unna seçion d’erta seguessa destinâ a-i detegnui pe terroriximo.",à,
"O Mohammad Hannoun, l’attivista palestineise de 63 anni arrestou à Zena con l’accusa d’avei finançiou Hamas e d’ëse o cappo da çellula italiaña de l’organizzaçion, o l’é stæto portou da-a prexon de Marasci à quella de Terni inte unna seçion d’erta seguessa destinâ a-i detegnui pe terroriximo.",Zena,
"O Mohammad Hannoun, l’attivista palestineise de 63 anni arrestou à Zena con l’accusa d’avei finançiou Hamas e d’ëse o cappo da çellula italiaña de l’organizzaçion, o l’é stæto portou da-a prexon de Marasci à quella de Terni inte unna seçion d’erta seguessa destinâ a-i detegnui pe terroriximo.",con,
"O Mohammad Hannoun, l’attivista palestineise de 63 anni arrestou à Zena con l’accusa d’avei finançiou Hamas e d’ëse o cappo da çellula italiaña de l’organizzaçion, o l’é stæto portou da-a prexon de Marasci à quella de Terni inte unna seçion d’erta seguessa destinâ a-i detegnui pe terroriximo.",l,
"O Mohammad Hannoun, l’attivista palestineise de 63 anni arrestou à Zena con l’accusa d’avei finançiou Hamas e d’ëse o cappo da çellula italiaña de l’organizzaçion, o l’é stæto portou da-a prexon de Marasci à quella de Terni inte unna seçion d’erta seguessa destinâ a-i detegnui pe terroriximo.",’,
"O Mohammad Hannoun, l’attivista palestineise de 63 anni arrestou à Zena con l’accusa d’avei finançiou Hamas e d’ëse o cappo da çellula italiaña de l’organizzaçion, o l’é stæto portou da-a prexon de Marasci à quella de Terni inte unna seçion d’erta seguessa destinâ a-i detegnui pe terroriximo.",accusa,
"O Mohammad Hannoun, l’attivista palestineise de 63 anni arrestou à Zena con l’accusa d’avei finançiou Hamas e d’ëse o cappo da çellula italiaña de l’organizzaçion, o l’é stæto portou da-a prexon de Marasci à quella de Terni inte unna seçion d’erta seguessa destinâ a-i detegnui pe terroriximo.",d,
"O Mohammad Hannoun, l’attivista palestineise de 63 anni arrestou à Zena con l’accusa d’avei finançiou Hamas e d’ëse o cappo da çellula italiaña de l’organizzaçion, o l’é stæto portou da-a prexon de Marasci à quella de Terni inte unna seçion d’erta seguessa destinâ a-i detegnui pe terroriximo.",’,
"O Mohammad Hannoun, l’attivista palestineise de 63 anni arrestou à Zena con l’accusa d’avei finançiou Hamas e d’ëse o cappo da çellula italiaña de l’organizzaçion, o l’é stæto portou da-a prexon de Marasci à quella de Terni inte unna seçion d’erta seguessa destinâ a-i detegnui pe terroriximo.",avei,
"O Mohammad Hannoun, l’attivista palestineise de 63 anni arrestou à Zena con l’accusa d’avei finançiou Hamas e d’ëse o cappo da çellula italiaña de l’organizzaçion, o l’é stæto portou da-a prexon de Marasci à quella de Terni inte unna seçion d’erta seguessa destinâ a-i detegnui pe terroriximo.",finançiou,
"O Mohammad Hannoun, l’attivista palestineise de 63 anni arrestou à Zena con l’accusa d’avei finançiou Hamas e d’ëse o cappo da çellula italiaña de l’organizzaçion, o l’é stæto portou da-a prexon de Marasci à quella de Terni inte unna seçion d’erta seguessa destinâ a-i detegnui pe terroriximo.",Hamas,
"O Mohammad Hannoun, l’attivista palestineise de 63 anni arrestou à Zena con l’accusa d’avei finançiou Hamas e d’ëse o cappo da çellula italiaña de l’organizzaçion, o l’é stæto portou da-a prexon de Marasci à quella de Terni inte unna seçion d’erta seguessa destinâ a-i detegnui pe terroriximo.",e,
"O Mohammad Hannoun, l’attivista palestineise de 63 anni arrestou à Zena con l’accusa d’avei finançiou Hamas e d’ëse o cappo da çellula italiaña de l’organizzaçion, o l’é stæto portou da-a prexon de Marasci à quella de Terni inte unna seçion d’erta seguessa destinâ a-i detegnui pe terroriximo.",d,
"O Mohammad Hannoun, l’attivista palestineise de 63 anni arrestou à Zena con l’accusa d’avei finançiou Hamas e d’ëse o cappo da çellula italiaña de l’organizzaçion, o l’é stæto portou da-a prexon de Marasci à quella de Terni inte unna seçion d’erta seguessa destinâ a-i detegnui pe terroriximo.",’,
"O Mohammad Hannoun, l’attivista palestineise de 63 anni arrestou à Zena con l’accusa d’avei finançiou Hamas e d’ëse o cappo da çellula italiaña de l’organizzaçion, o l’é stæto portou da-a prexon de Marasci à quella de Terni inte unna seçion d’erta seguessa destinâ a-i detegnui pe terroriximo.",ëse,
"O Mohammad Hannoun, l’attivista palestineise de 63 anni arrestou à Zena con l’accusa d’avei finançiou Hamas e d’ëse o cappo da çellula italiaña de l’organizzaçion, o l’é stæto portou da-a prexon de Marasci à quella de Terni inte unna seçion d’erta seguessa destinâ a-i detegnui pe terroriximo.",o,
"O Mohammad Hannoun, l’attivista palestineise de 63 anni arrestou à Zena con l’accusa d’avei finançiou Hamas e d’ëse o cappo da çellula italiaña de l’organizzaçion, o l’é stæto portou da-a prexon de Marasci à quella de Terni inte unna seçion d’erta seguessa destinâ a-i detegnui pe terroriximo.",cappo,
"O Mohammad Hannoun, l’attivista palestineise de 63 anni arrestou à Zena con l’accusa d’avei finançiou Hamas e d’ëse o cappo da çellula italiaña de l’organizzaçion, o l’é stæto portou da-a prexon de Marasci à quella de Terni inte unna seçion d’erta seguessa destinâ a-i detegnui pe terroriximo.",da,
"O Mohammad Hannoun, l’attivista palestineise de 63 anni arrestou à Zena con l’accusa d’avei finançiou Hamas e d’ëse o cappo da çellula italiaña de l’organizzaçion, o l’é stæto portou da-a prexon de Marasci à quella de Terni inte unna seçion d’erta seguessa destinâ a-i detegnui pe terroriximo.",çellula,
"O Mohammad Hannoun, l’attivista palestineise de 63 anni arrestou à Zena con l’accusa d’avei finançiou Hamas e d’ëse o cappo da çellula italiaña de l’organizzaçion, o l’é stæto portou da-a prexon de Marasci à quella de Terni inte unna seçion d’erta seguessa destinâ a-i detegnui pe terroriximo.",italiaña,
"O Mohammad Hannoun, l’attivista palestineise de 63 anni arrestou à Zena con l’accusa d’avei finançiou Hamas e d’ëse o cappo da çellula italiaña de l’organizzaçion, o l’é stæto portou da-a prexon de Marasci à quella de Terni inte unna seçion d’erta seguessa destinâ a-i detegnui pe terroriximo.",de,
"O Mohammad Hannoun, l’attivista palestineise de 63 anni arrestou à Zena con l’accusa d’avei finançiou Hamas e d’ëse o cappo da çellula italiaña de l’organizzaçion, o l’é stæto portou da-a prexon de Marasci à quella de Terni inte unna seçion d’erta seguessa destinâ a-i detegnui pe terroriximo.",l,
"O Mohammad Hannoun, l’attivista palestineise de 63 anni arrestou à Zena con l’accusa d’avei finançiou Hamas e d’ëse o cappo da çellula italiaña de l’organizzaçion, o l’é stæto portou da-a prexon de Marasci à quella de Terni inte unna seçion d’erta seguessa destinâ a-i detegnui pe terroriximo.",’,
"O Mohammad Hannoun, l’attivista palestineise de 63 anni arrestou à Zena con l’accusa d’avei finançiou Hamas e d’ëse o cappo da çellula italiaña de l’organizzaçion, o l’é stæto portou da-a prexon de Marasci à quella de Terni inte unna seçion d’erta seguessa destinâ a-i detegnui pe terroriximo.",organizzaçion,
"O Mohammad Hannoun, l’attivista palestineise de 63 anni arrestou à Zena con l’accusa d’avei finançiou Hamas e d’ëse o cappo da çellula italiaña de l’organizzaçion, o l’é stæto portou da-a prexon de Marasci à quella de Terni inte unna seçion d’erta seguessa destinâ a-i detegnui pe terroriximo.",",",
"O Mohammad Hannoun, l’attivista palestineise de 63 anni arrestou à Zena con l’accusa d’avei finançiou Hamas e d’ëse o cappo da çellula italiaña de l’organizzaçion, o l’é stæto portou da-a prexon de Marasci à quella de Terni inte unna seçion d’erta seguessa destinâ a-i detegnui pe terroriximo.",o,
"O Mohammad Hannoun, l’attivista palestineise de 63 anni arrestou à Zena con l’accusa d’avei finançiou Hamas e d’ëse o cappo da çellula italiaña de l’organizzaçion, o l’é stæto portou da-a prexon de Marasci à quella de Terni inte unna seçion d’erta seguessa destinâ a-i detegnui pe terroriximo.",l,
"O Mohammad Hannoun, l’attivista palestineise de 63 anni arrestou à Zena con l’accusa d’avei finançiou Hamas e d’ëse o cappo da çellula italiaña de l’organizzaçion, o l’é stæto portou da-a prexon de Marasci à quella de Terni inte unna seçion d’erta seguessa destinâ a-i detegnui pe terroriximo.",’,
"O Mohammad Hannoun, l’attivista palestineise de 63 anni arrestou à Zena con l’accusa d’avei finançiou Hamas e d’ëse o cappo da çellula italiaña de l’organizzaçion, o l’é stæto portou da-a prexon de Marasci à quella de Terni inte unna seçion d’erta seguessa destinâ a-i detegnui pe terroriximo.",é,
"O Mohammad Hannoun, l’attivista palestineise de 63 anni arrestou à Zena con l’accusa d’avei finançiou Hamas e d’ëse o cappo da çellula italiaña de l’organizzaçion, o l’é stæto portou da-a prexon de Marasci à quella de Terni inte unna seçion d’erta seguessa destinâ a-i detegnui pe terroriximo.",stæto,
"O Mohammad Hannoun, l’attivista palestineise de 63 anni arrestou à Zena con l’accusa d’avei finançiou Hamas e d’ëse o cappo da çellula italiaña de l’organizzaçion, o l’é stæto portou da-a prexon de Marasci à quella de Terni inte unna seçion d’erta seguessa destinâ a-i detegnui pe terroriximo.",portou,
"O Mohammad Hannoun, l’attivista palestineise de 63 anni arrestou à Zena con l’accusa d’avei finançiou Hamas e d’ëse o cappo da çellula italiaña de l’organizzaçion, o l’é stæto portou da-a prexon de Marasci à quella de Terni inte unna seçion d’erta seguessa destinâ a-i detegnui pe terroriximo.",da-a,
"O Mohammad Hannoun, l’attivista palestineise de 63 anni arrestou à Zena con l’accusa d’avei finançiou Hamas e d’ëse o cappo da çellula italiaña de l’organizzaçion, o l’é stæto portou da-a prexon de Marasci à quella de Terni inte unna seçion d’erta seguessa destinâ a-i detegnui pe terroriximo.",prexon,
"O Mohammad Hannoun, l’attivista palestineise de 63 anni arrestou à Zena con l’accusa d’avei finançiou Hamas e d’ëse o cappo da çellula italiaña de l’organizzaçion, o l’é stæto portou da-a prexon de Marasci à quella de Terni inte unna seçion d’erta seguessa destinâ a-i detegnui pe terroriximo.",de,
"O Mohammad Hannoun, l’attivista palestineise de 63 anni arrestou à Zena con l’accusa d’avei finançiou Hamas e d’ëse o cappo da çellula italiaña de l’organizzaçion, o l’é stæto portou da-a prexon de Marasci à quella de Terni inte unna seçion d’erta seguessa destinâ a-i detegnui pe terroriximo.",Marasci,
"O Mohammad Hannoun, l’attivista palestineise de 63 anni arrestou à Zena con l’accusa d’avei finançiou Hamas e d’ëse o cappo da çellula italiaña de l’organizzaçion, o l’é stæto portou da-a prexon de Marasci à quella de Terni inte unna seçion d’erta seguessa destinâ a-i detegnui pe terroriximo.",à,
"O Mohammad Hannoun, l’attivista palestineise de 63 anni arrestou à Zena con l’accusa d’avei finançiou Hamas e d’ëse o cappo da çellula italiaña de l’organizzaçion, o l’é stæto portou da-a prexon de Marasci à quella de Terni inte unna seçion d’erta seguessa destinâ a-i detegnui pe terroriximo.",quella,
"O Mohammad Hannoun, l’attivista palestineise de 63 anni arrestou à Zena con l’accusa d’avei finançiou Hamas e d’ëse o cappo da çellula italiaña de l’organizzaçion, o l’é stæto portou da-a prexon de Marasci à quella de Terni inte unna seçion d’erta seguessa destinâ a-i detegnui pe terroriximo.",de,
"O Mohammad Hannoun, l’attivista palestineise de 63 anni arrestou à Zena con l’accusa d’avei finançiou Hamas e d’ëse o cappo da çellula italiaña de l’organizzaçion, o l’é stæto portou da-a prexon de Marasci à quella de Terni inte unna seçion d’erta seguessa destinâ a-i detegnui pe terroriximo.",Terni,
"O Mohammad Hannoun, l’attivista palestineise de 63 anni arrestou à Zena con l’accusa d’avei finançiou Hamas e d’ëse o cappo da çellula italiaña de l’organizzaçion, o l’é stæto portou da-a prexon de Marasci à quella de Terni inte unna seçion d’erta seguessa destinâ a-i detegnui pe terroriximo.",inte,
"O Mohammad Hannoun, l’attivista palestineise de 63 anni arrestou à Zena con l’accusa d’avei finançiou Hamas e d’ëse o cappo da çellula italiaña de l’organizzaçion, o l’é stæto portou da-a prexon de Marasci à quella de Terni inte unna seçion d’erta seguessa destinâ a-i detegnui pe terroriximo.",unna,
"O Mohammad Hannoun, l’attivista palestineise de 63 anni arrestou à Zena con l’accusa d’avei finançiou Hamas e d’ëse o cappo da çellula italiaña de l’organizzaçion, o l’é stæto portou da-a prexon de Marasci à quella de Terni inte unna seçion d’erta seguessa destinâ a-i detegnui pe terroriximo.",seçion,
"O Mohammad Hannoun, l’attivista palestineise de 63 anni arrestou à Zena con l’accusa d’avei finançiou Hamas e d’ëse o cappo da çellula italiaña de l’organizzaçion, o l’é stæto portou da-a prexon de Marasci à quella de Terni inte unna seçion d’erta seguessa destinâ a-i detegnui pe terroriximo.",d,
"O Mohammad Hannoun, l’attivista palestineise de 63 anni arrestou à Zena con l’accusa d’avei finançiou Hamas e d’ëse o cappo da çellula italiaña de l’organizzaçion, o l’é stæto portou da-a prexon de Marasci à quella de Terni inte unna seçion d’erta seguessa destinâ a-i detegnui pe terroriximo.",’,
"O Mohammad Hannoun, l’attivista palestineise de 63 anni arrestou à Zena con l’accusa d’avei finançiou Hamas e d’ëse o cappo da çellula italiaña de l’organizzaçion, o l’é stæto portou da-a prexon de Marasci à quella de Terni inte unna seçion d’erta seguessa destinâ a-i detegnui pe terroriximo.",erta,
"O Mohammad Hannoun, l’attivista palestineise de 63 anni arrestou à Zena con l’accusa d’avei finançiou Hamas e d’ëse o cappo da çellula italiaña de l’organizzaçion, o l’é stæto portou da-a prexon de Marasci à quella de Terni inte unna seçion d’erta seguessa destinâ a-i detegnui pe terroriximo.",seguessa,
"O Mohammad Hannoun, l’attivista palestineise de 63 anni arrestou à Zena con l’accusa d’avei finançiou Hamas e d’ëse o cappo da çellula italiaña de l’organizzaçion, o l’é stæto portou da-a prexon de Marasci à quella de Terni inte unna seçion d’erta seguessa destinâ a-i detegnui pe terroriximo.",destinâ,
"O Mohammad Hannoun, l’attivista palestineise de 63 anni arrestou à Zena con l’accusa d’avei finançiou Hamas e d’ëse o cappo da çellula italiaña de l’organizzaçion, o l’é stæto portou da-a prexon de Marasci à quella de Terni inte unna seçion d’erta seguessa destinâ a-i detegnui pe terroriximo.",a-i,
"O Mohammad Hannoun, l’attivista palestineise de 63 anni arrestou à Zena con l’accusa d’avei finançiou Hamas e d’ëse o cappo da çellula italiaña de l’organizzaçion, o l’é stæto portou da-a prexon de Marasci à quella de Terni inte unna seçion d’erta seguessa destinâ a-i detegnui pe terroriximo.",detegnui,
"O Mohammad Hannoun, l’attivista palestineise de 63 anni arrestou à Zena con l’accusa d’avei finançiou Hamas e d’ëse o cappo da çellula italiaña de l’organizzaçion, o l’é stæto portou da-a prexon de Marasci à quella de Terni inte unna seçion d’erta seguessa destinâ a-i detegnui pe terroriximo.",pe,
"O Mohammad Hannoun, l’attivista palestineise de 63 anni arrestou à Zena con l’accusa d’avei finançiou Hamas e d’ëse o cappo da çellula italiaña de l’organizzaçion, o l’é stæto portou da-a prexon de Marasci à quella de Terni inte unna seçion d’erta seguessa destinâ a-i detegnui pe terroriximo.",terroriximo,
"O Mohammad Hannoun, l’attivista palestineise de 63 anni arrestou à Zena con l’accusa d’avei finançiou Hamas e d’ëse o cappo da çellula italiaña de l’organizzaçion, o l’é stæto portou da-a prexon de Marasci à quella de Terni inte unna seçion d’erta seguessa destinâ a-i detegnui pe terroriximo.",.,
I seu avvocati an fæto recorso a-o Tribunâ do reexamme pe domandâne a liberaçion.,I,
I seu avvocati an fæto recorso a-o Tribunâ do reexamme pe domandâne a liberaçion.,seu,
I seu avvocati an fæto recorso a-o Tribunâ do reexamme pe domandâne a liberaçion.,avvocati,
I seu avvocati an fæto recorso a-o Tribunâ do reexamme pe domandâne a liberaçion.,an,
I seu avvocati an fæto recorso a-o Tribunâ do reexamme pe domandâne a liberaçion.,fæto,
I seu avvocati an fæto recorso a-o Tribunâ do reexamme pe domandâne a liberaçion.,recorso,
I seu avvocati an fæto recorso a-o Tribunâ do reexamme pe domandâne a liberaçion.,a-o,
I seu avvocati an fæto recorso a-o Tribunâ do reexamme pe domandâne a liberaçion.,Tribunâ,
I seu avvocati an fæto recorso a-o Tribunâ do reexamme pe domandâne a liberaçion.,do,
I seu avvocati an fæto recorso a-o Tribunâ do reexamme pe domandâne a liberaçion.,reexamme,
I seu avvocati an fæto recorso a-o Tribunâ do reexamme pe domandâne a liberaçion.,pe,
I seu avvocati an fæto recorso a-o Tribunâ do reexamme pe domandâne a liberaçion.,domandâne,
I seu avvocati an fæto recorso a-o Tribunâ do reexamme pe domandâne a liberaçion.,a,
I seu avvocati an fæto recorso a-o Tribunâ do reexamme pe domandâne a liberaçion.,liberaçion,
I seu avvocati an fæto recorso a-o Tribunâ do reexamme pe domandâne a liberaçion.,.,
"Into gruppo de magistrati che guiddan l’investigaçion ghe saià ascì o Luca Monteverde, ch’o l’aiva indagou ascì in sciô passou prescidente da Region Giovanni Toti.",Into,
"Into gruppo de magistrati che guiddan l’investigaçion ghe saià ascì o Luca Monteverde, ch’o l’aiva indagou ascì in sciô passou prescidente da Region Giovanni Toti.",gruppo,
"Into gruppo de magistrati che guiddan l’investigaçion ghe saià ascì o Luca Monteverde, ch’o l’aiva indagou ascì in sciô passou prescidente da Region Giovanni Toti.",de,
"Into gruppo de magistrati che guiddan l’investigaçion ghe saià ascì o Luca Monteverde, ch’o l’aiva indagou ascì in sciô passou prescidente da Region Giovanni Toti.",magistrati,
"Into gruppo de magistrati che guiddan l’investigaçion ghe saià ascì o Luca Monteverde, ch’o l’aiva indagou ascì in sciô passou prescidente da Region Giovanni Toti.",che,
"Into gruppo de magistrati che guiddan l’investigaçion ghe saià ascì o Luca Monteverde, ch’o l’aiva indagou ascì in sciô passou prescidente da Region Giovanni Toti.",guiddan,
"Into gruppo de magistrati che guiddan l’investigaçion ghe saià ascì o Luca Monteverde, ch’o l’aiva indagou ascì in sciô passou prescidente da Region Giovanni Toti.",l,
"Into gruppo de magistrati che guiddan l’investigaçion ghe saià ascì o Luca Monteverde, ch’o l’aiva indagou ascì in sciô passou prescidente da Region Giovanni Toti.",’,
"Into gruppo de magistrati che guiddan l’investigaçion ghe saià ascì o Luca Monteverde, ch’o l’aiva indagou ascì in sciô passou prescidente da Region Giovanni Toti.",investigaçion,
"Into gruppo de magistrati che guiddan l’investigaçion ghe saià ascì o Luca Monteverde, ch’o l’aiva indagou ascì in sciô passou prescidente da Region Giovanni Toti.",ghe,
"Into gruppo de magistrati che guiddan l’investigaçion ghe saià ascì o Luca Monteverde, ch’o l’aiva indagou ascì in sciô passou prescidente da Region Giovanni Toti.",saià,
"Into gruppo de magistrati che guiddan l’investigaçion ghe saià ascì o Luca Monteverde, ch’o l’aiva indagou ascì in sciô passou prescidente da Region Giovanni Toti.",ascì,
"Into gruppo de magistrati che guiddan l’investigaçion ghe saià ascì o Luca Monteverde, ch’o l’aiva indagou ascì in sciô passou prescidente da Region Giovanni Toti.",o,
"Into gruppo de magistrati che guiddan l’investigaçion ghe saià ascì o Luca Monteverde, ch’o l’aiva indagou ascì in sciô passou prescidente da Region Giovanni Toti.",Luca,
"Into gruppo de magistrati che guiddan l’investigaçion ghe saià ascì o Luca Monteverde, ch’o l’aiva indagou ascì in sciô passou prescidente da Region Giovanni Toti.",Monteverde,
"Into gruppo de magistrati che guiddan l’investigaçion ghe saià ascì o Luca Monteverde, ch’o l’aiva indagou ascì in sciô passou prescidente da Region Giovanni Toti.",",",
"Into gruppo de magistrati che guiddan l’investigaçion ghe saià ascì o Luca Monteverde, ch’o l’aiva indagou ascì in sciô passou prescidente da Region Giovanni Toti.",ch,
"Into gruppo de magistrati che guiddan l’investigaçion ghe saià ascì o Luca Monteverde, ch’o l’aiva indagou ascì in sciô passou prescidente da Region Giovanni Toti.",’,
"Into gruppo de magistrati che guiddan l’investigaçion ghe saià ascì o Luca Monteverde, ch’o l’aiva indagou ascì in sciô passou prescidente da Region Giovanni Toti.",o,
"Into gruppo de magistrati che guiddan l’investigaçion ghe saià ascì o Luca Monteverde, ch’o l’aiva indagou ascì in sciô passou prescidente da Region Giovanni Toti.",l,
"Into gruppo de magistrati che guiddan l’investigaçion ghe saià ascì o Luca Monteverde, ch’o l’aiva indagou ascì in sciô passou prescidente da Region Giovanni Toti.",’,
"Into gruppo de magistrati che guiddan l’investigaçion ghe saià ascì o Luca Monteverde, ch’o l’aiva indagou ascì in sciô passou prescidente da Region Giovanni Toti.",aiva,
"Into gruppo de magistrati che guiddan l’investigaçion ghe saià ascì o Luca Monteverde, ch’o l’aiva indagou ascì in sciô passou prescidente da Region Giovanni Toti.",indagou,
"Into gruppo de magistrati che guiddan l’investigaçion ghe saià ascì o Luca Monteverde, ch’o l’aiva indagou ascì in sciô passou prescidente da Region Giovanni Toti.",ascì,
"Into gruppo de magistrati che guiddan l’investigaçion ghe saià ascì o Luca Monteverde, ch’o l’aiva indagou ascì in sciô passou prescidente da Region Giovanni Toti.",in,
"Into gruppo de magistrati che guiddan l’investigaçion ghe saià ascì o Luca Monteverde, ch’o l’aiva indagou ascì in sciô passou prescidente da Region Giovanni Toti.",sciô,
"Into gruppo de magistrati che guiddan l’investigaçion ghe saià ascì o Luca Monteverde, ch’o l’aiva indagou ascì in sciô passou prescidente da Region Giovanni Toti.",passou,
"Into gruppo de magistrati che guiddan l’investigaçion ghe saià ascì o Luca Monteverde, ch’o l’aiva indagou ascì in sciô passou prescidente da Region Giovanni Toti.",prescidente,
"Into gruppo de magistrati che guiddan l’investigaçion ghe saià ascì o Luca Monteverde, ch’o l’aiva indagou ascì in sciô passou prescidente da Region Giovanni Toti.",da,
"Into gruppo de magistrati che guiddan l’investigaçion ghe saià ascì o Luca Monteverde, ch’o l’aiva indagou ascì in sciô passou prescidente da Region Giovanni Toti.",Region,
"Into gruppo de magistrati che guiddan l’investigaçion ghe saià ascì o Luca Monteverde, ch’o l’aiva indagou ascì in sciô passou prescidente da Region Giovanni Toti.",Giovanni,
"Into gruppo de magistrati che guiddan l’investigaçion ghe saià ascì o Luca Monteverde, ch’o l’aiva indagou ascì in sciô passou prescidente da Region Giovanni Toti.",Toti,
"Into gruppo de magistrati che guiddan l’investigaçion ghe saià ascì o Luca Monteverde, ch’o l’aiva indagou ascì in sciô passou prescidente da Region Giovanni Toti.",.,
"Intanto in sce Instagram l’é stæto averto un neuvo profî Orizzonte Umanitario, pe dâ voxe à l’assoçiaçion do Hannoun.",Intanto,
"Intanto in sce Instagram l’é stæto averto un neuvo profî Orizzonte Umanitario, pe dâ voxe à l’assoçiaçion do Hannoun.",in,
"Intanto in sce Instagram l’é stæto averto un neuvo profî Orizzonte Umanitario, pe dâ voxe à l’assoçiaçion do Hannoun.",sce,
"Intanto in sce Instagram l’é stæto averto un neuvo profî Orizzonte Umanitario, pe dâ voxe à l’assoçiaçion do Hannoun.",Instagram,
"Intanto in sce Instagram l’é stæto averto un neuvo profî Orizzonte Umanitario, pe dâ voxe à l’assoçiaçion do Hannoun.",l,
"Intanto in sce Instagram l’é stæto averto un neuvo profî Orizzonte Umanitario, pe dâ voxe à l’assoçiaçion do Hannoun.",’,
"Intanto in sce Instagram l’é stæto averto un neuvo profî Orizzonte Umanitario, pe dâ voxe à l’assoçiaçion do Hannoun.",é,
"Intanto in sce Instagram l’é stæto averto un neuvo profî Orizzonte Umanitario, pe dâ voxe à l’assoçiaçion do Hannoun.",stæto,
"Intanto in sce Instagram l’é stæto averto un neuvo profî Orizzonte Umanitario, pe dâ voxe à l’assoçiaçion do Hannoun.",averto,
"Intanto in sce Instagram l’é stæto averto un neuvo profî Orizzonte Umanitario, pe dâ voxe à l’assoçiaçion do Hannoun.",un,
"Intanto in sce Instagram l’é stæto averto un neuvo profî Orizzonte Umanitario, pe dâ voxe à l’assoçiaçion do Hannoun.",neuvo,
"Intanto in sce Instagram l’é stæto averto un neuvo profî Orizzonte Umanitario, pe dâ voxe à l’assoçiaçion do Hannoun.",profî,
"Intanto in sce Instagram l’é stæto averto un neuvo profî Orizzonte Umanitario, pe dâ voxe à l’assoçiaçion do Hannoun.",Orizzonte,
"Intanto in sce Instagram l’é stæto averto un neuvo profî Orizzonte Umanitario, pe dâ voxe à l’assoçiaçion do Hannoun.",Umanitario,
"Intanto in sce Instagram l’é stæto averto un neuvo profî Orizzonte Umanitario, pe dâ voxe à l’assoçiaçion do Hannoun.",",",
"Intanto in sce Instagram l’é stæto averto un neuvo profî Orizzonte Umanitario, pe dâ voxe à l’assoçiaçion do Hannoun.",pe,
"Intanto in sce Instagram l’é stæto averto un neuvo profî Orizzonte Umanitario, pe dâ voxe à l’assoçiaçion do Hannoun.",dâ,
"Intanto in sce Instagram l’é stæto averto un neuvo profî Orizzonte Umanitario, pe dâ voxe à l’assoçiaçion do Hannoun.",voxe,
"Intanto in sce Instagram l’é stæto averto un neuvo profî Orizzonte Umanitario, pe dâ voxe à l’assoçiaçion do Hannoun.",à,
"Intanto in sce Instagram l’é stæto averto un neuvo profî Orizzonte Umanitario, pe dâ voxe à l’assoçiaçion do Hannoun.",l,
"Intanto in sce Instagram l’é stæto averto un neuvo profî Orizzonte Umanitario, pe dâ voxe à l’assoçiaçion do Hannoun.",’,
"Intanto in sce Instagram l’é stæto averto un neuvo profî Orizzonte Umanitario, pe dâ voxe à l’assoçiaçion do Hannoun.",assoçiaçion,
"Intanto in sce Instagram l’é stæto averto un neuvo profî Orizzonte Umanitario, pe dâ voxe à l’assoçiaçion do Hannoun.",do,
"Intanto in sce Instagram l’é stæto averto un neuvo profî Orizzonte Umanitario, pe dâ voxe à l’assoçiaçion do Hannoun.",Hannoun,
"Intanto in sce Instagram l’é stæto averto un neuvo profî Orizzonte Umanitario, pe dâ voxe à l’assoçiaçion do Hannoun.",.,
"Un allenatô de savate da provinsa d’Impëia o l’é stæto arrestou pe violensa sessuale in sce træ atlete, de quæ doe minoî.",Un,
"Un allenatô de savate da provinsa d’Impëia o l’é stæto arrestou pe violensa sessuale in sce træ atlete, de quæ doe minoî.",allenatô,
"Un allenatô de savate da provinsa d’Impëia o l’é stæto arrestou pe violensa sessuale in sce træ atlete, de quæ doe minoî.",de,
"Un allenatô de savate da provinsa d’Impëia o l’é stæto arrestou pe violensa sessuale in sce træ atlete, de quæ doe minoî.",savate,
"Un allenatô de savate da provinsa d’Impëia o l’é stæto arrestou pe violensa sessuale in sce træ atlete, de quæ doe minoî.",da,
"Un allenatô de savate da provinsa d’Impëia o l’é stæto arrestou pe violensa sessuale in sce træ atlete, de quæ doe minoî.",provinsa,
"Un allenatô de savate da provinsa d’Impëia o l’é stæto arrestou pe violensa sessuale in sce træ atlete, de quæ doe minoî.",d,
"Un allenatô de savate da provinsa d’Impëia o l’é stæto arrestou pe violensa sessuale in sce træ atlete, de quæ doe minoî.",’,
"Un allenatô de savate da provinsa d’Impëia o l’é stæto arrestou pe violensa sessuale in sce træ atlete, de quæ doe minoî.",Impëia,
"Un allenatô de savate da provinsa d’Impëia o l’é stæto arrestou pe violensa sessuale in sce træ atlete, de quæ doe minoî.",o,
"Un allenatô de savate da provinsa d’Impëia o l’é stæto arrestou pe violensa sessuale in sce træ atlete, de quæ doe minoî.",l,
"Un allenatô de savate da provinsa d’Impëia o l’é stæto arrestou pe violensa sessuale in sce træ atlete, de quæ doe minoî.",’,
"Un allenatô de savate da provinsa d’Impëia o l’é stæto arrestou pe violensa sessuale in sce træ atlete, de quæ doe minoî.",é,
"Un allenatô de savate da provinsa d’Impëia o l’é stæto arrestou pe violensa sessuale in sce træ atlete, de quæ doe minoî.",stæto,
"Un allenatô de savate da provinsa d’Impëia o l’é stæto arrestou pe violensa sessuale in sce træ atlete, de quæ doe minoî.",arrestou,
"Un allenatô de savate da provinsa d’Impëia o l’é stæto arrestou pe violensa sessuale in sce træ atlete, de quæ doe minoî.",pe,
"Un allenatô de savate da provinsa d’Impëia o l’é stæto arrestou pe violensa sessuale in sce træ atlete, de quæ doe minoî.",violensa,
"Un allenatô de savate da provinsa d’Impëia o l’é stæto arrestou pe violensa sessuale in sce træ atlete, de quæ doe minoî.",sessuale,
"Un allenatô de savate da provinsa d’Impëia o l’é stæto arrestou pe violensa sessuale in sce træ atlete, de quæ doe minoî.",in,
"Un allenatô de savate da provinsa d’Impëia o l’é stæto arrestou pe violensa sessuale in sce træ atlete, de quæ doe minoî.",sce,
"Un allenatô de savate da provinsa d’Impëia o l’é stæto arrestou pe violensa sessuale in sce træ atlete, de quæ doe minoî.",træ,
"Un allenatô de savate da provinsa d’Impëia o l’é stæto arrestou pe violensa sessuale in sce træ atlete, de quæ doe minoî.",atlete,
"Un allenatô de savate da provinsa d’Impëia o l’é stæto arrestou pe violensa sessuale in sce træ atlete, de quæ doe minoî.",",",
"Un allenatô de savate da provinsa d’Impëia o l’é stæto arrestou pe violensa sessuale in sce træ atlete, de quæ doe minoî.",de,
"Un allenatô de savate da provinsa d’Impëia o l’é stæto arrestou pe violensa sessuale in sce træ atlete, de quæ doe minoî.",quæ,
"Un allenatô de savate da provinsa d’Impëia o l’é stæto arrestou pe violensa sessuale in sce træ atlete, de quæ doe minoî.",doe,
"Un allenatô de savate da provinsa d’Impëia o l’é stæto arrestou pe violensa sessuale in sce træ atlete, de quæ doe minoî.",minoî,
"Un allenatô de savate da provinsa d’Impëia o l’é stæto arrestou pe violensa sessuale in sce træ atlete, de quæ doe minoî.",.,
"L’investigaçion, partia da-a testimoniansa d’uña de zoene, a l’à permisso d’incriminâ l’òmmo: segondo l’accusa, graçie a-a seu poxiçion, o l’avieiva commisso di abuxi gravi e scistematichi con fâli passâ pe «strumenti de crescita sportiva e profescionale».",L,
"L’investigaçion, partia da-a testimoniansa d’uña de zoene, a l’à permisso d’incriminâ l’òmmo: segondo l’accusa, graçie a-a seu poxiçion, o l’avieiva commisso di abuxi gravi e scistematichi con fâli passâ pe «strumenti de crescita sportiva e profescionale».",’,
"L’investigaçion, partia da-a testimoniansa d’uña de zoene, a l’à permisso d’incriminâ l’òmmo: segondo l’accusa, graçie a-a seu poxiçion, o l’avieiva commisso di abuxi gravi e scistematichi con fâli passâ pe «strumenti de crescita sportiva e profescionale».",investigaçion,
"L’investigaçion, partia da-a testimoniansa d’uña de zoene, a l’à permisso d’incriminâ l’òmmo: segondo l’accusa, graçie a-a seu poxiçion, o l’avieiva commisso di abuxi gravi e scistematichi con fâli passâ pe «strumenti de crescita sportiva e profescionale».",",",
"L’investigaçion, partia da-a testimoniansa d’uña de zoene, a l’à permisso d’incriminâ l’òmmo: segondo l’accusa, graçie a-a seu poxiçion, o l’avieiva commisso di abuxi gravi e scistematichi con fâli passâ pe «strumenti de crescita sportiva e profescionale».",partia,
"L’investigaçion, partia da-a testimoniansa d’uña de zoene, a l’à permisso d’incriminâ l’òmmo: segondo l’accusa, graçie a-a seu poxiçion, o l’avieiva commisso di abuxi gravi e scistematichi con fâli passâ pe «strumenti de crescita sportiva e profescionale».",da-a,
"L’investigaçion, partia da-a testimoniansa d’uña de zoene, a l’à permisso d’incriminâ l’òmmo: segondo l’accusa, graçie a-a seu poxiçion, o l’avieiva commisso di abuxi gravi e scistematichi con fâli passâ pe «strumenti de crescita sportiva e profescionale».",testimoniansa,
"L’investigaçion, partia da-a testimoniansa d’uña de zoene, a l’à permisso d’incriminâ l’òmmo: segondo l’accusa, graçie a-a seu poxiçion, o l’avieiva commisso di abuxi gravi e scistematichi con fâli passâ pe «strumenti de crescita sportiva e profescionale».",d,
"L’investigaçion, partia da-a testimoniansa d’uña de zoene, a l’à permisso d’incriminâ l’òmmo: segondo l’accusa, graçie a-a seu poxiçion, o l’avieiva commisso di abuxi gravi e scistematichi con fâli passâ pe «strumenti de crescita sportiva e profescionale».",’,
"L’investigaçion, partia da-a testimoniansa d’uña de zoene, a l’à permisso d’incriminâ l’òmmo: segondo l’accusa, graçie a-a seu poxiçion, o l’avieiva commisso di abuxi gravi e scistematichi con fâli passâ pe «strumenti de crescita sportiva e profescionale».",uña,
"L’investigaçion, partia da-a testimoniansa d’uña de zoene, a l’à permisso d’incriminâ l’òmmo: segondo l’accusa, graçie a-a seu poxiçion, o l’avieiva commisso di abuxi gravi e scistematichi con fâli passâ pe «strumenti de crescita sportiva e profescionale».",de,
"L’investigaçion, partia da-a testimoniansa d’uña de zoene, a l’à permisso d’incriminâ l’òmmo: segondo l’accusa, graçie a-a seu poxiçion, o l’avieiva commisso di abuxi gravi e scistematichi con fâli passâ pe «strumenti de crescita sportiva e profescionale».",zoene,
"L’investigaçion, partia da-a testimoniansa d’uña de zoene, a l’à permisso d’incriminâ l’òmmo: segondo l’accusa, graçie a-a seu poxiçion, o l’avieiva commisso di abuxi gravi e scistematichi con fâli passâ pe «strumenti de crescita sportiva e profescionale».",",",
"L’investigaçion, partia da-a testimoniansa d’uña de zoene, a l’à permisso d’incriminâ l’òmmo: segondo l’accusa, graçie a-a seu poxiçion, o l’avieiva commisso di abuxi gravi e scistematichi con fâli passâ pe «strumenti de crescita sportiva e profescionale».",a,
"L’investigaçion, partia da-a testimoniansa d’uña de zoene, a l’à permisso d’incriminâ l’òmmo: segondo l’accusa, graçie a-a seu poxiçion, o l’avieiva commisso di abuxi gravi e scistematichi con fâli passâ pe «strumenti de crescita sportiva e profescionale».",l,
"L’investigaçion, partia da-a testimoniansa d’uña de zoene, a l’à permisso d’incriminâ l’òmmo: segondo l’accusa, graçie a-a seu poxiçion, o l’avieiva commisso di abuxi gravi e scistematichi con fâli passâ pe «strumenti de crescita sportiva e profescionale».",’,
"L’investigaçion, partia da-a testimoniansa d’uña de zoene, a l’à permisso d’incriminâ l’òmmo: segondo l’accusa, graçie a-a seu poxiçion, o l’avieiva commisso di abuxi gravi e scistematichi con fâli passâ pe «strumenti de crescita sportiva e profescionale».",à,
"L’investigaçion, partia da-a testimoniansa d’uña de zoene, a l’à permisso d’incriminâ l’òmmo: segondo l’accusa, graçie a-a seu poxiçion, o l’avieiva commisso di abuxi gravi e scistematichi con fâli passâ pe «strumenti de crescita sportiva e profescionale».",permisso,
"L’investigaçion, partia da-a testimoniansa d’uña de zoene, a l’à permisso d’incriminâ l’òmmo: segondo l’accusa, graçie a-a seu poxiçion, o l’avieiva commisso di abuxi gravi e scistematichi con fâli passâ pe «strumenti de crescita sportiva e profescionale».",d,
"L’investigaçion, partia da-a testimoniansa d’uña de zoene, a l’à permisso d’incriminâ l’òmmo: segondo l’accusa, graçie a-a seu poxiçion, o l’avieiva commisso di abuxi gravi e scistematichi con fâli passâ pe «strumenti de crescita sportiva e profescionale».",’,
"L’investigaçion, partia da-a testimoniansa d’uña de zoene, a l’à permisso d’incriminâ l’òmmo: segondo l’accusa, graçie a-a seu poxiçion, o l’avieiva commisso di abuxi gravi e scistematichi con fâli passâ pe «strumenti de crescita sportiva e profescionale».",incriminâ,
"L’investigaçion, partia da-a testimoniansa d’uña de zoene, a l’à permisso d’incriminâ l’òmmo: segondo l’accusa, graçie a-a seu poxiçion, o l’avieiva commisso di abuxi gravi e scistematichi con fâli passâ pe «strumenti de crescita sportiva e profescionale».",l,
"L’investigaçion, partia da-a testimoniansa d’uña de zoene, a l’à permisso d’incriminâ l’òmmo: segondo l’accusa, graçie a-a seu poxiçion, o l’avieiva commisso di abuxi gravi e scistematichi con fâli passâ pe «strumenti de crescita sportiva e profescionale».",’,
"L’investigaçion, partia da-a testimoniansa d’uña de zoene, a l’à permisso d’incriminâ l’òmmo: segondo l’accusa, graçie a-a seu poxiçion, o l’avieiva commisso di abuxi gravi e scistematichi con fâli passâ pe «strumenti de crescita sportiva e profescionale».",òmmo,
"L’investigaçion, partia da-a testimoniansa d’uña de zoene, a l’à permisso d’incriminâ l’òmmo: segondo l’accusa, graçie a-a seu poxiçion, o l’avieiva commisso di abuxi gravi e scistematichi con fâli passâ pe «strumenti de crescita sportiva e profescionale».",:,
"L’investigaçion, partia da-a testimoniansa d’uña de zoene, a l’à permisso d’incriminâ l’òmmo: segondo l’accusa, graçie a-a seu poxiçion, o l’avieiva commisso di abuxi gravi e scistematichi con fâli passâ pe «strumenti de crescita sportiva e profescionale».",segondo,
"L’investigaçion, partia da-a testimoniansa d’uña de zoene, a l’à permisso d’incriminâ l’òmmo: segondo l’accusa, graçie a-a seu poxiçion, o l’avieiva commisso di abuxi gravi e scistematichi con fâli passâ pe «strumenti de crescita sportiva e profescionale».",l,
"L’investigaçion, partia da-a testimoniansa d’uña de zoene, a l’à permisso d’incriminâ l’òmmo: segondo l’accusa, graçie a-a seu poxiçion, o l’avieiva commisso di abuxi gravi e scistematichi con fâli passâ pe «strumenti de crescita sportiva e profescionale».",’,
"L’investigaçion, partia da-a testimoniansa d’uña de zoene, a l’à permisso d’incriminâ l’òmmo: segondo l’accusa, graçie a-a seu poxiçion, o l’avieiva commisso di abuxi gravi e scistematichi con fâli passâ pe «strumenti de crescita sportiva e profescionale».",accusa,
"L’investigaçion, partia da-a testimoniansa d’uña de zoene, a l’à permisso d’incriminâ l’òmmo: segondo l’accusa, graçie a-a seu poxiçion, o l’avieiva commisso di abuxi gravi e scistematichi con fâli passâ pe «strumenti de crescita sportiva e profescionale».",",",
"L’investigaçion, partia da-a testimoniansa d’uña de zoene, a l’à permisso d’incriminâ l’òmmo: segondo l’accusa, graçie a-a seu poxiçion, o l’avieiva commisso di abuxi gravi e scistematichi con fâli passâ pe «strumenti de crescita sportiva e profescionale».",graçie,
"L’investigaçion, partia da-a testimoniansa d’uña de zoene, a l’à permisso d’incriminâ l’òmmo: segondo l’accusa, graçie a-a seu poxiçion, o l’avieiva commisso di abuxi gravi e scistematichi con fâli passâ pe «strumenti de crescita sportiva e profescionale».",a-a,
"L’investigaçion, partia da-a testimoniansa d’uña de zoene, a l’à permisso d’incriminâ l’òmmo: segondo l’accusa, graçie a-a seu poxiçion, o l’avieiva commisso di abuxi gravi e scistematichi con fâli passâ pe «strumenti de crescita sportiva e profescionale».",seu,
"L’investigaçion, partia da-a testimoniansa d’uña de zoene, a l’à permisso d’incriminâ l’òmmo: segondo l’accusa, graçie a-a seu poxiçion, o l’avieiva commisso di abuxi gravi e scistematichi con fâli passâ pe «strumenti de crescita sportiva e profescionale».",poxiçion,
"L’investigaçion, partia da-a testimoniansa d’uña de zoene, a l’à permisso d’incriminâ l’òmmo: segondo l’accusa, graçie a-a seu poxiçion, o l’avieiva commisso di abuxi gravi e scistematichi con fâli passâ pe «strumenti de crescita sportiva e profescionale».",",",
"L’investigaçion, partia da-a testimoniansa d’uña de zoene, a l’à permisso d’incriminâ l’òmmo: segondo l’accusa, graçie a-a seu poxiçion, o l’avieiva commisso di abuxi gravi e scistematichi con fâli passâ pe «strumenti de crescita sportiva e profescionale».",o,
"L’investigaçion, partia da-a testimoniansa d’uña de zoene, a l’à permisso d’incriminâ l’òmmo: segondo l’accusa, graçie a-a seu poxiçion, o l’avieiva commisso di abuxi gravi e scistematichi con fâli passâ pe «strumenti de crescita sportiva e profescionale».",l,
"L’investigaçion, partia da-a testimoniansa d’uña de zoene, a l’à permisso d’incriminâ l’òmmo: segondo l’accusa, graçie a-a seu poxiçion, o l’avieiva commisso di abuxi gravi e scistematichi con fâli passâ pe «strumenti de crescita sportiva e profescionale».",’,
"L’investigaçion, partia da-a testimoniansa d’uña de zoene, a l’à permisso d’incriminâ l’òmmo: segondo l’accusa, graçie a-a seu poxiçion, o l’avieiva commisso di abuxi gravi e scistematichi con fâli passâ pe «strumenti de crescita sportiva e profescionale».",avieiva,
"L’investigaçion, partia da-a testimoniansa d’uña de zoene, a l’à permisso d’incriminâ l’òmmo: segondo l’accusa, graçie a-a seu poxiçion, o l’avieiva commisso di abuxi gravi e scistematichi con fâli passâ pe «strumenti de crescita sportiva e profescionale».",commisso,
"L’investigaçion, partia da-a testimoniansa d’uña de zoene, a l’à permisso d’incriminâ l’òmmo: segondo l’accusa, graçie a-a seu poxiçion, o l’avieiva commisso di abuxi gravi e scistematichi con fâli passâ pe «strumenti de crescita sportiva e profescionale».",di,
"L’investigaçion, partia da-a testimoniansa d’uña de zoene, a l’à permisso d’incriminâ l’òmmo: segondo l’accusa, graçie a-a seu poxiçion, o l’avieiva commisso di abuxi gravi e scistematichi con fâli passâ pe «strumenti de crescita sportiva e profescionale».",abuxi,
"L’investigaçion, partia da-a testimoniansa d’uña de zoene, a l’à permisso d’incriminâ l’òmmo: segondo l’accusa, graçie a-a seu poxiçion, o l’avieiva commisso di abuxi gravi e scistematichi con fâli passâ pe «strumenti de crescita sportiva e profescionale».",gravi,
"L’investigaçion, partia da-a testimoniansa d’uña de zoene, a l’à permisso d’incriminâ l’òmmo: segondo l’accusa, graçie a-a seu poxiçion, o l’avieiva commisso di abuxi gravi e scistematichi con fâli passâ pe «strumenti de crescita sportiva e profescionale».",e,
"L’investigaçion, partia da-a testimoniansa d’uña de zoene, a l’à permisso d’incriminâ l’òmmo: segondo l’accusa, graçie a-a seu poxiçion, o l’avieiva commisso di abuxi gravi e scistematichi con fâli passâ pe «strumenti de crescita sportiva e profescionale».",scistematichi,
"L’investigaçion, partia da-a testimoniansa d’uña de zoene, a l’à permisso d’incriminâ l’òmmo: segondo l’accusa, graçie a-a seu poxiçion, o l’avieiva commisso di abuxi gravi e scistematichi con fâli passâ pe «strumenti de crescita sportiva e profescionale».",con,
"L’investigaçion, partia da-a testimoniansa d’uña de zoene, a l’à permisso d’incriminâ l’òmmo: segondo l’accusa, graçie a-a seu poxiçion, o l’avieiva commisso di abuxi gravi e scistematichi con fâli passâ pe «strumenti de crescita sportiva e profescionale».",fâli,
"L’investigaçion, partia da-a testimoniansa d’uña de zoene, a l’à permisso d’incriminâ l’òmmo: segondo l’accusa, graçie a-a seu poxiçion, o l’avieiva commisso di abuxi gravi e scistematichi con fâli passâ pe «strumenti de crescita sportiva e profescionale».",passâ,
"L’investigaçion, partia da-a testimoniansa d’uña de zoene, a l’à permisso d’incriminâ l’òmmo: segondo l’accusa, graçie a-a seu poxiçion, o l’avieiva commisso di abuxi gravi e scistematichi con fâli passâ pe «strumenti de crescita sportiva e profescionale».",pe,
"L’investigaçion, partia da-a testimoniansa d’uña de zoene, a l’à permisso d’incriminâ l’òmmo: segondo l’accusa, graçie a-a seu poxiçion, o l’avieiva commisso di abuxi gravi e scistematichi con fâli passâ pe «strumenti de crescita sportiva e profescionale».",«,
"L’investigaçion, partia da-a testimoniansa d’uña de zoene, a l’à permisso d’incriminâ l’òmmo: segondo l’accusa, graçie a-a seu poxiçion, o l’avieiva commisso di abuxi gravi e scistematichi con fâli passâ pe «strumenti de crescita sportiva e profescionale».",strumenti,
"L’investigaçion, partia da-a testimoniansa d’uña de zoene, a l’à permisso d’incriminâ l’òmmo: segondo l’accusa, graçie a-a seu poxiçion, o l’avieiva commisso di abuxi gravi e scistematichi con fâli passâ pe «strumenti de crescita sportiva e profescionale».",de,
"L’investigaçion, partia da-a testimoniansa d’uña de zoene, a l’à permisso d’incriminâ l’òmmo: segondo l’accusa, graçie a-a seu poxiçion, o l’avieiva commisso di abuxi gravi e scistematichi con fâli passâ pe «strumenti de crescita sportiva e profescionale».",crescita,
"L’investigaçion, partia da-a testimoniansa d’uña de zoene, a l’à permisso d’incriminâ l’òmmo: segondo l’accusa, graçie a-a seu poxiçion, o l’avieiva commisso di abuxi gravi e scistematichi con fâli passâ pe «strumenti de crescita sportiva e profescionale».",sportiva,
"L’investigaçion, partia da-a testimoniansa d’uña de zoene, a l’à permisso d’incriminâ l’òmmo: segondo l’accusa, graçie a-a seu poxiçion, o l’avieiva commisso di abuxi gravi e scistematichi con fâli passâ pe «strumenti de crescita sportiva e profescionale».",e,
"L’investigaçion, partia da-a testimoniansa d’uña de zoene, a l’à permisso d’incriminâ l’òmmo: segondo l’accusa, graçie a-a seu poxiçion, o l’avieiva commisso di abuxi gravi e scistematichi con fâli passâ pe «strumenti de crescita sportiva e profescionale».",profescionale,
"L’investigaçion, partia da-a testimoniansa d’uña de zoene, a l’à permisso d’incriminâ l’òmmo: segondo l’accusa, graçie a-a seu poxiçion, o l’avieiva commisso di abuxi gravi e scistematichi con fâli passâ pe «strumenti de crescita sportiva e profescionale».",»,
"L’investigaçion, partia da-a testimoniansa d’uña de zoene, a l’à permisso d’incriminâ l’òmmo: segondo l’accusa, graçie a-a seu poxiçion, o l’avieiva commisso di abuxi gravi e scistematichi con fâli passâ pe «strumenti de crescita sportiva e profescionale».",.,
"S’anava da-i apprexamenti a-i baxi in bocca fin a-i massaggi inti quæ l’òmmo o toccava e parte intime de figge, sciben che loiatre cianzeivan ò tremmavan.",S,
"S’anava da-i apprexamenti a-i baxi in bocca fin a-i massaggi inti quæ l’òmmo o toccava e parte intime de figge, sciben che loiatre cianzeivan ò tremmavan.",’,
"S’anava da-i apprexamenti a-i baxi in bocca fin a-i massaggi inti quæ l’òmmo o toccava e parte intime de figge, sciben che loiatre cianzeivan ò tremmavan.",anava,
"S’anava da-i apprexamenti a-i baxi in bocca fin a-i massaggi inti quæ l’òmmo o toccava e parte intime de figge, sciben che loiatre cianzeivan ò tremmavan.",da-i,
"S’anava da-i apprexamenti a-i baxi in bocca fin a-i massaggi inti quæ l’òmmo o toccava e parte intime de figge, sciben che loiatre cianzeivan ò tremmavan.",apprexamenti,
"S’anava da-i apprexamenti a-i baxi in bocca fin a-i massaggi inti quæ l’òmmo o toccava e parte intime de figge, sciben che loiatre cianzeivan ò tremmavan.",a-i,
"S’anava da-i apprexamenti a-i baxi in bocca fin a-i massaggi inti quæ l’òmmo o toccava e parte intime de figge, sciben che loiatre cianzeivan ò tremmavan.",baxi,
"S’anava da-i apprexamenti a-i baxi in bocca fin a-i massaggi inti quæ l’òmmo o toccava e parte intime de figge, sciben che loiatre cianzeivan ò tremmavan.",in,
"S’anava da-i apprexamenti a-i baxi in bocca fin a-i massaggi inti quæ l’òmmo o toccava e parte intime de figge, sciben che loiatre cianzeivan ò tremmavan.",bocca,
"S’anava da-i apprexamenti a-i baxi in bocca fin a-i massaggi inti quæ l’òmmo o toccava e parte intime de figge, sciben che loiatre cianzeivan ò tremmavan.",fin,
"S’anava da-i apprexamenti a-i baxi in bocca fin a-i massaggi inti quæ l’òmmo o toccava e parte intime de figge, sciben che loiatre cianzeivan ò tremmavan.",a-i,
"S’anava da-i apprexamenti a-i baxi in bocca fin a-i massaggi inti quæ l’òmmo o toccava e parte intime de figge, sciben che loiatre cianzeivan ò tremmavan.",massaggi,
"S’anava da-i apprexamenti a-i baxi in bocca fin a-i massaggi inti quæ l’òmmo o toccava e parte intime de figge, sciben che loiatre cianzeivan ò tremmavan.",inti,
"S’anava da-i apprexamenti a-i baxi in bocca fin a-i massaggi inti quæ l’òmmo o toccava e parte intime de figge, sciben che loiatre cianzeivan ò tremmavan.",quæ,
"S’anava da-i apprexamenti a-i baxi in bocca fin a-i massaggi inti quæ l’òmmo o toccava e parte intime de figge, sciben che loiatre cianzeivan ò tremmavan.",l,
"S’anava da-i apprexamenti a-i baxi in bocca fin a-i massaggi inti quæ l’òmmo o toccava e parte intime de figge, sciben che loiatre cianzeivan ò tremmavan.",’,
"S’anava da-i apprexamenti a-i baxi in bocca fin a-i massaggi inti quæ l’òmmo o toccava e parte intime de figge, sciben che loiatre cianzeivan ò tremmavan.",òmmo,
"S’anava da-i apprexamenti a-i baxi in bocca fin a-i massaggi inti quæ l’òmmo o toccava e parte intime de figge, sciben che loiatre cianzeivan ò tremmavan.",o,
"S’anava da-i apprexamenti a-i baxi in bocca fin a-i massaggi inti quæ l’òmmo o toccava e parte intime de figge, sciben che loiatre cianzeivan ò tremmavan.",toccava,
"S’anava da-i apprexamenti a-i baxi in bocca fin a-i massaggi inti quæ l’òmmo o toccava e parte intime de figge, sciben che loiatre cianzeivan ò tremmavan.",e,
"S’anava da-i apprexamenti a-i baxi in bocca fin a-i massaggi inti quæ l’òmmo o toccava e parte intime de figge, sciben che loiatre cianzeivan ò tremmavan.",parte,
"S’anava da-i apprexamenti a-i baxi in bocca fin a-i massaggi inti quæ l’òmmo o toccava e parte intime de figge, sciben che loiatre cianzeivan ò tremmavan.",intime,
"S’anava da-i apprexamenti a-i baxi in bocca fin a-i massaggi inti quæ l’òmmo o toccava e parte intime de figge, sciben che loiatre cianzeivan ò tremmavan.",de,
"S’anava da-i apprexamenti a-i baxi in bocca fin a-i massaggi inti quæ l’òmmo o toccava e parte intime de figge, sciben che loiatre cianzeivan ò tremmavan.",figge,
"S’anava da-i apprexamenti a-i baxi in bocca fin a-i massaggi inti quæ l’òmmo o toccava e parte intime de figge, sciben che loiatre cianzeivan ò tremmavan.",",",
"S’anava da-i apprexamenti a-i baxi in bocca fin a-i massaggi inti quæ l’òmmo o toccava e parte intime de figge, sciben che loiatre cianzeivan ò tremmavan.",sciben,
"S’anava da-i apprexamenti a-i baxi in bocca fin a-i massaggi inti quæ l’òmmo o toccava e parte intime de figge, sciben che loiatre cianzeivan ò tremmavan.",che,
"S’anava da-i apprexamenti a-i baxi in bocca fin a-i massaggi inti quæ l’òmmo o toccava e parte intime de figge, sciben che loiatre cianzeivan ò tremmavan.",loiatre,
"S’anava da-i apprexamenti a-i baxi in bocca fin a-i massaggi inti quæ l’òmmo o toccava e parte intime de figge, sciben che loiatre cianzeivan ò tremmavan.",cianzeivan,
"S’anava da-i apprexamenti a-i baxi in bocca fin a-i massaggi inti quæ l’òmmo o toccava e parte intime de figge, sciben che loiatre cianzeivan ò tremmavan.",ò,
"S’anava da-i apprexamenti a-i baxi in bocca fin a-i massaggi inti quæ l’òmmo o toccava e parte intime de figge, sciben che loiatre cianzeivan ò tremmavan.",tremmavan,
"S’anava da-i apprexamenti a-i baxi in bocca fin a-i massaggi inti quæ l’òmmo o toccava e parte intime de figge, sciben che loiatre cianzeivan ò tremmavan.",.,
Pe-o momento o no porrià avvexinâse a-e vittime.,Pe-o,
Pe-o momento o no porrià avvexinâse a-e vittime.,momento,
Pe-o momento o no porrià avvexinâse a-e vittime.,o,
Pe-o momento o no porrià avvexinâse a-e vittime.,no,
Pe-o momento o no porrià avvexinâse a-e vittime.,porrià,
Pe-o momento o no porrià avvexinâse a-e vittime.,avvexinâse,
Pe-o momento o no porrià avvexinâse a-e vittime.,a-e,
Pe-o momento o no porrià avvexinâse a-e vittime.,vittime,
Pe-o momento o no porrià avvexinâse a-e vittime.,.,
"A Guardia de finansa de Zena, insemme co-i fonçionäi de l’Agençia de dugañe, an descoverto e sexio into pòrto de San Pê d’Æña un carrego de 2 tonnëi e passa da cocaiña sccetta.",A,
"A Guardia de finansa de Zena, insemme co-i fonçionäi de l’Agençia de dugañe, an descoverto e sexio into pòrto de San Pê d’Æña un carrego de 2 tonnëi e passa da cocaiña sccetta.",Guardia,
"A Guardia de finansa de Zena, insemme co-i fonçionäi de l’Agençia de dugañe, an descoverto e sexio into pòrto de San Pê d’Æña un carrego de 2 tonnëi e passa da cocaiña sccetta.",de,
"A Guardia de finansa de Zena, insemme co-i fonçionäi de l’Agençia de dugañe, an descoverto e sexio into pòrto de San Pê d’Æña un carrego de 2 tonnëi e passa da cocaiña sccetta.",finansa,
"A Guardia de finansa de Zena, insemme co-i fonçionäi de l’Agençia de dugañe, an descoverto e sexio into pòrto de San Pê d’Æña un carrego de 2 tonnëi e passa da cocaiña sccetta.",de,
"A Guardia de finansa de Zena, insemme co-i fonçionäi de l’Agençia de dugañe, an descoverto e sexio into pòrto de San Pê d’Æña un carrego de 2 tonnëi e passa da cocaiña sccetta.",Zena,
"A Guardia de finansa de Zena, insemme co-i fonçionäi de l’Agençia de dugañe, an descoverto e sexio into pòrto de San Pê d’Æña un carrego de 2 tonnëi e passa da cocaiña sccetta.",",",
"A Guardia de finansa de Zena, insemme co-i fonçionäi de l’Agençia de dugañe, an descoverto e sexio into pòrto de San Pê d’Æña un carrego de 2 tonnëi e passa da cocaiña sccetta.",insemme,
"A Guardia de finansa de Zena, insemme co-i fonçionäi de l’Agençia de dugañe, an descoverto e sexio into pòrto de San Pê d’Æña un carrego de 2 tonnëi e passa da cocaiña sccetta.",co-i,
"A Guardia de finansa de Zena, insemme co-i fonçionäi de l’Agençia de dugañe, an descoverto e sexio into pòrto de San Pê d’Æña un carrego de 2 tonnëi e passa da cocaiña sccetta.",fonçionäi,
"A Guardia de finansa de Zena, insemme co-i fonçionäi de l’Agençia de dugañe, an descoverto e sexio into pòrto de San Pê d’Æña un carrego de 2 tonnëi e passa da cocaiña sccetta.",de,
"A Guardia de finansa de Zena, insemme co-i fonçionäi de l’Agençia de dugañe, an descoverto e sexio into pòrto de San Pê d’Æña un carrego de 2 tonnëi e passa da cocaiña sccetta.",l,
"A Guardia de finansa de Zena, insemme co-i fonçionäi de l’Agençia de dugañe, an descoverto e sexio into pòrto de San Pê d’Æña un carrego de 2 tonnëi e passa da cocaiña sccetta.",’,
"A Guardia de finansa de Zena, insemme co-i fonçionäi de l’Agençia de dugañe, an descoverto e sexio into pòrto de San Pê d’Æña un carrego de 2 tonnëi e passa da cocaiña sccetta.",Agençia,
"A Guardia de finansa de Zena, insemme co-i fonçionäi de l’Agençia de dugañe, an descoverto e sexio into pòrto de San Pê d’Æña un carrego de 2 tonnëi e passa da cocaiña sccetta.",de,
"A Guardia de finansa de Zena, insemme co-i fonçionäi de l’Agençia de dugañe, an descoverto e sexio into pòrto de San Pê d’Æña un carrego de 2 tonnëi e passa da cocaiña sccetta.",dugañe,
"A Guardia de finansa de Zena, insemme co-i fonçionäi de l’Agençia de dugañe, an descoverto e sexio into pòrto de San Pê d’Æña un carrego de 2 tonnëi e passa da cocaiña sccetta.",",",
"A Guardia de finansa de Zena, insemme co-i fonçionäi de l’Agençia de dugañe, an descoverto e sexio into pòrto de San Pê d’Æña un carrego de 2 tonnëi e passa da cocaiña sccetta.",an,
"A Guardia de finansa de Zena, insemme co-i fonçionäi de l’Agençia de dugañe, an descoverto e sexio into pòrto de San Pê d’Æña un carrego de 2 tonnëi e passa da cocaiña sccetta.",descoverto,
"A Guardia de finansa de Zena, insemme co-i fonçionäi de l’Agençia de dugañe, an descoverto e sexio into pòrto de San Pê d’Æña un carrego de 2 tonnëi e passa da cocaiña sccetta.",e,
"A Guardia de finansa de Zena, insemme co-i fonçionäi de l’Agençia de dugañe, an descoverto e sexio into pòrto de San Pê d’Æña un carrego de 2 tonnëi e passa da cocaiña sccetta.",sexio,
"A Guardia de finansa de Zena, insemme co-i fonçionäi de l’Agençia de dugañe, an descoverto e sexio into pòrto de San Pê d’Æña un carrego de 2 tonnëi e passa da cocaiña sccetta.",into,
"A Guardia de finansa de Zena, insemme co-i fonçionäi de l’Agençia de dugañe, an descoverto e sexio into pòrto de San Pê d’Æña un carrego de 2 tonnëi e passa da cocaiña sccetta.",pòrto,
"A Guardia de finansa de Zena, insemme co-i fonçionäi de l’Agençia de dugañe, an descoverto e sexio into pòrto de San Pê d’Æña un carrego de 2 tonnëi e passa da cocaiña sccetta.",de,
"A Guardia de finansa de Zena, insemme co-i fonçionäi de l’Agençia de dugañe, an descoverto e sexio into pòrto de San Pê d’Æña un carrego de 2 tonnëi e passa da cocaiña sccetta.",San,
"A Guardia de finansa de Zena, insemme co-i fonçionäi de l’Agençia de dugañe, an descoverto e sexio into pòrto de San Pê d’Æña un carrego de 2 tonnëi e passa da cocaiña sccetta.",Pê,
"A Guardia de finansa de Zena, insemme co-i fonçionäi de l’Agençia de dugañe, an descoverto e sexio into pòrto de San Pê d’Æña un carrego de 2 tonnëi e passa da cocaiña sccetta.",d,
"A Guardia de finansa de Zena, insemme co-i fonçionäi de l’Agençia de dugañe, an descoverto e sexio into pòrto de San Pê d’Æña un carrego de 2 tonnëi e passa da cocaiña sccetta.",’,
"A Guardia de finansa de Zena, insemme co-i fonçionäi de l’Agençia de dugañe, an descoverto e sexio into pòrto de San Pê d’Æña un carrego de 2 tonnëi e passa da cocaiña sccetta.",Æña,
"A Guardia de finansa de Zena, insemme co-i fonçionäi de l’Agençia de dugañe, an descoverto e sexio into pòrto de San Pê d’Æña un carrego de 2 tonnëi e passa da cocaiña sccetta.",un,
"A Guardia de finansa de Zena, insemme co-i fonçionäi de l’Agençia de dugañe, an descoverto e sexio into pòrto de San Pê d’Æña un carrego de 2 tonnëi e passa da cocaiña sccetta.",carrego,
"A Guardia de finansa de Zena, insemme co-i fonçionäi de l’Agençia de dugañe, an descoverto e sexio into pòrto de San Pê d’Æña un carrego de 2 tonnëi e passa da cocaiña sccetta.",de,
"A Guardia de finansa de Zena, insemme co-i fonçionäi de l’Agençia de dugañe, an descoverto e sexio into pòrto de San Pê d’Æña un carrego de 2 tonnëi e passa da cocaiña sccetta.",2,
"A Guardia de finansa de Zena, insemme co-i fonçionäi de l’Agençia de dugañe, an descoverto e sexio into pòrto de San Pê d’Æña un carrego de 2 tonnëi e passa da cocaiña sccetta.",tonnëi,
"A Guardia de finansa de Zena, insemme co-i fonçionäi de l’Agençia de dugañe, an descoverto e sexio into pòrto de San Pê d’Æña un carrego de 2 tonnëi e passa da cocaiña sccetta.",e,
"A Guardia de finansa de Zena, insemme co-i fonçionäi de l’Agençia de dugañe, an descoverto e sexio into pòrto de San Pê d’Æña un carrego de 2 tonnëi e passa da cocaiña sccetta.",passa,
"A Guardia de finansa de Zena, insemme co-i fonçionäi de l’Agençia de dugañe, an descoverto e sexio into pòrto de San Pê d’Æña un carrego de 2 tonnëi e passa da cocaiña sccetta.",da,
"A Guardia de finansa de Zena, insemme co-i fonçionäi de l’Agençia de dugañe, an descoverto e sexio into pòrto de San Pê d’Æña un carrego de 2 tonnëi e passa da cocaiña sccetta.",cocaiña,
"A Guardia de finansa de Zena, insemme co-i fonçionäi de l’Agençia de dugañe, an descoverto e sexio into pòrto de San Pê d’Æña un carrego de 2 tonnëi e passa da cocaiña sccetta.",sccetta,
"A Guardia de finansa de Zena, insemme co-i fonçionäi de l’Agençia de dugañe, an descoverto e sexio into pòrto de San Pê d’Æña un carrego de 2 tonnëi e passa da cocaiña sccetta.",.,
"O l’é un di sequestri ciù gròsci mai fæti à Zena, un pòrto donde passa un muggio de trafeghi pe l’Euröpa.",O,
"O l’é un di sequestri ciù gròsci mai fæti à Zena, un pòrto donde passa un muggio de trafeghi pe l’Euröpa.",l,
"O l’é un di sequestri ciù gròsci mai fæti à Zena, un pòrto donde passa un muggio de trafeghi pe l’Euröpa.",’,
"O l’é un di sequestri ciù gròsci mai fæti à Zena, un pòrto donde passa un muggio de trafeghi pe l’Euröpa.",é,
"O l’é un di sequestri ciù gròsci mai fæti à Zena, un pòrto donde passa un muggio de trafeghi pe l’Euröpa.",un,
"O l’é un di sequestri ciù gròsci mai fæti à Zena, un pòrto donde passa un muggio de trafeghi pe l’Euröpa.",di,
"O l’é un di sequestri ciù gròsci mai fæti à Zena, un pòrto donde passa un muggio de trafeghi pe l’Euröpa.",sequestri,
"O l’é un di sequestri ciù gròsci mai fæti à Zena, un pòrto donde passa un muggio de trafeghi pe l’Euröpa.",ciù,
"O l’é un di sequestri ciù gròsci mai fæti à Zena, un pòrto donde passa un muggio de trafeghi pe l’Euröpa.",gròsci,
"O l’é un di sequestri ciù gròsci mai fæti à Zena, un pòrto donde passa un muggio de trafeghi pe l’Euröpa.",mai,
"O l’é un di sequestri ciù gròsci mai fæti à Zena, un pòrto donde passa un muggio de trafeghi pe l’Euröpa.",fæti,
"O l’é un di sequestri ciù gròsci mai fæti à Zena, un pòrto donde passa un muggio de trafeghi pe l’Euröpa.",à,
"O l’é un di sequestri ciù gròsci mai fæti à Zena, un pòrto donde passa un muggio de trafeghi pe l’Euröpa.",Zena,
"O l’é un di sequestri ciù gròsci mai fæti à Zena, un pòrto donde passa un muggio de trafeghi pe l’Euröpa.",",",
"O l’é un di sequestri ciù gròsci mai fæti à Zena, un pòrto donde passa un muggio de trafeghi pe l’Euröpa.",un,
"O l’é un di sequestri ciù gròsci mai fæti à Zena, un pòrto donde passa un muggio de trafeghi pe l’Euröpa.",pòrto,
"O l’é un di sequestri ciù gròsci mai fæti à Zena, un pòrto donde passa un muggio de trafeghi pe l’Euröpa.",donde,
"O l’é un di sequestri ciù gròsci mai fæti à Zena, un pòrto donde passa un muggio de trafeghi pe l’Euröpa.",passa,
"O l’é un di sequestri ciù gròsci mai fæti à Zena, un pòrto donde passa un muggio de trafeghi pe l’Euröpa.",un,
"O l’é un di sequestri ciù gròsci mai fæti à Zena, un pòrto donde passa un muggio de trafeghi pe l’Euröpa.",muggio,
"O l’é un di sequestri ciù gròsci mai fæti à Zena, un pòrto donde passa un muggio de trafeghi pe l’Euröpa.",de,
"O l’é un di sequestri ciù gròsci mai fæti à Zena, un pòrto donde passa un muggio de trafeghi pe l’Euröpa.",trafeghi,
"O l’é un di sequestri ciù gròsci mai fæti à Zena, un pòrto donde passa un muggio de trafeghi pe l’Euröpa.",pe,
"O l’é un di sequestri ciù gròsci mai fæti à Zena, un pòrto donde passa un muggio de trafeghi pe l’Euröpa.",l,
"O l’é un di sequestri ciù gròsci mai fæti à Zena, un pòrto donde passa un muggio de trafeghi pe l’Euröpa.",’,
"O l’é un di sequestri ciù gròsci mai fæti à Zena, un pòrto donde passa un muggio de trafeghi pe l’Euröpa.",Euröpa,
"O l’é un di sequestri ciù gròsci mai fæti à Zena, un pòrto donde passa un muggio de trafeghi pe l’Euröpa.",.,
"A dröga, se missa in sciô mercou, a l’avieiva fæto guägnâ un miliardo e mezo d’euro.",A,
"A dröga, se missa in sciô mercou, a l’avieiva fæto guägnâ un miliardo e mezo d’euro.",dröga,
"A dröga, se missa in sciô mercou, a l’avieiva fæto guägnâ un miliardo e mezo d’euro.",",",
"A dröga, se missa in sciô mercou, a l’avieiva fæto guägnâ un miliardo e mezo d’euro.",se,
"A dröga, se missa in sciô mercou, a l’avieiva fæto guägnâ un miliardo e mezo d’euro.",missa,
"A dröga, se missa in sciô mercou, a l’avieiva fæto guägnâ un miliardo e mezo d’euro.",in,
"A dröga, se missa in sciô mercou, a l’avieiva fæto guägnâ un miliardo e mezo d’euro.",sciô,
"A dröga, se missa in sciô mercou, a l’avieiva fæto guägnâ un miliardo e mezo d’euro.",mercou,
"A dröga, se missa in sciô mercou, a l’avieiva fæto guägnâ un miliardo e mezo d’euro.",",",
"A dröga, se missa in sciô mercou, a l’avieiva fæto guägnâ un miliardo e mezo d’euro.",a,
"A dröga, se missa in sciô mercou, a l’avieiva fæto guägnâ un miliardo e mezo d’euro.",l,
"A dröga, se missa in sciô mercou, a l’avieiva fæto guägnâ un miliardo e mezo d’euro.",’,
"A dröga, se missa in sciô mercou, a l’avieiva fæto guägnâ un miliardo e mezo d’euro.",avieiva,
"A dröga, se missa in sciô mercou, a l’avieiva fæto guägnâ un miliardo e mezo d’euro.",fæto,
"A dröga, se missa in sciô mercou, a l’avieiva fæto guägnâ un miliardo e mezo d’euro.",guägnâ,
"A dröga, se missa in sciô mercou, a l’avieiva fæto guägnâ un miliardo e mezo d’euro.",un,
"A dröga, se missa in sciô mercou, a l’avieiva fæto guägnâ un miliardo e mezo d’euro.",miliardo,
"A dröga, se missa in sciô mercou, a l’avieiva fæto guägnâ un miliardo e mezo d’euro.",e,
"A dröga, se missa in sciô mercou, a l’avieiva fæto guägnâ un miliardo e mezo d’euro.",mezo,
"A dröga, se missa in sciô mercou, a l’avieiva fæto guägnâ un miliardo e mezo d’euro.",d,
"A dröga, se missa in sciô mercou, a l’avieiva fæto guägnâ un miliardo e mezo d’euro.",’,
"A dröga, se missa in sciô mercou, a l’avieiva fæto guägnâ un miliardo e mezo d’euro.",euro,
"A dröga, se missa in sciô mercou, a l’avieiva fæto guägnâ un miliardo e mezo d’euro.",.,
"A povie gianca, spartia inte 2.109 panetti, a l’ea ascosa drento à 87 sacchi inte un container ch’o ne vegniva da-a Colombia.",A,
"A povie gianca, spartia inte 2.109 panetti, a l’ea ascosa drento à 87 sacchi inte un container ch’o ne vegniva da-a Colombia.",povie,
"A povie gianca, spartia inte 2.109 panetti, a l’ea ascosa drento à 87 sacchi inte un container ch’o ne vegniva da-a Colombia.",gianca,
"A povie gianca, spartia inte 2.109 panetti, a l’ea ascosa drento à 87 sacchi inte un container ch’o ne vegniva da-a Colombia.",",",
"A povie gianca, spartia inte 2.109 panetti, a l’ea ascosa drento à 87 sacchi inte un container ch’o ne vegniva da-a Colombia.",spartia,
"A povie gianca, spartia inte 2.109 panetti, a l’ea ascosa drento à 87 sacchi inte un container ch’o ne vegniva da-a Colombia.",inte,
"A povie gianca, spartia inte 2.109 panetti, a l’ea ascosa drento à 87 sacchi inte un container ch’o ne vegniva da-a Colombia.",2.109,
"A povie gianca, spartia inte 2.109 panetti, a l’ea ascosa drento à 87 sacchi inte un container ch’o ne vegniva da-a Colombia.",panetti,
"A povie gianca, spartia inte 2.109 panetti, a l’ea ascosa drento à 87 sacchi inte un container ch’o ne vegniva da-a Colombia.",",",
"A povie gianca, spartia inte 2.109 panetti, a l’ea ascosa drento à 87 sacchi inte un container ch’o ne vegniva da-a Colombia.",a,
"A povie gianca, spartia inte 2.109 panetti, a l’ea ascosa drento à 87 sacchi inte un container ch’o ne vegniva da-a Colombia.",l,
"A povie gianca, spartia inte 2.109 panetti, a l’ea ascosa drento à 87 sacchi inte un container ch’o ne vegniva da-a Colombia.",’,
"A povie gianca, spartia inte 2.109 panetti, a l’ea ascosa drento à 87 sacchi inte un container ch’o ne vegniva da-a Colombia.",ea,
"A povie gianca, spartia inte 2.109 panetti, a l’ea ascosa drento à 87 sacchi inte un container ch’o ne vegniva da-a Colombia.",ascosa,
"A povie gianca, spartia inte 2.109 panetti, a l’ea ascosa drento à 87 sacchi inte un container ch’o ne vegniva da-a Colombia.",drento,
"A povie gianca, spartia inte 2.109 panetti, a l’ea ascosa drento à 87 sacchi inte un container ch’o ne vegniva da-a Colombia.",à,
"A povie gianca, spartia inte 2.109 panetti, a l’ea ascosa drento à 87 sacchi inte un container ch’o ne vegniva da-a Colombia.",87,
"A povie gianca, spartia inte 2.109 panetti, a l’ea ascosa drento à 87 sacchi inte un container ch’o ne vegniva da-a Colombia.",sacchi,
"A povie gianca, spartia inte 2.109 panetti, a l’ea ascosa drento à 87 sacchi inte un container ch’o ne vegniva da-a Colombia.",inte,
"A povie gianca, spartia inte 2.109 panetti, a l’ea ascosa drento à 87 sacchi inte un container ch’o ne vegniva da-a Colombia.",un,
"A povie gianca, spartia inte 2.109 panetti, a l’ea ascosa drento à 87 sacchi inte un container ch’o ne vegniva da-a Colombia.",container,
"A povie gianca, spartia inte 2.109 panetti, a l’ea ascosa drento à 87 sacchi inte un container ch’o ne vegniva da-a Colombia.",ch,
"A povie gianca, spartia inte 2.109 panetti, a l’ea ascosa drento à 87 sacchi inte un container ch’o ne vegniva da-a Colombia.",’,
"A povie gianca, spartia inte 2.109 panetti, a l’ea ascosa drento à 87 sacchi inte un container ch’o ne vegniva da-a Colombia.",o,
"A povie gianca, spartia inte 2.109 panetti, a l’ea ascosa drento à 87 sacchi inte un container ch’o ne vegniva da-a Colombia.",ne,
"A povie gianca, spartia inte 2.109 panetti, a l’ea ascosa drento à 87 sacchi inte un container ch’o ne vegniva da-a Colombia.",vegniva,
"A povie gianca, spartia inte 2.109 panetti, a l’ea ascosa drento à 87 sacchi inte un container ch’o ne vegniva da-a Colombia.",da-a,
"A povie gianca, spartia inte 2.109 panetti, a l’ea ascosa drento à 87 sacchi inte un container ch’o ne vegniva da-a Colombia.",Colombia,
"A povie gianca, spartia inte 2.109 panetti, a l’ea ascosa drento à 87 sacchi inte un container ch’o ne vegniva da-a Colombia.",.,
«I giudiçi rendan inutile o travaggio da poliçia e do Parlamento» e «mettan à reisego a seguessa».,«,
«I giudiçi rendan inutile o travaggio da poliçia e do Parlamento» e «mettan à reisego a seguessa».,I,
«I giudiçi rendan inutile o travaggio da poliçia e do Parlamento» e «mettan à reisego a seguessa».,giudiçi,
«I giudiçi rendan inutile o travaggio da poliçia e do Parlamento» e «mettan à reisego a seguessa».,rendan,
«I giudiçi rendan inutile o travaggio da poliçia e do Parlamento» e «mettan à reisego a seguessa».,inutile,
«I giudiçi rendan inutile o travaggio da poliçia e do Parlamento» e «mettan à reisego a seguessa».,o,
«I giudiçi rendan inutile o travaggio da poliçia e do Parlamento» e «mettan à reisego a seguessa».,travaggio,
«I giudiçi rendan inutile o travaggio da poliçia e do Parlamento» e «mettan à reisego a seguessa».,da,
«I giudiçi rendan inutile o travaggio da poliçia e do Parlamento» e «mettan à reisego a seguessa».,poliçia,
«I giudiçi rendan inutile o travaggio da poliçia e do Parlamento» e «mettan à reisego a seguessa».,e,
«I giudiçi rendan inutile o travaggio da poliçia e do Parlamento» e «mettan à reisego a seguessa».,do,
«I giudiçi rendan inutile o travaggio da poliçia e do Parlamento» e «mettan à reisego a seguessa».,Parlamento,
«I giudiçi rendan inutile o travaggio da poliçia e do Parlamento» e «mettan à reisego a seguessa».,»,
«I giudiçi rendan inutile o travaggio da poliçia e do Parlamento» e «mettan à reisego a seguessa».,e,
«I giudiçi rendan inutile o travaggio da poliçia e do Parlamento» e «mettan à reisego a seguessa».,«,
«I giudiçi rendan inutile o travaggio da poliçia e do Parlamento» e «mettan à reisego a seguessa».,mettan,
«I giudiçi rendan inutile o travaggio da poliçia e do Parlamento» e «mettan à reisego a seguessa».,à,
«I giudiçi rendan inutile o travaggio da poliçia e do Parlamento» e «mettan à reisego a seguessa».,reisego,
«I giudiçi rendan inutile o travaggio da poliçia e do Parlamento» e «mettan à reisego a seguessa».,a,
«I giudiçi rendan inutile o travaggio da poliçia e do Parlamento» e «mettan à reisego a seguessa».,seguessa,
«I giudiçi rendan inutile o travaggio da poliçia e do Parlamento» e «mettan à reisego a seguessa».,»,
«I giudiçi rendan inutile o travaggio da poliçia e do Parlamento» e «mettan à reisego a seguessa».,.,
Coscì a prescidente do Conseggio Giorgia Meloni inta conferensa stampa do prinçipio de l’anno.,Coscì,
Coscì a prescidente do Conseggio Giorgia Meloni inta conferensa stampa do prinçipio de l’anno.,a,
Coscì a prescidente do Conseggio Giorgia Meloni inta conferensa stampa do prinçipio de l’anno.,prescidente,
Coscì a prescidente do Conseggio Giorgia Meloni inta conferensa stampa do prinçipio de l’anno.,do,
Coscì a prescidente do Conseggio Giorgia Meloni inta conferensa stampa do prinçipio de l’anno.,Conseggio,
Coscì a prescidente do Conseggio Giorgia Meloni inta conferensa stampa do prinçipio de l’anno.,Giorgia,
Coscì a prescidente do Conseggio Giorgia Meloni inta conferensa stampa do prinçipio de l’anno.,Meloni,
Coscì a prescidente do Conseggio Giorgia Meloni inta conferensa stampa do prinçipio de l’anno.,inta,
Coscì a prescidente do Conseggio Giorgia Meloni inta conferensa stampa do prinçipio de l’anno.,conferensa,
Coscì a prescidente do Conseggio Giorgia Meloni inta conferensa stampa do prinçipio de l’anno.,stampa,
Coscì a prescidente do Conseggio Giorgia Meloni inta conferensa stampa do prinçipio de l’anno.,do,
Coscì a prescidente do Conseggio Giorgia Meloni inta conferensa stampa do prinçipio de l’anno.,prinçipio,
Coscì a prescidente do Conseggio Giorgia Meloni inta conferensa stampa do prinçipio de l’anno.,de,
Coscì a prescidente do Conseggio Giorgia Meloni inta conferensa stampa do prinçipio de l’anno.,l,
Coscì a prescidente do Conseggio Giorgia Meloni inta conferensa stampa do prinçipio de l’anno.,’,
Coscì a prescidente do Conseggio Giorgia Meloni inta conferensa stampa do prinçipio de l’anno.,anno,
Coscì a prescidente do Conseggio Giorgia Meloni inta conferensa stampa do prinçipio de l’anno.,.,
«E mæ relaçioin co-o Quirinale son boniscime – a l’à dito –.,«,
«E mæ relaçioin co-o Quirinale son boniscime – a l’à dito –.,E,
«E mæ relaçioin co-o Quirinale son boniscime – a l’à dito –.,mæ,
«E mæ relaçioin co-o Quirinale son boniscime – a l’à dito –.,relaçioin,
«E mæ relaçioin co-o Quirinale son boniscime – a l’à dito –.,co-o,
«E mæ relaçioin co-o Quirinale son boniscime – a l’à dito –.,Quirinale,
«E mæ relaçioin co-o Quirinale son boniscime – a l’à dito –.,son,
«E mæ relaçioin co-o Quirinale son boniscime – a l’à dito –.,boniscime,
«E mæ relaçioin co-o Quirinale son boniscime – a l’à dito –.,–,
«E mæ relaçioin co-o Quirinale son boniscime – a l’à dito –.,a,
«E mæ relaçioin co-o Quirinale son boniscime – a l’à dito –.,l,
«E mæ relaçioin co-o Quirinale son boniscime – a l’à dito –.,’,
«E mæ relaçioin co-o Quirinale son boniscime – a l’à dito –.,à,
«E mæ relaçioin co-o Quirinale son boniscime – a l’à dito –.,dito,
«E mæ relaçioin co-o Quirinale son boniscime – a l’à dito –.,–,
«E mæ relaçioin co-o Quirinale son boniscime – a l’à dito –.,.,
"Co-o prescidente da Repubrica no semmo sempre d’accòrdio, ma pe defende l’interesse naçionale o gh’é».",Co-o,
"Co-o prescidente da Repubrica no semmo sempre d’accòrdio, ma pe defende l’interesse naçionale o gh’é».",prescidente,
"Co-o prescidente da Repubrica no semmo sempre d’accòrdio, ma pe defende l’interesse naçionale o gh’é».",da,
"Co-o prescidente da Repubrica no semmo sempre d’accòrdio, ma pe defende l’interesse naçionale o gh’é».",Repubrica,
"Co-o prescidente da Repubrica no semmo sempre d’accòrdio, ma pe defende l’interesse naçionale o gh’é».",no,
"Co-o prescidente da Repubrica no semmo sempre d’accòrdio, ma pe defende l’interesse naçionale o gh’é».",semmo,
"Co-o prescidente da Repubrica no semmo sempre d’accòrdio, ma pe defende l’interesse naçionale o gh’é».",sempre,
"Co-o prescidente da Repubrica no semmo sempre d’accòrdio, ma pe defende l’interesse naçionale o gh’é».",d,
"Co-o prescidente da Repubrica no semmo sempre d’accòrdio, ma pe defende l’interesse naçionale o gh’é».",’,
"Co-o prescidente da Repubrica no semmo sempre d’accòrdio, ma pe defende l’interesse naçionale o gh’é».",accòrdio,
"Co-o prescidente da Repubrica no semmo sempre d’accòrdio, ma pe defende l’interesse naçionale o gh’é».",",",
"Co-o prescidente da Repubrica no semmo sempre d’accòrdio, ma pe defende l’interesse naçionale o gh’é».",ma,
"Co-o prescidente da Repubrica no semmo sempre d’accòrdio, ma pe defende l’interesse naçionale o gh’é».",pe,
"Co-o prescidente da Repubrica no semmo sempre d’accòrdio, ma pe defende l’interesse naçionale o gh’é».",defende,
"Co-o prescidente da Repubrica no semmo sempre d’accòrdio, ma pe defende l’interesse naçionale o gh’é».",l,
"Co-o prescidente da Repubrica no semmo sempre d’accòrdio, ma pe defende l’interesse naçionale o gh’é».",’,
"Co-o prescidente da Repubrica no semmo sempre d’accòrdio, ma pe defende l’interesse naçionale o gh’é».",interesse,
"Co-o prescidente da Repubrica no semmo sempre d’accòrdio, ma pe defende l’interesse naçionale o gh’é».",naçionale,
"Co-o prescidente da Repubrica no semmo sempre d’accòrdio, ma pe defende l’interesse naçionale o gh’é».",o,
"Co-o prescidente da Repubrica no semmo sempre d’accòrdio, ma pe defende l’interesse naçionale o gh’é».",gh,
"Co-o prescidente da Repubrica no semmo sempre d’accòrdio, ma pe defende l’interesse naçionale o gh’é».",’,
"Co-o prescidente da Repubrica no semmo sempre d’accòrdio, ma pe defende l’interesse naçionale o gh’é».",é,
"Co-o prescidente da Repubrica no semmo sempre d’accòrdio, ma pe defende l’interesse naçionale o gh’é».",»,
"Co-o prescidente da Repubrica no semmo sempre d’accòrdio, ma pe defende l’interesse naçionale o gh’é».",.,
A Meloni a l’à respòsto à unna quaranteña de domande e a l’à annonçiou a dæta pe-o referendum in sciâ giustiçia: i 22 e 23 de marso.,A,
A Meloni a l’à respòsto à unna quaranteña de domande e a l’à annonçiou a dæta pe-o referendum in sciâ giustiçia: i 22 e 23 de marso.,Meloni,
A Meloni a l’à respòsto à unna quaranteña de domande e a l’à annonçiou a dæta pe-o referendum in sciâ giustiçia: i 22 e 23 de marso.,a,
A Meloni a l’à respòsto à unna quaranteña de domande e a l’à annonçiou a dæta pe-o referendum in sciâ giustiçia: i 22 e 23 de marso.,l,
A Meloni a l’à respòsto à unna quaranteña de domande e a l’à annonçiou a dæta pe-o referendum in sciâ giustiçia: i 22 e 23 de marso.,’,
A Meloni a l’à respòsto à unna quaranteña de domande e a l’à annonçiou a dæta pe-o referendum in sciâ giustiçia: i 22 e 23 de marso.,à,
A Meloni a l’à respòsto à unna quaranteña de domande e a l’à annonçiou a dæta pe-o referendum in sciâ giustiçia: i 22 e 23 de marso.,respòsto,
A Meloni a l’à respòsto à unna quaranteña de domande e a l’à annonçiou a dæta pe-o referendum in sciâ giustiçia: i 22 e 23 de marso.,à,
A Meloni a l’à respòsto à unna quaranteña de domande e a l’à annonçiou a dæta pe-o referendum in sciâ giustiçia: i 22 e 23 de marso.,unna,
A Meloni a l’à respòsto à unna quaranteña de domande e a l’à annonçiou a dæta pe-o referendum in sciâ giustiçia: i 22 e 23 de marso.,quaranteña,
A Meloni a l’à respòsto à unna quaranteña de domande e a l’à annonçiou a dæta pe-o referendum in sciâ giustiçia: i 22 e 23 de marso.,de,
A Meloni a l’à respòsto à unna quaranteña de domande e a l’à annonçiou a dæta pe-o referendum in sciâ giustiçia: i 22 e 23 de marso.,domande,
A Meloni a l’à respòsto à unna quaranteña de domande e a l’à annonçiou a dæta pe-o referendum in sciâ giustiçia: i 22 e 23 de marso.,e,
A Meloni a l’à respòsto à unna quaranteña de domande e a l’à annonçiou a dæta pe-o referendum in sciâ giustiçia: i 22 e 23 de marso.,a,
A Meloni a l’à respòsto à unna quaranteña de domande e a l’à annonçiou a dæta pe-o referendum in sciâ giustiçia: i 22 e 23 de marso.,l,
A Meloni a l’à respòsto à unna quaranteña de domande e a l’à annonçiou a dæta pe-o referendum in sciâ giustiçia: i 22 e 23 de marso.,’,
A Meloni a l’à respòsto à unna quaranteña de domande e a l’à annonçiou a dæta pe-o referendum in sciâ giustiçia: i 22 e 23 de marso.,à,
A Meloni a l’à respòsto à unna quaranteña de domande e a l’à annonçiou a dæta pe-o referendum in sciâ giustiçia: i 22 e 23 de marso.,annonçiou,
A Meloni a l’à respòsto à unna quaranteña de domande e a l’à annonçiou a dæta pe-o referendum in sciâ giustiçia: i 22 e 23 de marso.,a,
A Meloni a l’à respòsto à unna quaranteña de domande e a l’à annonçiou a dæta pe-o referendum in sciâ giustiçia: i 22 e 23 de marso.,dæta,
A Meloni a l’à respòsto à unna quaranteña de domande e a l’à annonçiou a dæta pe-o referendum in sciâ giustiçia: i 22 e 23 de marso.,pe-o,
A Meloni a l’à respòsto à unna quaranteña de domande e a l’à annonçiou a dæta pe-o referendum in sciâ giustiçia: i 22 e 23 de marso.,referendum,
A Meloni a l’à respòsto à unna quaranteña de domande e a l’à annonçiou a dæta pe-o referendum in sciâ giustiçia: i 22 e 23 de marso.,in,
A Meloni a l’à respòsto à unna quaranteña de domande e a l’à annonçiou a dæta pe-o referendum in sciâ giustiçia: i 22 e 23 de marso.,sciâ,
A Meloni a l’à respòsto à unna quaranteña de domande e a l’à annonçiou a dæta pe-o referendum in sciâ giustiçia: i 22 e 23 de marso.,giustiçia,
A Meloni a l’à respòsto à unna quaranteña de domande e a l’à annonçiou a dæta pe-o referendum in sciâ giustiçia: i 22 e 23 de marso.,:,
A Meloni a l’à respòsto à unna quaranteña de domande e a l’à annonçiou a dæta pe-o referendum in sciâ giustiçia: i 22 e 23 de marso.,i,
A Meloni a l’à respòsto à unna quaranteña de domande e a l’à annonçiou a dæta pe-o referendum in sciâ giustiçia: i 22 e 23 de marso.,22,
A Meloni a l’à respòsto à unna quaranteña de domande e a l’à annonçiou a dæta pe-o referendum in sciâ giustiçia: i 22 e 23 de marso.,e,
A Meloni a l’à respòsto à unna quaranteña de domande e a l’à annonçiou a dæta pe-o referendum in sciâ giustiçia: i 22 e 23 de marso.,23,
A Meloni a l’à respòsto à unna quaranteña de domande e a l’à annonçiou a dæta pe-o referendum in sciâ giustiçia: i 22 e 23 de marso.,de,
A Meloni a l’à respòsto à unna quaranteña de domande e a l’à annonçiou a dæta pe-o referendum in sciâ giustiçia: i 22 e 23 de marso.,marso,
A Meloni a l’à respòsto à unna quaranteña de domande e a l’à annonçiou a dæta pe-o referendum in sciâ giustiçia: i 22 e 23 de marso.,.,
«Me basta e m’appascioña quello che son apreuvo à fâ – a l’à azzonto –.,«,
«Me basta e m’appascioña quello che son apreuvo à fâ – a l’à azzonto –.,Me,
«Me basta e m’appascioña quello che son apreuvo à fâ – a l’à azzonto –.,basta,
«Me basta e m’appascioña quello che son apreuvo à fâ – a l’à azzonto –.,e,
«Me basta e m’appascioña quello che son apreuvo à fâ – a l’à azzonto –.,m,
«Me basta e m’appascioña quello che son apreuvo à fâ – a l’à azzonto –.,’,
«Me basta e m’appascioña quello che son apreuvo à fâ – a l’à azzonto –.,appascioña,
«Me basta e m’appascioña quello che son apreuvo à fâ – a l’à azzonto –.,quello,
«Me basta e m’appascioña quello che son apreuvo à fâ – a l’à azzonto –.,che,
«Me basta e m’appascioña quello che son apreuvo à fâ – a l’à azzonto –.,son,
«Me basta e m’appascioña quello che son apreuvo à fâ – a l’à azzonto –.,apreuvo,
«Me basta e m’appascioña quello che son apreuvo à fâ – a l’à azzonto –.,à,
«Me basta e m’appascioña quello che son apreuvo à fâ – a l’à azzonto –.,fâ,
«Me basta e m’appascioña quello che son apreuvo à fâ – a l’à azzonto –.,–,
«Me basta e m’appascioña quello che son apreuvo à fâ – a l’à azzonto –.,a,
«Me basta e m’appascioña quello che son apreuvo à fâ – a l’à azzonto –.,l,
«Me basta e m’appascioña quello che son apreuvo à fâ – a l’à azzonto –.,’,
«Me basta e m’appascioña quello che son apreuvo à fâ – a l’à azzonto –.,à,
«Me basta e m’appascioña quello che son apreuvo à fâ – a l’à azzonto –.,azzonto,
«Me basta e m’appascioña quello che son apreuvo à fâ – a l’à azzonto –.,–,
«Me basta e m’appascioña quello che son apreuvo à fâ – a l’à azzonto –.,.,
Se ô faiò ancon dependià da-o voto di italien».,Se,
Se ô faiò ancon dependià da-o voto di italien».,ô,
Se ô faiò ancon dependià da-o voto di italien».,faiò,
Se ô faiò ancon dependià da-o voto di italien».,ancon,
Se ô faiò ancon dependià da-o voto di italien».,dependià,
Se ô faiò ancon dependià da-o voto di italien».,da-o,
Se ô faiò ancon dependià da-o voto di italien».,voto,
Se ô faiò ancon dependià da-o voto di italien».,di,
Se ô faiò ancon dependià da-o voto di italien».,italien,
Se ô faiò ancon dependià da-o voto di italien».,»,
Se ô faiò ancon dependià da-o voto di italien».,.,
"Un cappotreno de 34 anni, Alessandro Ambrosio, o l’é stæto ammassou à cotellæ vexin à un parchezzo d’arente a-a staçion de Bològna, inte unn’äia reservâ a-i dependenti, parrieiva sensa unna raxon.",Un,
"Un cappotreno de 34 anni, Alessandro Ambrosio, o l’é stæto ammassou à cotellæ vexin à un parchezzo d’arente a-a staçion de Bològna, inte unn’äia reservâ a-i dependenti, parrieiva sensa unna raxon.",cappotreno,
"Un cappotreno de 34 anni, Alessandro Ambrosio, o l’é stæto ammassou à cotellæ vexin à un parchezzo d’arente a-a staçion de Bològna, inte unn’äia reservâ a-i dependenti, parrieiva sensa unna raxon.",de,
"Un cappotreno de 34 anni, Alessandro Ambrosio, o l’é stæto ammassou à cotellæ vexin à un parchezzo d’arente a-a staçion de Bològna, inte unn’äia reservâ a-i dependenti, parrieiva sensa unna raxon.",34,
"Un cappotreno de 34 anni, Alessandro Ambrosio, o l’é stæto ammassou à cotellæ vexin à un parchezzo d’arente a-a staçion de Bològna, inte unn’äia reservâ a-i dependenti, parrieiva sensa unna raxon.",anni,
"Un cappotreno de 34 anni, Alessandro Ambrosio, o l’é stæto ammassou à cotellæ vexin à un parchezzo d’arente a-a staçion de Bològna, inte unn’äia reservâ a-i dependenti, parrieiva sensa unna raxon.",",",
"Un cappotreno de 34 anni, Alessandro Ambrosio, o l’é stæto ammassou à cotellæ vexin à un parchezzo d’arente a-a staçion de Bològna, inte unn’äia reservâ a-i dependenti, parrieiva sensa unna raxon.",Alessandro,
"Un cappotreno de 34 anni, Alessandro Ambrosio, o l’é stæto ammassou à cotellæ vexin à un parchezzo d’arente a-a staçion de Bològna, inte unn’äia reservâ a-i dependenti, parrieiva sensa unna raxon.",Ambrosio,
"Un cappotreno de 34 anni, Alessandro Ambrosio, o l’é stæto ammassou à cotellæ vexin à un parchezzo d’arente a-a staçion de Bològna, inte unn’äia reservâ a-i dependenti, parrieiva sensa unna raxon.",",",
"Un cappotreno de 34 anni, Alessandro Ambrosio, o l’é stæto ammassou à cotellæ vexin à un parchezzo d’arente a-a staçion de Bològna, inte unn’äia reservâ a-i dependenti, parrieiva sensa unna raxon.",o,
"Un cappotreno de 34 anni, Alessandro Ambrosio, o l’é stæto ammassou à cotellæ vexin à un parchezzo d’arente a-a staçion de Bològna, inte unn’äia reservâ a-i dependenti, parrieiva sensa unna raxon.",l,
"Un cappotreno de 34 anni, Alessandro Ambrosio, o l’é stæto ammassou à cotellæ vexin à un parchezzo d’arente a-a staçion de Bològna, inte unn’äia reservâ a-i dependenti, parrieiva sensa unna raxon.",’,
"Un cappotreno de 34 anni, Alessandro Ambrosio, o l’é stæto ammassou à cotellæ vexin à un parchezzo d’arente a-a staçion de Bològna, inte unn’äia reservâ a-i dependenti, parrieiva sensa unna raxon.",é,
"Un cappotreno de 34 anni, Alessandro Ambrosio, o l’é stæto ammassou à cotellæ vexin à un parchezzo d’arente a-a staçion de Bològna, inte unn’äia reservâ a-i dependenti, parrieiva sensa unna raxon.",stæto,
"Un cappotreno de 34 anni, Alessandro Ambrosio, o l’é stæto ammassou à cotellæ vexin à un parchezzo d’arente a-a staçion de Bològna, inte unn’äia reservâ a-i dependenti, parrieiva sensa unna raxon.",ammassou,
"Un cappotreno de 34 anni, Alessandro Ambrosio, o l’é stæto ammassou à cotellæ vexin à un parchezzo d’arente a-a staçion de Bològna, inte unn’äia reservâ a-i dependenti, parrieiva sensa unna raxon.",à,
"Un cappotreno de 34 anni, Alessandro Ambrosio, o l’é stæto ammassou à cotellæ vexin à un parchezzo d’arente a-a staçion de Bològna, inte unn’äia reservâ a-i dependenti, parrieiva sensa unna raxon.",cotellæ,
"Un cappotreno de 34 anni, Alessandro Ambrosio, o l’é stæto ammassou à cotellæ vexin à un parchezzo d’arente a-a staçion de Bològna, inte unn’äia reservâ a-i dependenti, parrieiva sensa unna raxon.",vexin,
"Un cappotreno de 34 anni, Alessandro Ambrosio, o l’é stæto ammassou à cotellæ vexin à un parchezzo d’arente a-a staçion de Bològna, inte unn’äia reservâ a-i dependenti, parrieiva sensa unna raxon.",à,
"Un cappotreno de 34 anni, Alessandro Ambrosio, o l’é stæto ammassou à cotellæ vexin à un parchezzo d’arente a-a staçion de Bològna, inte unn’äia reservâ a-i dependenti, parrieiva sensa unna raxon.",un,
"Un cappotreno de 34 anni, Alessandro Ambrosio, o l’é stæto ammassou à cotellæ vexin à un parchezzo d’arente a-a staçion de Bològna, inte unn’äia reservâ a-i dependenti, parrieiva sensa unna raxon.",parchezzo,
"Un cappotreno de 34 anni, Alessandro Ambrosio, o l’é stæto ammassou à cotellæ vexin à un parchezzo d’arente a-a staçion de Bològna, inte unn’äia reservâ a-i dependenti, parrieiva sensa unna raxon.",d,
"Un cappotreno de 34 anni, Alessandro Ambrosio, o l’é stæto ammassou à cotellæ vexin à un parchezzo d’arente a-a staçion de Bològna, inte unn’äia reservâ a-i dependenti, parrieiva sensa unna raxon.",’,
"Un cappotreno de 34 anni, Alessandro Ambrosio, o l’é stæto ammassou à cotellæ vexin à un parchezzo d’arente a-a staçion de Bològna, inte unn’äia reservâ a-i dependenti, parrieiva sensa unna raxon.",arente,
"Un cappotreno de 34 anni, Alessandro Ambrosio, o l’é stæto ammassou à cotellæ vexin à un parchezzo d’arente a-a staçion de Bològna, inte unn’äia reservâ a-i dependenti, parrieiva sensa unna raxon.",a-a,
"Un cappotreno de 34 anni, Alessandro Ambrosio, o l’é stæto ammassou à cotellæ vexin à un parchezzo d’arente a-a staçion de Bològna, inte unn’äia reservâ a-i dependenti, parrieiva sensa unna raxon.",staçion,
"Un cappotreno de 34 anni, Alessandro Ambrosio, o l’é stæto ammassou à cotellæ vexin à un parchezzo d’arente a-a staçion de Bològna, inte unn’äia reservâ a-i dependenti, parrieiva sensa unna raxon.",de,
"Un cappotreno de 34 anni, Alessandro Ambrosio, o l’é stæto ammassou à cotellæ vexin à un parchezzo d’arente a-a staçion de Bològna, inte unn’äia reservâ a-i dependenti, parrieiva sensa unna raxon.",Bològna,
"Un cappotreno de 34 anni, Alessandro Ambrosio, o l’é stæto ammassou à cotellæ vexin à un parchezzo d’arente a-a staçion de Bològna, inte unn’äia reservâ a-i dependenti, parrieiva sensa unna raxon.",",",
"Un cappotreno de 34 anni, Alessandro Ambrosio, o l’é stæto ammassou à cotellæ vexin à un parchezzo d’arente a-a staçion de Bològna, inte unn’äia reservâ a-i dependenti, parrieiva sensa unna raxon.",inte,
"Un cappotreno de 34 anni, Alessandro Ambrosio, o l’é stæto ammassou à cotellæ vexin à un parchezzo d’arente a-a staçion de Bològna, inte unn’äia reservâ a-i dependenti, parrieiva sensa unna raxon.",unn,
"Un cappotreno de 34 anni, Alessandro Ambrosio, o l’é stæto ammassou à cotellæ vexin à un parchezzo d’arente a-a staçion de Bològna, inte unn’äia reservâ a-i dependenti, parrieiva sensa unna raxon.",’,
"Un cappotreno de 34 anni, Alessandro Ambrosio, o l’é stæto ammassou à cotellæ vexin à un parchezzo d’arente a-a staçion de Bològna, inte unn’äia reservâ a-i dependenti, parrieiva sensa unna raxon.",äia,
"Un cappotreno de 34 anni, Alessandro Ambrosio, o l’é stæto ammassou à cotellæ vexin à un parchezzo d’arente a-a staçion de Bològna, inte unn’äia reservâ a-i dependenti, parrieiva sensa unna raxon.",reservâ,
"Un cappotreno de 34 anni, Alessandro Ambrosio, o l’é stæto ammassou à cotellæ vexin à un parchezzo d’arente a-a staçion de Bològna, inte unn’äia reservâ a-i dependenti, parrieiva sensa unna raxon.",a-i,
"Un cappotreno de 34 anni, Alessandro Ambrosio, o l’é stæto ammassou à cotellæ vexin à un parchezzo d’arente a-a staçion de Bològna, inte unn’äia reservâ a-i dependenti, parrieiva sensa unna raxon.",dependenti,
"Un cappotreno de 34 anni, Alessandro Ambrosio, o l’é stæto ammassou à cotellæ vexin à un parchezzo d’arente a-a staçion de Bològna, inte unn’äia reservâ a-i dependenti, parrieiva sensa unna raxon.",",",
"Un cappotreno de 34 anni, Alessandro Ambrosio, o l’é stæto ammassou à cotellæ vexin à un parchezzo d’arente a-a staçion de Bològna, inte unn’äia reservâ a-i dependenti, parrieiva sensa unna raxon.",parrieiva,
"Un cappotreno de 34 anni, Alessandro Ambrosio, o l’é stæto ammassou à cotellæ vexin à un parchezzo d’arente a-a staçion de Bològna, inte unn’äia reservâ a-i dependenti, parrieiva sensa unna raxon.",sensa,
"Un cappotreno de 34 anni, Alessandro Ambrosio, o l’é stæto ammassou à cotellæ vexin à un parchezzo d’arente a-a staçion de Bològna, inte unn’äia reservâ a-i dependenti, parrieiva sensa unna raxon.",unna,
"Un cappotreno de 34 anni, Alessandro Ambrosio, o l’é stæto ammassou à cotellæ vexin à un parchezzo d’arente a-a staçion de Bològna, inte unn’äia reservâ a-i dependenti, parrieiva sensa unna raxon.",raxon,
"Un cappotreno de 34 anni, Alessandro Ambrosio, o l’é stæto ammassou à cotellæ vexin à un parchezzo d’arente a-a staçion de Bològna, inte unn’äia reservâ a-i dependenti, parrieiva sensa unna raxon.",.,
"A poliçia a l’à arrestou o Marin Jelenik, un croato de 36 anni, ch’o l’ea davanti a-a staçion sensa papê.",A,
"A poliçia a l’à arrestou o Marin Jelenik, un croato de 36 anni, ch’o l’ea davanti a-a staçion sensa papê.",poliçia,
"A poliçia a l’à arrestou o Marin Jelenik, un croato de 36 anni, ch’o l’ea davanti a-a staçion sensa papê.",a,
"A poliçia a l’à arrestou o Marin Jelenik, un croato de 36 anni, ch’o l’ea davanti a-a staçion sensa papê.",l,
"A poliçia a l’à arrestou o Marin Jelenik, un croato de 36 anni, ch’o l’ea davanti a-a staçion sensa papê.",’,
"A poliçia a l’à arrestou o Marin Jelenik, un croato de 36 anni, ch’o l’ea davanti a-a staçion sensa papê.",à,
"A poliçia a l’à arrestou o Marin Jelenik, un croato de 36 anni, ch’o l’ea davanti a-a staçion sensa papê.",arrestou,
"A poliçia a l’à arrestou o Marin Jelenik, un croato de 36 anni, ch’o l’ea davanti a-a staçion sensa papê.",o,
"A poliçia a l’à arrestou o Marin Jelenik, un croato de 36 anni, ch’o l’ea davanti a-a staçion sensa papê.",Marin,
"A poliçia a l’à arrestou o Marin Jelenik, un croato de 36 anni, ch’o l’ea davanti a-a staçion sensa papê.",Jelenik,
"A poliçia a l’à arrestou o Marin Jelenik, un croato de 36 anni, ch’o l’ea davanti a-a staçion sensa papê.",",",
"A poliçia a l’à arrestou o Marin Jelenik, un croato de 36 anni, ch’o l’ea davanti a-a staçion sensa papê.",un,
"A poliçia a l’à arrestou o Marin Jelenik, un croato de 36 anni, ch’o l’ea davanti a-a staçion sensa papê.",croato,
"A poliçia a l’à arrestou o Marin Jelenik, un croato de 36 anni, ch’o l’ea davanti a-a staçion sensa papê.",de,
"A poliçia a l’à arrestou o Marin Jelenik, un croato de 36 anni, ch’o l’ea davanti a-a staçion sensa papê.",36,
"A poliçia a l’à arrestou o Marin Jelenik, un croato de 36 anni, ch’o l’ea davanti a-a staçion sensa papê.",anni,
"A poliçia a l’à arrestou o Marin Jelenik, un croato de 36 anni, ch’o l’ea davanti a-a staçion sensa papê.",",",
"A poliçia a l’à arrestou o Marin Jelenik, un croato de 36 anni, ch’o l’ea davanti a-a staçion sensa papê.",ch,
"A poliçia a l’à arrestou o Marin Jelenik, un croato de 36 anni, ch’o l’ea davanti a-a staçion sensa papê.",’,
"A poliçia a l’à arrestou o Marin Jelenik, un croato de 36 anni, ch’o l’ea davanti a-a staçion sensa papê.",o,
"A poliçia a l’à arrestou o Marin Jelenik, un croato de 36 anni, ch’o l’ea davanti a-a staçion sensa papê.",l,
"A poliçia a l’à arrestou o Marin Jelenik, un croato de 36 anni, ch’o l’ea davanti a-a staçion sensa papê.",’,
"A poliçia a l’à arrestou o Marin Jelenik, un croato de 36 anni, ch’o l’ea davanti a-a staçion sensa papê.",ea,
"A poliçia a l’à arrestou o Marin Jelenik, un croato de 36 anni, ch’o l’ea davanti a-a staçion sensa papê.",davanti,
"A poliçia a l’à arrestou o Marin Jelenik, un croato de 36 anni, ch’o l’ea davanti a-a staçion sensa papê.",a-a,
"A poliçia a l’à arrestou o Marin Jelenik, un croato de 36 anni, ch’o l’ea davanti a-a staçion sensa papê.",staçion,
"A poliçia a l’à arrestou o Marin Jelenik, un croato de 36 anni, ch’o l’ea davanti a-a staçion sensa papê.",sensa,
"A poliçia a l’à arrestou o Marin Jelenik, un croato de 36 anni, ch’o l’ea davanti a-a staçion sensa papê.",papê,
"A poliçia a l’à arrestou o Marin Jelenik, un croato de 36 anni, ch’o l’ea davanti a-a staçion sensa papê.",.,
O l’é accaxonou d’ammassamento.,O,
O l’é accaxonou d’ammassamento.,l,
O l’é accaxonou d’ammassamento.,’,
O l’é accaxonou d’ammassamento.,é,
O l’é accaxonou d’ammassamento.,accaxonou,
O l’é accaxonou d’ammassamento.,d,
O l’é accaxonou d’ammassamento.,’,
O l’é accaxonou d’ammassamento.,ammassamento,
O l’é accaxonou d’ammassamento.,.,
"O l’aiva un muggio de crimini passæ comme rapiñe, fastiddi sessuali e aggrescion, e ascì un ordine europeo d’allontanamento pe ëse stæto trovou con un cotello.",O,
"O l’aiva un muggio de crimini passæ comme rapiñe, fastiddi sessuali e aggrescion, e ascì un ordine europeo d’allontanamento pe ëse stæto trovou con un cotello.",l,
"O l’aiva un muggio de crimini passæ comme rapiñe, fastiddi sessuali e aggrescion, e ascì un ordine europeo d’allontanamento pe ëse stæto trovou con un cotello.",’,
"O l’aiva un muggio de crimini passæ comme rapiñe, fastiddi sessuali e aggrescion, e ascì un ordine europeo d’allontanamento pe ëse stæto trovou con un cotello.",aiva,
"O l’aiva un muggio de crimini passæ comme rapiñe, fastiddi sessuali e aggrescion, e ascì un ordine europeo d’allontanamento pe ëse stæto trovou con un cotello.",un,
"O l’aiva un muggio de crimini passæ comme rapiñe, fastiddi sessuali e aggrescion, e ascì un ordine europeo d’allontanamento pe ëse stæto trovou con un cotello.",muggio,
"O l’aiva un muggio de crimini passæ comme rapiñe, fastiddi sessuali e aggrescion, e ascì un ordine europeo d’allontanamento pe ëse stæto trovou con un cotello.",de,
"O l’aiva un muggio de crimini passæ comme rapiñe, fastiddi sessuali e aggrescion, e ascì un ordine europeo d’allontanamento pe ëse stæto trovou con un cotello.",crimini,
"O l’aiva un muggio de crimini passæ comme rapiñe, fastiddi sessuali e aggrescion, e ascì un ordine europeo d’allontanamento pe ëse stæto trovou con un cotello.",passæ,
"O l’aiva un muggio de crimini passæ comme rapiñe, fastiddi sessuali e aggrescion, e ascì un ordine europeo d’allontanamento pe ëse stæto trovou con un cotello.",comme,
"O l’aiva un muggio de crimini passæ comme rapiñe, fastiddi sessuali e aggrescion, e ascì un ordine europeo d’allontanamento pe ëse stæto trovou con un cotello.",rapiñe,
"O l’aiva un muggio de crimini passæ comme rapiñe, fastiddi sessuali e aggrescion, e ascì un ordine europeo d’allontanamento pe ëse stæto trovou con un cotello.",",",
"O l’aiva un muggio de crimini passæ comme rapiñe, fastiddi sessuali e aggrescion, e ascì un ordine europeo d’allontanamento pe ëse stæto trovou con un cotello.",fastiddi,
"O l’aiva un muggio de crimini passæ comme rapiñe, fastiddi sessuali e aggrescion, e ascì un ordine europeo d’allontanamento pe ëse stæto trovou con un cotello.",sessuali,
"O l’aiva un muggio de crimini passæ comme rapiñe, fastiddi sessuali e aggrescion, e ascì un ordine europeo d’allontanamento pe ëse stæto trovou con un cotello.",e,
"O l’aiva un muggio de crimini passæ comme rapiñe, fastiddi sessuali e aggrescion, e ascì un ordine europeo d’allontanamento pe ëse stæto trovou con un cotello.",aggrescion,
"O l’aiva un muggio de crimini passæ comme rapiñe, fastiddi sessuali e aggrescion, e ascì un ordine europeo d’allontanamento pe ëse stæto trovou con un cotello.",",",
"O l’aiva un muggio de crimini passæ comme rapiñe, fastiddi sessuali e aggrescion, e ascì un ordine europeo d’allontanamento pe ëse stæto trovou con un cotello.",e,
"O l’aiva un muggio de crimini passæ comme rapiñe, fastiddi sessuali e aggrescion, e ascì un ordine europeo d’allontanamento pe ëse stæto trovou con un cotello.",ascì,
"O l’aiva un muggio de crimini passæ comme rapiñe, fastiddi sessuali e aggrescion, e ascì un ordine europeo d’allontanamento pe ëse stæto trovou con un cotello.",un,
"O l’aiva un muggio de crimini passæ comme rapiñe, fastiddi sessuali e aggrescion, e ascì un ordine europeo d’allontanamento pe ëse stæto trovou con un cotello.",ordine,
"O l’aiva un muggio de crimini passæ comme rapiñe, fastiddi sessuali e aggrescion, e ascì un ordine europeo d’allontanamento pe ëse stæto trovou con un cotello.",europeo,
"O l’aiva un muggio de crimini passæ comme rapiñe, fastiddi sessuali e aggrescion, e ascì un ordine europeo d’allontanamento pe ëse stæto trovou con un cotello.",d,
"O l’aiva un muggio de crimini passæ comme rapiñe, fastiddi sessuali e aggrescion, e ascì un ordine europeo d’allontanamento pe ëse stæto trovou con un cotello.",’,
"O l’aiva un muggio de crimini passæ comme rapiñe, fastiddi sessuali e aggrescion, e ascì un ordine europeo d’allontanamento pe ëse stæto trovou con un cotello.",allontanamento,
"O l’aiva un muggio de crimini passæ comme rapiñe, fastiddi sessuali e aggrescion, e ascì un ordine europeo d’allontanamento pe ëse stæto trovou con un cotello.",pe,
"O l’aiva un muggio de crimini passæ comme rapiñe, fastiddi sessuali e aggrescion, e ascì un ordine europeo d’allontanamento pe ëse stæto trovou con un cotello.",ëse,
"O l’aiva un muggio de crimini passæ comme rapiñe, fastiddi sessuali e aggrescion, e ascì un ordine europeo d’allontanamento pe ëse stæto trovou con un cotello.",stæto,
"O l’aiva un muggio de crimini passæ comme rapiñe, fastiddi sessuali e aggrescion, e ascì un ordine europeo d’allontanamento pe ëse stæto trovou con un cotello.",trovou,
"O l’aiva un muggio de crimini passæ comme rapiñe, fastiddi sessuali e aggrescion, e ascì un ordine europeo d’allontanamento pe ëse stæto trovou con un cotello.",con,
"O l’aiva un muggio de crimini passæ comme rapiñe, fastiddi sessuali e aggrescion, e ascì un ordine europeo d’allontanamento pe ëse stæto trovou con un cotello.",un,
"O l’aiva un muggio de crimini passæ comme rapiñe, fastiddi sessuali e aggrescion, e ascì un ordine europeo d’allontanamento pe ëse stæto trovou con un cotello.",cotello,
"O l’aiva un muggio de crimini passæ comme rapiñe, fastiddi sessuali e aggrescion, e ascì un ordine europeo d’allontanamento pe ëse stæto trovou con un cotello.",.,
A-i 30 de dexembre ghe l’aivan sexio à Pavia.,A-i,
A-i 30 de dexembre ghe l’aivan sexio à Pavia.,30,
A-i 30 de dexembre ghe l’aivan sexio à Pavia.,de,
A-i 30 de dexembre ghe l’aivan sexio à Pavia.,dexembre,
A-i 30 de dexembre ghe l’aivan sexio à Pavia.,ghe,
A-i 30 de dexembre ghe l’aivan sexio à Pavia.,l,
A-i 30 de dexembre ghe l’aivan sexio à Pavia.,’,
A-i 30 de dexembre ghe l’aivan sexio à Pavia.,aivan,
A-i 30 de dexembre ghe l’aivan sexio à Pavia.,sexio,
A-i 30 de dexembre ghe l’aivan sexio à Pavia.,à,
A-i 30 de dexembre ghe l’aivan sexio à Pavia.,Pavia,
A-i 30 de dexembre ghe l’aivan sexio à Pavia.,.,
À Udine o l’aiva devastou un supermercou.,À,
À Udine o l’aiva devastou un supermercou.,Udine,
À Udine o l’aiva devastou un supermercou.,o,
À Udine o l’aiva devastou un supermercou.,l,
À Udine o l’aiva devastou un supermercou.,’,
À Udine o l’aiva devastou un supermercou.,aiva,
À Udine o l’aiva devastou un supermercou.,devastou,
À Udine o l’aiva devastou un supermercou.,un,
À Udine o l’aiva devastou un supermercou.,supermercou,
À Udine o l’aiva devastou un supermercou.,.,
Milan a se conferma a çittæ italiaña co-o costo da vitta ciù erto anche do 2025.,Milan,
Milan a se conferma a çittæ italiaña co-o costo da vitta ciù erto anche do 2025.,a,
Milan a se conferma a çittæ italiaña co-o costo da vitta ciù erto anche do 2025.,se,
Milan a se conferma a çittæ italiaña co-o costo da vitta ciù erto anche do 2025.,conferma,
Milan a se conferma a çittæ italiaña co-o costo da vitta ciù erto anche do 2025.,a,
Milan a se conferma a çittæ italiaña co-o costo da vitta ciù erto anche do 2025.,çittæ,
Milan a se conferma a çittæ italiaña co-o costo da vitta ciù erto anche do 2025.,italiaña,
Milan a se conferma a çittæ italiaña co-o costo da vitta ciù erto anche do 2025.,co-o,
Milan a se conferma a çittæ italiaña co-o costo da vitta ciù erto anche do 2025.,costo,
Milan a se conferma a çittæ italiaña co-o costo da vitta ciù erto anche do 2025.,da,
Milan a se conferma a çittæ italiaña co-o costo da vitta ciù erto anche do 2025.,vitta,
Milan a se conferma a çittæ italiaña co-o costo da vitta ciù erto anche do 2025.,ciù,
Milan a se conferma a çittæ italiaña co-o costo da vitta ciù erto anche do 2025.,erto,
Milan a se conferma a çittæ italiaña co-o costo da vitta ciù erto anche do 2025.,anche,
Milan a se conferma a çittæ italiaña co-o costo da vitta ciù erto anche do 2025.,do,
Milan a se conferma a çittæ italiaña co-o costo da vitta ciù erto anche do 2025.,2025,
Milan a se conferma a çittæ italiaña co-o costo da vitta ciù erto anche do 2025.,.,
"Quella ciù à bon patto a l’é Napoli, ma se s’ammia solo a-a speisa pe-o mangiâ convegnieiva stâ à Catanzaro ciufito che à Bolsan, a ciù caa da sto ponto de vista.",Quella,
"Quella ciù à bon patto a l’é Napoli, ma se s’ammia solo a-a speisa pe-o mangiâ convegnieiva stâ à Catanzaro ciufito che à Bolsan, a ciù caa da sto ponto de vista.",ciù,
"Quella ciù à bon patto a l’é Napoli, ma se s’ammia solo a-a speisa pe-o mangiâ convegnieiva stâ à Catanzaro ciufito che à Bolsan, a ciù caa da sto ponto de vista.",à,
"Quella ciù à bon patto a l’é Napoli, ma se s’ammia solo a-a speisa pe-o mangiâ convegnieiva stâ à Catanzaro ciufito che à Bolsan, a ciù caa da sto ponto de vista.",bon,
"Quella ciù à bon patto a l’é Napoli, ma se s’ammia solo a-a speisa pe-o mangiâ convegnieiva stâ à Catanzaro ciufito che à Bolsan, a ciù caa da sto ponto de vista.",patto,
"Quella ciù à bon patto a l’é Napoli, ma se s’ammia solo a-a speisa pe-o mangiâ convegnieiva stâ à Catanzaro ciufito che à Bolsan, a ciù caa da sto ponto de vista.",a,
"Quella ciù à bon patto a l’é Napoli, ma se s’ammia solo a-a speisa pe-o mangiâ convegnieiva stâ à Catanzaro ciufito che à Bolsan, a ciù caa da sto ponto de vista.",l,
"Quella ciù à bon patto a l’é Napoli, ma se s’ammia solo a-a speisa pe-o mangiâ convegnieiva stâ à Catanzaro ciufito che à Bolsan, a ciù caa da sto ponto de vista.",’,
"Quella ciù à bon patto a l’é Napoli, ma se s’ammia solo a-a speisa pe-o mangiâ convegnieiva stâ à Catanzaro ciufito che à Bolsan, a ciù caa da sto ponto de vista.",é,
"Quella ciù à bon patto a l’é Napoli, ma se s’ammia solo a-a speisa pe-o mangiâ convegnieiva stâ à Catanzaro ciufito che à Bolsan, a ciù caa da sto ponto de vista.",Napoli,
"Quella ciù à bon patto a l’é Napoli, ma se s’ammia solo a-a speisa pe-o mangiâ convegnieiva stâ à Catanzaro ciufito che à Bolsan, a ciù caa da sto ponto de vista.",",",
"Quella ciù à bon patto a l’é Napoli, ma se s’ammia solo a-a speisa pe-o mangiâ convegnieiva stâ à Catanzaro ciufito che à Bolsan, a ciù caa da sto ponto de vista.",ma,
"Quella ciù à bon patto a l’é Napoli, ma se s’ammia solo a-a speisa pe-o mangiâ convegnieiva stâ à Catanzaro ciufito che à Bolsan, a ciù caa da sto ponto de vista.",se,
"Quella ciù à bon patto a l’é Napoli, ma se s’ammia solo a-a speisa pe-o mangiâ convegnieiva stâ à Catanzaro ciufito che à Bolsan, a ciù caa da sto ponto de vista.",s,
"Quella ciù à bon patto a l’é Napoli, ma se s’ammia solo a-a speisa pe-o mangiâ convegnieiva stâ à Catanzaro ciufito che à Bolsan, a ciù caa da sto ponto de vista.",’,
"Quella ciù à bon patto a l’é Napoli, ma se s’ammia solo a-a speisa pe-o mangiâ convegnieiva stâ à Catanzaro ciufito che à Bolsan, a ciù caa da sto ponto de vista.",ammia,
"Quella ciù à bon patto a l’é Napoli, ma se s’ammia solo a-a speisa pe-o mangiâ convegnieiva stâ à Catanzaro ciufito che à Bolsan, a ciù caa da sto ponto de vista.",solo,
"Quella ciù à bon patto a l’é Napoli, ma se s’ammia solo a-a speisa pe-o mangiâ convegnieiva stâ à Catanzaro ciufito che à Bolsan, a ciù caa da sto ponto de vista.",a-a,
"Quella ciù à bon patto a l’é Napoli, ma se s’ammia solo a-a speisa pe-o mangiâ convegnieiva stâ à Catanzaro ciufito che à Bolsan, a ciù caa da sto ponto de vista.",speisa,
"Quella ciù à bon patto a l’é Napoli, ma se s’ammia solo a-a speisa pe-o mangiâ convegnieiva stâ à Catanzaro ciufito che à Bolsan, a ciù caa da sto ponto de vista.",pe-o,
"Quella ciù à bon patto a l’é Napoli, ma se s’ammia solo a-a speisa pe-o mangiâ convegnieiva stâ à Catanzaro ciufito che à Bolsan, a ciù caa da sto ponto de vista.",mangiâ,
"Quella ciù à bon patto a l’é Napoli, ma se s’ammia solo a-a speisa pe-o mangiâ convegnieiva stâ à Catanzaro ciufito che à Bolsan, a ciù caa da sto ponto de vista.",convegnieiva,
"Quella ciù à bon patto a l’é Napoli, ma se s’ammia solo a-a speisa pe-o mangiâ convegnieiva stâ à Catanzaro ciufito che à Bolsan, a ciù caa da sto ponto de vista.",stâ,
"Quella ciù à bon patto a l’é Napoli, ma se s’ammia solo a-a speisa pe-o mangiâ convegnieiva stâ à Catanzaro ciufito che à Bolsan, a ciù caa da sto ponto de vista.",à,
"Quella ciù à bon patto a l’é Napoli, ma se s’ammia solo a-a speisa pe-o mangiâ convegnieiva stâ à Catanzaro ciufito che à Bolsan, a ciù caa da sto ponto de vista.",Catanzaro,
"Quella ciù à bon patto a l’é Napoli, ma se s’ammia solo a-a speisa pe-o mangiâ convegnieiva stâ à Catanzaro ciufito che à Bolsan, a ciù caa da sto ponto de vista.",ciufito,
"Quella ciù à bon patto a l’é Napoli, ma se s’ammia solo a-a speisa pe-o mangiâ convegnieiva stâ à Catanzaro ciufito che à Bolsan, a ciù caa da sto ponto de vista.",che,
"Quella ciù à bon patto a l’é Napoli, ma se s’ammia solo a-a speisa pe-o mangiâ convegnieiva stâ à Catanzaro ciufito che à Bolsan, a ciù caa da sto ponto de vista.",à,
"Quella ciù à bon patto a l’é Napoli, ma se s’ammia solo a-a speisa pe-o mangiâ convegnieiva stâ à Catanzaro ciufito che à Bolsan, a ciù caa da sto ponto de vista.",Bolsan,
"Quella ciù à bon patto a l’é Napoli, ma se s’ammia solo a-a speisa pe-o mangiâ convegnieiva stâ à Catanzaro ciufito che à Bolsan, a ciù caa da sto ponto de vista.",",",
"Quella ciù à bon patto a l’é Napoli, ma se s’ammia solo a-a speisa pe-o mangiâ convegnieiva stâ à Catanzaro ciufito che à Bolsan, a ciù caa da sto ponto de vista.",a,
"Quella ciù à bon patto a l’é Napoli, ma se s’ammia solo a-a speisa pe-o mangiâ convegnieiva stâ à Catanzaro ciufito che à Bolsan, a ciù caa da sto ponto de vista.",ciù,
"Quella ciù à bon patto a l’é Napoli, ma se s’ammia solo a-a speisa pe-o mangiâ convegnieiva stâ à Catanzaro ciufito che à Bolsan, a ciù caa da sto ponto de vista.",caa,
"Quella ciù à bon patto a l’é Napoli, ma se s’ammia solo a-a speisa pe-o mangiâ convegnieiva stâ à Catanzaro ciufito che à Bolsan, a ciù caa da sto ponto de vista.",da,
"Quella ciù à bon patto a l’é Napoli, ma se s’ammia solo a-a speisa pe-o mangiâ convegnieiva stâ à Catanzaro ciufito che à Bolsan, a ciù caa da sto ponto de vista.",sto,
"Quella ciù à bon patto a l’é Napoli, ma se s’ammia solo a-a speisa pe-o mangiâ convegnieiva stâ à Catanzaro ciufito che à Bolsan, a ciù caa da sto ponto de vista.",ponto,
"Quella ciù à bon patto a l’é Napoli, ma se s’ammia solo a-a speisa pe-o mangiâ convegnieiva stâ à Catanzaro ciufito che à Bolsan, a ciù caa da sto ponto de vista.",de,
"Quella ciù à bon patto a l’é Napoli, ma se s’ammia solo a-a speisa pe-o mangiâ convegnieiva stâ à Catanzaro ciufito che à Bolsan, a ciù caa da sto ponto de vista.",vista,
"Quella ciù à bon patto a l’é Napoli, ma se s’ammia solo a-a speisa pe-o mangiâ convegnieiva stâ à Catanzaro ciufito che à Bolsan, a ciù caa da sto ponto de vista.",.,
A clascifica a sata feua da un studio do Codacons basou in scî dæti de l’Osservatöio di prexi do ministëio de Impreise.,A,
A clascifica a sata feua da un studio do Codacons basou in scî dæti de l’Osservatöio di prexi do ministëio de Impreise.,clascifica,
A clascifica a sata feua da un studio do Codacons basou in scî dæti de l’Osservatöio di prexi do ministëio de Impreise.,a,
A clascifica a sata feua da un studio do Codacons basou in scî dæti de l’Osservatöio di prexi do ministëio de Impreise.,sata,
A clascifica a sata feua da un studio do Codacons basou in scî dæti de l’Osservatöio di prexi do ministëio de Impreise.,feua,
A clascifica a sata feua da un studio do Codacons basou in scî dæti de l’Osservatöio di prexi do ministëio de Impreise.,da,
A clascifica a sata feua da un studio do Codacons basou in scî dæti de l’Osservatöio di prexi do ministëio de Impreise.,un,
A clascifica a sata feua da un studio do Codacons basou in scî dæti de l’Osservatöio di prexi do ministëio de Impreise.,studio,
A clascifica a sata feua da un studio do Codacons basou in scî dæti de l’Osservatöio di prexi do ministëio de Impreise.,do,
A clascifica a sata feua da un studio do Codacons basou in scî dæti de l’Osservatöio di prexi do ministëio de Impreise.,Codacons,
A clascifica a sata feua da un studio do Codacons basou in scî dæti de l’Osservatöio di prexi do ministëio de Impreise.,basou,
A clascifica a sata feua da un studio do Codacons basou in scî dæti de l’Osservatöio di prexi do ministëio de Impreise.,in,
A clascifica a sata feua da un studio do Codacons basou in scî dæti de l’Osservatöio di prexi do ministëio de Impreise.,scî,
A clascifica a sata feua da un studio do Codacons basou in scî dæti de l’Osservatöio di prexi do ministëio de Impreise.,dæti,
A clascifica a sata feua da un studio do Codacons basou in scî dæti de l’Osservatöio di prexi do ministëio de Impreise.,de,
A clascifica a sata feua da un studio do Codacons basou in scî dæti de l’Osservatöio di prexi do ministëio de Impreise.,l,
A clascifica a sata feua da un studio do Codacons basou in scî dæti de l’Osservatöio di prexi do ministëio de Impreise.,’,
A clascifica a sata feua da un studio do Codacons basou in scî dæti de l’Osservatöio di prexi do ministëio de Impreise.,Osservatöio,
A clascifica a sata feua da un studio do Codacons basou in scî dæti de l’Osservatöio di prexi do ministëio de Impreise.,di,
A clascifica a sata feua da un studio do Codacons basou in scî dæti de l’Osservatöio di prexi do ministëio de Impreise.,prexi,
A clascifica a sata feua da un studio do Codacons basou in scî dæti de l’Osservatöio di prexi do ministëio de Impreise.,do,
A clascifica a sata feua da un studio do Codacons basou in scî dæti de l’Osservatöio di prexi do ministëio de Impreise.,ministëio,
A clascifica a sata feua da un studio do Codacons basou in scî dæti de l’Osservatöio di prexi do ministëio de Impreise.,de,
A clascifica a sata feua da un studio do Codacons basou in scî dæti de l’Osservatöio di prexi do ministëio de Impreise.,Impreise,
A clascifica a sata feua da un studio do Codacons basou in scî dæti de l’Osservatöio di prexi do ministëio de Impreise.,.,
"Piggiando un panê compòsto da fruta e verdua, alimentari e serviçi comme o dentista, o perrucchê ò a tenzaia, à Milan se spende squæxi 600 euro, o 62% in ciù che à Napoli pe-o mæximo panê.",Piggiando,
"Piggiando un panê compòsto da fruta e verdua, alimentari e serviçi comme o dentista, o perrucchê ò a tenzaia, à Milan se spende squæxi 600 euro, o 62% in ciù che à Napoli pe-o mæximo panê.",un,
"Piggiando un panê compòsto da fruta e verdua, alimentari e serviçi comme o dentista, o perrucchê ò a tenzaia, à Milan se spende squæxi 600 euro, o 62% in ciù che à Napoli pe-o mæximo panê.",panê,
"Piggiando un panê compòsto da fruta e verdua, alimentari e serviçi comme o dentista, o perrucchê ò a tenzaia, à Milan se spende squæxi 600 euro, o 62% in ciù che à Napoli pe-o mæximo panê.",compòsto,
"Piggiando un panê compòsto da fruta e verdua, alimentari e serviçi comme o dentista, o perrucchê ò a tenzaia, à Milan se spende squæxi 600 euro, o 62% in ciù che à Napoli pe-o mæximo panê.",da,
"Piggiando un panê compòsto da fruta e verdua, alimentari e serviçi comme o dentista, o perrucchê ò a tenzaia, à Milan se spende squæxi 600 euro, o 62% in ciù che à Napoli pe-o mæximo panê.",fruta,
"Piggiando un panê compòsto da fruta e verdua, alimentari e serviçi comme o dentista, o perrucchê ò a tenzaia, à Milan se spende squæxi 600 euro, o 62% in ciù che à Napoli pe-o mæximo panê.",e,
"Piggiando un panê compòsto da fruta e verdua, alimentari e serviçi comme o dentista, o perrucchê ò a tenzaia, à Milan se spende squæxi 600 euro, o 62% in ciù che à Napoli pe-o mæximo panê.",verdua,
"Piggiando un panê compòsto da fruta e verdua, alimentari e serviçi comme o dentista, o perrucchê ò a tenzaia, à Milan se spende squæxi 600 euro, o 62% in ciù che à Napoli pe-o mæximo panê.",",",
"Piggiando un panê compòsto da fruta e verdua, alimentari e serviçi comme o dentista, o perrucchê ò a tenzaia, à Milan se spende squæxi 600 euro, o 62% in ciù che à Napoli pe-o mæximo panê.",alimentari,
"Piggiando un panê compòsto da fruta e verdua, alimentari e serviçi comme o dentista, o perrucchê ò a tenzaia, à Milan se spende squæxi 600 euro, o 62% in ciù che à Napoli pe-o mæximo panê.",e,
"Piggiando un panê compòsto da fruta e verdua, alimentari e serviçi comme o dentista, o perrucchê ò a tenzaia, à Milan se spende squæxi 600 euro, o 62% in ciù che à Napoli pe-o mæximo panê.",serviçi,
"Piggiando un panê compòsto da fruta e verdua, alimentari e serviçi comme o dentista, o perrucchê ò a tenzaia, à Milan se spende squæxi 600 euro, o 62% in ciù che à Napoli pe-o mæximo panê.",comme,
"Piggiando un panê compòsto da fruta e verdua, alimentari e serviçi comme o dentista, o perrucchê ò a tenzaia, à Milan se spende squæxi 600 euro, o 62% in ciù che à Napoli pe-o mæximo panê.",o,
"Piggiando un panê compòsto da fruta e verdua, alimentari e serviçi comme o dentista, o perrucchê ò a tenzaia, à Milan se spende squæxi 600 euro, o 62% in ciù che à Napoli pe-o mæximo panê.",dentista,
"Piggiando un panê compòsto da fruta e verdua, alimentari e serviçi comme o dentista, o perrucchê ò a tenzaia, à Milan se spende squæxi 600 euro, o 62% in ciù che à Napoli pe-o mæximo panê.",",",
"Piggiando un panê compòsto da fruta e verdua, alimentari e serviçi comme o dentista, o perrucchê ò a tenzaia, à Milan se spende squæxi 600 euro, o 62% in ciù che à Napoli pe-o mæximo panê.",o,
"Piggiando un panê compòsto da fruta e verdua, alimentari e serviçi comme o dentista, o perrucchê ò a tenzaia, à Milan se spende squæxi 600 euro, o 62% in ciù che à Napoli pe-o mæximo panê.",perrucchê,
"Piggiando un panê compòsto da fruta e verdua, alimentari e serviçi comme o dentista, o perrucchê ò a tenzaia, à Milan se spende squæxi 600 euro, o 62% in ciù che à Napoli pe-o mæximo panê.",ò,
"Piggiando un panê compòsto da fruta e verdua, alimentari e serviçi comme o dentista, o perrucchê ò a tenzaia, à Milan se spende squæxi 600 euro, o 62% in ciù che à Napoli pe-o mæximo panê.",a,
"Piggiando un panê compòsto da fruta e verdua, alimentari e serviçi comme o dentista, o perrucchê ò a tenzaia, à Milan se spende squæxi 600 euro, o 62% in ciù che à Napoli pe-o mæximo panê.",tenzaia,
"Piggiando un panê compòsto da fruta e verdua, alimentari e serviçi comme o dentista, o perrucchê ò a tenzaia, à Milan se spende squæxi 600 euro, o 62% in ciù che à Napoli pe-o mæximo panê.",",",
"Piggiando un panê compòsto da fruta e verdua, alimentari e serviçi comme o dentista, o perrucchê ò a tenzaia, à Milan se spende squæxi 600 euro, o 62% in ciù che à Napoli pe-o mæximo panê.",à,
"Piggiando un panê compòsto da fruta e verdua, alimentari e serviçi comme o dentista, o perrucchê ò a tenzaia, à Milan se spende squæxi 600 euro, o 62% in ciù che à Napoli pe-o mæximo panê.",Milan,
"Piggiando un panê compòsto da fruta e verdua, alimentari e serviçi comme o dentista, o perrucchê ò a tenzaia, à Milan se spende squæxi 600 euro, o 62% in ciù che à Napoli pe-o mæximo panê.",se,
"Piggiando un panê compòsto da fruta e verdua, alimentari e serviçi comme o dentista, o perrucchê ò a tenzaia, à Milan se spende squæxi 600 euro, o 62% in ciù che à Napoli pe-o mæximo panê.",spende,
"Piggiando un panê compòsto da fruta e verdua, alimentari e serviçi comme o dentista, o perrucchê ò a tenzaia, à Milan se spende squæxi 600 euro, o 62% in ciù che à Napoli pe-o mæximo panê.",squæxi,
"Piggiando un panê compòsto da fruta e verdua, alimentari e serviçi comme o dentista, o perrucchê ò a tenzaia, à Milan se spende squæxi 600 euro, o 62% in ciù che à Napoli pe-o mæximo panê.",600,
"Piggiando un panê compòsto da fruta e verdua, alimentari e serviçi comme o dentista, o perrucchê ò a tenzaia, à Milan se spende squæxi 600 euro, o 62% in ciù che à Napoli pe-o mæximo panê.",euro,
"Piggiando un panê compòsto da fruta e verdua, alimentari e serviçi comme o dentista, o perrucchê ò a tenzaia, à Milan se spende squæxi 600 euro, o 62% in ciù che à Napoli pe-o mæximo panê.",",",
"Piggiando un panê compòsto da fruta e verdua, alimentari e serviçi comme o dentista, o perrucchê ò a tenzaia, à Milan se spende squæxi 600 euro, o 62% in ciù che à Napoli pe-o mæximo panê.",o,
"Piggiando un panê compòsto da fruta e verdua, alimentari e serviçi comme o dentista, o perrucchê ò a tenzaia, à Milan se spende squæxi 600 euro, o 62% in ciù che à Napoli pe-o mæximo panê.",62,
"Piggiando un panê compòsto da fruta e verdua, alimentari e serviçi comme o dentista, o perrucchê ò a tenzaia, à Milan se spende squæxi 600 euro, o 62% in ciù che à Napoli pe-o mæximo panê.",%,
"Piggiando un panê compòsto da fruta e verdua, alimentari e serviçi comme o dentista, o perrucchê ò a tenzaia, à Milan se spende squæxi 600 euro, o 62% in ciù che à Napoli pe-o mæximo panê.",in,
"Piggiando un panê compòsto da fruta e verdua, alimentari e serviçi comme o dentista, o perrucchê ò a tenzaia, à Milan se spende squæxi 600 euro, o 62% in ciù che à Napoli pe-o mæximo panê.",ciù,
"Piggiando un panê compòsto da fruta e verdua, alimentari e serviçi comme o dentista, o perrucchê ò a tenzaia, à Milan se spende squæxi 600 euro, o 62% in ciù che à Napoli pe-o mæximo panê.",che,
"Piggiando un panê compòsto da fruta e verdua, alimentari e serviçi comme o dentista, o perrucchê ò a tenzaia, à Milan se spende squæxi 600 euro, o 62% in ciù che à Napoli pe-o mæximo panê.",à,
"Piggiando un panê compòsto da fruta e verdua, alimentari e serviçi comme o dentista, o perrucchê ò a tenzaia, à Milan se spende squæxi 600 euro, o 62% in ciù che à Napoli pe-o mæximo panê.",Napoli,
"Piggiando un panê compòsto da fruta e verdua, alimentari e serviçi comme o dentista, o perrucchê ò a tenzaia, à Milan se spende squæxi 600 euro, o 62% in ciù che à Napoli pe-o mæximo panê.",pe-o,
"Piggiando un panê compòsto da fruta e verdua, alimentari e serviçi comme o dentista, o perrucchê ò a tenzaia, à Milan se spende squæxi 600 euro, o 62% in ciù che à Napoli pe-o mæximo panê.",mæximo,
"Piggiando un panê compòsto da fruta e verdua, alimentari e serviçi comme o dentista, o perrucchê ò a tenzaia, à Milan se spende squæxi 600 euro, o 62% in ciù che à Napoli pe-o mæximo panê.",panê,
"Piggiando un panê compòsto da fruta e verdua, alimentari e serviçi comme o dentista, o perrucchê ò a tenzaia, à Milan se spende squæxi 600 euro, o 62% in ciù che à Napoli pe-o mæximo panê.",.,
In sciô pòdio de çittæ ciù caistriose gh’é Aòsta e Bolsan ascì.,In,
In sciô pòdio de çittæ ciù caistriose gh’é Aòsta e Bolsan ascì.,sciô,
In sciô pòdio de çittæ ciù caistriose gh’é Aòsta e Bolsan ascì.,pòdio,
In sciô pòdio de çittæ ciù caistriose gh’é Aòsta e Bolsan ascì.,de,
In sciô pòdio de çittæ ciù caistriose gh’é Aòsta e Bolsan ascì.,çittæ,
In sciô pòdio de çittæ ciù caistriose gh’é Aòsta e Bolsan ascì.,ciù,
In sciô pòdio de çittæ ciù caistriose gh’é Aòsta e Bolsan ascì.,caistriose,
In sciô pòdio de çittæ ciù caistriose gh’é Aòsta e Bolsan ascì.,gh,
In sciô pòdio de çittæ ciù caistriose gh’é Aòsta e Bolsan ascì.,’,
In sciô pòdio de çittæ ciù caistriose gh’é Aòsta e Bolsan ascì.,é,
In sciô pòdio de çittæ ciù caistriose gh’é Aòsta e Bolsan ascì.,Aòsta,
In sciô pòdio de çittæ ciù caistriose gh’é Aòsta e Bolsan ascì.,e,
In sciô pòdio de çittæ ciù caistriose gh’é Aòsta e Bolsan ascì.,Bolsan,
In sciô pòdio de çittæ ciù caistriose gh’é Aòsta e Bolsan ascì.,ascì,
In sciô pòdio de çittæ ciù caistriose gh’é Aòsta e Bolsan ascì.,.,
Inta neutte tra i 2 e i 3 de zenâ i Stati Unii an attaccou o Venezuela e an acciappou o prescidente Nicolas Moduro co-a moggê tanto che dormivan.,Inta,
Inta neutte tra i 2 e i 3 de zenâ i Stati Unii an attaccou o Venezuela e an acciappou o prescidente Nicolas Moduro co-a moggê tanto che dormivan.,neutte,
Inta neutte tra i 2 e i 3 de zenâ i Stati Unii an attaccou o Venezuela e an acciappou o prescidente Nicolas Moduro co-a moggê tanto che dormivan.,tra,
Inta neutte tra i 2 e i 3 de zenâ i Stati Unii an attaccou o Venezuela e an acciappou o prescidente Nicolas Moduro co-a moggê tanto che dormivan.,i,
Inta neutte tra i 2 e i 3 de zenâ i Stati Unii an attaccou o Venezuela e an acciappou o prescidente Nicolas Moduro co-a moggê tanto che dormivan.,2,
Inta neutte tra i 2 e i 3 de zenâ i Stati Unii an attaccou o Venezuela e an acciappou o prescidente Nicolas Moduro co-a moggê tanto che dormivan.,e,
Inta neutte tra i 2 e i 3 de zenâ i Stati Unii an attaccou o Venezuela e an acciappou o prescidente Nicolas Moduro co-a moggê tanto che dormivan.,i,
Inta neutte tra i 2 e i 3 de zenâ i Stati Unii an attaccou o Venezuela e an acciappou o prescidente Nicolas Moduro co-a moggê tanto che dormivan.,3,
Inta neutte tra i 2 e i 3 de zenâ i Stati Unii an attaccou o Venezuela e an acciappou o prescidente Nicolas Moduro co-a moggê tanto che dormivan.,de,
Inta neutte tra i 2 e i 3 de zenâ i Stati Unii an attaccou o Venezuela e an acciappou o prescidente Nicolas Moduro co-a moggê tanto che dormivan.,zenâ,
Inta neutte tra i 2 e i 3 de zenâ i Stati Unii an attaccou o Venezuela e an acciappou o prescidente Nicolas Moduro co-a moggê tanto che dormivan.,i,
Inta neutte tra i 2 e i 3 de zenâ i Stati Unii an attaccou o Venezuela e an acciappou o prescidente Nicolas Moduro co-a moggê tanto che dormivan.,Stati,
Inta neutte tra i 2 e i 3 de zenâ i Stati Unii an attaccou o Venezuela e an acciappou o prescidente Nicolas Moduro co-a moggê tanto che dormivan.,Unii,
Inta neutte tra i 2 e i 3 de zenâ i Stati Unii an attaccou o Venezuela e an acciappou o prescidente Nicolas Moduro co-a moggê tanto che dormivan.,an,
Inta neutte tra i 2 e i 3 de zenâ i Stati Unii an attaccou o Venezuela e an acciappou o prescidente Nicolas Moduro co-a moggê tanto che dormivan.,attaccou,
Inta neutte tra i 2 e i 3 de zenâ i Stati Unii an attaccou o Venezuela e an acciappou o prescidente Nicolas Moduro co-a moggê tanto che dormivan.,o,
Inta neutte tra i 2 e i 3 de zenâ i Stati Unii an attaccou o Venezuela e an acciappou o prescidente Nicolas Moduro co-a moggê tanto che dormivan.,Venezuela,
Inta neutte tra i 2 e i 3 de zenâ i Stati Unii an attaccou o Venezuela e an acciappou o prescidente Nicolas Moduro co-a moggê tanto che dormivan.,e,
Inta neutte tra i 2 e i 3 de zenâ i Stati Unii an attaccou o Venezuela e an acciappou o prescidente Nicolas Moduro co-a moggê tanto che dormivan.,an,
Inta neutte tra i 2 e i 3 de zenâ i Stati Unii an attaccou o Venezuela e an acciappou o prescidente Nicolas Moduro co-a moggê tanto che dormivan.,acciappou,
Inta neutte tra i 2 e i 3 de zenâ i Stati Unii an attaccou o Venezuela e an acciappou o prescidente Nicolas Moduro co-a moggê tanto che dormivan.,o,
Inta neutte tra i 2 e i 3 de zenâ i Stati Unii an attaccou o Venezuela e an acciappou o prescidente Nicolas Moduro co-a moggê tanto che dormivan.,prescidente,
Inta neutte tra i 2 e i 3 de zenâ i Stati Unii an attaccou o Venezuela e an acciappou o prescidente Nicolas Moduro co-a moggê tanto che dormivan.,Nicolas,
Inta neutte tra i 2 e i 3 de zenâ i Stati Unii an attaccou o Venezuela e an acciappou o prescidente Nicolas Moduro co-a moggê tanto che dormivan.,Moduro,
Inta neutte tra i 2 e i 3 de zenâ i Stati Unii an attaccou o Venezuela e an acciappou o prescidente Nicolas Moduro co-a moggê tanto che dormivan.,co-a,
Inta neutte tra i 2 e i 3 de zenâ i Stati Unii an attaccou o Venezuela e an acciappou o prescidente Nicolas Moduro co-a moggê tanto che dormivan.,moggê,
Inta neutte tra i 2 e i 3 de zenâ i Stati Unii an attaccou o Venezuela e an acciappou o prescidente Nicolas Moduro co-a moggê tanto che dormivan.,tanto,
Inta neutte tra i 2 e i 3 de zenâ i Stati Unii an attaccou o Venezuela e an acciappou o prescidente Nicolas Moduro co-a moggê tanto che dormivan.,che,
Inta neutte tra i 2 e i 3 de zenâ i Stati Unii an attaccou o Venezuela e an acciappou o prescidente Nicolas Moduro co-a moggê tanto che dormivan.,dormivan,
Inta neutte tra i 2 e i 3 de zenâ i Stati Unii an attaccou o Venezuela e an acciappou o prescidente Nicolas Moduro co-a moggê tanto che dormivan.,.,
Inte l’operaçion gh’é stæto a-o manco 80 mòrti tra militari e çivili.,Inte,
Inte l’operaçion gh’é stæto a-o manco 80 mòrti tra militari e çivili.,l,
Inte l’operaçion gh’é stæto a-o manco 80 mòrti tra militari e çivili.,’,
Inte l’operaçion gh’é stæto a-o manco 80 mòrti tra militari e çivili.,operaçion,
Inte l’operaçion gh’é stæto a-o manco 80 mòrti tra militari e çivili.,gh,
Inte l’operaçion gh’é stæto a-o manco 80 mòrti tra militari e çivili.,’,
Inte l’operaçion gh’é stæto a-o manco 80 mòrti tra militari e çivili.,é,
Inte l’operaçion gh’é stæto a-o manco 80 mòrti tra militari e çivili.,stæto,
Inte l’operaçion gh’é stæto a-o manco 80 mòrti tra militari e çivili.,a-o,
Inte l’operaçion gh’é stæto a-o manco 80 mòrti tra militari e çivili.,manco,
Inte l’operaçion gh’é stæto a-o manco 80 mòrti tra militari e çivili.,80,
Inte l’operaçion gh’é stæto a-o manco 80 mòrti tra militari e çivili.,mòrti,
Inte l’operaçion gh’é stæto a-o manco 80 mòrti tra militari e çivili.,tra,
Inte l’operaçion gh’é stæto a-o manco 80 mòrti tra militari e çivili.,militari,
Inte l’operaçion gh’é stæto a-o manco 80 mòrti tra militari e çivili.,e,
Inte l’operaçion gh’é stæto a-o manco 80 mòrti tra militari e çivili.,çivili,
Inte l’operaçion gh’é stæto a-o manco 80 mòrti tra militari e çivili.,.,
"«Gestiemo o Paise fin a-a tranxiçion», o l’à dito o Trump, ch’o l’à annonçiou l’arrivo de compagnie do petròlio.",«,
"«Gestiemo o Paise fin a-a tranxiçion», o l’à dito o Trump, ch’o l’à annonçiou l’arrivo de compagnie do petròlio.",Gestiemo,
"«Gestiemo o Paise fin a-a tranxiçion», o l’à dito o Trump, ch’o l’à annonçiou l’arrivo de compagnie do petròlio.",o,
"«Gestiemo o Paise fin a-a tranxiçion», o l’à dito o Trump, ch’o l’à annonçiou l’arrivo de compagnie do petròlio.",Paise,
"«Gestiemo o Paise fin a-a tranxiçion», o l’à dito o Trump, ch’o l’à annonçiou l’arrivo de compagnie do petròlio.",fin,
"«Gestiemo o Paise fin a-a tranxiçion», o l’à dito o Trump, ch’o l’à annonçiou l’arrivo de compagnie do petròlio.",a-a,
"«Gestiemo o Paise fin a-a tranxiçion», o l’à dito o Trump, ch’o l’à annonçiou l’arrivo de compagnie do petròlio.",tranxiçion,
"«Gestiemo o Paise fin a-a tranxiçion», o l’à dito o Trump, ch’o l’à annonçiou l’arrivo de compagnie do petròlio.",»,
"«Gestiemo o Paise fin a-a tranxiçion», o l’à dito o Trump, ch’o l’à annonçiou l’arrivo de compagnie do petròlio.",",",
"«Gestiemo o Paise fin a-a tranxiçion», o l’à dito o Trump, ch’o l’à annonçiou l’arrivo de compagnie do petròlio.",o,
"«Gestiemo o Paise fin a-a tranxiçion», o l’à dito o Trump, ch’o l’à annonçiou l’arrivo de compagnie do petròlio.",l,
"«Gestiemo o Paise fin a-a tranxiçion», o l’à dito o Trump, ch’o l’à annonçiou l’arrivo de compagnie do petròlio.",’,
"«Gestiemo o Paise fin a-a tranxiçion», o l’à dito o Trump, ch’o l’à annonçiou l’arrivo de compagnie do petròlio.",à,
"«Gestiemo o Paise fin a-a tranxiçion», o l’à dito o Trump, ch’o l’à annonçiou l’arrivo de compagnie do petròlio.",dito,
"«Gestiemo o Paise fin a-a tranxiçion», o l’à dito o Trump, ch’o l’à annonçiou l’arrivo de compagnie do petròlio.",o,
"«Gestiemo o Paise fin a-a tranxiçion», o l’à dito o Trump, ch’o l’à annonçiou l’arrivo de compagnie do petròlio.",Trump,
"«Gestiemo o Paise fin a-a tranxiçion», o l’à dito o Trump, ch’o l’à annonçiou l’arrivo de compagnie do petròlio.",",",
"«Gestiemo o Paise fin a-a tranxiçion», o l’à dito o Trump, ch’o l’à annonçiou l’arrivo de compagnie do petròlio.",ch,
"«Gestiemo o Paise fin a-a tranxiçion», o l’à dito o Trump, ch’o l’à annonçiou l’arrivo de compagnie do petròlio.",’,
"«Gestiemo o Paise fin a-a tranxiçion», o l’à dito o Trump, ch’o l’à annonçiou l’arrivo de compagnie do petròlio.",o,
"«Gestiemo o Paise fin a-a tranxiçion», o l’à dito o Trump, ch’o l’à annonçiou l’arrivo de compagnie do petròlio.",l,
"«Gestiemo o Paise fin a-a tranxiçion», o l’à dito o Trump, ch’o l’à annonçiou l’arrivo de compagnie do petròlio.",’,
"«Gestiemo o Paise fin a-a tranxiçion», o l’à dito o Trump, ch’o l’à annonçiou l’arrivo de compagnie do petròlio.",à,
"«Gestiemo o Paise fin a-a tranxiçion», o l’à dito o Trump, ch’o l’à annonçiou l’arrivo de compagnie do petròlio.",annonçiou,
"«Gestiemo o Paise fin a-a tranxiçion», o l’à dito o Trump, ch’o l’à annonçiou l’arrivo de compagnie do petròlio.",l,
"«Gestiemo o Paise fin a-a tranxiçion», o l’à dito o Trump, ch’o l’à annonçiou l’arrivo de compagnie do petròlio.",’,
"«Gestiemo o Paise fin a-a tranxiçion», o l’à dito o Trump, ch’o l’à annonçiou l’arrivo de compagnie do petròlio.",arrivo,
"«Gestiemo o Paise fin a-a tranxiçion», o l’à dito o Trump, ch’o l’à annonçiou l’arrivo de compagnie do petròlio.",de,
"«Gestiemo o Paise fin a-a tranxiçion», o l’à dito o Trump, ch’o l’à annonçiou l’arrivo de compagnie do petròlio.",compagnie,
"«Gestiemo o Paise fin a-a tranxiçion», o l’à dito o Trump, ch’o l’à annonçiou l’arrivo de compagnie do petròlio.",do,
"«Gestiemo o Paise fin a-a tranxiçion», o l’à dito o Trump, ch’o l’à annonçiou l’arrivo de compagnie do petròlio.",petròlio,
"«Gestiemo o Paise fin a-a tranxiçion», o l’à dito o Trump, ch’o l’à annonçiou l’arrivo de compagnie do petròlio.",.,
"O Maduro, accaxonou de narcoterroriximo, o s’é proclammou innoçente.",O,
"O Maduro, accaxonou de narcoterroriximo, o s’é proclammou innoçente.",Maduro,
"O Maduro, accaxonou de narcoterroriximo, o s’é proclammou innoçente.",",",
"O Maduro, accaxonou de narcoterroriximo, o s’é proclammou innoçente.",accaxonou,
"O Maduro, accaxonou de narcoterroriximo, o s’é proclammou innoçente.",de,
"O Maduro, accaxonou de narcoterroriximo, o s’é proclammou innoçente.",narcoterroriximo,
"O Maduro, accaxonou de narcoterroriximo, o s’é proclammou innoçente.",",",
"O Maduro, accaxonou de narcoterroriximo, o s’é proclammou innoçente.",o,
"O Maduro, accaxonou de narcoterroriximo, o s’é proclammou innoçente.",s,
"O Maduro, accaxonou de narcoterroriximo, o s’é proclammou innoçente.",’,
"O Maduro, accaxonou de narcoterroriximo, o s’é proclammou innoçente.",é,
"O Maduro, accaxonou de narcoterroriximo, o s’é proclammou innoçente.",proclammou,
"O Maduro, accaxonou de narcoterroriximo, o s’é proclammou innoçente.",innoçente,
"O Maduro, accaxonou de narcoterroriximo, o s’é proclammou innoçente.",.,
A Delcy Rodriguez a l’é stæta incarregâ prescidente ad interim.,A,
A Delcy Rodriguez a l’é stæta incarregâ prescidente ad interim.,Delcy,
A Delcy Rodriguez a l’é stæta incarregâ prescidente ad interim.,Rodriguez,
A Delcy Rodriguez a l’é stæta incarregâ prescidente ad interim.,a,
A Delcy Rodriguez a l’é stæta incarregâ prescidente ad interim.,l,
A Delcy Rodriguez a l’é stæta incarregâ prescidente ad interim.,’,
A Delcy Rodriguez a l’é stæta incarregâ prescidente ad interim.,é,
A Delcy Rodriguez a l’é stæta incarregâ prescidente ad interim.,stæta,
A Delcy Rodriguez a l’é stæta incarregâ prescidente ad interim.,incarregâ,
A Delcy Rodriguez a l’é stæta incarregâ prescidente ad interim.,prescidente,
A Delcy Rodriguez a l’é stæta incarregâ prescidente ad interim.,ad,
A Delcy Rodriguez a l’é stæta incarregâ prescidente ad interim.,interim,
A Delcy Rodriguez a l’é stæta incarregâ prescidente ad interim.,.,
"Oua o Trump o veu à Groenlandia: «N’emmo de beseugno pe-a seguessa naçionale, a Danimarca a no saià boña à dâghe a mente».",Oua,
"Oua o Trump o veu à Groenlandia: «N’emmo de beseugno pe-a seguessa naçionale, a Danimarca a no saià boña à dâghe a mente».",o,
"Oua o Trump o veu à Groenlandia: «N’emmo de beseugno pe-a seguessa naçionale, a Danimarca a no saià boña à dâghe a mente».",Trump,
"Oua o Trump o veu à Groenlandia: «N’emmo de beseugno pe-a seguessa naçionale, a Danimarca a no saià boña à dâghe a mente».",o,
"Oua o Trump o veu à Groenlandia: «N’emmo de beseugno pe-a seguessa naçionale, a Danimarca a no saià boña à dâghe a mente».",veu,
"Oua o Trump o veu à Groenlandia: «N’emmo de beseugno pe-a seguessa naçionale, a Danimarca a no saià boña à dâghe a mente».",à,
"Oua o Trump o veu à Groenlandia: «N’emmo de beseugno pe-a seguessa naçionale, a Danimarca a no saià boña à dâghe a mente».",Groenlandia,
"Oua o Trump o veu à Groenlandia: «N’emmo de beseugno pe-a seguessa naçionale, a Danimarca a no saià boña à dâghe a mente».",:,
"Oua o Trump o veu à Groenlandia: «N’emmo de beseugno pe-a seguessa naçionale, a Danimarca a no saià boña à dâghe a mente».",«,
"Oua o Trump o veu à Groenlandia: «N’emmo de beseugno pe-a seguessa naçionale, a Danimarca a no saià boña à dâghe a mente».",N,
"Oua o Trump o veu à Groenlandia: «N’emmo de beseugno pe-a seguessa naçionale, a Danimarca a no saià boña à dâghe a mente».",’,
"Oua o Trump o veu à Groenlandia: «N’emmo de beseugno pe-a seguessa naçionale, a Danimarca a no saià boña à dâghe a mente».",emmo,
"Oua o Trump o veu à Groenlandia: «N’emmo de beseugno pe-a seguessa naçionale, a Danimarca a no saià boña à dâghe a mente».",de,
"Oua o Trump o veu à Groenlandia: «N’emmo de beseugno pe-a seguessa naçionale, a Danimarca a no saià boña à dâghe a mente».",beseugno,
"Oua o Trump o veu à Groenlandia: «N’emmo de beseugno pe-a seguessa naçionale, a Danimarca a no saià boña à dâghe a mente».",pe-a,
"Oua o Trump o veu à Groenlandia: «N’emmo de beseugno pe-a seguessa naçionale, a Danimarca a no saià boña à dâghe a mente».",seguessa,
"Oua o Trump o veu à Groenlandia: «N’emmo de beseugno pe-a seguessa naçionale, a Danimarca a no saià boña à dâghe a mente».",naçionale,
"Oua o Trump o veu à Groenlandia: «N’emmo de beseugno pe-a seguessa naçionale, a Danimarca a no saià boña à dâghe a mente».",",",
"Oua o Trump o veu à Groenlandia: «N’emmo de beseugno pe-a seguessa naçionale, a Danimarca a no saià boña à dâghe a mente».",a,
"Oua o Trump o veu à Groenlandia: «N’emmo de beseugno pe-a seguessa naçionale, a Danimarca a no saià boña à dâghe a mente».",Danimarca,
"Oua o Trump o veu à Groenlandia: «N’emmo de beseugno pe-a seguessa naçionale, a Danimarca a no saià boña à dâghe a mente».",a,
"Oua o Trump o veu à Groenlandia: «N’emmo de beseugno pe-a seguessa naçionale, a Danimarca a no saià boña à dâghe a mente».",no,
"Oua o Trump o veu à Groenlandia: «N’emmo de beseugno pe-a seguessa naçionale, a Danimarca a no saià boña à dâghe a mente».",saià,
"Oua o Trump o veu à Groenlandia: «N’emmo de beseugno pe-a seguessa naçionale, a Danimarca a no saià boña à dâghe a mente».",boña,
"Oua o Trump o veu à Groenlandia: «N’emmo de beseugno pe-a seguessa naçionale, a Danimarca a no saià boña à dâghe a mente».",à,
"Oua o Trump o veu à Groenlandia: «N’emmo de beseugno pe-a seguessa naçionale, a Danimarca a no saià boña à dâghe a mente».",dâghe,
"Oua o Trump o veu à Groenlandia: «N’emmo de beseugno pe-a seguessa naçionale, a Danimarca a no saià boña à dâghe a mente».",a,
"Oua o Trump o veu à Groenlandia: «N’emmo de beseugno pe-a seguessa naçionale, a Danimarca a no saià boña à dâghe a mente».",mente,
"Oua o Trump o veu à Groenlandia: «N’emmo de beseugno pe-a seguessa naçionale, a Danimarca a no saià boña à dâghe a mente».",»,
"Oua o Trump o veu à Groenlandia: «N’emmo de beseugno pe-a seguessa naçionale, a Danimarca a no saià boña à dâghe a mente».",.,
Gh’é anche l’ipòtexi de mandâghe l’exerçito pe piggiâla.,Gh,
Gh’é anche l’ipòtexi de mandâghe l’exerçito pe piggiâla.,’,
Gh’é anche l’ipòtexi de mandâghe l’exerçito pe piggiâla.,é,
Gh’é anche l’ipòtexi de mandâghe l’exerçito pe piggiâla.,anche,
Gh’é anche l’ipòtexi de mandâghe l’exerçito pe piggiâla.,l,
Gh’é anche l’ipòtexi de mandâghe l’exerçito pe piggiâla.,’,
Gh’é anche l’ipòtexi de mandâghe l’exerçito pe piggiâla.,ipòtexi,
Gh’é anche l’ipòtexi de mandâghe l’exerçito pe piggiâla.,de,
Gh’é anche l’ipòtexi de mandâghe l’exerçito pe piggiâla.,mandâghe,
Gh’é anche l’ipòtexi de mandâghe l’exerçito pe piggiâla.,l,
Gh’é anche l’ipòtexi de mandâghe l’exerçito pe piggiâla.,’,
Gh’é anche l’ipòtexi de mandâghe l’exerçito pe piggiâla.,exerçito,
Gh’é anche l’ipòtexi de mandâghe l’exerçito pe piggiâla.,pe,
Gh’é anche l’ipòtexi de mandâghe l’exerçito pe piggiâla.,piggiâla,
Gh’é anche l’ipòtexi de mandâghe l’exerçito pe piggiâla.,.,
"L’Union europea invexendâ: «A l’é autònoma, a va respettâ».",L,
"L’Union europea invexendâ: «A l’é autònoma, a va respettâ».",’,
"L’Union europea invexendâ: «A l’é autònoma, a va respettâ».",Union,
"L’Union europea invexendâ: «A l’é autònoma, a va respettâ».",europea,
"L’Union europea invexendâ: «A l’é autònoma, a va respettâ».",invexendâ,
"L’Union europea invexendâ: «A l’é autònoma, a va respettâ».",:,
"L’Union europea invexendâ: «A l’é autònoma, a va respettâ».",«,
"L’Union europea invexendâ: «A l’é autònoma, a va respettâ».",A,
"L’Union europea invexendâ: «A l’é autònoma, a va respettâ».",l,
"L’Union europea invexendâ: «A l’é autònoma, a va respettâ».",’,
"L’Union europea invexendâ: «A l’é autònoma, a va respettâ».",é,
"L’Union europea invexendâ: «A l’é autònoma, a va respettâ».",autònoma,
"L’Union europea invexendâ: «A l’é autònoma, a va respettâ».",",",
"L’Union europea invexendâ: «A l’é autònoma, a va respettâ».",a,
"L’Union europea invexendâ: «A l’é autònoma, a va respettâ».",va,
"L’Union europea invexendâ: «A l’é autònoma, a va respettâ».",respettâ,
"L’Union europea invexendâ: «A l’é autònoma, a va respettâ».",»,
"L’Union europea invexendâ: «A l’é autònoma, a va respettâ».",.,
"A Procua de Sion a l’à commandou l’arresto pe-o Jacques Moretti, o baccan do locale La Constellation de Crans-Montana, in Svissera, donde l’é avvegnuo l’inçendio do Primmo de l’anno con 40 mòrti, squæxi tutti zoenòtti.",A,
"A Procua de Sion a l’à commandou l’arresto pe-o Jacques Moretti, o baccan do locale La Constellation de Crans-Montana, in Svissera, donde l’é avvegnuo l’inçendio do Primmo de l’anno con 40 mòrti, squæxi tutti zoenòtti.",Procua,
"A Procua de Sion a l’à commandou l’arresto pe-o Jacques Moretti, o baccan do locale La Constellation de Crans-Montana, in Svissera, donde l’é avvegnuo l’inçendio do Primmo de l’anno con 40 mòrti, squæxi tutti zoenòtti.",de,
"A Procua de Sion a l’à commandou l’arresto pe-o Jacques Moretti, o baccan do locale La Constellation de Crans-Montana, in Svissera, donde l’é avvegnuo l’inçendio do Primmo de l’anno con 40 mòrti, squæxi tutti zoenòtti.",Sion,
"A Procua de Sion a l’à commandou l’arresto pe-o Jacques Moretti, o baccan do locale La Constellation de Crans-Montana, in Svissera, donde l’é avvegnuo l’inçendio do Primmo de l’anno con 40 mòrti, squæxi tutti zoenòtti.",a,
"A Procua de Sion a l’à commandou l’arresto pe-o Jacques Moretti, o baccan do locale La Constellation de Crans-Montana, in Svissera, donde l’é avvegnuo l’inçendio do Primmo de l’anno con 40 mòrti, squæxi tutti zoenòtti.",l,
"A Procua de Sion a l’à commandou l’arresto pe-o Jacques Moretti, o baccan do locale La Constellation de Crans-Montana, in Svissera, donde l’é avvegnuo l’inçendio do Primmo de l’anno con 40 mòrti, squæxi tutti zoenòtti.",’,
"A Procua de Sion a l’à commandou l’arresto pe-o Jacques Moretti, o baccan do locale La Constellation de Crans-Montana, in Svissera, donde l’é avvegnuo l’inçendio do Primmo de l’anno con 40 mòrti, squæxi tutti zoenòtti.",à,
"A Procua de Sion a l’à commandou l’arresto pe-o Jacques Moretti, o baccan do locale La Constellation de Crans-Montana, in Svissera, donde l’é avvegnuo l’inçendio do Primmo de l’anno con 40 mòrti, squæxi tutti zoenòtti.",commandou,
"A Procua de Sion a l’à commandou l’arresto pe-o Jacques Moretti, o baccan do locale La Constellation de Crans-Montana, in Svissera, donde l’é avvegnuo l’inçendio do Primmo de l’anno con 40 mòrti, squæxi tutti zoenòtti.",l,
"A Procua de Sion a l’à commandou l’arresto pe-o Jacques Moretti, o baccan do locale La Constellation de Crans-Montana, in Svissera, donde l’é avvegnuo l’inçendio do Primmo de l’anno con 40 mòrti, squæxi tutti zoenòtti.",’,
"A Procua de Sion a l’à commandou l’arresto pe-o Jacques Moretti, o baccan do locale La Constellation de Crans-Montana, in Svissera, donde l’é avvegnuo l’inçendio do Primmo de l’anno con 40 mòrti, squæxi tutti zoenòtti.",arresto,
"A Procua de Sion a l’à commandou l’arresto pe-o Jacques Moretti, o baccan do locale La Constellation de Crans-Montana, in Svissera, donde l’é avvegnuo l’inçendio do Primmo de l’anno con 40 mòrti, squæxi tutti zoenòtti.",pe-o,
"A Procua de Sion a l’à commandou l’arresto pe-o Jacques Moretti, o baccan do locale La Constellation de Crans-Montana, in Svissera, donde l’é avvegnuo l’inçendio do Primmo de l’anno con 40 mòrti, squæxi tutti zoenòtti.",Jacques,
"A Procua de Sion a l’à commandou l’arresto pe-o Jacques Moretti, o baccan do locale La Constellation de Crans-Montana, in Svissera, donde l’é avvegnuo l’inçendio do Primmo de l’anno con 40 mòrti, squæxi tutti zoenòtti.",Moretti,
"A Procua de Sion a l’à commandou l’arresto pe-o Jacques Moretti, o baccan do locale La Constellation de Crans-Montana, in Svissera, donde l’é avvegnuo l’inçendio do Primmo de l’anno con 40 mòrti, squæxi tutti zoenòtti.",",",
"A Procua de Sion a l’à commandou l’arresto pe-o Jacques Moretti, o baccan do locale La Constellation de Crans-Montana, in Svissera, donde l’é avvegnuo l’inçendio do Primmo de l’anno con 40 mòrti, squæxi tutti zoenòtti.",o,
"A Procua de Sion a l’à commandou l’arresto pe-o Jacques Moretti, o baccan do locale La Constellation de Crans-Montana, in Svissera, donde l’é avvegnuo l’inçendio do Primmo de l’anno con 40 mòrti, squæxi tutti zoenòtti.",baccan,
"A Procua de Sion a l’à commandou l’arresto pe-o Jacques Moretti, o baccan do locale La Constellation de Crans-Montana, in Svissera, donde l’é avvegnuo l’inçendio do Primmo de l’anno con 40 mòrti, squæxi tutti zoenòtti.",do,
"A Procua de Sion a l’à commandou l’arresto pe-o Jacques Moretti, o baccan do locale La Constellation de Crans-Montana, in Svissera, donde l’é avvegnuo l’inçendio do Primmo de l’anno con 40 mòrti, squæxi tutti zoenòtti.",locale,
"A Procua de Sion a l’à commandou l’arresto pe-o Jacques Moretti, o baccan do locale La Constellation de Crans-Montana, in Svissera, donde l’é avvegnuo l’inçendio do Primmo de l’anno con 40 mòrti, squæxi tutti zoenòtti.",La,
"A Procua de Sion a l’à commandou l’arresto pe-o Jacques Moretti, o baccan do locale La Constellation de Crans-Montana, in Svissera, donde l’é avvegnuo l’inçendio do Primmo de l’anno con 40 mòrti, squæxi tutti zoenòtti.",Constellation,
"A Procua de Sion a l’à commandou l’arresto pe-o Jacques Moretti, o baccan do locale La Constellation de Crans-Montana, in Svissera, donde l’é avvegnuo l’inçendio do Primmo de l’anno con 40 mòrti, squæxi tutti zoenòtti.",de,
"A Procua de Sion a l’à commandou l’arresto pe-o Jacques Moretti, o baccan do locale La Constellation de Crans-Montana, in Svissera, donde l’é avvegnuo l’inçendio do Primmo de l’anno con 40 mòrti, squæxi tutti zoenòtti.",Crans-Montana,
"A Procua de Sion a l’à commandou l’arresto pe-o Jacques Moretti, o baccan do locale La Constellation de Crans-Montana, in Svissera, donde l’é avvegnuo l’inçendio do Primmo de l’anno con 40 mòrti, squæxi tutti zoenòtti.",",",
"A Procua de Sion a l’à commandou l’arresto pe-o Jacques Moretti, o baccan do locale La Constellation de Crans-Montana, in Svissera, donde l’é avvegnuo l’inçendio do Primmo de l’anno con 40 mòrti, squæxi tutti zoenòtti.",in,
"A Procua de Sion a l’à commandou l’arresto pe-o Jacques Moretti, o baccan do locale La Constellation de Crans-Montana, in Svissera, donde l’é avvegnuo l’inçendio do Primmo de l’anno con 40 mòrti, squæxi tutti zoenòtti.",Svissera,
"A Procua de Sion a l’à commandou l’arresto pe-o Jacques Moretti, o baccan do locale La Constellation de Crans-Montana, in Svissera, donde l’é avvegnuo l’inçendio do Primmo de l’anno con 40 mòrti, squæxi tutti zoenòtti.",",",
"A Procua de Sion a l’à commandou l’arresto pe-o Jacques Moretti, o baccan do locale La Constellation de Crans-Montana, in Svissera, donde l’é avvegnuo l’inçendio do Primmo de l’anno con 40 mòrti, squæxi tutti zoenòtti.",donde,
"A Procua de Sion a l’à commandou l’arresto pe-o Jacques Moretti, o baccan do locale La Constellation de Crans-Montana, in Svissera, donde l’é avvegnuo l’inçendio do Primmo de l’anno con 40 mòrti, squæxi tutti zoenòtti.",l,
"A Procua de Sion a l’à commandou l’arresto pe-o Jacques Moretti, o baccan do locale La Constellation de Crans-Montana, in Svissera, donde l’é avvegnuo l’inçendio do Primmo de l’anno con 40 mòrti, squæxi tutti zoenòtti.",’,
"A Procua de Sion a l’à commandou l’arresto pe-o Jacques Moretti, o baccan do locale La Constellation de Crans-Montana, in Svissera, donde l’é avvegnuo l’inçendio do Primmo de l’anno con 40 mòrti, squæxi tutti zoenòtti.",é,
"A Procua de Sion a l’à commandou l’arresto pe-o Jacques Moretti, o baccan do locale La Constellation de Crans-Montana, in Svissera, donde l’é avvegnuo l’inçendio do Primmo de l’anno con 40 mòrti, squæxi tutti zoenòtti.",avvegnuo,
"A Procua de Sion a l’à commandou l’arresto pe-o Jacques Moretti, o baccan do locale La Constellation de Crans-Montana, in Svissera, donde l’é avvegnuo l’inçendio do Primmo de l’anno con 40 mòrti, squæxi tutti zoenòtti.",l,
"A Procua de Sion a l’à commandou l’arresto pe-o Jacques Moretti, o baccan do locale La Constellation de Crans-Montana, in Svissera, donde l’é avvegnuo l’inçendio do Primmo de l’anno con 40 mòrti, squæxi tutti zoenòtti.",’,
"A Procua de Sion a l’à commandou l’arresto pe-o Jacques Moretti, o baccan do locale La Constellation de Crans-Montana, in Svissera, donde l’é avvegnuo l’inçendio do Primmo de l’anno con 40 mòrti, squæxi tutti zoenòtti.",inçendio,
"A Procua de Sion a l’à commandou l’arresto pe-o Jacques Moretti, o baccan do locale La Constellation de Crans-Montana, in Svissera, donde l’é avvegnuo l’inçendio do Primmo de l’anno con 40 mòrti, squæxi tutti zoenòtti.",do,
"A Procua de Sion a l’à commandou l’arresto pe-o Jacques Moretti, o baccan do locale La Constellation de Crans-Montana, in Svissera, donde l’é avvegnuo l’inçendio do Primmo de l’anno con 40 mòrti, squæxi tutti zoenòtti.",Primmo,
"A Procua de Sion a l’à commandou l’arresto pe-o Jacques Moretti, o baccan do locale La Constellation de Crans-Montana, in Svissera, donde l’é avvegnuo l’inçendio do Primmo de l’anno con 40 mòrti, squæxi tutti zoenòtti.",de,
"A Procua de Sion a l’à commandou l’arresto pe-o Jacques Moretti, o baccan do locale La Constellation de Crans-Montana, in Svissera, donde l’é avvegnuo l’inçendio do Primmo de l’anno con 40 mòrti, squæxi tutti zoenòtti.",l,
"A Procua de Sion a l’à commandou l’arresto pe-o Jacques Moretti, o baccan do locale La Constellation de Crans-Montana, in Svissera, donde l’é avvegnuo l’inçendio do Primmo de l’anno con 40 mòrti, squæxi tutti zoenòtti.",’,
"A Procua de Sion a l’à commandou l’arresto pe-o Jacques Moretti, o baccan do locale La Constellation de Crans-Montana, in Svissera, donde l’é avvegnuo l’inçendio do Primmo de l’anno con 40 mòrti, squæxi tutti zoenòtti.",anno,
"A Procua de Sion a l’à commandou l’arresto pe-o Jacques Moretti, o baccan do locale La Constellation de Crans-Montana, in Svissera, donde l’é avvegnuo l’inçendio do Primmo de l’anno con 40 mòrti, squæxi tutti zoenòtti.",con,
"A Procua de Sion a l’à commandou l’arresto pe-o Jacques Moretti, o baccan do locale La Constellation de Crans-Montana, in Svissera, donde l’é avvegnuo l’inçendio do Primmo de l’anno con 40 mòrti, squæxi tutti zoenòtti.",40,
"A Procua de Sion a l’à commandou l’arresto pe-o Jacques Moretti, o baccan do locale La Constellation de Crans-Montana, in Svissera, donde l’é avvegnuo l’inçendio do Primmo de l’anno con 40 mòrti, squæxi tutti zoenòtti.",mòrti,
"A Procua de Sion a l’à commandou l’arresto pe-o Jacques Moretti, o baccan do locale La Constellation de Crans-Montana, in Svissera, donde l’é avvegnuo l’inçendio do Primmo de l’anno con 40 mòrti, squæxi tutti zoenòtti.",",",
"A Procua de Sion a l’à commandou l’arresto pe-o Jacques Moretti, o baccan do locale La Constellation de Crans-Montana, in Svissera, donde l’é avvegnuo l’inçendio do Primmo de l’anno con 40 mòrti, squæxi tutti zoenòtti.",squæxi,
"A Procua de Sion a l’à commandou l’arresto pe-o Jacques Moretti, o baccan do locale La Constellation de Crans-Montana, in Svissera, donde l’é avvegnuo l’inçendio do Primmo de l’anno con 40 mòrti, squæxi tutti zoenòtti.",tutti,
"A Procua de Sion a l’à commandou l’arresto pe-o Jacques Moretti, o baccan do locale La Constellation de Crans-Montana, in Svissera, donde l’é avvegnuo l’inçendio do Primmo de l’anno con 40 mòrti, squæxi tutti zoenòtti.",zoenòtti,
"A Procua de Sion a l’à commandou l’arresto pe-o Jacques Moretti, o baccan do locale La Constellation de Crans-Montana, in Svissera, donde l’é avvegnuo l’inçendio do Primmo de l’anno con 40 mòrti, squæxi tutti zoenòtti.",.,
Pe-a moggê Jessica l’é stæto dispòsto l’arresto in cà.,Pe-a,
Pe-a moggê Jessica l’é stæto dispòsto l’arresto in cà.,moggê,
Pe-a moggê Jessica l’é stæto dispòsto l’arresto in cà.,Jessica,
Pe-a moggê Jessica l’é stæto dispòsto l’arresto in cà.,l,
Pe-a moggê Jessica l’é stæto dispòsto l’arresto in cà.,’,
Pe-a moggê Jessica l’é stæto dispòsto l’arresto in cà.,é,
Pe-a moggê Jessica l’é stæto dispòsto l’arresto in cà.,stæto,
Pe-a moggê Jessica l’é stæto dispòsto l’arresto in cà.,dispòsto,
Pe-a moggê Jessica l’é stæto dispòsto l’arresto in cà.,l,
Pe-a moggê Jessica l’é stæto dispòsto l’arresto in cà.,’,
Pe-a moggê Jessica l’é stæto dispòsto l’arresto in cà.,arresto,
Pe-a moggê Jessica l’é stæto dispòsto l’arresto in cà.,in,
Pe-a moggê Jessica l’é stæto dispòsto l’arresto in cà.,cà,
Pe-a moggê Jessica l’é stæto dispòsto l’arresto in cà.,.,
"O provedimento, arrivou dòppo l’interrogatöio into giorno da commemoraçion de vittime à Matigny, o l’é stæto giustificou co-o reisego de fuga.",O,
"O provedimento, arrivou dòppo l’interrogatöio into giorno da commemoraçion de vittime à Matigny, o l’é stæto giustificou co-o reisego de fuga.",provedimento,
"O provedimento, arrivou dòppo l’interrogatöio into giorno da commemoraçion de vittime à Matigny, o l’é stæto giustificou co-o reisego de fuga.",",",
"O provedimento, arrivou dòppo l’interrogatöio into giorno da commemoraçion de vittime à Matigny, o l’é stæto giustificou co-o reisego de fuga.",arrivou,
"O provedimento, arrivou dòppo l’interrogatöio into giorno da commemoraçion de vittime à Matigny, o l’é stæto giustificou co-o reisego de fuga.",dòppo,
"O provedimento, arrivou dòppo l’interrogatöio into giorno da commemoraçion de vittime à Matigny, o l’é stæto giustificou co-o reisego de fuga.",l,
"O provedimento, arrivou dòppo l’interrogatöio into giorno da commemoraçion de vittime à Matigny, o l’é stæto giustificou co-o reisego de fuga.",’,
"O provedimento, arrivou dòppo l’interrogatöio into giorno da commemoraçion de vittime à Matigny, o l’é stæto giustificou co-o reisego de fuga.",interrogatöio,
"O provedimento, arrivou dòppo l’interrogatöio into giorno da commemoraçion de vittime à Matigny, o l’é stæto giustificou co-o reisego de fuga.",into,
"O provedimento, arrivou dòppo l’interrogatöio into giorno da commemoraçion de vittime à Matigny, o l’é stæto giustificou co-o reisego de fuga.",giorno,
"O provedimento, arrivou dòppo l’interrogatöio into giorno da commemoraçion de vittime à Matigny, o l’é stæto giustificou co-o reisego de fuga.",da,
"O provedimento, arrivou dòppo l’interrogatöio into giorno da commemoraçion de vittime à Matigny, o l’é stæto giustificou co-o reisego de fuga.",commemoraçion,
"O provedimento, arrivou dòppo l’interrogatöio into giorno da commemoraçion de vittime à Matigny, o l’é stæto giustificou co-o reisego de fuga.",de,
"O provedimento, arrivou dòppo l’interrogatöio into giorno da commemoraçion de vittime à Matigny, o l’é stæto giustificou co-o reisego de fuga.",vittime,
"O provedimento, arrivou dòppo l’interrogatöio into giorno da commemoraçion de vittime à Matigny, o l’é stæto giustificou co-o reisego de fuga.",à,
"O provedimento, arrivou dòppo l’interrogatöio into giorno da commemoraçion de vittime à Matigny, o l’é stæto giustificou co-o reisego de fuga.",Matigny,
"O provedimento, arrivou dòppo l’interrogatöio into giorno da commemoraçion de vittime à Matigny, o l’é stæto giustificou co-o reisego de fuga.",",",
"O provedimento, arrivou dòppo l’interrogatöio into giorno da commemoraçion de vittime à Matigny, o l’é stæto giustificou co-o reisego de fuga.",o,
"O provedimento, arrivou dòppo l’interrogatöio into giorno da commemoraçion de vittime à Matigny, o l’é stæto giustificou co-o reisego de fuga.",l,
"O provedimento, arrivou dòppo l’interrogatöio into giorno da commemoraçion de vittime à Matigny, o l’é stæto giustificou co-o reisego de fuga.",’,
"O provedimento, arrivou dòppo l’interrogatöio into giorno da commemoraçion de vittime à Matigny, o l’é stæto giustificou co-o reisego de fuga.",é,
"O provedimento, arrivou dòppo l’interrogatöio into giorno da commemoraçion de vittime à Matigny, o l’é stæto giustificou co-o reisego de fuga.",stæto,
"O provedimento, arrivou dòppo l’interrogatöio into giorno da commemoraçion de vittime à Matigny, o l’é stæto giustificou co-o reisego de fuga.",giustificou,
"O provedimento, arrivou dòppo l’interrogatöio into giorno da commemoraçion de vittime à Matigny, o l’é stæto giustificou co-o reisego de fuga.",co-o,
"O provedimento, arrivou dòppo l’interrogatöio into giorno da commemoraçion de vittime à Matigny, o l’é stæto giustificou co-o reisego de fuga.",reisego,
"O provedimento, arrivou dòppo l’interrogatöio into giorno da commemoraçion de vittime à Matigny, o l’é stæto giustificou co-o reisego de fuga.",de,
"O provedimento, arrivou dòppo l’interrogatöio into giorno da commemoraçion de vittime à Matigny, o l’é stæto giustificou co-o reisego de fuga.",fuga,
"O provedimento, arrivou dòppo l’interrogatöio into giorno da commemoraçion de vittime à Matigny, o l’é stæto giustificou co-o reisego de fuga.",.,
"«No çerchiemo de tiâse feua da-e nòstre responsabilitæ, semmo devastæ da-o dô», aivan dito.",«,
"«No çerchiemo de tiâse feua da-e nòstre responsabilitæ, semmo devastæ da-o dô», aivan dito.",No,
"«No çerchiemo de tiâse feua da-e nòstre responsabilitæ, semmo devastæ da-o dô», aivan dito.",çerchiemo,
"«No çerchiemo de tiâse feua da-e nòstre responsabilitæ, semmo devastæ da-o dô», aivan dito.",de,
"«No çerchiemo de tiâse feua da-e nòstre responsabilitæ, semmo devastæ da-o dô», aivan dito.",tiâse,
"«No çerchiemo de tiâse feua da-e nòstre responsabilitæ, semmo devastæ da-o dô», aivan dito.",feua,
"«No çerchiemo de tiâse feua da-e nòstre responsabilitæ, semmo devastæ da-o dô», aivan dito.",da-e,
"«No çerchiemo de tiâse feua da-e nòstre responsabilitæ, semmo devastæ da-o dô», aivan dito.",nòstre,
"«No çerchiemo de tiâse feua da-e nòstre responsabilitæ, semmo devastæ da-o dô», aivan dito.",responsabilitæ,
"«No çerchiemo de tiâse feua da-e nòstre responsabilitæ, semmo devastæ da-o dô», aivan dito.",",",
"«No çerchiemo de tiâse feua da-e nòstre responsabilitæ, semmo devastæ da-o dô», aivan dito.",semmo,
"«No çerchiemo de tiâse feua da-e nòstre responsabilitæ, semmo devastæ da-o dô», aivan dito.",devastæ,
"«No çerchiemo de tiâse feua da-e nòstre responsabilitæ, semmo devastæ da-o dô», aivan dito.",da-o,
"«No çerchiemo de tiâse feua da-e nòstre responsabilitæ, semmo devastæ da-o dô», aivan dito.",dô,
"«No çerchiemo de tiâse feua da-e nòstre responsabilitæ, semmo devastæ da-o dô», aivan dito.",»,
"«No çerchiemo de tiâse feua da-e nòstre responsabilitæ, semmo devastæ da-o dô», aivan dito.",",",
"«No çerchiemo de tiâse feua da-e nòstre responsabilitæ, semmo devastæ da-o dô», aivan dito.",aivan,
"«No çerchiemo de tiâse feua da-e nòstre responsabilitæ, semmo devastæ da-o dô», aivan dito.",dito,
"«No çerchiemo de tiâse feua da-e nòstre responsabilitæ, semmo devastæ da-o dô», aivan dito.",.,
O scindico Nicolas Féraud o no veu parlâ de dimiscioin.,O,
O scindico Nicolas Féraud o no veu parlâ de dimiscioin.,scindico,
O scindico Nicolas Féraud o no veu parlâ de dimiscioin.,Nicolas,
O scindico Nicolas Féraud o no veu parlâ de dimiscioin.,Féraud,
O scindico Nicolas Féraud o no veu parlâ de dimiscioin.,o,
O scindico Nicolas Féraud o no veu parlâ de dimiscioin.,no,
O scindico Nicolas Féraud o no veu parlâ de dimiscioin.,veu,
O scindico Nicolas Féraud o no veu parlâ de dimiscioin.,parlâ,
O scindico Nicolas Féraud o no veu parlâ de dimiscioin.,de,
O scindico Nicolas Féraud o no veu parlâ de dimiscioin.,dimiscioin,
O scindico Nicolas Féraud o no veu parlâ de dimiscioin.,.,
"I prescidenti italian e franseise, o Mattarella e o Macron, an domandou giustiçia.",I,
"I prescidenti italian e franseise, o Mattarella e o Macron, an domandou giustiçia.",prescidenti,
"I prescidenti italian e franseise, o Mattarella e o Macron, an domandou giustiçia.",italian,
"I prescidenti italian e franseise, o Mattarella e o Macron, an domandou giustiçia.",e,
"I prescidenti italian e franseise, o Mattarella e o Macron, an domandou giustiçia.",franseise,
"I prescidenti italian e franseise, o Mattarella e o Macron, an domandou giustiçia.",",",
"I prescidenti italian e franseise, o Mattarella e o Macron, an domandou giustiçia.",o,
"I prescidenti italian e franseise, o Mattarella e o Macron, an domandou giustiçia.",Mattarella,
"I prescidenti italian e franseise, o Mattarella e o Macron, an domandou giustiçia.",e,
"I prescidenti italian e franseise, o Mattarella e o Macron, an domandou giustiçia.",o,
"I prescidenti italian e franseise, o Mattarella e o Macron, an domandou giustiçia.",Macron,
"I prescidenti italian e franseise, o Mattarella e o Macron, an domandou giustiçia.",",",
"I prescidenti italian e franseise, o Mattarella e o Macron, an domandou giustiçia.",an,
"I prescidenti italian e franseise, o Mattarella e o Macron, an domandou giustiçia.",domandou,
"I prescidenti italian e franseise, o Mattarella e o Macron, an domandou giustiçia.",giustiçia,
"I prescidenti italian e franseise, o Mattarella e o Macron, an domandou giustiçia.",.,
"L’Union Europea a l’à dæto a luxe verde à l’accòrdio de libero commerçio co-o Mercosur, l’organizzaçion sudamericaña ch’a comprende Braxî, Argentiña, Uruguay e Paraguay.",L,
"L’Union Europea a l’à dæto a luxe verde à l’accòrdio de libero commerçio co-o Mercosur, l’organizzaçion sudamericaña ch’a comprende Braxî, Argentiña, Uruguay e Paraguay.",’,
"L’Union Europea a l’à dæto a luxe verde à l’accòrdio de libero commerçio co-o Mercosur, l’organizzaçion sudamericaña ch’a comprende Braxî, Argentiña, Uruguay e Paraguay.",Union,
"L’Union Europea a l’à dæto a luxe verde à l’accòrdio de libero commerçio co-o Mercosur, l’organizzaçion sudamericaña ch’a comprende Braxî, Argentiña, Uruguay e Paraguay.",Europea,
"L’Union Europea a l’à dæto a luxe verde à l’accòrdio de libero commerçio co-o Mercosur, l’organizzaçion sudamericaña ch’a comprende Braxî, Argentiña, Uruguay e Paraguay.",a,
"L’Union Europea a l’à dæto a luxe verde à l’accòrdio de libero commerçio co-o Mercosur, l’organizzaçion sudamericaña ch’a comprende Braxî, Argentiña, Uruguay e Paraguay.",l,
"L’Union Europea a l’à dæto a luxe verde à l’accòrdio de libero commerçio co-o Mercosur, l’organizzaçion sudamericaña ch’a comprende Braxî, Argentiña, Uruguay e Paraguay.",’,
"L’Union Europea a l’à dæto a luxe verde à l’accòrdio de libero commerçio co-o Mercosur, l’organizzaçion sudamericaña ch’a comprende Braxî, Argentiña, Uruguay e Paraguay.",à,
"L’Union Europea a l’à dæto a luxe verde à l’accòrdio de libero commerçio co-o Mercosur, l’organizzaçion sudamericaña ch’a comprende Braxî, Argentiña, Uruguay e Paraguay.",dæto,
"L’Union Europea a l’à dæto a luxe verde à l’accòrdio de libero commerçio co-o Mercosur, l’organizzaçion sudamericaña ch’a comprende Braxî, Argentiña, Uruguay e Paraguay.",a,
"L’Union Europea a l’à dæto a luxe verde à l’accòrdio de libero commerçio co-o Mercosur, l’organizzaçion sudamericaña ch’a comprende Braxî, Argentiña, Uruguay e Paraguay.",luxe,
"L’Union Europea a l’à dæto a luxe verde à l’accòrdio de libero commerçio co-o Mercosur, l’organizzaçion sudamericaña ch’a comprende Braxî, Argentiña, Uruguay e Paraguay.",verde,
"L’Union Europea a l’à dæto a luxe verde à l’accòrdio de libero commerçio co-o Mercosur, l’organizzaçion sudamericaña ch’a comprende Braxî, Argentiña, Uruguay e Paraguay.",à,
"L’Union Europea a l’à dæto a luxe verde à l’accòrdio de libero commerçio co-o Mercosur, l’organizzaçion sudamericaña ch’a comprende Braxî, Argentiña, Uruguay e Paraguay.",l,
"L’Union Europea a l’à dæto a luxe verde à l’accòrdio de libero commerçio co-o Mercosur, l’organizzaçion sudamericaña ch’a comprende Braxî, Argentiña, Uruguay e Paraguay.",’,
"L’Union Europea a l’à dæto a luxe verde à l’accòrdio de libero commerçio co-o Mercosur, l’organizzaçion sudamericaña ch’a comprende Braxî, Argentiña, Uruguay e Paraguay.",accòrdio,
"L’Union Europea a l’à dæto a luxe verde à l’accòrdio de libero commerçio co-o Mercosur, l’organizzaçion sudamericaña ch’a comprende Braxî, Argentiña, Uruguay e Paraguay.",de,
"L’Union Europea a l’à dæto a luxe verde à l’accòrdio de libero commerçio co-o Mercosur, l’organizzaçion sudamericaña ch’a comprende Braxî, Argentiña, Uruguay e Paraguay.",libero,
"L’Union Europea a l’à dæto a luxe verde à l’accòrdio de libero commerçio co-o Mercosur, l’organizzaçion sudamericaña ch’a comprende Braxî, Argentiña, Uruguay e Paraguay.",commerçio,
"L’Union Europea a l’à dæto a luxe verde à l’accòrdio de libero commerçio co-o Mercosur, l’organizzaçion sudamericaña ch’a comprende Braxî, Argentiña, Uruguay e Paraguay.",co-o,
"L’Union Europea a l’à dæto a luxe verde à l’accòrdio de libero commerçio co-o Mercosur, l’organizzaçion sudamericaña ch’a comprende Braxî, Argentiña, Uruguay e Paraguay.",Mercosur,
"L’Union Europea a l’à dæto a luxe verde à l’accòrdio de libero commerçio co-o Mercosur, l’organizzaçion sudamericaña ch’a comprende Braxî, Argentiña, Uruguay e Paraguay.",",",
"L’Union Europea a l’à dæto a luxe verde à l’accòrdio de libero commerçio co-o Mercosur, l’organizzaçion sudamericaña ch’a comprende Braxî, Argentiña, Uruguay e Paraguay.",l,
"L’Union Europea a l’à dæto a luxe verde à l’accòrdio de libero commerçio co-o Mercosur, l’organizzaçion sudamericaña ch’a comprende Braxî, Argentiña, Uruguay e Paraguay.",’,
"L’Union Europea a l’à dæto a luxe verde à l’accòrdio de libero commerçio co-o Mercosur, l’organizzaçion sudamericaña ch’a comprende Braxî, Argentiña, Uruguay e Paraguay.",organizzaçion,
"L’Union Europea a l’à dæto a luxe verde à l’accòrdio de libero commerçio co-o Mercosur, l’organizzaçion sudamericaña ch’a comprende Braxî, Argentiña, Uruguay e Paraguay.",sudamericaña,
"L’Union Europea a l’à dæto a luxe verde à l’accòrdio de libero commerçio co-o Mercosur, l’organizzaçion sudamericaña ch’a comprende Braxî, Argentiña, Uruguay e Paraguay.",ch,
"L’Union Europea a l’à dæto a luxe verde à l’accòrdio de libero commerçio co-o Mercosur, l’organizzaçion sudamericaña ch’a comprende Braxî, Argentiña, Uruguay e Paraguay.",’,
"L’Union Europea a l’à dæto a luxe verde à l’accòrdio de libero commerçio co-o Mercosur, l’organizzaçion sudamericaña ch’a comprende Braxî, Argentiña, Uruguay e Paraguay.",a,
"L’Union Europea a l’à dæto a luxe verde à l’accòrdio de libero commerçio co-o Mercosur, l’organizzaçion sudamericaña ch’a comprende Braxî, Argentiña, Uruguay e Paraguay.",comprende,
"L’Union Europea a l’à dæto a luxe verde à l’accòrdio de libero commerçio co-o Mercosur, l’organizzaçion sudamericaña ch’a comprende Braxî, Argentiña, Uruguay e Paraguay.",Braxî,
"L’Union Europea a l’à dæto a luxe verde à l’accòrdio de libero commerçio co-o Mercosur, l’organizzaçion sudamericaña ch’a comprende Braxî, Argentiña, Uruguay e Paraguay.",",",
"L’Union Europea a l’à dæto a luxe verde à l’accòrdio de libero commerçio co-o Mercosur, l’organizzaçion sudamericaña ch’a comprende Braxî, Argentiña, Uruguay e Paraguay.",Argentiña,
"L’Union Europea a l’à dæto a luxe verde à l’accòrdio de libero commerçio co-o Mercosur, l’organizzaçion sudamericaña ch’a comprende Braxî, Argentiña, Uruguay e Paraguay.",",",
"L’Union Europea a l’à dæto a luxe verde à l’accòrdio de libero commerçio co-o Mercosur, l’organizzaçion sudamericaña ch’a comprende Braxî, Argentiña, Uruguay e Paraguay.",Uruguay,
"L’Union Europea a l’à dæto a luxe verde à l’accòrdio de libero commerçio co-o Mercosur, l’organizzaçion sudamericaña ch’a comprende Braxî, Argentiña, Uruguay e Paraguay.",e,
"L’Union Europea a l’à dæto a luxe verde à l’accòrdio de libero commerçio co-o Mercosur, l’organizzaçion sudamericaña ch’a comprende Braxî, Argentiña, Uruguay e Paraguay.",Paraguay,
"L’Union Europea a l’à dæto a luxe verde à l’accòrdio de libero commerçio co-o Mercosur, l’organizzaçion sudamericaña ch’a comprende Braxî, Argentiña, Uruguay e Paraguay.",.,
"Ma çerti Paixi an votou contra, in particolâ Fransa, Polònia, Austria, Ongaia e Irlanda.",Ma,
"Ma çerti Paixi an votou contra, in particolâ Fransa, Polònia, Austria, Ongaia e Irlanda.",çerti,
"Ma çerti Paixi an votou contra, in particolâ Fransa, Polònia, Austria, Ongaia e Irlanda.",Paixi,
"Ma çerti Paixi an votou contra, in particolâ Fransa, Polònia, Austria, Ongaia e Irlanda.",an,
"Ma çerti Paixi an votou contra, in particolâ Fransa, Polònia, Austria, Ongaia e Irlanda.",votou,
"Ma çerti Paixi an votou contra, in particolâ Fransa, Polònia, Austria, Ongaia e Irlanda.",contra,
"Ma çerti Paixi an votou contra, in particolâ Fransa, Polònia, Austria, Ongaia e Irlanda.",",",
"Ma çerti Paixi an votou contra, in particolâ Fransa, Polònia, Austria, Ongaia e Irlanda.",in,
"Ma çerti Paixi an votou contra, in particolâ Fransa, Polònia, Austria, Ongaia e Irlanda.",particolâ,
"Ma çerti Paixi an votou contra, in particolâ Fransa, Polònia, Austria, Ongaia e Irlanda.",Fransa,
"Ma çerti Paixi an votou contra, in particolâ Fransa, Polònia, Austria, Ongaia e Irlanda.",",",
"Ma çerti Paixi an votou contra, in particolâ Fransa, Polònia, Austria, Ongaia e Irlanda.",Polònia,
"Ma çerti Paixi an votou contra, in particolâ Fransa, Polònia, Austria, Ongaia e Irlanda.",",",
"Ma çerti Paixi an votou contra, in particolâ Fransa, Polònia, Austria, Ongaia e Irlanda.",Austria,
"Ma çerti Paixi an votou contra, in particolâ Fransa, Polònia, Austria, Ongaia e Irlanda.",",",
"Ma çerti Paixi an votou contra, in particolâ Fransa, Polònia, Austria, Ongaia e Irlanda.",Ongaia,
"Ma çerti Paixi an votou contra, in particolâ Fransa, Polònia, Austria, Ongaia e Irlanda.",e,
"Ma çerti Paixi an votou contra, in particolâ Fransa, Polònia, Austria, Ongaia e Irlanda.",Irlanda,
"Ma çerti Paixi an votou contra, in particolâ Fransa, Polònia, Austria, Ongaia e Irlanda.",.,
L’inteisa a saiàa firmâ a-i 17 de zenâ in Paraguay.,L,
L’inteisa a saiàa firmâ a-i 17 de zenâ in Paraguay.,’,
L’inteisa a saiàa firmâ a-i 17 de zenâ in Paraguay.,inteisa,
L’inteisa a saiàa firmâ a-i 17 de zenâ in Paraguay.,a,
L’inteisa a saiàa firmâ a-i 17 de zenâ in Paraguay.,saiàa,
L’inteisa a saiàa firmâ a-i 17 de zenâ in Paraguay.,firmâ,
L’inteisa a saiàa firmâ a-i 17 de zenâ in Paraguay.,a-i,
L’inteisa a saiàa firmâ a-i 17 de zenâ in Paraguay.,17,
L’inteisa a saiàa firmâ a-i 17 de zenâ in Paraguay.,de,
L’inteisa a saiàa firmâ a-i 17 de zenâ in Paraguay.,zenâ,
L’inteisa a saiàa firmâ a-i 17 de zenâ in Paraguay.,in,
L’inteisa a saiàa firmâ a-i 17 de zenâ in Paraguay.,Paraguay,
L’inteisa a saiàa firmâ a-i 17 de zenâ in Paraguay.,.,
"«Un accòrdio stòrico», segondo a prescidente da Commiscion Ursula von der Leyen.",«,
"«Un accòrdio stòrico», segondo a prescidente da Commiscion Ursula von der Leyen.",Un,
"«Un accòrdio stòrico», segondo a prescidente da Commiscion Ursula von der Leyen.",accòrdio,
"«Un accòrdio stòrico», segondo a prescidente da Commiscion Ursula von der Leyen.",stòrico,
"«Un accòrdio stòrico», segondo a prescidente da Commiscion Ursula von der Leyen.",»,
"«Un accòrdio stòrico», segondo a prescidente da Commiscion Ursula von der Leyen.",",",
"«Un accòrdio stòrico», segondo a prescidente da Commiscion Ursula von der Leyen.",segondo,
"«Un accòrdio stòrico», segondo a prescidente da Commiscion Ursula von der Leyen.",a,
"«Un accòrdio stòrico», segondo a prescidente da Commiscion Ursula von der Leyen.",prescidente,
"«Un accòrdio stòrico», segondo a prescidente da Commiscion Ursula von der Leyen.",da,
"«Un accòrdio stòrico», segondo a prescidente da Commiscion Ursula von der Leyen.",Commiscion,
"«Un accòrdio stòrico», segondo a prescidente da Commiscion Ursula von der Leyen.",Ursula,
"«Un accòrdio stòrico», segondo a prescidente da Commiscion Ursula von der Leyen.",von,
"«Un accòrdio stòrico», segondo a prescidente da Commiscion Ursula von der Leyen.",der,
"«Un accòrdio stòrico», segondo a prescidente da Commiscion Ursula von der Leyen.",Leyen,
"«Un accòrdio stòrico», segondo a prescidente da Commiscion Ursula von der Leyen.",.,
"O limite pe comensâ de investigaçioin in scî produti agricoli in caxo de turbative do mercou o l’é stæto asbasciou dal’8% a-o 5%, comme domandou da-i agricoltoî italien.",O,
"O limite pe comensâ de investigaçioin in scî produti agricoli in caxo de turbative do mercou o l’é stæto asbasciou dal’8% a-o 5%, comme domandou da-i agricoltoî italien.",limite,
"O limite pe comensâ de investigaçioin in scî produti agricoli in caxo de turbative do mercou o l’é stæto asbasciou dal’8% a-o 5%, comme domandou da-i agricoltoî italien.",pe,
"O limite pe comensâ de investigaçioin in scî produti agricoli in caxo de turbative do mercou o l’é stæto asbasciou dal’8% a-o 5%, comme domandou da-i agricoltoî italien.",comensâ,
"O limite pe comensâ de investigaçioin in scî produti agricoli in caxo de turbative do mercou o l’é stæto asbasciou dal’8% a-o 5%, comme domandou da-i agricoltoî italien.",de,
"O limite pe comensâ de investigaçioin in scî produti agricoli in caxo de turbative do mercou o l’é stæto asbasciou dal’8% a-o 5%, comme domandou da-i agricoltoî italien.",investigaçioin,
"O limite pe comensâ de investigaçioin in scî produti agricoli in caxo de turbative do mercou o l’é stæto asbasciou dal’8% a-o 5%, comme domandou da-i agricoltoî italien.",in,
"O limite pe comensâ de investigaçioin in scî produti agricoli in caxo de turbative do mercou o l’é stæto asbasciou dal’8% a-o 5%, comme domandou da-i agricoltoî italien.",scî,
"O limite pe comensâ de investigaçioin in scî produti agricoli in caxo de turbative do mercou o l’é stæto asbasciou dal’8% a-o 5%, comme domandou da-i agricoltoî italien.",produti,
"O limite pe comensâ de investigaçioin in scî produti agricoli in caxo de turbative do mercou o l’é stæto asbasciou dal’8% a-o 5%, comme domandou da-i agricoltoî italien.",agricoli,
"O limite pe comensâ de investigaçioin in scî produti agricoli in caxo de turbative do mercou o l’é stæto asbasciou dal’8% a-o 5%, comme domandou da-i agricoltoî italien.",in,
"O limite pe comensâ de investigaçioin in scî produti agricoli in caxo de turbative do mercou o l’é stæto asbasciou dal’8% a-o 5%, comme domandou da-i agricoltoî italien.",caxo,
"O limite pe comensâ de investigaçioin in scî produti agricoli in caxo de turbative do mercou o l’é stæto asbasciou dal’8% a-o 5%, comme domandou da-i agricoltoî italien.",de,
"O limite pe comensâ de investigaçioin in scî produti agricoli in caxo de turbative do mercou o l’é stæto asbasciou dal’8% a-o 5%, comme domandou da-i agricoltoî italien.",turbative,
"O limite pe comensâ de investigaçioin in scî produti agricoli in caxo de turbative do mercou o l’é stæto asbasciou dal’8% a-o 5%, comme domandou da-i agricoltoî italien.",do,
"O limite pe comensâ de investigaçioin in scî produti agricoli in caxo de turbative do mercou o l’é stæto asbasciou dal’8% a-o 5%, comme domandou da-i agricoltoî italien.",mercou,
"O limite pe comensâ de investigaçioin in scî produti agricoli in caxo de turbative do mercou o l’é stæto asbasciou dal’8% a-o 5%, comme domandou da-i agricoltoî italien.",o,
"O limite pe comensâ de investigaçioin in scî produti agricoli in caxo de turbative do mercou o l’é stæto asbasciou dal’8% a-o 5%, comme domandou da-i agricoltoî italien.",l,
"O limite pe comensâ de investigaçioin in scî produti agricoli in caxo de turbative do mercou o l’é stæto asbasciou dal’8% a-o 5%, comme domandou da-i agricoltoî italien.",’,
"O limite pe comensâ de investigaçioin in scî produti agricoli in caxo de turbative do mercou o l’é stæto asbasciou dal’8% a-o 5%, comme domandou da-i agricoltoî italien.",é,
"O limite pe comensâ de investigaçioin in scî produti agricoli in caxo de turbative do mercou o l’é stæto asbasciou dal’8% a-o 5%, comme domandou da-i agricoltoî italien.",stæto,
"O limite pe comensâ de investigaçioin in scî produti agricoli in caxo de turbative do mercou o l’é stæto asbasciou dal’8% a-o 5%, comme domandou da-i agricoltoî italien.",asbasciou,
"O limite pe comensâ de investigaçioin in scî produti agricoli in caxo de turbative do mercou o l’é stæto asbasciou dal’8% a-o 5%, comme domandou da-i agricoltoî italien.",dal,
"O limite pe comensâ de investigaçioin in scî produti agricoli in caxo de turbative do mercou o l’é stæto asbasciou dal’8% a-o 5%, comme domandou da-i agricoltoî italien.",’,
"O limite pe comensâ de investigaçioin in scî produti agricoli in caxo de turbative do mercou o l’é stæto asbasciou dal’8% a-o 5%, comme domandou da-i agricoltoî italien.",8,
"O limite pe comensâ de investigaçioin in scî produti agricoli in caxo de turbative do mercou o l’é stæto asbasciou dal’8% a-o 5%, comme domandou da-i agricoltoî italien.",%,
"O limite pe comensâ de investigaçioin in scî produti agricoli in caxo de turbative do mercou o l’é stæto asbasciou dal’8% a-o 5%, comme domandou da-i agricoltoî italien.",a-o,
"O limite pe comensâ de investigaçioin in scî produti agricoli in caxo de turbative do mercou o l’é stæto asbasciou dal’8% a-o 5%, comme domandou da-i agricoltoî italien.",5,
"O limite pe comensâ de investigaçioin in scî produti agricoli in caxo de turbative do mercou o l’é stæto asbasciou dal’8% a-o 5%, comme domandou da-i agricoltoî italien.",%,
"O limite pe comensâ de investigaçioin in scî produti agricoli in caxo de turbative do mercou o l’é stæto asbasciou dal’8% a-o 5%, comme domandou da-i agricoltoî italien.",",",
"O limite pe comensâ de investigaçioin in scî produti agricoli in caxo de turbative do mercou o l’é stæto asbasciou dal’8% a-o 5%, comme domandou da-i agricoltoî italien.",comme,
"O limite pe comensâ de investigaçioin in scî produti agricoli in caxo de turbative do mercou o l’é stæto asbasciou dal’8% a-o 5%, comme domandou da-i agricoltoî italien.",domandou,
"O limite pe comensâ de investigaçioin in scî produti agricoli in caxo de turbative do mercou o l’é stæto asbasciou dal’8% a-o 5%, comme domandou da-i agricoltoî italien.",da-i,
"O limite pe comensâ de investigaçioin in scî produti agricoli in caxo de turbative do mercou o l’é stæto asbasciou dal’8% a-o 5%, comme domandou da-i agricoltoî italien.",agricoltoî,
"O limite pe comensâ de investigaçioin in scî produti agricoli in caxo de turbative do mercou o l’é stæto asbasciou dal’8% a-o 5%, comme domandou da-i agricoltoî italien.",italien,
"O limite pe comensâ de investigaçioin in scî produti agricoli in caxo de turbative do mercou o l’é stæto asbasciou dal’8% a-o 5%, comme domandou da-i agricoltoî italien.",.,
