TEXT,POS,POS_GROUPED
O,PROPN,NOUN
Zouhaur,PROPN,NOUN
Atif,PROPN,NOUN
",",PUNCT,PUNCT
o,CCONJ,FUNC
zoeno,ADJ,ADJ
arrestou,NOUN,NOUN
pe,ADP,FUNC
avei,NOUN,NOUN
ammassou,ADJ,ADJ
o,CCONJ,FUNC
Abanoud,PROPN,NOUN
Youssef,PROPN,NOUN
inte,ADV,ADV
unna,NOUN,NOUN
scheua,ADJ,ADJ
à,ADJ,ADJ
Spezza,PROPN,NOUN
",",PUNCT,PUNCT
o,CCONJ,FUNC
l’,DET,PRON
à,X,OTHER
ammisso,VERB,VERB
d’,ADP,FUNC
aveilo,NOUN,NOUN
fæto,ADJ,ADJ
pe,PRON,PRON
giöxia,VERB,VERB
:,PUNCT,PUNCT
«,PUNCT,PUNCT
O,CCONJ,FUNC
no,X,OTHER
doveiva,NOUN,NOUN
scangiâse,ADV,ADV
quelle,PRON,PRON
fotografie,NOUN,NOUN
co,ADJ,ADJ
-,PUNCT,PUNCT
a,ADP,FUNC
mæ,ADJ,ADJ
galante,ADV,ADV
»,PUNCT,PUNCT
.,PUNCT,PUNCT
A,ADP,FUNC
figgia,NOUN,NOUN
e,CCONJ,FUNC
a,ADP,FUNC
vittima,NOUN,NOUN
se,SCONJ,FUNC
conosceivan,VERB,VERB
da,ADP,FUNC
figgeu,NOUN,NOUN
.,PUNCT,PUNCT
«,PUNCT,PUNCT
Aiva,VERB,VERB
fæto,NOUN,NOUN
o,CCONJ,FUNC
poscibile,ADJ,ADJ
perché,SCONJ,FUNC
no,ADV,ADV
rattellessan,PROPN,NOUN
»,PUNCT,PUNCT
",",PUNCT,PUNCT
a,ADP,FUNC
l’,DET,PRON
à,PRON,PRON
scrito,VERB,VERB
lê,X,OTHER
in,ADP,FUNC
sce,VERB,VERB
un,DET,PRON
social,NOUN,NOUN
.,PUNCT,PUNCT
O,PROPN,NOUN
Atif,PROPN,NOUN
o,CCONJ,FUNC
l’,DET,PRON
arresta,NOUN,NOUN
in,ADP,FUNC
prexon,PROPN,NOUN
e,CCONJ,FUNC
oua,PRON,PRON
o,CCONJ,FUNC
reisega,VERB,VERB
d’,ADP,FUNC
ëse,VERB,VERB
accaxonou,VERB,VERB
da,ADP,FUNC
premeditaçion,NOUN,NOUN
.,PUNCT,PUNCT
A,PROPN,NOUN
-,PUNCT,PUNCT
i,DET,PRON
22,NUM,ADJ
de,ADP,FUNC
zenâ,PROPN,NOUN
",",PUNCT,PUNCT
giornâ,NOUN,NOUN
de,ADP,FUNC
desmuo,NOUN,NOUN
da,ADP,FUNC
çittæ,NOUN,NOUN
",",PUNCT,PUNCT
çentanæa,NOUN,NOUN
de,ADP,FUNC
persoñe,PROPN,NOUN
an,X,OTHER
parteçipou,VERB,VERB
a,ADP,FUNC
-,PUNCT,PUNCT
o,CCONJ,FUNC
morteuio,ADV,ADV
crestian,ADJ,ADJ
into,NOUN,NOUN
dòmmo,VERB,VERB
.,PUNCT,PUNCT
Da,ADP,FUNC
l’,DET,PRON
autopscia,NOUN,NOUN
l’,DET,PRON
é,NOUN,NOUN
vegnuo,NOUN,NOUN
feua,ADJ,ADJ
che,SCONJ,FUNC
o,CCONJ,FUNC
Abanoud,PROPN,NOUN
o,CCONJ,FUNC
l’,DET,PRON
é,NOUN,NOUN
mòrto,NOUN,NOUN
pe,PRON,PRON
unna,PROPN,NOUN
cotellâ,NOUN,NOUN
sola,ADJ,ADJ
ch’,ADV,ADV
a,ADP,FUNC
gh’,PROPN,NOUN
à,X,OTHER
dannezzou,PROPN,NOUN
o,CCONJ,FUNC
figæto,ADJ,ADJ
",",PUNCT,PUNCT
a,ADP,FUNC
minsa,NOUN,NOUN
e,CCONJ,FUNC
un,DET,PRON
pormon,ADJ,ADJ
.,PUNCT,PUNCT
"

",SPACE,OTHER
A,ADP,FUNC
Procua,PROPN,NOUN
de,ADP,FUNC
Zena,NOUN,NOUN
a,ADP,FUNC
l’,DET,PRON
à,X,OTHER
ciammou,ADJ,ADJ
o,CCONJ,FUNC
fallimento,NOUN,NOUN
de,ADP,FUNC
l’,DET,PRON
Amt,PROPN,NOUN
",",PUNCT,PUNCT
l’,DET,PRON
açienda,NOUN,NOUN
ch’,ADV,ADV
a,ADP,FUNC
gestisce,VERB,VERB
o,CCONJ,FUNC
traspòrto,NOUN,NOUN
pubrico,ADJ,ADJ
",",PUNCT,PUNCT
trovandoghe,NOUN,NOUN
200,NUM,ADJ
mioin,ADJ,ADJ
e,CCONJ,FUNC
passa,VERB,VERB
de,ADP,FUNC
debiti,NOUN,NOUN
.,PUNCT,PUNCT
O,CCONJ,FUNC
papê,ADJ,ADJ
o,CCONJ,FUNC
l’,DET,PRON
é,NOUN,NOUN
vegnuo,NOUN,NOUN
feua,ADJ,ADJ
oua,VERB,VERB
",",PUNCT,PUNCT
ma,CCONJ,FUNC
o,CCONJ,FUNC
l’,DET,PRON
é,PROPN,NOUN
di,ADP,FUNC
9,NUM,ADJ
de,ADP,FUNC
dexembre,NOUN,NOUN
",",PUNCT,PUNCT
avanti,ADV,ADV
che,SCONJ,FUNC
o,CCONJ,FUNC
Tribunâ,PROPN,NOUN
o,CCONJ,FUNC
l’,PRON,PRON
approvesse,VERB,VERB
a,ADP,FUNC
compoxiçion,NOUN,NOUN
negoçiâ,ADV,ADV
da,ADP,FUNC
crixi,NOUN,NOUN
co,ADJ,ADJ
-,PUNCT,PUNCT
e,CCONJ,FUNC
mesue,NOUN,NOUN
che,PRON,PRON
mettan,ADV,ADV
a,ADP,FUNC
soçietæ,NOUN,NOUN
a,ADP,FUNC
-,PUNCT,PUNCT
o,CCONJ,FUNC
sosto,ADJ,ADJ
.,PUNCT,PUNCT
«,PUNCT,PUNCT
Se,SCONJ,FUNC
no,ADV,ADV
avescimo,ADJ,ADJ
fæto,NOUN,NOUN
ninte,ADV,ADV
a,ADP,FUNC
saieiva,ADJ,ADJ
fallia,NOUN,NOUN
»,PUNCT,PUNCT
",",PUNCT,PUNCT
o,CCONJ,FUNC
commento,VERB,VERB
da,ADP,FUNC
scindica,NOUN,NOUN
Silvia,PROPN,NOUN
Salis,PROPN,NOUN
.,PUNCT,PUNCT
«,PUNCT,PUNCT
A,ADP,FUNC
l’,DET,PRON
addeuvia,NOUN,NOUN
i,DET,PRON
problemi,NOUN,NOUN
de,PRON,PRON
l’,DET,PRON
Amt,PROPN,NOUN
pe,ADP,FUNC
fâ,X,OTHER
da,ADP,FUNC
propaganda,NOUN,NOUN
»,PUNCT,PUNCT
",",PUNCT,PUNCT
gh’,AUX,VERB
à,X,OTHER
respòsto,VERB,VERB
o,CCONJ,FUNC
Pietro,PROPN,NOUN
Piciocchi,PROPN,NOUN
.,PUNCT,PUNCT
Intanto,ADV,ADV
a,ADP,FUNC
Procua,PROPN,NOUN
a,ADP,FUNC
l’,DET,PRON
à,X,OTHER
inscrito,VERB,VERB
i,DET,PRON
primmi,NOUN,NOUN
indagæ,ADJ,ADJ
pe,PRON,PRON
fäso,VERB,VERB
inti,NOUN,NOUN
conti,ADJ,ADJ
e,CCONJ,FUNC
bancarotta,NOUN,NOUN
de,ADP,FUNC
sfrouxo,NOUN,NOUN
",",PUNCT,PUNCT
graçie,VERB,VERB
anche,ADV,ADV
a,ADP,FUNC
-,PUNCT,PUNCT
a,ADP,FUNC
relaçion,NOUN,NOUN
presentâ,VERB,VERB
da,ADP,FUNC
-,PUNCT,PUNCT
o,CCONJ,FUNC
Commun,PROPN,NOUN
co,ADJ,ADJ
-,PUNCT,PUNCT
a,ADP,FUNC
scituaçion,PROPN,NOUN
finançiäia,PROPN,NOUN
de,ADP,FUNC
l’,DET,PRON
açienda,NOUN,NOUN
.,PUNCT,PUNCT
"

",SPACE,OTHER
A,ADP,FUNC
Procua,PROPN,NOUN
de,ADP,FUNC
Zena,NOUN,NOUN
a,ADP,FUNC
l’,DET,PRON
à,X,OTHER
averto,ADV,ADV
unn’,ADJ,ADJ
investigaçion,NOUN,NOUN
in,ADP,FUNC
sciâ,ADJ,ADJ
mòrte,NOUN,NOUN
do,ADP,FUNC
Giampiero,PROPN,NOUN
Antonio,PROPN,NOUN
Garrido,PROPN,NOUN
Yanez,PROPN,NOUN
",",PUNCT,PUNCT
mòrto,NOUN,NOUN
de,ADP,FUNC
30,NUM,ADJ
anni,NOUN,NOUN
a,ADP,FUNC
-,PUNCT,PUNCT
i,DET,PRON
22,NUM,ADJ
de,ADP,FUNC
zenâ,NOUN,NOUN
tanto,ADV,ADV
ch’,AUX,VERB
o,CCONJ,FUNC
zugava,VERB,VERB
à,PROPN,NOUN
ballon,PROPN,NOUN
in,ADP,FUNC
sce,VERB,VERB
un,DET,PRON
campo,NOUN,NOUN
de,ADP,FUNC
Sestri,PROPN,NOUN
Ponente,PROPN,NOUN
.,PUNCT,PUNCT
Tutt’,ADJ,ADJ
assemme,NOUN,NOUN
o,CCONJ,FUNC
s’,DET,PRON
é,PROPN,NOUN
arreversou,VERB,VERB
in,ADP,FUNC
tæra,NOUN,NOUN
",",PUNCT,PUNCT
i,DET,PRON
meghi,NOUN,NOUN
an,NOUN,NOUN
çercou,NOUN,NOUN
de,ADP,FUNC
sarvâlo,PROPN,NOUN
ma,CCONJ,FUNC
no,ADV,ADV
gh’,NOUN,NOUN
é,AUX,VERB
stæto,VERB,VERB
ninte,ADV,ADV
da,ADP,FUNC
fâ,PRON,PRON
.,PUNCT,PUNCT
O,CCONJ,FUNC
pm,NOUN,NOUN
Giuseppe,PROPN,NOUN
Longo,PROPN,NOUN
o,CCONJ,FUNC
l’,DET,PRON
à,X,OTHER
commandou,VERB,VERB
l’,DET,PRON
autopscia,PROPN,NOUN
.,PUNCT,PUNCT
O,CCONJ,FUNC
Garrido,PROPN,NOUN
o,CCONJ,FUNC
gh’,NOUN,NOUN
aiva,ADJ,ADJ
a,ADP,FUNC
tessia,NOUN,NOUN
do,ADP,FUNC
Recreativo,PROPN,NOUN
",",PUNCT,PUNCT
in,ADP,FUNC
segonda,NOUN,NOUN
categoria,ADJ,ADJ
",",PUNCT,PUNCT
ma,CCONJ,FUNC
o,CCONJ,FUNC
zugava,VERB,VERB
ascì,VERB,VERB
inte,ADV,ADV
unna,PROPN,NOUN
squaddra,ADJ,ADJ
inscrita,VERB,VERB
à,DET,PRON
un,DET,PRON
torneo,NOUN,NOUN
Aics,PROPN,NOUN
",",PUNCT,PUNCT
Sotto,ADP,FUNC
il,DET,PRON
Pontos,PROPN,NOUN
Fc,PROPN,NOUN
.,PUNCT,PUNCT
O,CCONJ,FUNC
seu,DET,PRON
mego,NOUN,NOUN
o,CCONJ,FUNC
gh’,VERB,VERB
aiva,ADJ,ADJ
conseggiou,NOUN,NOUN
de,ADP,FUNC
no,X,OTHER
fâ,ADP,FUNC
de,ADP,FUNC
l’,DET,PRON
attivitæ,NOUN,NOUN
sportiva,ADJ,ADJ
pe,X,OTHER
di,ADP,FUNC
problemi,NOUN,NOUN
de,ADP,FUNC
sanitæ,NOUN,NOUN
.,PUNCT,PUNCT
A,ADP,FUNC
Procua,PROPN,NOUN
a,ADP,FUNC
veu,AUX,VERB
capî,NOUN,NOUN
se,SCONJ,FUNC
gh’,AUX,VERB
ea,ADP,FUNC
stæto,ADJ,ADJ
i,DET,PRON
açertamenti,NOUN,NOUN
obrigatöi,NOUN,NOUN
pe,PRON,PRON
parteçipâ,VERB,VERB
.,PUNCT,PUNCT
"

",SPACE,OTHER
Stradde,PROPN,NOUN
deruæ,NOUN,NOUN
",",PUNCT,PUNCT
case,NOUN,NOUN
e,CCONJ,FUNC
buteghe,ADJ,ADJ
piñe,VERB,VERB
d’,ADP,FUNC
ægua,NOUN,NOUN
",",PUNCT,PUNCT
ciazze,NOUN,NOUN
portæ,VERB,VERB
via,ADV,ADV
.,PUNCT,PUNCT
Son,ADV,ADV
i,DET,PRON
guasti,NOUN,NOUN
caxonæ,NOUN,NOUN
da,ADP,FUNC
-,PUNCT,PUNCT
o,CCONJ,FUNC
çiclon,PROPN,NOUN
Harry,PROPN,NOUN
into,PROPN,NOUN
Sud,PROPN,NOUN
Italia,PROPN,NOUN
",",PUNCT,PUNCT
sorviatutto,NOUN,NOUN
Siçilia,PROPN,NOUN
e,CCONJ,FUNC
Calabria,PROPN,NOUN
",",PUNCT,PUNCT
ma,CCONJ,FUNC
anche,ADV,ADV
a,ADP,FUNC
Sardegna,PROPN,NOUN
",",PUNCT,PUNCT
corpie,NOUN,NOUN
da,ADP,FUNC
di,ADP,FUNC
mouxi,NOUN,NOUN
erti,VERB,VERB
fin,ADP,FUNC
à,ADP,FUNC
16,NUM,ADJ
metri,NOUN,NOUN
e,CCONJ,FUNC
passa,VERB,VERB
",",PUNCT,PUNCT
mai,ADV,ADV
registræ,VERB,VERB
into,ADV,ADV
passou,VERB,VERB
inte,VERB,VERB
tutto,PRON,PRON
o,CCONJ,FUNC
Mediterraneo,PROPN,NOUN
.,PUNCT,PUNCT
Inte,ADV,ADV
provinse,VERB,VERB
de,ADP,FUNC
Mesciña,PROPN,NOUN
e,CCONJ,FUNC
Catania,PROPN,NOUN
o,CCONJ,FUNC
mâ,ADP,FUNC
o,CCONJ,FUNC
l’,DET,PRON
à,X,OTHER
destruto,VERB,VERB
ferrovie,NOUN,NOUN
",",PUNCT,PUNCT
mæñe,PROPN,NOUN
",",PUNCT,PUNCT
miage,NOUN,NOUN
e,CCONJ,FUNC
portixeu,NOUN,NOUN
.,PUNCT,PUNCT
Dexeñe,NOUN,NOUN
de,ADP,FUNC
famigge,X,OTHER
son,AUX,VERB
stæte,ADJ,ADJ
scorrie,NOUN,NOUN
d’,ADP,FUNC
in,ADP,FUNC
cà,NOUN,NOUN
.,PUNCT,PUNCT
Segondo,VERB,VERB
unna,ADJ,ADJ
primma,NOUN,NOUN
stimma,ADJ,ADJ
do,ADP,FUNC
prescidente,NOUN,NOUN
da,ADP,FUNC
Region,PROPN,NOUN
Renato,PROPN,NOUN
Schifani,PROPN,NOUN
i,DET,PRON
danni,NOUN,NOUN
van,PROPN,NOUN
740,NUM,ADJ
mioin,ADJ,ADJ
d’,ADP,FUNC
euro,NOUN,NOUN
",",PUNCT,PUNCT
e,CCONJ,FUNC
atre,NOUN,NOUN
çentanæa,NOUN,NOUN
de,ADP,FUNC
mioin,VERB,VERB
se,SCONJ,FUNC
contan,VERB,VERB
in,ADP,FUNC
Sardegna,PROPN,NOUN
",",PUNCT,PUNCT
segondo,VERB,VERB
a,ADP,FUNC
prescidente,ADJ,ADJ
Alessandra,PROPN,NOUN
Todde,PROPN,NOUN
.,PUNCT,PUNCT
"

",SPACE,OTHER
Neuvo,PROPN,NOUN
scontro,NOUN,NOUN
politico,ADJ,ADJ
in,ADP,FUNC
gio,NOUN,NOUN
a,ADP,FUNC
-,PUNCT,PUNCT
o,CCONJ,FUNC
disegno,NOUN,NOUN
de,ADP,FUNC
lezze,NOUN,NOUN
in,ADP,FUNC
sciâ,NOUN,NOUN
violensa,NOUN,NOUN
sessuale,ADJ,ADJ
.,PUNCT,PUNCT
Dòppo,PROPN,NOUN
l’,DET,PRON
accòrdio,NOUN,NOUN
tra,ADP,FUNC
a,ADP,FUNC
prescidente,NOUN,NOUN
do,ADP,FUNC
Conseggio,PROPN,NOUN
Giorgia,PROPN,NOUN
Meloni,PROPN,NOUN
e,CCONJ,FUNC
a,ADP,FUNC
segretäia,NOUN,NOUN
do,ADP,FUNC
Partio,NOUN,NOUN
Democratico,ADJ,ADJ
Elly,PROPN,NOUN
Schlein,PROPN,NOUN
",",PUNCT,PUNCT
a,ADP,FUNC
poula,PROPN,NOUN
«,PUNCT,PUNCT
consenso,NOUN,NOUN
»,PUNCT,PUNCT
a,ADP,FUNC
l’,DET,PRON
é,PROPN,NOUN
sparia,NOUN,NOUN
d’,ADP,FUNC
into,NOUN,NOUN
testo,ADJ,ADJ
propòsto,ADV,ADV
da,ADP,FUNC
-,PUNCT,PUNCT
a,ADP,FUNC
Giulia,PROPN,NOUN
Bongiorno,PROPN,NOUN
da,ADP,FUNC
Lega,PROPN,NOUN
",",PUNCT,PUNCT
a,ADP,FUNC
relatoa,VERB,VERB
a,ADP,FUNC
-,PUNCT,PUNCT
o,CCONJ,FUNC
Senato,NOUN,NOUN
.,PUNCT,PUNCT
Incangio,ADJ,ADJ
se,SCONJ,FUNC
parla,VERB,VERB
de,ADP,FUNC
«,PUNCT,PUNCT
voentæ,NOUN,NOUN
conträia,PROPN,NOUN
à,ADP,FUNC
l’,DET,PRON
atto,NOUN,NOUN
sessuale,ADJ,ADJ
»,PUNCT,PUNCT
ch’,ADV,ADV
a,ADP,FUNC
dev’,PROPN,NOUN
ëse,AUX,VERB
valuâ,VERB,VERB
«,PUNCT,PUNCT
tegnindo,VERB,VERB
conto,NOUN,NOUN
da,ADP,FUNC
scituaçion,NOUN,NOUN
e,CCONJ,FUNC
do,ADP,FUNC
contesto,NOUN,NOUN
»,PUNCT,PUNCT
.,PUNCT,PUNCT
Pe,PROPN,NOUN
-,PUNCT,PUNCT
e,CCONJ,FUNC
oppoxiçioin,NOUN,NOUN
o,CCONJ,FUNC
l’,DET,PRON
é,AUX,VERB
un,DET,PRON
«,PUNCT,PUNCT
passo,NOUN,NOUN
inderê,ADJ,ADJ
graviscimo,ADJ,ADJ
»,PUNCT,PUNCT
e,CCONJ,FUNC
«,PUNCT,PUNCT
a,ADP,FUNC
rottua,NOUN,NOUN
de,ADP,FUNC
un,DET,PRON
patto,NOUN,NOUN
politico,ADJ,ADJ
»,PUNCT,PUNCT
.,PUNCT,PUNCT
«,PUNCT,PUNCT
Che,SCONJ,FUNC
a,ADP,FUNC
Meloni,PROPN,NOUN
a,ADP,FUNC
no,ADV,ADV
se,SCONJ,FUNC
fasse,VERB,VERB
dâ,ADJ,ADJ
a,ADP,FUNC
linia,NOUN,NOUN
da,ADP,FUNC
-,PUNCT,PUNCT
o,CCONJ,FUNC
patriarcato,VERB,VERB
»,PUNCT,PUNCT
",",PUNCT,PUNCT
o,CCONJ,FUNC
commento,VERB,VERB
da,ADP,FUNC
Schlein,PROPN,NOUN
.,PUNCT,PUNCT
Pe,PROPN,NOUN
-,PUNCT,PUNCT
o,CCONJ,FUNC
momento,NOUN,NOUN
Fratelli,PROPN,NOUN
d’,ADP,FUNC
Italia,PROPN,NOUN
a,ADP,FUNC
no,ADV,ADV
l’,PRON,PRON
à,X,OTHER
piggiou,VERB,VERB
unna,ADJ,ADJ
poxiçion,NOUN,NOUN
definitiva,ADJ,ADJ
.,PUNCT,PUNCT
"

",SPACE,OTHER
L’,DET,PRON
é,NOUN,NOUN
mòrto,NOUN,NOUN
de,ADP,FUNC
93,NUM,ADJ
anni,NOUN,NOUN
o,CCONJ,FUNC
Valentino,PROPN,NOUN
Garavani,PROPN,NOUN
",",PUNCT,PUNCT
l’,DET,PRON
urtimo,NOUN,NOUN
di,ADP,FUNC
gren,NOUN,NOUN
protagonisti,NOUN,NOUN
da,ADP,FUNC
mòdda,NOUN,NOUN
in,ADP,FUNC
Italia,PROPN,NOUN
.,PUNCT,PUNCT
O,CCONJ,FUNC
l’,PRON,PRON
aiva,VERB,VERB
fondou,NOUN,NOUN
o,CCONJ,FUNC
marco,NOUN,NOUN
co,ADJ,ADJ
-,PUNCT,PUNCT
o,CCONJ,FUNC
seu,DET,PRON
nomme,NOUN,NOUN
",",PUNCT,PUNCT
do,ADP,FUNC
quæ,NUM,ADJ
o,CCONJ,FUNC
rosso,ADJ,ADJ
e,CCONJ,FUNC
o,CCONJ,FUNC
velluo,NOUN,NOUN
ean,CCONJ,FUNC
di,ADP,FUNC
scimboli,NOUN,NOUN
.,PUNCT,PUNCT
A,PROPN,NOUN
-,PUNCT,PUNCT
o,CCONJ,FUNC
manco,ADJ,ADJ
çinquemia,PROPN,NOUN
persoñe,PROPN,NOUN
gh’,ADP,FUNC
an,DET,PRON
reiso,NOUN,NOUN
önô,PROPN,NOUN
à,X,OTHER
Romma,PROPN,NOUN
.,PUNCT,PUNCT
A,ADP,FUNC
-,PUNCT,PUNCT
i,DET,PRON
23,NUM,ADJ
de,ADP,FUNC
zenâ,PROPN,NOUN
o,CCONJ,FUNC
morteuio,ADV,ADV
inta,NOUN,NOUN
gexa,PROPN,NOUN
de,ADP,FUNC
Santa,PROPN,NOUN
Maria,PROPN,NOUN
di,ADP,FUNC
Angei,PROPN,NOUN
con,ADP,FUNC
un,DET,PRON
muggio,NOUN,NOUN
de,ADP,FUNC
gente,NOUN,NOUN
avvoxæ,ADJ,ADJ
.,PUNCT,PUNCT
«,PUNCT,PUNCT
Un,DET,PRON
òmmo,NOUN,NOUN
ch’,AUX,VERB
o,CCONJ,FUNC
l’,DET,PRON
à,X,OTHER
semenou,VERB,VERB
a,ADP,FUNC
bellessa,NOUN,NOUN
e,CCONJ,FUNC
o,CCONJ,FUNC
n’,DET,PRON
é,ADJ,ADJ
stæto,VERB,VERB
un,DET,PRON
testimònio,NOUN,NOUN
»,PUNCT,PUNCT
",",PUNCT,PUNCT
e,CCONJ,FUNC
poule,NOUN,NOUN
de,ADP,FUNC
præ,NOUN,NOUN
Pietro,PROPN,NOUN
Guerini,PROPN,NOUN
.,PUNCT,PUNCT
O,CCONJ,FUNC
seu,DET,PRON
compagno,NOUN,NOUN
Vernon,PROPN,NOUN
Bruce,PROPN,NOUN
Hoeksema,PROPN,NOUN
:,PUNCT,PUNCT
«,PUNCT,PUNCT
No,INTJ,OTHER
te,PRON,PRON
diggo,VERB,VERB
addio,NOUN,NOUN
ma,CCONJ,FUNC
graçie,PROPN,NOUN
»,PUNCT,PUNCT
.,PUNCT,PUNCT
«,PUNCT,PUNCT
O,CCONJ,FUNC
regòrdo,VERB,VERB
ciù,ADP,FUNC
bello,ADJ,ADJ
quande,VERB,VERB
se,SCONJ,FUNC
semmo,VERB,VERB
conosciui,NOUN,NOUN
»,PUNCT,PUNCT
",",PUNCT,PUNCT
o,CCONJ,FUNC
l’,DET,PRON
à,X,OTHER
dito,VERB,VERB
o,CCONJ,FUNC
Giancarlo,PROPN,NOUN
Giammetti,PROPN,NOUN
",",PUNCT,PUNCT
passou,VERB,VERB
compagno,NOUN,NOUN
e,CCONJ,FUNC
sòçio,NOUN,NOUN
de,ADP,FUNC
l’,DET,PRON
imprenditô,NOUN,NOUN
da,ADP,FUNC
-,PUNCT,PUNCT
o,CCONJ,FUNC
1960,NUM,ADJ
.,PUNCT,PUNCT
"

",SPACE,OTHER
O,CCONJ,FUNC
prescidente,VERB,VERB
american,VERB,VERB
Donald,PROPN,NOUN
Trump,PROPN,NOUN
o,CCONJ,FUNC
l’,DET,PRON
à,ADJ,ADJ
primma,NOUN,NOUN
menassou,VERB,VERB
di,ADP,FUNC
neuvi,VERB,VERB
daçi,NOUN,NOUN
contra,VERB,VERB
i,DET,PRON
Paixi,PROPN,NOUN
europëi,PRON,PRON
che,PRON,PRON
mandan,NOUN,NOUN
de,ADP,FUNC
truppe,NOUN,NOUN
in,ADP,FUNC
Groenlandia,PROPN,NOUN
",",PUNCT,PUNCT
dapeu,NOUN,NOUN
a,ADP,FUNC
-,PUNCT,PUNCT
o,CCONJ,FUNC
World,PROPN,NOUN
Economic,PROPN,NOUN
Forum,PROPN,NOUN
de,ADP,FUNC
Davos,PROPN,NOUN
",",PUNCT,PUNCT
in,ADP,FUNC
Svissera,PROPN,NOUN
",",PUNCT,PUNCT
o,CCONJ,FUNC
l’,DET,PRON
à,X,OTHER
annonçiou,VERB,VERB
un,DET,PRON
accòrdio,NOUN,NOUN
à,ADP,FUNC
vegnî,X,OTHER
co,ADJ,ADJ
-,PUNCT,PUNCT
a,ADP,FUNC
Nato,PROPN,NOUN
:,PUNCT,PUNCT
«,PUNCT,PUNCT
Emmo,AUX,VERB
ottegnuo,ADJ,ADJ
tutto,DET,PRON
quello,PRON,PRON
che,PRON,PRON
voeivimo,VERB,VERB
",",PUNCT,PUNCT
l’,PRON,PRON
inteisa,VERB,VERB
a,ADP,FUNC
duià,NOUN,NOUN
pe,PRON,PRON
delongo,VERB,VERB
»,PUNCT,PUNCT
",",PUNCT,PUNCT
o,CCONJ,FUNC
l’,DET,PRON
à,X,OTHER
dito,VERB,VERB
dòppo,ADP,FUNC
un,DET,PRON
incontro,NOUN,NOUN
co,ADJ,ADJ
-,PUNCT,PUNCT
o,CCONJ,FUNC
segretäio,NOUN,NOUN
generale,ADJ,ADJ
Mark,PROPN,NOUN
Rutte,PROPN,NOUN
.,PUNCT,PUNCT
L’,DET,PRON
Union,PROPN,NOUN
europea,ADJ,ADJ
a,ADP,FUNC
l’,DET,PRON
ea,PROPN,NOUN
za,ADP,FUNC
apreuvo,VERB,VERB
à,X,OTHER
studiâ,VERB,VERB
unna,PROPN,NOUN
«,PUNCT,PUNCT
respòsta,NOUN,NOUN
unitäia,ADJ,ADJ
»,PUNCT,PUNCT
.,PUNCT,PUNCT
Sempre,ADV,ADV
à,ADP,FUNC
Davos,PROPN,NOUN
l’,DET,PRON
é,ADP,FUNC
stæto,ADJ,ADJ
presentou,NOUN,NOUN
o,CCONJ,FUNC
Bord,PROPN,NOUN
of,ADP,FUNC
peace,NOUN,NOUN
pe,X,OTHER
Gazza,VERB,VERB
con,ADP,FUNC
20,NUM,ADJ
Paixi,PROPN,NOUN
.,PUNCT,PUNCT
Intanto,ADV,ADV
comensa,NOUN,NOUN
torna,VERB,VERB
e,CCONJ,FUNC
trattative,NOUN,NOUN
in,ADP,FUNC
sce,VERB,VERB
l’,DET,PRON
Ucraina,PROPN,NOUN
",",PUNCT,PUNCT
o,CCONJ,FUNC
Zelensky,PROPN,NOUN
o,CCONJ,FUNC
l’,DET,PRON
à,X,OTHER
attaccou,VERB,VERB
:,PUNCT,PUNCT
«,PUNCT,PUNCT
Euröpa,PROPN,NOUN
spartia,VERB,VERB
e,CCONJ,FUNC
persa,VERB,VERB
davanti,ADV,ADV
a,ADP,FUNC
-,PUNCT,PUNCT
o,CCONJ,FUNC
Trump,PROPN,NOUN
»,PUNCT,PUNCT
.,PUNCT,PUNCT
A,ADP,FUNC
Ruscia,PROPN,NOUN
a,ADP,FUNC
no,NOUN,NOUN
ghe,ADJ,ADJ
mòlla,VERB,VERB
in,ADP,FUNC
sciô,VERB,VERB
Donbass,PROPN,NOUN
.,PUNCT,PUNCT
"

",SPACE,OTHER
A,PROPN,NOUN
-,PUNCT,PUNCT
o,CCONJ,FUNC
manco,ADJ,ADJ
43,NUM,ADJ
mòrti,NOUN,NOUN
e,CCONJ,FUNC
ciù,ADV,ADV
de,DET,PRON
100,NUM,ADJ
ferii,NOUN,NOUN
in,ADP,FUNC
Spagna,PROPN,NOUN
pe,ADP,FUNC
un,DET,PRON
açidente,ADJ,ADJ
ferroviäio,NOUN,NOUN
tra,ADP,FUNC
doî,ADJ,ADJ
treni,NOUN,NOUN
spedii,VERB,VERB
in,ADP,FUNC
Andaluçia,PROPN,NOUN
",",PUNCT,PUNCT
vexin,PROPN,NOUN
à,ADP,FUNC
Còrdova,PROPN,NOUN
.,PUNCT,PUNCT
Trei,VERB,VERB
vagoin,VERB,VERB
scon,VERB,VERB
sciortii,ADJ,ADJ
feua,VERB,VERB
da,ADP,FUNC
-,PUNCT,PUNCT
e,CCONJ,FUNC
colisse,VERB,VERB
.,PUNCT,PUNCT
Dexeñe,NOUN,NOUN
de,ADP,FUNC
persoñe,X,OTHER
no,X,OTHER
son,AUX,VERB
stæte,VERB,VERB
ancon,ADP,FUNC
attrovæ,NOUN,NOUN
.,PUNCT,PUNCT
Inta,VERB,VERB
mæxima,ADJ,ADJ
træta,NOUN,NOUN
gh’,NUM,ADJ
ea,NOUN,NOUN
za,ADP,FUNC
stæto,ADJ,ADJ
eutto,ADV,ADV
guasti,ADJ,ADJ
inti,ADJ,ADJ
anni,NOUN,NOUN
passæ,ADJ,ADJ
.,PUNCT,PUNCT
Da,ADP,FUNC
lì,ADV,ADV
à,NOUN,NOUN
pöco,VERB,VERB
l’,DET,PRON
é,X,OTHER
capitou,NOUN,NOUN
atri,NOUN,NOUN
doî,ADJ,ADJ
açidenti,NOUN,NOUN
in,ADP,FUNC
sciâ,NOUN,NOUN
ræ,ADP,FUNC
spagnòlla,NOUN,NOUN
.,PUNCT,PUNCT
In,ADP,FUNC
Catalogna,PROPN,NOUN
",",PUNCT,PUNCT
vexin,PROPN,NOUN
à,X,OTHER
Gelida,PROPN,NOUN
",",PUNCT,PUNCT
un,DET,PRON
miagion,NOUN,NOUN
o,CCONJ,FUNC
l’,DET,PRON
é,NOUN,NOUN
vegnuo,VERB,VERB
zu,INTJ,OTHER
tanto,ADV,ADV
che,SCONJ,FUNC
passava,VERB,VERB
un,DET,PRON
treno,NOUN,NOUN
regionale,ADJ,ADJ
",",PUNCT,PUNCT
fòscia,VERB,VERB
pe,PROPN,NOUN
-,PUNCT,PUNCT
o,CCONJ,FUNC
tempo,NOUN,NOUN
grammo,ADJ,ADJ
:,PUNCT,PUNCT
o,CCONJ,FUNC
machinista,NOUN,NOUN
o,CCONJ,FUNC
l’,DET,PRON
é,NOUN,NOUN
mòrto,NOUN,NOUN
.,PUNCT,PUNCT
Inta,VERB,VERB
mæxima,ADJ,ADJ
region,NOUN,NOUN
un,DET,PRON
atro,NOUN,NOUN
treno,NOUN,NOUN
o,CCONJ,FUNC
l’,DET,PRON
é,NOUN,NOUN
sciortio,NOUN,NOUN
pe,PRON,PRON
di,ADP,FUNC
magheu,PROPN,NOUN
cheiti,VERB,VERB
in,ADP,FUNC
scê,PROPN,NOUN
colisse,VERB,VERB
.,PUNCT,PUNCT
"

",SPACE,OTHER
A,ADP,FUNC
Commiscion,PROPN,NOUN
europea,ADJ,ADJ
a,ADP,FUNC
l’,DET,PRON
à,PROPN,NOUN
firmou,VERB,VERB
in,ADP,FUNC
Paraguay,PROPN,NOUN
o,CCONJ,FUNC
neuvo,VERB,VERB
accòrdio,NOUN,NOUN
co,ADJ,ADJ
-,PUNCT,PUNCT
o,CCONJ,FUNC
Mercosur,PROPN,NOUN
.,PUNCT,PUNCT
«,PUNCT,PUNCT
Gh’,NOUN,NOUN
é,X,OTHER
chi,PRON,PRON
tia,VERB,VERB
sciù,NOUN,NOUN
de,ADP,FUNC
miage,NOUN,NOUN
",",PUNCT,PUNCT
noiatri,NOUN,NOUN
femmo,VERB,VERB
di,ADP,FUNC
ponti,NOUN,NOUN
.,PUNCT,PUNCT
St’,ADV,ADV
inteisa,VERB,VERB
chì,ADP,FUNC
a,ADP,FUNC
l’,DET,PRON
é,PROPN,NOUN
un,DET,PRON
segnâ,VERB,VERB
pe,NOUN,NOUN
-,PUNCT,PUNCT
o,CCONJ,FUNC
mondo,NOUN,NOUN
»,PUNCT,PUNCT
",",PUNCT,PUNCT
a,ADP,FUNC
l’,DET,PRON
à,X,OTHER
dito,VERB,VERB
a,ADP,FUNC
prescidente,NOUN,NOUN
Ursula,PROPN,NOUN
von,PROPN,NOUN
der,ADP,FUNC
Leyen,PROPN,NOUN
.,PUNCT,PUNCT
Ma,CCONJ,FUNC
da,ADP,FUNC
lì,ADV,ADV
à,X,OTHER
no,X,OTHER
guæi,NOUN,NOUN
o,CCONJ,FUNC
Parlamento,PROPN,NOUN
o,CCONJ,FUNC
l’,DET,PRON
à,X,OTHER
bloccou,PROPN,NOUN
o,CCONJ,FUNC
testo,NOUN,NOUN
:,PUNCT,PUNCT
con,ADP,FUNC
334,NUM,ADJ
scì,NUM,ADJ
l’,DET,PRON
é,PROPN,NOUN
passou,VERB,VERB
a,ADP,FUNC
domanda,NOUN,NOUN
de,ADP,FUNC
un,DET,PRON
gruppo,NOUN,NOUN
de,ADP,FUNC
deputæ,VERB,VERB
da,ADP,FUNC
Scinistra,PROPN,NOUN
",",PUNCT,PUNCT
di,ADP,FUNC
Verdi,PROPN,NOUN
e,CCONJ,FUNC
di,ADP,FUNC
Liberali,PROPN,NOUN
de,ADP,FUNC
mandâlo,NOUN,NOUN
a,ADP,FUNC
-,PUNCT,PUNCT
a,ADP,FUNC
Corte,NOUN,NOUN
de,ADP,FUNC
giustiçia,NOUN,NOUN
pe,PRON,PRON
un,DET,PRON
pai,NOUN,NOUN
de,ADP,FUNC
lezze,NOUN,NOUN
.,PUNCT,PUNCT
Oua,DET,PRON
besorrià,ADJ,ADJ
aspëtâ,NOUN,NOUN
l’,DET,PRON
examme,NOUN,NOUN
",",PUNCT,PUNCT
ch’,PROPN,NOUN
o,CCONJ,FUNC
porrieiva,ADJ,ADJ
duâ,ADP,FUNC
pe,X,OTHER
di,ADP,FUNC
meixi,NOUN,NOUN
.,PUNCT,PUNCT
A,ADP,FUNC
Germania,PROPN,NOUN
a,ADP,FUNC
vorrieiva,NOUN,NOUN
applicâ,PRON,PRON
l’,DET,PRON
accòrdio,NOUN,NOUN
de,ADP,FUNC
mainea,NOUN,NOUN
provisöia,NOUN,NOUN
.,PUNCT,PUNCT
Un,DET,PRON
zoeno,NOUN,NOUN
de,ADP,FUNC
19,NUM,ADJ
anni,NOUN,NOUN
",",PUNCT,PUNCT
Youssef,PROPN,NOUN
Abanoub,PROPN,NOUN
",",PUNCT,PUNCT
originäio,NOUN,NOUN
de,ADP,FUNC
l’,DET,PRON
Egitto,PROPN,NOUN
o,CCONJ,FUNC
l’,DET,PRON
é,NOUN,NOUN
stæto,ADJ,ADJ
ammassou,ADJ,ADJ
con,ADP,FUNC
unna,PROPN,NOUN
cotellâ,VERB,VERB
da,ADP,FUNC
un,DET,PRON
compagno,NOUN,NOUN
de,ADP,FUNC
scheua,NOUN,NOUN
inte,VERB,VERB
un,DET,PRON
instituto,NOUN,NOUN
profescionale,ADJ,ADJ
de,ADP,FUNC
Spezza,PROPN,NOUN
.,PUNCT,PUNCT
O,CCONJ,FUNC
l’,DET,PRON
é,NOUN,NOUN
avvegnuo,VERB,VERB
a,ADP,FUNC
-,PUNCT,PUNCT
i,DET,PRON
16,NUM,ADJ
de,ADP,FUNC
zenâ,PROPN,NOUN
pöco,VERB,VERB
primma,NOUN,NOUN
de,ADP,FUNC
mezogiorno,NOUN,NOUN
.,PUNCT,PUNCT
A,ADP,FUNC
poliçia,NOUN,NOUN
a,ADP,FUNC
l’,DET,PRON
à,PROPN,NOUN
arrestou,NOUN,NOUN
un,DET,PRON
studente,NOUN,NOUN
de,ADP,FUNC
18,NUM,ADJ
anni,NOUN,NOUN
de,ADP,FUNC
naçionalitæ,PROPN,NOUN
marocchiña,PROPN,NOUN
",",PUNCT,PUNCT
Zouhair,PROPN,NOUN
Atif,PROPN,NOUN
",",PUNCT,PUNCT
bloccou,NOUN,NOUN
e,CCONJ,FUNC
desarmou,VERB,VERB
da,ADP,FUNC
un,DET,PRON
professô,NOUN,NOUN
.,PUNCT,PUNCT
Segondo,VERB,VERB
a,ADP,FUNC
reconstruçion,NOUN,NOUN
",",PUNCT,PUNCT
i,DET,PRON
doî,NOUN,NOUN
aivan,NOUN,NOUN
comensou,VERB,VERB
a,ADP,FUNC
rattellâ,NOUN,NOUN
inti,NOUN,NOUN
bagni,ADJ,ADJ
",",PUNCT,PUNCT
se,SCONJ,FUNC
pensa,VERB,VERB
pe,PRON,PRON
unna,PROPN,NOUN
figgia,NOUN,NOUN
",",PUNCT,PUNCT
dapeu,PROPN,NOUN
gh’,AUX,VERB
é,ADP,FUNC
stæto,ADJ,ADJ
l’,DET,PRON
aggrescion,NOUN,NOUN
inte,VERB,VERB
unna,ADJ,ADJ
classe,NOUN,NOUN
.,PUNCT,PUNCT
A,ADP,FUNC
lamma,NOUN,NOUN
a,ADP,FUNC
l’,DET,PRON
é,PROPN,NOUN
arrivâ,VERB,VERB
fin,ADV,ADV
a,ADP,FUNC
-,PUNCT,PUNCT
o,CCONJ,FUNC
figæto,ADJ,ADJ
e,CCONJ,FUNC
a,ADP,FUNC
-,PUNCT,PUNCT
a,ADP,FUNC
minsa,NOUN,NOUN
.,PUNCT,PUNCT
I,DET,PRON
meghi,NOUN,NOUN
de,PUNCT,PUNCT
l’,PRON,PRON
uspiâ,NOUN,NOUN
Sant’,PROPN,NOUN
Andria,PROPN,NOUN
an,PROPN,NOUN
fæto,NOUN,NOUN
tutto,PRON,PRON
o,CCONJ,FUNC
poscibile,ADJ,ADJ
e,CCONJ,FUNC
l’,DET,PRON
an,DET,PRON
sottopòsto,ADJ,ADJ
à,PRON,PRON
unn’,ADJ,ADJ
operaçion,PRON,PRON
pe,ADJ,ADJ
sarvâlo,ADJ,ADJ
",",PUNCT,PUNCT
ma,CCONJ,FUNC
inta,VERB,VERB
seiaña,ADJ,ADJ
o,CCONJ,FUNC
Youssef,PROPN,NOUN
o,CCONJ,FUNC
l’,DET,PRON
à,X,OTHER
finio,ADJ,ADJ
de,ADP,FUNC
vive,VERB,VERB
.,PUNCT,PUNCT
"

",SPACE,OTHER
Dòppo,PROPN,NOUN
trent’,NOUN,NOUN
anni,NOUN,NOUN
gh’,ADV,ADV
é,AUX,VERB
unna,PROPN,NOUN
sentensa,ADJ,ADJ
de,ADP,FUNC
primmo,AUX,VERB
graddo,NOUN,NOUN
pe,AUX,VERB
l’,DET,PRON
assascinio,NOUN,NOUN
da,ADP,FUNC
Nada,PROPN,NOUN
Cella,PROPN,NOUN
",",PUNCT,PUNCT
ammassâ,NOUN,NOUN
de,ADP,FUNC
24,NUM,ADJ
anni,NOUN,NOUN
into,ADJ,ADJ
scagno,NOUN,NOUN
do,ADP,FUNC
commerçialista,NOUN,NOUN
Marco,PROPN,NOUN
Soracco,PROPN,NOUN
de,ADP,FUNC
Ciavai,PROPN,NOUN
.,PUNCT,PUNCT
A,ADP,FUNC
Corte,NOUN,NOUN
d’,ADP,FUNC
assise,PROPN,NOUN
de,ADP,FUNC
Zena,PROPN,NOUN
a,ADP,FUNC
l’,DET,PRON
à,X,OTHER
deciarou,VERB,VERB
corpeive,ADJ,ADJ
a,ADP,FUNC
Annalucia,PROPN,NOUN
Cecere,PROPN,NOUN
e,CCONJ,FUNC
a,ADP,FUNC
l’,DET,PRON
à,X,OTHER
condannâ,VERB,VERB
à,ADP,FUNC
24,NUM,ADJ
anni,NOUN,NOUN
de,ADP,FUNC
prexon,X,OTHER
.,PUNCT,PUNCT
A,ADP,FUNC
Procua,PROPN,NOUN
a,ADP,FUNC
l’,DET,PRON
aiva,ADJ,ADJ
domandou,NOUN,NOUN
a,ADP,FUNC
prexon,PROPN,NOUN
à,X,OTHER
vitta,VERB,VERB
.,PUNCT,PUNCT
O,CCONJ,FUNC
Soracco,VERB,VERB
o,CCONJ,FUNC
l’,DET,PRON
é,AUX,VERB
stæto,NOUN,NOUN
condannou,ADV,ADV
à,ADP,FUNC
doî,NUM,ADJ
anni,NOUN,NOUN
pe,ADP,FUNC
façilitaçion,NOUN,NOUN
.,PUNCT,PUNCT
«,PUNCT,PUNCT
Pensava,VERB,VERB
che,SCONJ,FUNC
l’,DET,PRON
avessan,NUM,ADJ
ascordâ,VERB,VERB
",",PUNCT,PUNCT
oua,PRON,PRON
s’,VERB,VERB
é,NOUN,NOUN
fæto,NOUN,NOUN
giustiçia,NOUN,NOUN
»,PUNCT,PUNCT
",",PUNCT,PUNCT
o,CCONJ,FUNC
commento,VERB,VERB
da,ADP,FUNC
coxiña,NOUN,NOUN
Silvia,PROPN,NOUN
Cella,PROPN,NOUN
.,PUNCT,PUNCT
«,PUNCT,PUNCT
Son,PRON,PRON
contenta,VERB,VERB
e,CCONJ,FUNC
commòssa,ADJ,ADJ
",",PUNCT,PUNCT
a,ADP,FUNC
sentensa,NOUN,NOUN
d’,ADP,FUNC
ancheu,VERB,VERB
a,ADP,FUNC
l’,DET,PRON
é,X,OTHER
tròppo,NOUN,NOUN
importante,ADJ,ADJ
»,PUNCT,PUNCT
",",PUNCT,PUNCT
a,ADP,FUNC
l’,DET,PRON
à,X,OTHER
dito,VERB,VERB
a,ADP,FUNC
Sabrina,PROPN,NOUN
Franzone,PROPN,NOUN
",",PUNCT,PUNCT
l’,DET,PRON
avvocata,NOUN,NOUN
da,ADP,FUNC
seu,DET,PRON
Daniela,PROPN,NOUN
Cella,PROPN,NOUN
.,PUNCT,PUNCT
E,CCONJ,FUNC
motivaçion,VERB,VERB
da,ADP,FUNC
sentensa,NOUN,NOUN
saian,PROPN,NOUN
fæte,VERB,VERB
conosce,VERB,VERB
da,ADP,FUNC
cjì,PROPN,NOUN
à,ADP,FUNC
90,NUM,ADJ
giorni,NOUN,NOUN
.,PUNCT,PUNCT
"

",SPACE,OTHER
O,CCONJ,FUNC
prescidente,VERB,VERB
da,ADP,FUNC
Region,PROPN,NOUN
Liguria,PROPN,NOUN
Marco,PROPN,NOUN
Bucci,PROPN,NOUN
o,CCONJ,FUNC
l’,DET,PRON
à,PROPN,NOUN
nominou,PROPN,NOUN
i,DET,PRON
doî,NOUN,NOUN
neuvi,NOUN,NOUN
assessoî,VERB,VERB
da,ADP,FUNC
seu,DET,PRON
zonta,NUM,ADJ
:,PUNCT,PUNCT
son,VERB,VERB
a,ADP,FUNC
Claudia,PROPN,NOUN
Morich,PROPN,NOUN
",",PUNCT,PUNCT
pe,PRON,PRON
chinz’,ADP,FUNC
anni,NOUN,NOUN
à,ADP,FUNC
cappo,NOUN,NOUN
da,ADP,FUNC
direçion,NOUN,NOUN
finançiäia,NOUN,NOUN
",",PUNCT,PUNCT
e,CCONJ,FUNC
o,CCONJ,FUNC
conseggê,VERB,VERB
da,ADP,FUNC
Lega,PROPN,NOUN
Alessio,PROPN,NOUN
Piana,PROPN,NOUN
.,PUNCT,PUNCT
I,DET,PRON
componenti,NOUN,NOUN
montan,PROPN,NOUN
coscì,PROPN,NOUN
à,X,OTHER
neuve,ADJ,ADJ
graçie,NOUN,NOUN
a,ADP,FUNC
-,PUNCT,PUNCT
a,ADP,FUNC
reforma,NOUN,NOUN
do,ADP,FUNC
Statuto,PROPN,NOUN
e,CCONJ,FUNC
a,ADP,FUNC
-,PUNCT,PUNCT
a,ADP,FUNC
lezze,NOUN,NOUN
naçionale,ADJ,ADJ
.,PUNCT,PUNCT
A,ADP,FUNC
Simona,PROPN,NOUN
Ferro,PROPN,NOUN
a,ADP,FUNC
vëgne,NOUN,NOUN
viçeprescidente,ADJ,ADJ
incangio,NOUN,NOUN
do,ADP,FUNC
Alessandro,PROPN,NOUN
Piana,PROPN,NOUN
.,PUNCT,PUNCT
O,CCONJ,FUNC
Giacomo,PROPN,NOUN
Giampedrone,PROPN,NOUN
o,CCONJ,FUNC
piggia,NOUN,NOUN
unna,ADJ,ADJ
neuva,ADJ,ADJ
delega,VERB,VERB
in,ADP,FUNC
sciâ,NOUN,NOUN
diga,NUM,ADJ
do,ADP,FUNC
pòrto,NOUN,NOUN
de,ADP,FUNC
Zena,PROPN,NOUN
e,CCONJ,FUNC
quella,PRON,PRON
à,NOUN,NOUN
l’,DET,PRON
Ambiente,NOUN,NOUN
a,ADP,FUNC
va,VERB,VERB
a,ADP,FUNC
-,PUNCT,PUNCT
o,CCONJ,FUNC
Paolo,PROPN,NOUN
Ripamonti,PROPN,NOUN
.,PUNCT,PUNCT
O,CCONJ,FUNC
Angelo,PROPN,NOUN
Vaccarezza,PROPN,NOUN
o,CCONJ,FUNC
l’,DET,PRON
avià,VERB,VERB
un,DET,PRON
incarrego,NOUN,NOUN
in,ADP,FUNC
scê,DET,PRON
relaçioin,NOUN,NOUN
internaçionale,ADJ,ADJ
e,CCONJ,FUNC
i,DET,PRON
Enti,NOUN,NOUN
locali,ADJ,ADJ
.,PUNCT,PUNCT
«,PUNCT,PUNCT
A,ADP,FUNC
maggioransa,NOUN,NOUN
a,ADP,FUNC
l’,DET,PRON
é,PROPN,NOUN
fòrte,NOUN,NOUN
»,PUNCT,PUNCT
",",PUNCT,PUNCT
o,CCONJ,FUNC
l’,DET,PRON
à,X,OTHER
respòsto,VERB,VERB
o,CCONJ,FUNC
Bucci,PROPN,NOUN
in,ADP,FUNC
scê,NOUN,NOUN
rouxie,NOUN,NOUN
che,PRON,PRON
vegnieivan,VERB,VERB
da,ADP,FUNC
-,PUNCT,PUNCT
e,CCONJ,FUNC
liste,ADJ,ADJ
çiviche,ADJ,ADJ
.,PUNCT,PUNCT
"

",SPACE,OTHER
Se,SCONJ,FUNC
votià,VERB,VERB
a,ADP,FUNC
-,PUNCT,PUNCT
i,DET,PRON
22,NUM,ADJ
e,CCONJ,FUNC
23,NUM,ADJ
de,ADP,FUNC
marso,NOUN,NOUN
pe,X,OTHER
-,PUNCT,PUNCT
o,CCONJ,FUNC
referendum,NOUN,NOUN
constituçionale,ADJ,ADJ
in,ADP,FUNC
sciâ,ADJ,ADJ
reforma,NOUN,NOUN
da,ADP,FUNC
giustiçia,NOUN,NOUN
ch’,ADV,ADV
o,CCONJ,FUNC
prevedde,DET,PRON
sorviatutto,VERB,VERB
a,ADP,FUNC
spartiçion,NOUN,NOUN
de,X,OTHER
carree,VERB,VERB
di,ADP,FUNC
magistrati,NOUN,NOUN
.,PUNCT,PUNCT
A,ADP,FUNC
deçixon,VERB,VERB
a,ADP,FUNC
l’,DET,PRON
é,PROPN,NOUN
stæta,PROPN,NOUN
piggiâ,VERB,VERB
da,ADP,FUNC
-,PUNCT,PUNCT
o,CCONJ,FUNC
Conseggio,NOUN,NOUN
di,ADP,FUNC
ministri,NOUN,NOUN
.,PUNCT,PUNCT
L’,DET,PRON
oppoxiçion,NOUN,NOUN
a,ADP,FUNC
protesta,NOUN,NOUN
:,PUNCT,PUNCT
«,PUNCT,PUNCT
O,CCONJ,FUNC
Governo,PROPN,NOUN
o,CCONJ,FUNC
l’,DET,PRON
à,X,OTHER
poia,VERB,VERB
di,ADP,FUNC
çittæn,NOUN,NOUN
informæ,ADJ,ADJ
»,PUNCT,PUNCT
.,PUNCT,PUNCT
Intanto,ADV,ADV
l’,DET,PRON
iniçiativa,NOUN,NOUN
popolare,ADJ,ADJ
pe,PRON,PRON
ottegnî,VERB,VERB
un,DET,PRON
referendum,NOUN,NOUN
in,ADP,FUNC
sciâ,ADJ,ADJ
mæxima,ADJ,ADJ
lezze,NOUN,NOUN
o,CCONJ,FUNC
l’,DET,PRON
é,PROPN,NOUN
arrivou,PROPN,NOUN
a,ADP,FUNC
-,PUNCT,PUNCT
o,CCONJ,FUNC
quorum,NOUN,NOUN
de,ADP,FUNC
500mia,NUM,ADJ
firme,NOUN,NOUN
.,PUNCT,PUNCT
Contra,VERB,VERB
a,ADP,FUNC
delibera,NOUN,NOUN
do,ADP,FUNC
Governo,NOUN,NOUN
co,ADJ,ADJ
-,PUNCT,PUNCT
a,ADP,FUNC
dæta,NOUN,NOUN
da,ADP,FUNC
votaçion,NOUN,NOUN
i,DET,PRON
proponenti,ADJ,ADJ
an,DET,PRON
presentou,NOUN,NOUN
un,DET,PRON
recorso,NOUN,NOUN
a,ADP,FUNC
-,PUNCT,PUNCT
o,CCONJ,FUNC
Tar,PROPN,NOUN
do,ADP,FUNC
Laçio,PROPN,NOUN
.,PUNCT,PUNCT
I,DET,PRON
giudiçi,NOUN,NOUN
amministrativi,ADJ,ADJ
no,ADV,ADV
an,DET,PRON
sospeiso,NOUN,NOUN
o,CCONJ,FUNC
provedimento,NOUN,NOUN
",",PUNCT,PUNCT
ma,CCONJ,FUNC
an,PROPN,NOUN
fissou,VERB,VERB
a,ADP,FUNC
deçixon,PROPN,NOUN
a,ADP,FUNC
-,PUNCT,PUNCT
i,DET,PRON
27,NUM,ADJ
de,ADP,FUNC
zenâ,PROPN,NOUN
",",PUNCT,PUNCT
a,ADP,FUNC
meitæ,NOUN,NOUN
di,ADP,FUNC
termini,NOUN,NOUN
de,ADP,FUNC
lezze,NOUN,NOUN
.,PUNCT,PUNCT
"

",SPACE,OTHER
O,CCONJ,FUNC
prescidente,NOUN,NOUN
de,ADP,FUNC
l’,DET,PRON
Autoritæ,PROPN,NOUN
garante,ADJ,ADJ
pe,ADJ,ADJ
-,PUNCT,PUNCT
a,ADP,FUNC
proteçion,NOUN,NOUN
di,ADP,FUNC
dæti,NOUN,NOUN
personali,ADJ,ADJ
Pasquale,PROPN,NOUN
Stanzione,PROPN,NOUN
o,CCONJ,FUNC
l’,DET,PRON
é,PROPN,NOUN
indagou,VERB,VERB
da,ADP,FUNC
-,PUNCT,PUNCT
a,ADP,FUNC
Procua,PROPN,NOUN
de,ADP,FUNC
Romma,PROPN,NOUN
",",PUNCT,PUNCT
insemme,NOUN,NOUN
con,ADP,FUNC
tutto,PRON,PRON
o,CCONJ,FUNC
Collegio,PROPN,NOUN
",",PUNCT,PUNCT
pe,ADP,FUNC
corruçion,NOUN,NOUN
e,CCONJ,FUNC
destornaçion,NOUN,NOUN
de,ADP,FUNC
dinæ,NOUN,NOUN
pubrichi,NOUN,NOUN
.,PUNCT,PUNCT
L’,DET,PRON
investigaçion,NOUN,NOUN
a,ADP,FUNC
l’,DET,PRON
ea,PROPN,NOUN
stæta,PROPN,NOUN
inandiâ,ADJ,ADJ
inti,NOUN,NOUN
meixi,PROPN,NOUN
passæ,PRON,PRON
dòppo,PROPN,NOUN
di,ADP,FUNC
serviçi,ADV,ADV
mandæ,VERB,VERB
in,ADP,FUNC
onda,NOUN,NOUN
da,ADP,FUNC
Report,PROPN,NOUN
",",PUNCT,PUNCT
a,ADP,FUNC
-,PUNCT,PUNCT
i,DET,PRON
15,NUM,ADJ
de,ADP,FUNC
zenâ,PROPN,NOUN
gh’,AUX,VERB
é,AUX,VERB
stæto,VERB,VERB
ascì,VERB,VERB
de,X,OTHER
perquixiçioin,X,OTHER
.,PUNCT,PUNCT
Pe,PRON,PRON
l’,PRON,PRON
accusa,VERB,VERB
i,DET,PRON
indagæ,NOUN,NOUN
avieivan,ADJ,ADJ
reçevuo,NOUN,NOUN
de,ADP,FUNC
tessie,NOUN,NOUN
de,ADP,FUNC
l’,DET,PRON
Ita,PROPN,NOUN
Airways,PROPN,NOUN
in,ADP,FUNC
cangio,NOUN,NOUN
de,ADP,FUNC
unna,PROPN,NOUN
sançion,NOUN,NOUN
mancâ,ADJ,ADJ
",",PUNCT,PUNCT
e,CCONJ,FUNC
avieivan,VERB,VERB
fæto,NOUN,NOUN
de,ADP,FUNC
speise,ADJ,ADJ
–,PUNCT,PUNCT
comme,NOUN,NOUN
röba,VERB,VERB
da,ADP,FUNC
mangiâ,NOUN,NOUN
",",PUNCT,PUNCT
appontamenti,NOUN,NOUN
da,ADP,FUNC
-,PUNCT,PUNCT
o,CCONJ,FUNC
perrucchê,X,OTHER
",",PUNCT,PUNCT
viægi,NOUN,NOUN
e,CCONJ,FUNC
aberghi,NOUN,NOUN
à,X,OTHER
çinque,PRON,PRON
stelle,NOUN,NOUN
–,PUNCT,PUNCT
co,ADJ,ADJ
-,PUNCT,PUNCT
i,DET,PRON
dinæ,NOUN,NOUN
de,PRON,PRON
l’,DET,PRON
Autoritæ,PROPN,NOUN
.,PUNCT,PUNCT
«,PUNCT,PUNCT
Ninte,ADV,ADV
dimiscioin,VERB,VERB
",",PUNCT,PUNCT
anemmo,VERB,VERB
avanti,ADV,ADV
»,PUNCT,PUNCT
",",PUNCT,PUNCT
a,ADP,FUNC
deciaraçion,NOUN,NOUN
do,ADP,FUNC
Collegio,PROPN,NOUN
.,PUNCT,PUNCT
"

",SPACE,OTHER
O,PROPN,NOUN
Alberto,PROPN,NOUN
Trentini,PROPN,NOUN
e,CCONJ,FUNC
o,CCONJ,FUNC
Mario,PROPN,NOUN
Burlò,PROPN,NOUN
son,AUX,VERB
tornæ,VERB,VERB
in,ADP,FUNC
Italia,PROPN,NOUN
dòppo,PROPN,NOUN
che,PRON,PRON
son,AUX,VERB
stæti,VERB,VERB
in,ADP,FUNC
prexon,NOUN,NOUN
in,ADP,FUNC
Venezuela,PROPN,NOUN
pe,ADP,FUNC
400,NUM,ADJ
giorni,NOUN,NOUN
e,CCONJ,FUNC
passa,VERB,VERB
.,PUNCT,PUNCT
I,DET,PRON
doî,NOUN,NOUN
italien,NOUN,NOUN
",",PUNCT,PUNCT
liberæ,NOUN,NOUN
apreuvo,ADJ,ADJ
à,CCONJ,FUNC
l’,DET,PRON
arresto,NOUN,NOUN
do,ADP,FUNC
prescidente,NOUN,NOUN
Maduro,PROPN,NOUN
",",PUNCT,PUNCT
son,AUX,VERB
stæti,VERB,VERB
reçevui,NOUN,NOUN
à,ADP,FUNC
Ciampino,PROPN,NOUN
da,ADP,FUNC
-,PUNCT,PUNCT
a,ADP,FUNC
prescidente,ADJ,ADJ
Meloni,PROPN,NOUN
e,CCONJ,FUNC
da,ADP,FUNC
-,PUNCT,PUNCT
o,CCONJ,FUNC
ministr,ADJ,ADJ
Tajani,PROPN,NOUN
.,PUNCT,PUNCT
«,PUNCT,PUNCT
A,ADP,FUNC
nòstra,NOUN,NOUN
contentessa,VERB,VERB
a,ADP,FUNC
gh’,NOUN,NOUN
à,NOUN,NOUN
un,DET,PRON
prexo,NOUN,NOUN
ertiscimo,ADJ,ADJ
–,PUNCT,PUNCT
o,CCONJ,FUNC
l’,DET,PRON
à,X,OTHER
dito,VERB,VERB
o,CCONJ,FUNC
Trentini,PROPN,NOUN
–,PUNCT,PUNCT
gh’,CCONJ,FUNC
emmo,AUX,VERB
beseugno,NOUN,NOUN
de,ADP,FUNC
sënitæ,NOUN,NOUN
ma,CCONJ,FUNC
i,DET,PRON
patimenti,NOUN,NOUN
no,ADV,ADV
se,SCONJ,FUNC
scassan,VERB,VERB
»,PUNCT,PUNCT
.,PUNCT,PUNCT
«,PUNCT,PUNCT
A,ADP,FUNC
l’,DET,PRON
é,PROPN,NOUN
stæta,PROPN,NOUN
ben,ADV,ADV
ben,ADV,ADV
dua,DET,PRON
»,PUNCT,PUNCT
",",PUNCT,PUNCT
o,CCONJ,FUNC
commento,NOUN,NOUN
do,ADP,FUNC
Burlò,PROPN,NOUN
.,PUNCT,PUNCT
A,ADP,FUNC
diplomaçia,NOUN,NOUN
e,CCONJ,FUNC
i,DET,PRON
serviçi,ADJ,ADJ
segretti,NOUN,NOUN
son,NOUN,NOUN
a,ADP,FUNC
-,PUNCT,PUNCT
o,CCONJ,FUNC
travaggio,NOUN,NOUN
pe,PRON,PRON
portâ,VERB,VERB
inderê,NUM,ADJ
atri,NOUN,NOUN
42,NUM,ADJ
italien,NOUN,NOUN
.,PUNCT,PUNCT
"

",SPACE,OTHER
Alberto,PROPN,NOUN
Trentini,PROPN,NOUN
e,CCONJ,FUNC
Mario,PROPN,NOUN
Burlò,PROPN,NOUN
sono,AUX,VERB
tornati,VERB,VERB
in,ADP,FUNC
Italia,PROPN,NOUN
dopo,SCONJ,FUNC
essere,AUX,VERB
stati,AUX,VERB
in,ADP,FUNC
carcere,NOUN,NOUN
in,ADP,FUNC
Venezuela,PROPN,NOUN
per,ADP,FUNC
oltre,ADV,ADV
400,NUM,ADJ
giorni,NOUN,NOUN
.,PUNCT,PUNCT
I,DET,PRON
due,NUM,ADJ
italiani,NOUN,NOUN
",",PUNCT,PUNCT
liberati,VERB,VERB
in,ADP,FUNC
seguito,NOUN,NOUN
all’,ADP,FUNC
arresto,NOUN,NOUN
del,ADP,FUNC
presidente,NOUN,NOUN
Maduro,PROPN,NOUN
",",PUNCT,PUNCT
sono,AUX,VERB
stati,AUX,VERB
ricevuti,VERB,VERB
a,ADP,FUNC
Ciampino,PROPN,NOUN
dalla,ADP,FUNC
presidente,NOUN,NOUN
Meloni,PROPN,NOUN
e,CCONJ,FUNC
dal,ADP,FUNC
ministro,NOUN,NOUN
Tajani,PROPN,NOUN
.,PUNCT,PUNCT
«,PUNCT,PUNCT
La,DET,PRON
nostra,DET,PRON
felicità,NOUN,NOUN
ha,VERB,VERB
un,DET,PRON
prezzo,NOUN,NOUN
altissimo,ADJ,ADJ
–,PUNCT,PUNCT
ha,AUX,VERB
detto,VERB,VERB
Trentini,PROPN,NOUN
–,PUNCT,PUNCT
abbiamo,VERB,VERB
bisogno,NOUN,NOUN
di,ADP,FUNC
serenità,NOUN,NOUN
ma,CCONJ,FUNC
le,DET,PRON
sofferenze,NOUN,NOUN
non,ADV,ADV
si,PRON,PRON
cancellano,VERB,VERB
»,PUNCT,PUNCT
.,PUNCT,PUNCT
«,PUNCT,PUNCT
È,AUX,VERB
stata,AUX,VERB
molto,ADV,ADV
dura,ADJ,ADJ
»,PUNCT,PUNCT
",",PUNCT,PUNCT
commenta,VERB,VERB
Burlò,PROPN,NOUN
.,PUNCT,PUNCT
Diplomazia,NOUN,NOUN
e,CCONJ,FUNC
servizi,NOUN,NOUN
segreti,ADJ,ADJ
sono,AUX,VERB
al,ADP,FUNC
lavoro,NOUN,NOUN
per,ADP,FUNC
riportare,VERB,VERB
in,ADP,FUNC
patria,NOUN,NOUN
altri,DET,PRON
42,NUM,ADJ
italiani,NOUN,NOUN
.,PUNCT,PUNCT
"

",SPACE,OTHER
Miggiæa,PROPN,NOUN
de,ADP,FUNC
mòrti,NOUN,NOUN
in,ADP,FUNC
Iran,PROPN,NOUN
pe,PROPN,NOUN
-,PUNCT,PUNCT
e,CCONJ,FUNC
proteste,NOUN,NOUN
contra,ADJ,ADJ
o,CCONJ,FUNC
regimme,NOUN,NOUN
di,ADP,FUNC
ayatollah,NOUN,NOUN
.,PUNCT,PUNCT
Iran,PROPN,NOUN
International,PROPN,NOUN
o,CCONJ,FUNC
l’,DET,PRON
à,NOUN,NOUN
astimmou,PROPN,NOUN
a,ADP,FUNC
-,PUNCT,PUNCT
o,CCONJ,FUNC
manco,ADJ,ADJ
12mia,NUM,ADJ
vittime,NOUN,NOUN
",",PUNCT,PUNCT
e,CCONJ,FUNC
ciù,ADP,FUNC
tante,DET,PRON
sotta,NOUN,NOUN
i,DET,PRON
30,NUM,ADJ
anni,NOUN,NOUN
",",PUNCT,PUNCT
pe,ADJ,ADJ
-,PUNCT,PUNCT
o,CCONJ,FUNC
governo,NOUN,NOUN
son,AUX,VERB
3mia,NUM,ADJ
compreiso,NOUN,NOUN
a,ADP,FUNC
poliçia,NOUN,NOUN
.,PUNCT,PUNCT
O,CCONJ,FUNC
prescidente,NOUN,NOUN
american,VERB,VERB
Donald,PROPN,NOUN
Trump,PROPN,NOUN
o,CCONJ,FUNC
l’,DET,PRON
à,ADJ,ADJ
sponciou,NOUN,NOUN
i,DET,PRON
manifestanti,NOUN,NOUN
à,PROPN,NOUN
anâ,PROPN,NOUN
avanti,ADV,ADV
e,CCONJ,FUNC
piggiâ,NOUN,NOUN
o,CCONJ,FUNC
contròllo,NOUN,NOUN
de,ADP,FUNC
instituçioin,NOUN,NOUN
:,PUNCT,PUNCT
«,PUNCT,PUNCT
L’,DET,PRON
aggiutto,NOUN,NOUN
o,CCONJ,FUNC
l’,DET,PRON
é,NOUN,NOUN
in,ADP,FUNC
arrivo,NOUN,NOUN
»,PUNCT,PUNCT
",",PUNCT,PUNCT
o,CCONJ,FUNC
l’,DET,PRON
à,X,OTHER
promisso,NOUN,NOUN
.,PUNCT,PUNCT
Pe,PROPN,NOUN
Mosca,PROPN,NOUN
e,CCONJ,FUNC
menasse,VERB,VERB
à,ADP,FUNC
Teheran,PROPN,NOUN
«,PUNCT,PUNCT
no,INTJ,OTHER
se,SCONJ,FUNC
peuan,VERB,VERB
açettâ,PROPN,NOUN
»,PUNCT,PUNCT
e,CCONJ,FUNC
un,DET,PRON
neuvo,ADJ,ADJ
attacco,NOUN,NOUN
o,CCONJ,FUNC
l’,DET,PRON
avieiva,ADJ,ADJ
«,PUNCT,PUNCT
conseguense,VERB,VERB
desastrose,ADJ,ADJ
»,PUNCT,PUNCT
.,PUNCT,PUNCT
Ma,CCONJ,FUNC
i,DET,PRON
Stati,NOUN,NOUN
Unii,PROPN,NOUN
saieivan,VERB,VERB
pronti,ADJ,ADJ
o,CCONJ,FUNC
mæximo,ADJ,ADJ
à,ADP,FUNC
un,DET,PRON
intervento,NOUN,NOUN
militare,ADJ,ADJ
.,PUNCT,PUNCT
I,DET,PRON
Paixi,PROPN,NOUN
europëi,VERB,VERB
an,PRON,PRON
serrou,VERB,VERB
e,CCONJ,FUNC
ambasciæ,ADJ,ADJ
e,CCONJ,FUNC
an,PRON,PRON
invitou,ADJ,ADJ
i,DET,PRON
seu,DET,PRON
çittæn,ADJ,ADJ
à,ADP,FUNC
lasciâ,NOUN,NOUN
o,CCONJ,FUNC
Paise,PROPN,NOUN
.,PUNCT,PUNCT
O,CCONJ,FUNC
Reza,PROPN,NOUN
Pahlavi,PROPN,NOUN
",",PUNCT,PUNCT
figgio,NOUN,NOUN
de,ADP,FUNC
l’,DET,PRON
urtimo,ADJ,ADJ
scià,ADJ,ADJ
:,PUNCT,PUNCT
«,PUNCT,PUNCT
Son,ADV,ADV
l’,DET,PRON
unico,ADJ,ADJ
ch’,PROPN,NOUN
o,CCONJ,FUNC
peu,ADJ,ADJ
garantî,NOUN,NOUN
a,ADP,FUNC
tranxiçion,NOUN,NOUN
»,PUNCT,PUNCT
.,PUNCT,PUNCT
"

",SPACE,OTHER
«,PUNCT,PUNCT
A,PROPN,NOUN
Groenlandia,PROPN,NOUN
a,ADP,FUNC
ne,PRON,PRON
serve,VERB,VERB
pe,X,OTHER
raxoin,VERB,VERB
de,ADP,FUNC
seguessa,PROPN,NOUN
»,PUNCT,PUNCT
.,PUNCT,PUNCT
L’,DET,PRON
à,X,OTHER
dito,NOUN,NOUN
torna,VERB,VERB
o,CCONJ,FUNC
prescidente,ADJ,ADJ
di,ADP,FUNC
Stati,PROPN,NOUN
Unii,PROPN,NOUN
Donald,X,OTHER
Trump,PROPN,NOUN
",",PUNCT,PUNCT
cha,X,OTHER
dapeu,NOUN,NOUN
o,CCONJ,FUNC
l’,DET,PRON
à,X,OTHER
menassou,VERB,VERB
o,CCONJ,FUNC
resto,NOUN,NOUN
do,ADP,FUNC
mondo,NOUN,NOUN
:,PUNCT,PUNCT
«,PUNCT,PUNCT
Daçi,NOUN,NOUN
à,ADP,FUNC
chi,PRON,PRON
se,PRON,PRON
mette,VERB,VERB
contra,PROPN,NOUN
di,ADP,FUNC
mi,PRON,PRON
»,PUNCT,PUNCT
.,PUNCT,PUNCT
Ma,CCONJ,FUNC
a,ADP,FUNC
Ruscia,PROPN,NOUN
a,ADP,FUNC
l’,DET,PRON
à,PROPN,NOUN
strinou,VERB,VERB
:,PUNCT,PUNCT
«,PUNCT,PUNCT
Pe,X,OTHER
noiatri,PRON,PRON
a,ADP,FUNC
l’,DET,PRON
é,NOUN,NOUN
parte,NOUN,NOUN
do,ADP,FUNC
Regno,PROPN,NOUN
de,ADP,FUNC
Danimarca,PROPN,NOUN
»,PUNCT,PUNCT
.,PUNCT,PUNCT
Intanto,ADV,ADV
Copenaghen,PROPN,NOUN
a,ADP,FUNC
l’,DET,PRON
à,X,OTHER
rinforsou,VERB,VERB
a,ADP,FUNC
presensa,NOUN,NOUN
militare,ADJ,ADJ
in,ADP,FUNC
sce,VERB,VERB
l’,DET,PRON
isoa,NOUN,NOUN
",",PUNCT,PUNCT
a,ADP,FUNC
Sveçia,PROPN,NOUN
a,ADP,FUNC
l’,DET,PRON
à,ADJ,ADJ
mandou,NOUN,NOUN
di,ADP,FUNC
sordatti,NOUN,NOUN
e,CCONJ,FUNC
o,CCONJ,FUNC
Regno,PROPN,NOUN
Unio,NOUN,NOUN
ascì,ADJ,ADJ
o,CCONJ,FUNC
l’,DET,PRON
é,X,OTHER
apreuvo,VERB,VERB
à,X,OTHER
negoçiâ,ADV,ADV
co,ADJ,ADJ
-,PUNCT,PUNCT
i,DET,PRON
amixi,NOUN,NOUN
europëi,VERB,VERB
un,DET,PRON
intervento,NOUN,NOUN
pe,PRON,PRON
garantî,NOUN,NOUN
a,ADP,FUNC
seguessa,NOUN,NOUN
de,ADP,FUNC
l’,DET,PRON
Artico,PROPN,NOUN
.,PUNCT,PUNCT
A,ADP,FUNC
Fransa,PROPN,NOUN
a,ADP,FUNC
l’,DET,PRON
é,PROPN,NOUN
pronta,ADJ,ADJ
à,ADP,FUNC
spedî,PRON,PRON
fin,ADP,FUNC
à,X,OTHER
6mila,NUM,ADJ
sordatti,NOUN,NOUN
in,ADP,FUNC
Ucraina,PROPN,NOUN
dòppo,ADJ,ADJ
finio,NOUN,NOUN
a,ADP,FUNC
guæra,NOUN,NOUN
e,CCONJ,FUNC
Londra,PROPN,NOUN
a,ADP,FUNC
mettià,NOUN,NOUN
230,NUM,ADJ
mioin,ADJ,ADJ
pe,X,OTHER
-,PUNCT,PUNCT
o,CCONJ,FUNC
seu,DET,PRON
exerçito,NOUN,NOUN
.,PUNCT,PUNCT
"

",SPACE,OTHER
L’,DET,PRON
investigaçion,NOUN,NOUN
in,ADP,FUNC
sciâ,ADJ,ADJ
strage,NOUN,NOUN
do,ADP,FUNC
Primmo,PROPN,NOUN
de,ADP,FUNC
l’,DET,PRON
anno,NOUN,NOUN
à,ADP,FUNC
Crans-Montana,PROPN,NOUN
",",PUNCT,PUNCT
in,ADP,FUNC
Svissera,PROPN,NOUN
",",PUNCT,PUNCT
donde,VERB,VERB
40,NUM,ADJ
persoñe,PROPN,NOUN
son,AUX,VERB
mòrte,VERB,VERB
inte,ADV,ADV
l’,DET,PRON
inçendio,NOUN,NOUN
de,ADP,FUNC
un,DET,PRON
locale,NOUN,NOUN
",",PUNCT,PUNCT
a,ADP,FUNC
s’,DET,PRON
allarga,NOUN,NOUN
a,ADP,FUNC
-,PUNCT,PUNCT
i,DET,PRON
contròlli,NOUN,NOUN
mancæ,VERB,VERB
da,ADP,FUNC
parte,NOUN,NOUN
do,ADP,FUNC
Commun,PROPN,NOUN
.,PUNCT,PUNCT
A,ADP,FUNC
viçescindica,NOUN,NOUN
do,ADP,FUNC
paise,VERB,VERB
a,ADP,FUNC
l’,DET,PRON
à,X,OTHER
ciammou,ADJ,ADJ
scuse,ADJ,ADJ
.,PUNCT,PUNCT
O,CCONJ,FUNC
Jacques,PROPN,NOUN
Moretti,PROPN,NOUN
",",PUNCT,PUNCT
baccan,VERB,VERB
do,ADP,FUNC
Le,DET,PRON
Constellation,PROPN,NOUN
co,ADJ,ADJ
-,PUNCT,PUNCT
a,ADP,FUNC
moggê,PROPN,NOUN
Jessica,PROPN,NOUN
",",PUNCT,PUNCT
o,CCONJ,FUNC
l’,DET,PRON
é,PROPN,NOUN
ancon,VERB,VERB
in,ADP,FUNC
prexon,NOUN,NOUN
pe,PROPN,NOUN
-,PUNCT,PUNCT
o,CCONJ,FUNC
reisego,VERB,VERB
de,ADP,FUNC
fuga,NOUN,NOUN
",",PUNCT,PUNCT
ma,CCONJ,FUNC
a,ADP,FUNC
Procua,PROPN,NOUN
de,ADP,FUNC
Sion,PROPN,NOUN
a,ADP,FUNC
l’,DET,PRON
avieiva,ADJ,ADJ
domandou,NOUN,NOUN
unna,ADP,FUNC
cauçion,NOUN,NOUN
de,ADP,FUNC
400mia,NUM,ADJ
franchi,NOUN,NOUN
pe,PRON,PRON
mettilo,VERB,VERB
in,ADP,FUNC
libertæ,NOUN,NOUN
.,PUNCT,PUNCT
O,CCONJ,FUNC
l’,DET,PRON
à,X,OTHER
ammisso,VERB,VERB
che,SCONJ,FUNC
a,ADP,FUNC
pòrta,NOUN,NOUN
a,ADP,FUNC
-,PUNCT,PUNCT
o,CCONJ,FUNC
cian,VERB,VERB
terren,PRON,PRON
a,ADP,FUNC
l’,DET,PRON
ea,NOUN,NOUN
serrâ,NOUN,NOUN
co,DET,PRON
-,PUNCT,PUNCT
a,ADP,FUNC
ciave,NOUN,NOUN
e,CCONJ,FUNC
ch’,AUX,VERB
o,CCONJ,FUNC
l’,DET,PRON
aiva,ADJ,ADJ
cangiou,NOUN,NOUN
lê,X,OTHER
a,ADP,FUNC
scciumma,NOUN,NOUN
anti,ADJ,ADJ
-,PUNCT,PUNCT
fô,INTJ,OTHER
ch’,PRON,PRON
a,ADP,FUNC
l’,DET,PRON
à,ADJ,ADJ
piggiou,VERB,VERB
feugo,NOUN,NOUN
.,PUNCT,PUNCT
I,DET,PRON
doî,NOUN,NOUN
son,PROPN,NOUN
accaxonæ,VERB,VERB
d’,ADP,FUNC
ammassamento,ADV,ADV
",",PUNCT,PUNCT
lexoin,NOUN,NOUN
e,CCONJ,FUNC
inçendio,NOUN,NOUN
corpoxi,NOUN,NOUN
.,PUNCT,PUNCT
A,ADP,FUNC
dònna,NOUN,NOUN
a,ADP,FUNC
gh’,PROPN,NOUN
à,ADP,FUNC
solo,ADV,ADV
l’,DET,PRON
òbrigo,NOUN,NOUN
de,ADP,FUNC
firma,NOUN,NOUN
.,PUNCT,PUNCT
O,CCONJ,FUNC
Mohammad,PROPN,NOUN
Hannoun,PROPN,NOUN
",",PUNCT,PUNCT
l’,DET,PRON
attivista,NOUN,NOUN
palestineise,VERB,VERB
de,ADP,FUNC
63,NUM,ADJ
anni,NOUN,NOUN
arrestou,ADJ,ADJ
à,AUX,VERB
Zena,VERB,VERB
con,ADP,FUNC
l’,DET,PRON
accusa,NOUN,NOUN
d’,ADP,FUNC
avei,ADJ,ADJ
finançiou,NOUN,NOUN
Hamas,PROPN,NOUN
e,CCONJ,FUNC
d’,ADP,FUNC
ëse,NOUN,NOUN
o,CCONJ,FUNC
cappo,NOUN,NOUN
da,ADP,FUNC
çellula,NOUN,NOUN
italiaña,ADJ,ADJ
de,ADP,FUNC
l’,DET,PRON
organizzaçion,NOUN,NOUN
",",PUNCT,PUNCT
o,CCONJ,FUNC
l’,DET,PRON
é,NOUN,NOUN
stæto,ADJ,ADJ
portou,NOUN,NOUN
da,ADP,FUNC
-,PUNCT,PUNCT
a,ADP,FUNC
prexon,PROPN,NOUN
de,ADP,FUNC
Marasci,PROPN,NOUN
à,ADP,FUNC
quella,PRON,PRON
de,ADP,FUNC
Terni,PROPN,NOUN
inte,NOUN,NOUN
unna,PROPN,NOUN
seçion,NOUN,NOUN
d’,ADP,FUNC
erta,NOUN,NOUN
seguessa,VERB,VERB
destinâ,VERB,VERB
a,ADP,FUNC
-,PUNCT,PUNCT
i,DET,PRON
detegnui,NOUN,NOUN
pe,PRON,PRON
terroriximo,ADJ,ADJ
.,PUNCT,PUNCT
I,DET,PRON
seu,NOUN,NOUN
avvocati,NOUN,NOUN
an,DET,PRON
fæto,NOUN,NOUN
recorso,VERB,VERB
a,ADP,FUNC
-,PUNCT,PUNCT
o,CCONJ,FUNC
Tribunâ,PROPN,NOUN
do,ADP,FUNC
reexamme,NOUN,NOUN
pe,PROPN,NOUN
domandâne,VERB,VERB
a,ADP,FUNC
liberaçion,NOUN,NOUN
.,PUNCT,PUNCT
Into,NOUN,NOUN
gruppo,NOUN,NOUN
de,ADP,FUNC
magistrati,NOUN,NOUN
che,PRON,PRON
guiddan,VERB,VERB
l’,DET,PRON
investigaçion,NOUN,NOUN
ghe,PRON,PRON
saià,VERB,VERB
ascì,VERB,VERB
o,CCONJ,FUNC
Luca,PROPN,NOUN
Monteverde,PROPN,NOUN
",",PUNCT,PUNCT
ch’,AUX,VERB
o,CCONJ,FUNC
l’,DET,PRON
aiva,ADJ,ADJ
indagou,NOUN,NOUN
ascì,VERB,VERB
in,ADP,FUNC
sciô,PROPN,NOUN
passou,VERB,VERB
prescidente,ADV,ADV
da,ADP,FUNC
Region,PROPN,NOUN
Giovanni,PROPN,NOUN
Toti,PROPN,NOUN
.,PUNCT,PUNCT
Intanto,ADV,ADV
in,ADP,FUNC
sce,VERB,VERB
Instagram,PROPN,NOUN
l’,DET,PRON
é,NOUN,NOUN
stæto,ADJ,ADJ
averto,ADV,ADV
un,DET,PRON
neuvo,ADJ,ADJ
profî,NOUN,NOUN
Orizzonte,PROPN,NOUN
Umanitario,PROPN,NOUN
",",PUNCT,PUNCT
pe,PRON,PRON
dâ,PRON,PRON
voxe,NOUN,NOUN
à,ADP,FUNC
l’,DET,PRON
assoçiaçion,NOUN,NOUN
do,ADP,FUNC
Hannoun,PROPN,NOUN
.,PUNCT,PUNCT
"

",SPACE,OTHER
Un,DET,PRON
allenatô,NOUN,NOUN
de,ADP,FUNC
savate,NOUN,NOUN
da,ADP,FUNC
provinsa,ADJ,ADJ
d’,ADP,FUNC
Impëia,PROPN,NOUN
o,CCONJ,FUNC
l’,DET,PRON
é,ADJ,ADJ
stæto,ADJ,ADJ
arrestou,NOUN,NOUN
pe,PRON,PRON
violensa,VERB,VERB
sessuale,ADJ,ADJ
in,ADP,FUNC
sce,VERB,VERB
træ,DET,PRON
atlete,NOUN,NOUN
",",PUNCT,PUNCT
de,ADP,FUNC
quæ,X,OTHER
doe,ADP,FUNC
minoî,NOUN,NOUN
.,PUNCT,PUNCT
L’,DET,PRON
investigaçion,NOUN,NOUN
",",PUNCT,PUNCT
partia,VERB,VERB
da,ADP,FUNC
-,PUNCT,PUNCT
a,ADP,FUNC
testimoniansa,PROPN,NOUN
d’,ADP,FUNC
uña,PROPN,NOUN
de,ADP,FUNC
zoene,PROPN,NOUN
",",PUNCT,PUNCT
a,ADP,FUNC
l’,DET,PRON
à,ADJ,ADJ
permisso,ADJ,ADJ
d’,ADP,FUNC
incriminâ,NOUN,NOUN
l’,DET,PRON
òmmo,PROPN,NOUN
:,PUNCT,PUNCT
segondo,VERB,VERB
l’,DET,PRON
accusa,VERB,VERB
",",PUNCT,PUNCT
graçie,NOUN,NOUN
a,ADP,FUNC
-,PUNCT,PUNCT
a,ADP,FUNC
seu,DET,PRON
poxiçion,NOUN,NOUN
",",PUNCT,PUNCT
o,CCONJ,FUNC
l’,DET,PRON
avieiva,ADJ,ADJ
commisso,NOUN,NOUN
di,ADP,FUNC
abuxi,VERB,VERB
gravi,ADJ,ADJ
e,CCONJ,FUNC
scistematichi,ADJ,ADJ
con,ADP,FUNC
fâli,NOUN,NOUN
passâ,ADJ,ADJ
pe,ADP,FUNC
«,PUNCT,PUNCT
strumenti,NOUN,NOUN
de,ADP,FUNC
crescita,NOUN,NOUN
sportiva,ADJ,ADJ
e,CCONJ,FUNC
profescionale,ADJ,ADJ
»,PUNCT,PUNCT
.,PUNCT,PUNCT
S’,ADV,ADV
anava,VERB,VERB
da,ADP,FUNC
-,PUNCT,PUNCT
i,DET,PRON
apprexamenti,NOUN,NOUN
a,ADP,FUNC
-,PUNCT,PUNCT
i,DET,PRON
baxi,NOUN,NOUN
in,ADP,FUNC
bocca,NOUN,NOUN
fin,ADV,ADV
a,ADP,FUNC
-,PUNCT,PUNCT
i,DET,PRON
massaggi,NOUN,NOUN
inti,ADJ,ADJ
quæ,NUM,ADJ
l’,DET,PRON
òmmo,PROPN,NOUN
o,CCONJ,FUNC
toccava,VERB,VERB
e,CCONJ,FUNC
parte,NOUN,NOUN
intime,ADJ,ADJ
de,ADP,FUNC
figge,NOUN,NOUN
",",PUNCT,PUNCT
sciben,ADV,ADV
che,SCONJ,FUNC
loiatre,AUX,VERB
cianzeivan,VERB,VERB
ò,X,OTHER
tremmavan,VERB,VERB
.,PUNCT,PUNCT
Pe,PROPN,NOUN
-,PUNCT,PUNCT
o,CCONJ,FUNC
momento,NOUN,NOUN
o,CCONJ,FUNC
no,ADV,ADV
porrià,VERB,VERB
avvexinâse,ADV,ADV
a,ADP,FUNC
-,PUNCT,PUNCT
e,CCONJ,FUNC
vittime,NOUN,NOUN
.,PUNCT,PUNCT
"

",SPACE,OTHER
A,ADP,FUNC
Guardia,PROPN,NOUN
de,ADP,FUNC
finansa,PROPN,NOUN
de,ADP,FUNC
Zena,PROPN,NOUN
",",PUNCT,PUNCT
insemme,NOUN,NOUN
co,ADJ,ADJ
-,PUNCT,PUNCT
i,DET,PRON
fonçionäi,NOUN,NOUN
de,ADJ,ADJ
l’,DET,PRON
Agençia,PROPN,NOUN
de,ADP,FUNC
dugañe,NOUN,NOUN
",",PUNCT,PUNCT
an,PROPN,NOUN
descoverto,VERB,VERB
e,CCONJ,FUNC
sexio,VERB,VERB
into,NOUN,NOUN
pòrto,ADJ,ADJ
de,ADP,FUNC
San,PROPN,NOUN
Pê,PROPN,NOUN
d’,ADP,FUNC
Æña,ADV,ADV
un,DET,PRON
carrego,NOUN,NOUN
de,ADP,FUNC
2,NUM,ADJ
tonnëi,NOUN,NOUN
e,CCONJ,FUNC
passa,VERB,VERB
da,ADP,FUNC
cocaiña,NOUN,NOUN
sccetta,ADJ,ADJ
.,PUNCT,PUNCT
O,CCONJ,FUNC
l’,DET,PRON
é,AUX,VERB
un,DET,PRON
di,ADP,FUNC
sequestri,NOUN,NOUN
ciù,NOUN,NOUN
gròsci,VERB,VERB
mai,ADV,ADV
fæti,NOUN,NOUN
à,ADP,FUNC
Zena,PROPN,NOUN
",",PUNCT,PUNCT
un,DET,PRON
pòrto,NOUN,NOUN
donde,VERB,VERB
passa,VERB,VERB
un,DET,PRON
muggio,NOUN,NOUN
de,ADP,FUNC
trafeghi,NOUN,NOUN
pe,PRON,PRON
l’,DET,PRON
Euröpa,PROPN,NOUN
.,PUNCT,PUNCT
A,ADP,FUNC
dröga,NOUN,NOUN
",",PUNCT,PUNCT
se,SCONJ,FUNC
missa,VERB,VERB
in,ADP,FUNC
sciô,PROPN,NOUN
mercou,PROPN,NOUN
",",PUNCT,PUNCT
a,ADP,FUNC
l’,DET,PRON
avieiva,ADJ,ADJ
fæto,NOUN,NOUN
guägnâ,ADV,ADV
un,DET,PRON
miliardo,NOUN,NOUN
e,CCONJ,FUNC
mezo,PRON,PRON
d’,ADP,FUNC
euro,NOUN,NOUN
.,PUNCT,PUNCT
A,ADP,FUNC
povie,NOUN,NOUN
gianca,ADJ,ADJ
",",PUNCT,PUNCT
spartia,VERB,VERB
inte,ADV,ADV
2.109,NUM,ADJ
panetti,NOUN,NOUN
",",PUNCT,PUNCT
a,ADP,FUNC
l’,DET,PRON
ea,PROPN,NOUN
ascosa,ADJ,ADJ
drento,ADJ,ADJ
à,ADP,FUNC
87,NUM,ADJ
sacchi,NOUN,NOUN
inte,ADV,ADV
un,DET,PRON
container,NOUN,NOUN
ch’,PROPN,NOUN
o,CCONJ,FUNC
ne,PRON,PRON
vegniva,VERB,VERB
da,ADP,FUNC
-,PUNCT,PUNCT
a,ADP,FUNC
Colombia,PROPN,NOUN
.,PUNCT,PUNCT
"

",SPACE,OTHER
«,PUNCT,PUNCT
I,DET,PRON
giudiçi,NOUN,NOUN
rendan,NOUN,NOUN
inutile,ADJ,ADJ
o,CCONJ,FUNC
travaggio,NOUN,NOUN
da,ADP,FUNC
poliçia,NOUN,NOUN
e,CCONJ,FUNC
do,ADP,FUNC
Parlamento,PROPN,NOUN
»,PUNCT,PUNCT
e,CCONJ,FUNC
«,PUNCT,PUNCT
mettan,ADV,ADV
à,PROPN,NOUN
reisego,VERB,VERB
a,ADP,FUNC
seguessa,NOUN,NOUN
»,PUNCT,PUNCT
.,PUNCT,PUNCT
Coscì,VERB,VERB
a,ADP,FUNC
prescidente,NOUN,NOUN
do,ADP,FUNC
Conseggio,PROPN,NOUN
Giorgia,PROPN,NOUN
Meloni,PROPN,NOUN
inta,VERB,VERB
conferensa,ADJ,ADJ
stampa,NOUN,NOUN
do,ADP,FUNC
prinçipio,NOUN,NOUN
de,ADP,FUNC
l’,DET,PRON
anno,NOUN,NOUN
.,PUNCT,PUNCT
«,PUNCT,PUNCT
E,CCONJ,FUNC
mæ,ADV,ADV
relaçioin,VERB,VERB
co,ADJ,ADJ
-,PUNCT,PUNCT
o,CCONJ,FUNC
Quirinale,PROPN,NOUN
son,AUX,VERB
boniscime,ADJ,ADJ
–,PUNCT,PUNCT
a,ADP,FUNC
l’,DET,PRON
à,X,OTHER
dito,ADJ,ADJ
–,PUNCT,PUNCT
.,PUNCT,PUNCT
Co,PROPN,NOUN
-,PROPN,NOUN
o,CCONJ,FUNC
prescidente,ADV,ADV
da,ADP,FUNC
Repubrica,NOUN,NOUN
no,ADV,ADV
semmo,VERB,VERB
sempre,ADV,ADV
d’,ADP,FUNC
accòrdio,NOUN,NOUN
",",PUNCT,PUNCT
ma,CCONJ,FUNC
pe,PRON,PRON
defende,VERB,VERB
l’,DET,PRON
interesse,NOUN,NOUN
naçionale,ADJ,ADJ
o,CCONJ,FUNC
gh’,PROPN,NOUN
é,NOUN,NOUN
»,PUNCT,PUNCT
.,PUNCT,PUNCT
A,ADP,FUNC
Meloni,PROPN,NOUN
a,ADP,FUNC
l’,DET,PRON
à,X,OTHER
respòsto,VERB,VERB
à,PRON,PRON
unna,PROPN,NOUN
quaranteña,PRON,PRON
de,ADP,FUNC
domande,NOUN,NOUN
e,CCONJ,FUNC
a,ADP,FUNC
l’,DET,PRON
à,ADJ,ADJ
annonçiou,NOUN,NOUN
a,ADP,FUNC
dæta,NOUN,NOUN
pe,NOUN,NOUN
-,PUNCT,PUNCT
o,CCONJ,FUNC
referendum,NOUN,NOUN
in,ADP,FUNC
sciâ,NOUN,NOUN
giustiçia,NOUN,NOUN
:,PUNCT,PUNCT
i,DET,PRON
22,NUM,ADJ
e,CCONJ,FUNC
23,NUM,ADJ
de,ADP,FUNC
marso,NOUN,NOUN
.,PUNCT,PUNCT
«,PUNCT,PUNCT
Me,PRON,PRON
basta,VERB,VERB
e,CCONJ,FUNC
m’,PRON,PRON
appascioña,VERB,VERB
quello,PRON,PRON
che,PRON,PRON
son,AUX,VERB
apreuvo,VERB,VERB
à,CCONJ,FUNC
fâ,ADP,FUNC
–,PUNCT,PUNCT
a,ADP,FUNC
l’,DET,PRON
à,ADJ,ADJ
azzonto,NOUN,NOUN
–,PUNCT,PUNCT
.,PUNCT,PUNCT
Se,SCONJ,FUNC
ô,ADP,FUNC
faiò,X,OTHER
ancon,ADP,FUNC
dependià,NOUN,NOUN
da,ADP,FUNC
-,PUNCT,PUNCT
o,CCONJ,FUNC
voto,NOUN,NOUN
di,ADP,FUNC
italien,PROPN,NOUN
»,PUNCT,PUNCT
.,PUNCT,PUNCT
"

",SPACE,OTHER
Un,DET,PRON
cappotreno,NOUN,NOUN
de,ADP,FUNC
34,NUM,ADJ
anni,NOUN,NOUN
",",PUNCT,PUNCT
Alessandro,PROPN,NOUN
Ambrosio,PROPN,NOUN
",",PUNCT,PUNCT
o,CCONJ,FUNC
l’,DET,PRON
é,AUX,VERB
stæto,ADJ,ADJ
ammassou,ADJ,ADJ
à,ADP,FUNC
cotellæ,NOUN,NOUN
vexin,PROPN,NOUN
à,ADP,FUNC
un,DET,PRON
parchezzo,NOUN,NOUN
d’,ADP,FUNC
arente,ADV,ADV
a,ADP,FUNC
-,PUNCT,PUNCT
a,ADP,FUNC
staçion,NOUN,NOUN
de,ADP,FUNC
Bològna,PROPN,NOUN
",",PUNCT,PUNCT
inte,ADV,ADV
unn’,ADJ,ADJ
äia,ADJ,ADJ
reservâ,VERB,VERB
a,ADP,FUNC
-,PUNCT,PUNCT
i,DET,PRON
dependenti,NOUN,NOUN
",",PUNCT,PUNCT
parrieiva,ADJ,ADJ
sensa,ADJ,ADJ
unna,PROPN,NOUN
raxon,PROPN,NOUN
.,PUNCT,PUNCT
A,ADP,FUNC
poliçia,NOUN,NOUN
a,ADP,FUNC
l’,DET,PRON
à,ADJ,ADJ
arrestou,NOUN,NOUN
o,CCONJ,FUNC
Marin,PROPN,NOUN
Jelenik,PROPN,NOUN
",",PUNCT,PUNCT
un,DET,PRON
croato,NOUN,NOUN
de,ADP,FUNC
36,NUM,ADJ
anni,NOUN,NOUN
",",PUNCT,PUNCT
ch’,AUX,VERB
o,CCONJ,FUNC
l’,DET,PRON
ea,PROPN,NOUN
davanti,ADV,ADV
a,ADP,FUNC
-,PUNCT,PUNCT
a,ADP,FUNC
staçion,NOUN,NOUN
sensa,ADJ,ADJ
papê,PROPN,NOUN
.,PUNCT,PUNCT
O,CCONJ,FUNC
l’,DET,PRON
é,NOUN,NOUN
accaxonou,NOUN,NOUN
d’,ADP,FUNC
ammassamento,ADV,ADV
.,PUNCT,PUNCT
O,CCONJ,FUNC
l’,PRON,PRON
aiva,VERB,VERB
un,DET,PRON
muggio,NOUN,NOUN
de,ADP,FUNC
crimini,NOUN,NOUN
passæ,PROPN,NOUN
comme,NOUN,NOUN
rapiñe,ADJ,ADJ
",",PUNCT,PUNCT
fastiddi,VERB,VERB
sessuali,ADJ,ADJ
e,CCONJ,FUNC
aggrescion,NOUN,NOUN
",",PUNCT,PUNCT
e,CCONJ,FUNC
ascì,VERB,VERB
un,DET,PRON
ordine,NOUN,NOUN
europeo,ADJ,ADJ
d’,ADP,FUNC
allontanamento,NOUN,NOUN
pe,ADP,FUNC
ëse,AUX,VERB
stæto,ADJ,ADJ
trovou,NOUN,NOUN
con,ADP,FUNC
un,DET,PRON
cotello,NOUN,NOUN
.,PUNCT,PUNCT
A,ADP,FUNC
-,PUNCT,PUNCT
i,DET,PRON
30,NUM,ADJ
de,ADP,FUNC
dexembre,NOUN,NOUN
ghe,PRON,PRON
l’,DET,PRON
aivan,ADJ,ADJ
sexio,NOUN,NOUN
à,X,OTHER
Pavia,PROPN,NOUN
.,PUNCT,PUNCT
À,ADP,FUNC
Udine,PROPN,NOUN
o,CCONJ,FUNC
l’,DET,PRON
aiva,ADJ,ADJ
devastou,NOUN,NOUN
un,DET,PRON
supermercou,NOUN,NOUN
.,PUNCT,PUNCT
"

",SPACE,OTHER
Milan,PROPN,NOUN
a,ADP,FUNC
se,SCONJ,FUNC
conferma,VERB,VERB
a,ADP,FUNC
çittæ,VERB,VERB
italiaña,NOUN,NOUN
co,ADJ,ADJ
-,PUNCT,PUNCT
o,CCONJ,FUNC
costo,NOUN,NOUN
da,ADP,FUNC
vitta,NOUN,NOUN
ciù,ADP,FUNC
erto,VERB,VERB
anche,ADV,ADV
do,ADP,FUNC
2025,NUM,ADJ
.,PUNCT,PUNCT
Quella,DET,PRON
ciù,NOUN,NOUN
à,X,OTHER
bon,VERB,VERB
patto,VERB,VERB
a,ADP,FUNC
l’,DET,PRON
é,PROPN,NOUN
Napoli,PROPN,NOUN
",",PUNCT,PUNCT
ma,CCONJ,FUNC
se,SCONJ,FUNC
s’,PRON,PRON
ammia,NOUN,NOUN
solo,ADV,ADV
a,ADP,FUNC
-,PUNCT,PUNCT
a,ADP,FUNC
speisa,PROPN,NOUN
pe,PROPN,NOUN
-,PUNCT,PUNCT
o,CCONJ,FUNC
mangiâ,NOUN,NOUN
convegnieiva,ADJ,ADJ
stâ,ADP,FUNC
à,X,OTHER
Catanzaro,PROPN,NOUN
ciufito,VERB,VERB
che,SCONJ,FUNC
à,ADP,FUNC
Bolsan,PROPN,NOUN
",",PUNCT,PUNCT
a,ADP,FUNC
ciù,ADP,FUNC
caa,X,OTHER
da,ADP,FUNC
sto,NOUN,NOUN
ponto,VERB,VERB
de,ADP,FUNC
vista,NOUN,NOUN
.,PUNCT,PUNCT
A,ADP,FUNC
clascifica,NOUN,NOUN
a,ADP,FUNC
sata,NOUN,NOUN
feua,ADJ,ADJ
da,ADP,FUNC
un,DET,PRON
studio,NOUN,NOUN
do,ADP,FUNC
Codacons,PROPN,NOUN
basou,VERB,VERB
in,ADP,FUNC
scî,ADJ,ADJ
dæti,NOUN,NOUN
de,ADP,FUNC
l’,DET,PRON
Osservatöio,PROPN,NOUN
di,ADP,FUNC
prexi,NOUN,NOUN
do,ADP,FUNC
ministëio,PROPN,NOUN
de,ADP,FUNC
Impreise,PROPN,NOUN
.,PUNCT,PUNCT
Piggiando,VERB,VERB
un,DET,PRON
panê,NOUN,NOUN
compòsto,ADJ,ADJ
da,ADP,FUNC
fruta,NOUN,NOUN
e,CCONJ,FUNC
verdua,ADJ,ADJ
",",PUNCT,PUNCT
alimentari,ADJ,ADJ
e,CCONJ,FUNC
serviçi,VERB,VERB
comme,NOUN,NOUN
o,CCONJ,FUNC
dentista,ADJ,ADJ
",",PUNCT,PUNCT
o,CCONJ,FUNC
perrucchê,X,OTHER
ò,X,OTHER
a,ADP,FUNC
tenzaia,NOUN,NOUN
",",PUNCT,PUNCT
à,ADJ,ADJ
Milan,PROPN,NOUN
se,SCONJ,FUNC
spende,VERB,VERB
squæxi,VERB,VERB
600,NUM,ADJ
euro,NOUN,NOUN
",",PUNCT,PUNCT
o,CCONJ,FUNC
62,NUM,ADJ
%,SYM,OTHER
in,ADP,FUNC
ciù,NOUN,NOUN
che,SCONJ,FUNC
à,ADP,FUNC
Napoli,PROPN,NOUN
pe,PROPN,NOUN
-,PUNCT,PUNCT
o,CCONJ,FUNC
mæximo,ADV,ADV
panê,VERB,VERB
.,PUNCT,PUNCT
In,ADP,FUNC
sciô,VERB,VERB
pòdio,NOUN,NOUN
de,ADP,FUNC
çittæ,X,OTHER
ciù,ADV,ADV
caistriose,VERB,VERB
gh’,NOUN,NOUN
é,X,OTHER
Aòsta,PROPN,NOUN
e,CCONJ,FUNC
Bolsan,PROPN,NOUN
ascì,PROPN,NOUN
.,PUNCT,PUNCT
"

",SPACE,OTHER
Inta,PRON,PRON
neutte,NOUN,NOUN
tra,ADP,FUNC
i,DET,PRON
2,NUM,ADJ
e,CCONJ,FUNC
i,DET,PRON
3,NUM,ADJ
de,ADP,FUNC
zenâ,PROPN,NOUN
i,DET,PRON
Stati,NOUN,NOUN
Unii,PROPN,NOUN
an,ADP,FUNC
attaccou,VERB,VERB
o,CCONJ,FUNC
Venezuela,PROPN,NOUN
e,CCONJ,FUNC
an,PROPN,NOUN
acciappou,PROPN,NOUN
o,CCONJ,FUNC
prescidente,ADJ,ADJ
Nicolas,PROPN,NOUN
Moduro,PROPN,NOUN
co,ADJ,ADJ
-,PUNCT,PUNCT
a,ADP,FUNC
moggê,NOUN,NOUN
tanto,ADV,ADV
che,SCONJ,FUNC
dormivan,VERB,VERB
.,PUNCT,PUNCT
Inte,ADV,ADV
l’,DET,PRON
operaçion,NOUN,NOUN
gh’,DET,PRON
é,AUX,VERB
stæto,VERB,VERB
a,ADP,FUNC
-,PUNCT,PUNCT
o,CCONJ,FUNC
manco,ADJ,ADJ
80,NUM,ADJ
mòrti,NOUN,NOUN
tra,ADP,FUNC
militari,NOUN,NOUN
e,CCONJ,FUNC
çivili,ADJ,ADJ
.,PUNCT,PUNCT
«,PUNCT,PUNCT
Gestiemo,PROPN,NOUN
o,CCONJ,FUNC
Paise,PROPN,NOUN
fin,ADV,ADV
a,ADP,FUNC
-,PUNCT,PUNCT
a,ADP,FUNC
tranxiçion,NOUN,NOUN
»,PUNCT,PUNCT
",",PUNCT,PUNCT
o,CCONJ,FUNC
l’,DET,PRON
à,X,OTHER
dito,ADJ,ADJ
o,CCONJ,FUNC
Trump,PROPN,NOUN
",",PUNCT,PUNCT
ch’,PROPN,NOUN
o,CCONJ,FUNC
l’,DET,PRON
à,ADJ,ADJ
annonçiou,NOUN,NOUN
l’,DET,PRON
arrivo,NOUN,NOUN
de,ADP,FUNC
compagnie,NOUN,NOUN
do,ADP,FUNC
petròlio,NOUN,NOUN
.,PUNCT,PUNCT
O,CCONJ,FUNC
Maduro,PROPN,NOUN
",",PUNCT,PUNCT
accaxonou,NOUN,NOUN
de,ADP,FUNC
narcoterroriximo,ADJ,ADJ
",",PUNCT,PUNCT
o,CCONJ,FUNC
s’,DET,PRON
é,NOUN,NOUN
proclammou,VERB,VERB
innoçente,ADV,ADV
.,PUNCT,PUNCT
A,ADP,FUNC
Delcy,PROPN,NOUN
Rodriguez,PROPN,NOUN
a,ADP,FUNC
l’,DET,PRON
é,PROPN,NOUN
stæta,PROPN,NOUN
incarregâ,VERB,VERB
prescidente,ADV,ADV
ad,ADP,FUNC
interim,NOUN,NOUN
.,PUNCT,PUNCT
Oua,NOUN,NOUN
o,CCONJ,FUNC
Trump,PROPN,NOUN
o,CCONJ,FUNC
veu,PROPN,NOUN
à,X,OTHER
Groenlandia,PROPN,NOUN
:,PUNCT,PUNCT
«,PUNCT,PUNCT
N’,PRON,PRON
emmo,VERB,VERB
de,ADP,FUNC
beseugno,NOUN,NOUN
pe,ADJ,ADJ
-,PUNCT,PUNCT
a,ADP,FUNC
seguessa,NOUN,NOUN
naçionale,ADJ,ADJ
",",PUNCT,PUNCT
a,ADP,FUNC
Danimarca,PROPN,NOUN
a,ADP,FUNC
no,NOUN,NOUN
saià,VERB,VERB
boña,VERB,VERB
à,ADJ,ADJ
dâghe,NOUN,NOUN
a,ADP,FUNC
mente,NOUN,NOUN
»,PUNCT,PUNCT
.,PUNCT,PUNCT
Gh’,ADJ,ADJ
é,PUNCT,PUNCT
anche,ADV,ADV
l’,DET,PRON
ipòtexi,NOUN,NOUN
de,ADP,FUNC
mandâghe,NOUN,NOUN
l’,DET,PRON
exerçito,NOUN,NOUN
pe,ADP,FUNC
piggiâla,NOUN,NOUN
.,PUNCT,PUNCT
L’,DET,PRON
Union,PROPN,NOUN
europea,ADJ,ADJ
invexendâ,ADV,ADV
:,PUNCT,PUNCT
«,PUNCT,PUNCT
A,ADP,FUNC
l’,DET,PRON
é,PROPN,NOUN
autònoma,ADJ,ADJ
",",PUNCT,PUNCT
a,ADP,FUNC
va,VERB,VERB
respettâ,DET,PRON
»,PUNCT,PUNCT
.,PUNCT,PUNCT
"

",SPACE,OTHER
A,ADP,FUNC
Procua,PROPN,NOUN
de,ADP,FUNC
Sion,PROPN,NOUN
a,ADP,FUNC
l’,DET,PRON
à,X,OTHER
commandou,VERB,VERB
l’,DET,PRON
arresto,NOUN,NOUN
pe,ADJ,ADJ
-,PUNCT,PUNCT
o,CCONJ,FUNC
Jacques,PROPN,NOUN
Moretti,PROPN,NOUN
",",PUNCT,PUNCT
o,CCONJ,FUNC
baccan,VERB,VERB
do,ADP,FUNC
locale,NOUN,NOUN
La,DET,PRON
Constellation,PROPN,NOUN
de,ADP,FUNC
Crans-Montana,PROPN,NOUN
",",PUNCT,PUNCT
in,ADP,FUNC
Svissera,PROPN,NOUN
",",PUNCT,PUNCT
donde,VERB,VERB
l’,DET,PRON
é,NOUN,NOUN
avvegnuo,NOUN,NOUN
l’,DET,PRON
inçendio,NOUN,NOUN
do,ADP,FUNC
Primmo,PROPN,NOUN
de,ADP,FUNC
l’,DET,PRON
anno,NOUN,NOUN
con,ADP,FUNC
40,NUM,ADJ
mòrti,NOUN,NOUN
",",PUNCT,PUNCT
squæxi,VERB,VERB
tutti,PRON,PRON
zoenòtti,ADJ,ADJ
.,PUNCT,PUNCT
Pe,NOUN,NOUN
-,PUNCT,PUNCT
a,ADP,FUNC
moggê,PROPN,NOUN
Jessica,PROPN,NOUN
l’,DET,PRON
é,AUX,VERB
stæto,ADJ,ADJ
dispòsto,VERB,VERB
l’,DET,PRON
arresto,NOUN,NOUN
in,ADP,FUNC
cà,NOUN,NOUN
.,PUNCT,PUNCT
O,CCONJ,FUNC
provedimento,VERB,VERB
",",PUNCT,PUNCT
arrivou,NOUN,NOUN
dòppo,PROPN,NOUN
l’,DET,PRON
interrogatöio,NOUN,NOUN
into,NOUN,NOUN
giorno,ADJ,ADJ
da,ADP,FUNC
commemoraçion,NOUN,NOUN
de,ADP,FUNC
vittime,NOUN,NOUN
à,PROPN,NOUN
Matigny,PROPN,NOUN
",",PUNCT,PUNCT
o,CCONJ,FUNC
l’,DET,PRON
é,NOUN,NOUN
stæto,ADJ,ADJ
giustificou,NOUN,NOUN
co,DET,PRON
-,PUNCT,PUNCT
o,CCONJ,FUNC
reisego,VERB,VERB
de,ADP,FUNC
fuga,NOUN,NOUN
.,PUNCT,PUNCT
«,PUNCT,PUNCT
No,INTJ,OTHER
çerchiemo,VERB,VERB
de,ADP,FUNC
tiâse,NOUN,NOUN
feua,VERB,VERB
da,ADP,FUNC
-,PUNCT,PUNCT
e,CCONJ,FUNC
nòstre,NOUN,NOUN
responsabilitæ,ADJ,ADJ
",",PUNCT,PUNCT
semmo,AUX,VERB
devastæ,VERB,VERB
da,ADP,FUNC
-,PUNCT,PUNCT
o,CCONJ,FUNC
dô,PROPN,NOUN
»,PUNCT,PUNCT
",",PUNCT,PUNCT
aivan,ADJ,ADJ
dito,VERB,VERB
.,PUNCT,PUNCT
O,CCONJ,FUNC
scindico,ADJ,ADJ
Nicolas,PROPN,NOUN
Féraud,PROPN,NOUN
o,CCONJ,FUNC
no,ADV,ADV
veu,NOUN,NOUN
parlâ,NOUN,NOUN
de,ADP,FUNC
dimiscioin,VERB,VERB
.,PUNCT,PUNCT
I,DET,PRON
prescidenti,NOUN,NOUN
italian,ADJ,ADJ
e,CCONJ,FUNC
franseise,ADJ,ADJ
",",PUNCT,PUNCT
o,CCONJ,FUNC
Mattarella,PROPN,NOUN
e,CCONJ,FUNC
o,CCONJ,FUNC
Macron,PROPN,NOUN
",",PUNCT,PUNCT
an,X,OTHER
domandou,NOUN,NOUN
giustiçia,NOUN,NOUN
.,PUNCT,PUNCT
"

",SPACE,OTHER
L’,DET,PRON
Union,PROPN,NOUN
Europea,ADJ,ADJ
a,ADP,FUNC
l’,DET,PRON
à,ADP,FUNC
dæto,NOUN,NOUN
a,ADP,FUNC
luxe,NOUN,NOUN
verde,ADJ,ADJ
à,PRON,PRON
l’,DET,PRON
accòrdio,NOUN,NOUN
de,ADP,FUNC
libero,ADJ,ADJ
commerçio,NOUN,NOUN
co,ADJ,ADJ
-,PUNCT,PUNCT
o,CCONJ,FUNC
Mercosur,PROPN,NOUN
",",PUNCT,PUNCT
l’,DET,PRON
organizzaçion,NOUN,NOUN
sudamericaña,ADJ,ADJ
ch’,ADV,ADV
a,ADP,FUNC
comprende,VERB,VERB
Braxî,PROPN,NOUN
",",PUNCT,PUNCT
Argentiña,PROPN,NOUN
",",PUNCT,PUNCT
Uruguay,PROPN,NOUN
e,CCONJ,FUNC
Paraguay,PROPN,NOUN
.,PUNCT,PUNCT
Ma,CCONJ,FUNC
çerti,VERB,VERB
Paixi,PROPN,NOUN
an,PROPN,NOUN
votou,NOUN,NOUN
contra,VERB,VERB
",",PUNCT,PUNCT
in,ADP,FUNC
particolâ,NOUN,NOUN
Fransa,PROPN,NOUN
",",PUNCT,PUNCT
Polònia,PROPN,NOUN
",",PUNCT,PUNCT
Austria,PROPN,NOUN
",",PUNCT,PUNCT
Ongaia,PROPN,NOUN
e,CCONJ,FUNC
Irlanda,PROPN,NOUN
.,PUNCT,PUNCT
L’,DET,PRON
inteisa,NOUN,NOUN
a,ADP,FUNC
saiàa,PROPN,NOUN
firmâ,ADP,FUNC
a,ADP,FUNC
-,PUNCT,PUNCT
i,DET,PRON
17,NUM,ADJ
de,ADP,FUNC
zenâ,PROPN,NOUN
in,ADP,FUNC
Paraguay,PROPN,NOUN
.,PUNCT,PUNCT
«,PUNCT,PUNCT
Un,DET,PRON
accòrdio,NOUN,NOUN
stòrico,ADJ,ADJ
»,PUNCT,PUNCT
",",PUNCT,PUNCT
segondo,VERB,VERB
a,ADP,FUNC
prescidente,NOUN,NOUN
da,ADP,FUNC
Commiscion,PROPN,NOUN
Ursula,PROPN,NOUN
von,PROPN,NOUN
der,ADP,FUNC
Leyen,PROPN,NOUN
.,PUNCT,PUNCT
O,CCONJ,FUNC
limite,NOUN,NOUN
pe,PRON,PRON
comensâ,VERB,VERB
de,PRON,PRON
investigaçioin,VERB,VERB
in,ADP,FUNC
scî,ADJ,ADJ
produti,NOUN,NOUN
agricoli,ADJ,ADJ
in,ADP,FUNC
caxo,X,OTHER
de,ADP,FUNC
turbative,NOUN,NOUN
do,ADP,FUNC
mercou,NOUN,NOUN
o,CCONJ,FUNC
l’,DET,PRON
é,ADJ,ADJ
stæto,ADJ,ADJ
asbasciou,NOUN,NOUN
dal’,PROPN,NOUN
8,NUM,ADJ
%,SYM,OTHER
a,ADP,FUNC
-,PUNCT,PUNCT
o,CCONJ,FUNC
5,NUM,ADJ
%,SYM,OTHER
",",PUNCT,PUNCT
comme,NOUN,NOUN
domandou,VERB,VERB
da,ADP,FUNC
-,PUNCT,PUNCT
i,DET,PRON
agricoltoî,NOUN,NOUN
italien,NOUN,NOUN
.,PUNCT,PUNCT
Unna,PROPN,NOUN
gròssa,VERB,VERB
fraña,NOUN,NOUN
a,ADP,FUNC
l’,DET,PRON
é,PROPN,NOUN
cheita,NOUN,NOUN
inta,ADJ,ADJ
seiaña,ADJ,ADJ
di,ADP,FUNC
25,NUM,ADJ
de,ADP,FUNC
zenâ,PROPN,NOUN
in,ADP,FUNC
sce,VERB,VERB
l’,DET,PRON
Aurelia,PROPN,NOUN
tra,ADP,FUNC
a,ADP,FUNC
Vexima,PROPN,NOUN
e,CCONJ,FUNC
Rensen,PROPN,NOUN
",",PUNCT,PUNCT
à,PRON,PRON
levante,ADV,ADV
da,ADP,FUNC
galleria,NOUN,NOUN
do,ADP,FUNC
Pisso,PROPN,NOUN
.,PUNCT,PUNCT
A,ADP,FUNC
stradda,NOUN,NOUN
a,ADP,FUNC
l’,DET,PRON
é,AUX,VERB
stæta,PROPN,NOUN
interrotta,ADJ,ADJ
e,CCONJ,FUNC
ghe,ADJ,ADJ
vorrià,VERB,VERB
a,ADP,FUNC
-,PUNCT,PUNCT
o,CCONJ,FUNC
manco,VERB,VERB
un,DET,PRON
meise,PROPN,NOUN
de,ADP,FUNC
travaggio,NOUN,NOUN
",",PUNCT,PUNCT
con,ADP,FUNC
l’,DET,PRON
addeuvio,NOUN,NOUN
de,ADP,FUNC
l’,DET,PRON
esploxivo,NOUN,NOUN
",",PUNCT,PUNCT
pe,PRON,PRON
mette,VERB,VERB
a,ADP,FUNC
còsta,NOUN,NOUN
in,ADP,FUNC
seguessa,NOUN,NOUN
e,CCONJ,FUNC
arvî,ADJ,ADJ
torna,VERB,VERB
.,PUNCT,PUNCT
Pe,PRON,PRON
l’,PRON,PRON
emergensa,VERB,VERB
da,ADP,FUNC
viabilitæ,NOUN,NOUN
l’,DET,PRON
é,NOUN,NOUN
stæto,ADJ,ADJ
approvou,NOUN,NOUN
de,ADP,FUNC
mesue,NOUN,NOUN
straordenäie,ADJ,ADJ
:,PUNCT,PUNCT
nisciun,PRON,PRON
pedaggio,NOUN,NOUN
in,ADP,FUNC
sce,VERB,VERB
l’,DET,PRON
autostradda,NOUN,NOUN
A10,PROPN,NOUN
tra,ADP,FUNC
Rensen,PROPN,NOUN
e,CCONJ,FUNC
Pra,PROPN,NOUN
’,PROPN,NOUN
",",PUNCT,PUNCT
e,CCONJ,FUNC
i,DET,PRON
treni,NOUN,NOUN
se,SCONJ,FUNC
porrian,PROPN,NOUN
piggiâ,VERB,VERB
co,ADJ,ADJ
-,PUNCT,PUNCT
i,DET,PRON
biggetti,NOUN,NOUN
de,ADP,FUNC
l’,DET,PRON
Amt,PROPN,NOUN
into,NOUN,NOUN
træto,VERB,VERB
Cogheuo-Otri,NOUN,NOUN
.,PUNCT,PUNCT
A,ADP,FUNC
Procua,PROPN,NOUN
de,ADP,FUNC
Zena,NOUN,NOUN
a,ADP,FUNC
l’,DET,PRON
à,X,OTHER
averto,ADV,ADV
unn’,PRON,PRON
investigaçion,X,OTHER
pe,X,OTHER
fraña,NOUN,NOUN
corposa,ADJ,ADJ
",",PUNCT,PUNCT
pe,PROPN,NOUN
-,PUNCT,PUNCT
o,CCONJ,FUNC
momento,NOUN,NOUN
contra,ADJ,ADJ
desconosciui,ADV,ADV
",",PUNCT,PUNCT
pe,PRON,PRON
açertâ,VERB,VERB
se,SCONJ,FUNC
gh’,ADV,ADV
é,ADJ,ADJ
de,ADP,FUNC
responsabilitæ,NOUN,NOUN
.,PUNCT,PUNCT
Za,NOUN,NOUN
do,ADP,FUNC
2016,NUM,ADJ
l’,DET,PRON
ea,PROPN,NOUN
vegnuo,VERB,VERB
zu,PROPN,NOUN
di,ADP,FUNC
magheu,NOUN,NOUN
pöco,VERB,VERB
primma,NOUN,NOUN
che,PRON,PRON
passesse,VERB,VERB
a,ADP,FUNC
Milan-Sanremmo,PROPN,NOUN
.,PUNCT,PUNCT
"

",SPACE,OTHER
O,CCONJ,FUNC
conseggio,NOUN,NOUN
d’,ADP,FUNC
amministraçion,NOUN,NOUN
de,ADP,FUNC
l’,DET,PRON
Amt,PROPN,NOUN
de,ADP,FUNC
Zena,PROPN,NOUN
o,CCONJ,FUNC
l’,DET,PRON
à,X,OTHER
approvou,VERB,VERB
i,DET,PRON
conti,NOUN,NOUN
do,ADP,FUNC
2024,NUM,ADJ
con,ADP,FUNC
unna,NOUN,NOUN
perdia,NOUN,NOUN
de,ADP,FUNC
"55,9",NUM,ADJ
mioin,ADJ,ADJ
d’,ADP,FUNC
euro,NOUN,NOUN
:,PUNCT,PUNCT
«,PUNCT,PUNCT
A,ADP,FUNC
ciù,ADV,ADV
grande,ADJ,ADJ
inta,NOUN,NOUN
stöia,ADJ,ADJ
de,ADP,FUNC
l’,DET,PRON
açienda,NOUN,NOUN
»,PUNCT,PUNCT
",",PUNCT,PUNCT
o,CCONJ,FUNC
commento,VERB,VERB
da,ADP,FUNC
scindica,NOUN,NOUN
Silvia,PROPN,NOUN
Salis,PROPN,NOUN
.,PUNCT,PUNCT
I,DET,PRON
papê,NOUN,NOUN
çertifican,ADJ,ADJ
ascì,VERB,VERB
280,NUM,ADJ
mioin,ADJ,ADJ
de,ADP,FUNC
debiti,NOUN,NOUN
e,CCONJ,FUNC
un,DET,PRON
patrimònio,NOUN,NOUN
netto,ADJ,ADJ
negativo,ADJ,ADJ
de,ADP,FUNC
"37,5",NUM,ADJ
mioin,NOUN,NOUN
.,PUNCT,PUNCT
Approvou,PROPN,NOUN
anche,ADV,ADV
l’,DET,PRON
aggiornamento,NOUN,NOUN
do,ADP,FUNC
cian,PROPN,NOUN
de,ADP,FUNC
recatto,NOUN,NOUN
fin,ADV,ADV
a,ADP,FUNC
-,PUNCT,PUNCT
o,CCONJ,FUNC
2031,NUM,ADJ
.,PUNCT,PUNCT
«,PUNCT,PUNCT
Oua,VERB,VERB
ne,PRON,PRON
tocca,VERB,VERB
fâ,ADP,FUNC
un,DET,PRON
sfòrso,ADJ,ADJ
econòmico,ADJ,ADJ
stramesuou,NOUN,NOUN
pe,PRON,PRON
schivâ,VERB,VERB
o,CCONJ,FUNC
fallimento,NOUN,NOUN
",",PUNCT,PUNCT
ma,CCONJ,FUNC
o,CCONJ,FUNC
Commun,PROPN,NOUN
o,CCONJ,FUNC
no,ADV,ADV
peu,PRON,PRON
fâghela,VERB,VERB
da,ADP,FUNC
solo,ADJ,ADJ
»,PUNCT,PUNCT
",",PUNCT,PUNCT
a,ADP,FUNC
l’,DET,PRON
à,X,OTHER
dito,NOUN,NOUN
torna,VERB,VERB
a,ADP,FUNC
scindica,NOUN,NOUN
.,PUNCT,PUNCT
Intanto,ADV,ADV
a,ADP,FUNC
Procua,PROPN,NOUN
a,ADP,FUNC
l’,DET,PRON
à,ADJ,ADJ
mandou,NOUN,NOUN
di,ADP,FUNC
inviti,NOUN,NOUN
à,ADP,FUNC
quattro,NUM,ADJ
indagæ,NOUN,NOUN
pe,PROPN,NOUN
-,PUNCT,PUNCT
i,DET,PRON
primmi,NOUN,NOUN
interrogatöi,ADJ,ADJ
:,PUNCT,PUNCT
son,AUX,VERB
tutti,PRON,PRON
passæ,NOUN,NOUN
conseggê,ADP,FUNC
d’,ADP,FUNC
amministraçion,NOUN,NOUN
de,ADP,FUNC
l’,DET,PRON
açienda,NOUN,NOUN
.,PUNCT,PUNCT
"

",SPACE,OTHER
A,ADP,FUNC
Region,PROPN,NOUN
Liguria,PROPN,NOUN
a,ADP,FUNC
l’,DET,PRON
à,ADP,FUNC
dæto,NOUN,NOUN
a,ADP,FUNC
luxe,NOUN,NOUN
verde,ADJ,ADJ
a,ADP,FUNC
-,PUNCT,PUNCT
o,CCONJ,FUNC
tunnel,NOUN,NOUN
da,ADP,FUNC
Fontañaboña,PROPN,NOUN
ch’,SPACE,OTHER
o,CCONJ,FUNC
l’,DET,PRON
unià,NOUN,NOUN
a,ADP,FUNC
rivea,VERB,VERB
e,CCONJ,FUNC
l’,PRON,PRON
entrotæra,VERB,VERB
do,ADP,FUNC
Tigullio,PROPN,NOUN
.,PUNCT,PUNCT
«,PUNCT,PUNCT
Un,DET,PRON
passo,NOUN,NOUN
avanti,ADV,ADV
fondamentale,ADJ,ADJ
»,PUNCT,PUNCT
",",PUNCT,PUNCT
o,CCONJ,FUNC
commento,NOUN,NOUN
do,ADP,FUNC
prescidente,ADJ,ADJ
Bucci,PROPN,NOUN
e,CCONJ,FUNC
de,ADP,FUNC
l’,PRON,PRON
assessô,ADJ,ADJ
Scajola,PROPN,NOUN
.,PUNCT,PUNCT
Oua,VERB,VERB
s’,ADV,ADV
arvià,NOUN,NOUN
a,ADP,FUNC
conferensa,NOUN,NOUN
di,ADP,FUNC
serviçi,DET,PRON
pe,ADP,FUNC
l’,DET,PRON
approvaçion,NOUN,NOUN
definitiva,ADJ,ADJ
do,ADP,FUNC
progetto,NOUN,NOUN
.,PUNCT,PUNCT
O,CCONJ,FUNC
travaggio,NOUN,NOUN
o,CCONJ,FUNC
prevedde,NOUN,NOUN
unna,PROPN,NOUN
rampa,NOUN,NOUN
longa,NOUN,NOUN
"5,6",NUM,ADJ
chilòmetri,NOUN,NOUN
e,CCONJ,FUNC
doe,DET,PRON
gallerie,NOUN,NOUN
che,PRON,PRON
portian,VERB,VERB
da,ADP,FUNC
l’,DET,PRON
autostradda,NOUN,NOUN
A12,PROPN,NOUN
a,ADP,FUNC
-,PUNCT,PUNCT
a,ADP,FUNC
valle,NOUN,NOUN
e,CCONJ,FUNC
a,ADP,FUNC
-,PUNCT,PUNCT
a,ADP,FUNC
reversa,NOUN,NOUN
.,PUNCT,PUNCT
À,ADP,FUNC
Rapallo,PROPN,NOUN
",",PUNCT,PUNCT
però,ADV,ADV
",",PUNCT,PUNCT
no,ADV,ADV
s’,PRON,PRON
afferma,VERB,VERB
e,CCONJ,FUNC
proteste,NOUN,NOUN
:,PUNCT,PUNCT
«,PUNCT,PUNCT
A,ADP,FUNC
l’,DET,PRON
é,PROPN,NOUN
unna,PROPN,NOUN
deçixon,AUX,VERB
fæta,NOUN,NOUN
chinâ,ADV,ADV
da,ADP,FUNC
l’,DET,PRON
erto,NOUN,NOUN
ch’,ADV,ADV
a,ADP,FUNC
deuvia,NOUN,NOUN
o,CCONJ,FUNC
territöio,DET,PRON
comme,NOUN,NOUN
spaçio,VERB,VERB
de,ADP,FUNC
sacrifiçio,NOUN,NOUN
",",PUNCT,PUNCT
no,INTJ,OTHER
ne,PRON,PRON
serve,VERB,VERB
un,DET,PRON
tunnel,NOUN,NOUN
pe,PRON,PRON
scappâ,VERB,VERB
ciù,ADV,ADV
a,ADP,FUNC
-,PUNCT,PUNCT
a,ADP,FUNC
spedia,PRON,PRON
»,PUNCT,PUNCT
.,PUNCT,PUNCT
"

",SPACE,OTHER
Unna,PROPN,NOUN
fraña,NOUN,NOUN
stramesuâ,ADJ,ADJ
a,ADP,FUNC
l’,DET,PRON
à,ADJ,ADJ
lasciou,PROPN,NOUN
in,ADP,FUNC
peuixo,NOUN,NOUN
o,CCONJ,FUNC
paise,VERB,VERB
de,ADP,FUNC
Niscemi,PROPN,NOUN
",",PUNCT,PUNCT
in,ADP,FUNC
Siçilia,PROPN,NOUN
",",PUNCT,PUNCT
in,ADP,FUNC
provinsa,NOUN,NOUN
de,ADP,FUNC
Caltanissetta,PROPN,NOUN
.,PUNCT,PUNCT
Tutta,ADJ,ADJ
a,ADP,FUNC
colliña,NOUN,NOUN
a,ADP,FUNC
l’,DET,PRON
à,PROPN,NOUN
comensou,VERB,VERB
à,ADP,FUNC
deruâ,PROPN,NOUN
e,CCONJ,FUNC
1.600,NUM,ADJ
persoñe,PROPN,NOUN
son,AUX,VERB
stæte,ADJ,ADJ
scorrie,NOUN,NOUN
d’,ADP,FUNC
in,ADP,FUNC
cà,NOUN,NOUN
.,PUNCT,PUNCT
«,PUNCT,PUNCT
A,ADP,FUNC
l’,DET,PRON
é,PROPN,NOUN
pezo,PROPN,NOUN
che,PRON,PRON
o,CCONJ,FUNC
Vajont,PROPN,NOUN
",",PUNCT,PUNCT
l’,DET,PRON
é,NOUN,NOUN
vegnuo,NOUN,NOUN
zu,ADP,FUNC
350,NUM,ADJ
metri,NOUN,NOUN
cubbi,ADJ,ADJ
»,PUNCT,PUNCT
",",PUNCT,PUNCT
o,CCONJ,FUNC
l’,DET,PRON
à,X,OTHER
dito,VERB,VERB
o,CCONJ,FUNC
cappo,VERB,VERB
da,ADP,FUNC
Proteçion,PROPN,NOUN
çivile,ADJ,ADJ
Ciciliano,PROPN,NOUN
.,PUNCT,PUNCT
Inta,AUX,VERB
mæxima,ADJ,ADJ
zöna,PROPN,NOUN
gh’,DET,PRON
ea,ADP,FUNC
stæto,ADJ,ADJ
unna,NOUN,NOUN
fraña,NOUN,NOUN
devastante,ADJ,ADJ
do,ADP,FUNC
1997,NUM,ADJ
",",PUNCT,PUNCT
ma,CCONJ,FUNC
i,DET,PRON
indennizzi,NOUN,NOUN
son,AUX,VERB
arrivæ,NOUN,NOUN
dòppo,NOUN,NOUN
di,ADP,FUNC
anni,NOUN,NOUN
.,PUNCT,PUNCT
«,PUNCT,PUNCT
Stavòtta,NOUN,NOUN
faiemo,VERB,VERB
a,ADP,FUNC
-,PUNCT,PUNCT
a,ADP,FUNC
spedia,PRON,PRON
»,PUNCT,PUNCT
",",PUNCT,PUNCT
a,ADP,FUNC
l’,DET,PRON
à,X,OTHER
asseguou,NOUN,NOUN
a,ADP,FUNC
prescidente,NOUN,NOUN
do,ADP,FUNC
Conseggio,PROPN,NOUN
Giorgia,PROPN,NOUN
Meloni,PROPN,NOUN
ch’,ADV,ADV
a,ADP,FUNC
l’,DET,PRON
à,ADJ,ADJ
promisso,NOUN,NOUN
unna,ADJ,ADJ
primma,NOUN,NOUN
assegnaçion,NOUN,NOUN
de,ADP,FUNC
100,NUM,ADJ
mioin,ADJ,ADJ
.,PUNCT,PUNCT
Intanto,ADV,ADV
se,SCONJ,FUNC
leva,VERB,VERB
a,ADP,FUNC
voxe,PRON,PRON
de,ADP,FUNC
chi,PRON,PRON
vorrieiva,VERB,VERB
destinâ,VERB,VERB
à,PRON,PRON
l’,PRON,PRON
emergensa,VERB,VERB
i,DET,PRON
dinæ,NOUN,NOUN
do,ADP,FUNC
ponte,NOUN,NOUN
in,ADP,FUNC
sciô,VERB,VERB
Streito,PROPN,NOUN
",",PUNCT,PUNCT
"1,3",NUM,ADJ
miliardi,NOUN,NOUN
d’,ADP,FUNC
euro,NOUN,NOUN
.,PUNCT,PUNCT
«,PUNCT,PUNCT
Quelli,PRON,PRON
no,ADV,ADV
se,SCONJ,FUNC
toccan,VERB,VERB
",",PUNCT,PUNCT
ne,PRON,PRON
troviemo,VERB,VERB
di,ADP,FUNC
atri,NOUN,NOUN
»,PUNCT,PUNCT
",",PUNCT,PUNCT
a,ADP,FUNC
respòsta,NOUN,NOUN
do,ADP,FUNC
ministro,NOUN,NOUN
Salvini,PROPN,NOUN
.,PUNCT,PUNCT
O,CCONJ,FUNC
Tajani,PROPN,NOUN
ciù,ADP,FUNC
tenio,NOUN,NOUN
:,PUNCT,PUNCT
«,PUNCT,PUNCT
O,CCONJ,FUNC
travaggio,NOUN,NOUN
o,CCONJ,FUNC
va,VERB,VERB
fæto,NOUN,NOUN
",",PUNCT,PUNCT
ma,CCONJ,FUNC
se,SCONJ,FUNC
gh’,ADV,ADV
appensemmo,VERB,VERB
»,PUNCT,PUNCT
.,PUNCT,PUNCT
"

",SPACE,OTHER
Polemica,NOUN,NOUN
in,ADP,FUNC
Italia,PROPN,NOUN
pe,ADJ,ADJ
-,PUNCT,PUNCT
a,ADP,FUNC
presensa,NOUN,NOUN
a,ADP,FUNC
-,PUNCT,PUNCT
e,CCONJ,FUNC
Olimpiade,PROPN,NOUN
d’,ADP,FUNC
inverno,NOUN,NOUN
di,ADP,FUNC
agenti,NOUN,NOUN
americhen,NOUN,NOUN
de,ADP,FUNC
l’,DET,PRON
Ice,PROPN,NOUN
.,PUNCT,PUNCT
O,CCONJ,FUNC
Governo,PROPN,NOUN
o,CCONJ,FUNC
l’,DET,PRON
à,ADJ,ADJ
asseguou,NOUN,NOUN
che,PRON,PRON
no,ADV,ADV
gh’,ADP,FUNC
avian,VERB,VERB
de,ADP,FUNC
fonçioin,VERB,VERB
operative,ADJ,ADJ
inte,ADV,ADV
stradde,ADJ,ADJ
",",PUNCT,PUNCT
ma,CCONJ,FUNC
che,SCONJ,FUNC
travaggian,VERB,VERB
co,ADJ,ADJ
-,PUNCT,PUNCT
e,CCONJ,FUNC
sale,NOUN,NOUN
operative,ADJ,ADJ
de,ADP,FUNC
autoritæ,NOUN,NOUN
italiaña,ADJ,ADJ
pe,PRON,PRON
avvardâ,VERB,VERB
e,CCONJ,FUNC
delegaçioin,VERB,VERB
di,ADP,FUNC
Stati,PROPN,NOUN
Unii,PROPN,NOUN
.,PUNCT,PUNCT
O,CCONJ,FUNC
scindico,ADJ,ADJ
de,ADP,FUNC
Milan,PROPN,NOUN
Beppe,PROPN,NOUN
Salis,PROPN,NOUN
:,PUNCT,PUNCT
«,PUNCT,PUNCT
Chì,ADV,ADV
no,ADV,ADV
son,AUX,VERB
benvegnui,VERB,VERB
",",PUNCT,PUNCT
no,INTJ,OTHER
me,PRON,PRON
sento,VERB,VERB
protezzuo,ADJ,ADJ
da,ADP,FUNC
-,PUNCT,PUNCT
o,CCONJ,FUNC
ministro,NOUN,NOUN
Piantedosi,PROPN,NOUN
»,PUNCT,PUNCT
.,PUNCT,PUNCT
O,CCONJ,FUNC
Antonio,PROPN,NOUN
Tajani,PROPN,NOUN
",",PUNCT,PUNCT
ministro,NOUN,NOUN
de,ADP,FUNC
l’,DET,PRON
Estranxeo,PROPN,NOUN
",",PUNCT,PUNCT
o,CCONJ,FUNC
l’,DET,PRON
à,X,OTHER
respòsto,VERB,VERB
:,PUNCT,PUNCT
«,PUNCT,PUNCT
No,INTJ,OTHER
l’,DET,PRON
é,AUX,VERB
ch’,PRON,PRON
arriva,VERB,VERB
e,CCONJ,FUNC
SS,PROPN,NOUN
»,PUNCT,PUNCT
.,PUNCT,PUNCT
Un,DET,PRON
atro,NOUN,NOUN
caxo,X,OTHER
o,CCONJ,FUNC
l’,DET,PRON
é,NOUN,NOUN
scciuppou,NOUN,NOUN
in,ADP,FUNC
sce,VERB,VERB
l’,DET,PRON
invito,NOUN,NOUN
à,ADP,FUNC
Casapound,PROPN,NOUN
pe,PROPN,NOUN
unna,PROPN,NOUN
conferensa,ADJ,ADJ
in,ADP,FUNC
scî,NUM,ADJ
migranti,NOUN,NOUN
a,ADP,FUNC
-,PUNCT,PUNCT
a,ADP,FUNC
Camia,PROPN,NOUN
promòssa,VERB,VERB
da,ADP,FUNC
un,DET,PRON
deputou,NOUN,NOUN
da,ADP,FUNC
Lega,PROPN,NOUN
.,PUNCT,PUNCT
E,CCONJ,FUNC
o,CCONJ,FUNC
Roberto,PROPN,NOUN
Vannacci,PROPN,NOUN
o,CCONJ,FUNC
l’,DET,PRON
à,X,OTHER
depoxitou,NOUN,NOUN
o,CCONJ,FUNC
scimbolo,NOUN,NOUN
do,ADP,FUNC
seu,DET,PRON
partio,NOUN,NOUN
",",PUNCT,PUNCT
Futuro,PROPN,NOUN
Nazionale,ADJ,ADJ
.,PUNCT,PUNCT
"

",SPACE,OTHER
Un,DET,PRON
òmmo,NOUN,NOUN
de,ADP,FUNC
28,NUM,ADJ
anni,NOUN,NOUN
",",PUNCT,PUNCT
de,ADP,FUNC
naçionalitæ,PROPN,NOUN
marocchiña,PROPN,NOUN
",",PUNCT,PUNCT
o,CCONJ,FUNC
l’,DET,PRON
é,AUX,VERB
stæto,ADJ,ADJ
ammassou,ADJ,ADJ
con,ADP,FUNC
un,DET,PRON
corpo,NOUN,NOUN
de,ADP,FUNC
pistòlla,NOUN,NOUN
da,ADP,FUNC
un,DET,PRON
poliçiotto,NOUN,NOUN
a,ADP,FUNC
-,PUNCT,PUNCT
o,CCONJ,FUNC
quæ,NUM,ADJ
o,CCONJ,FUNC
s’,ADP,FUNC
ea,X,OTHER
avvexinou,VERB,VERB
con,ADP,FUNC
unn’,ADJ,ADJ
arma,NOUN,NOUN
fäsa,PROPN,NOUN
.,PUNCT,PUNCT
O,CCONJ,FUNC
l’,DET,PRON
é,X,OTHER
capitou,PROPN,NOUN
a,ADP,FUNC
-,PUNCT,PUNCT
i,DET,PRON
26,NUM,ADJ
de,ADP,FUNC
zenâ,PROPN,NOUN
à,ADP,FUNC
Milan,PROPN,NOUN
",",PUNCT,PUNCT
vexin,ADP,FUNC
a,ADP,FUNC
-,PUNCT,PUNCT
o,CCONJ,FUNC
«,PUNCT,PUNCT
bòsco,ADJ,ADJ
da,ADP,FUNC
dröga,NOUN,NOUN
»,PUNCT,PUNCT
",",PUNCT,PUNCT
comme,NOUN,NOUN
se,SCONJ,FUNC
ghe,VERB,VERB
dixe,NOUN,NOUN
.,PUNCT,PUNCT
I,DET,PRON
agenti,NOUN,NOUN
ean,ADP,FUNC
apreuvo,VERB,VERB
à,ADP,FUNC
arrestâ,VERB,VERB
un,DET,PRON
ch’,SPACE,OTHER
o,CCONJ,FUNC
vendeiva,VERB,VERB
quande,NOUN,NOUN
o,CCONJ,FUNC
zoeno,NOUN,NOUN
o,CCONJ,FUNC
s’,DET,PRON
é,X,OTHER
avvexinou,X,OTHER
co,ADJ,ADJ
-,PUNCT,PUNCT
a,ADP,FUNC
pistòlla,NOUN,NOUN
à,ADP,FUNC
salve,ADJ,ADJ
.,PUNCT,PUNCT
O,CCONJ,FUNC
poliçiotto,VERB,VERB
o,CCONJ,FUNC
gh’,AUX,VERB
à,X,OTHER
commandou,VERB,VERB
de,ADP,FUNC
fermâse,NOUN,NOUN
",",PUNCT,PUNCT
dapeu,NOUN,NOUN
o,CCONJ,FUNC
l’,DET,PRON
à,PROPN,NOUN
sparou,PROPN,NOUN
inta,VERB,VERB
parte,NOUN,NOUN
erta,ADJ,ADJ
do,ADP,FUNC
còrpo,NOUN,NOUN
.,PUNCT,PUNCT
No,INTJ,OTHER
gh’,DET,PRON
é,AUX,VERB
stæto,ADJ,ADJ
mainea,NOUN,NOUN
de,ADP,FUNC
sarvâlo,PROPN,NOUN
.,PUNCT,PUNCT
L’,DET,PRON
agente,NOUN,NOUN
ch’,PROPN,NOUN
o,CCONJ,FUNC
gh’,DET,PRON
à,NOUN,NOUN
tiou,NOUN,NOUN
",",PUNCT,PUNCT
interrogou,NOUN,NOUN
in,ADP,FUNC
questua,NOUN,NOUN
",",PUNCT,PUNCT
o,CCONJ,FUNC
l’,DET,PRON
é,PROPN,NOUN
indagou,VERB,VERB
.,PUNCT,PUNCT
«,PUNCT,PUNCT
Me,PRON,PRON
son,AUX,VERB
attrovou,NOUN,NOUN
poia,ADJ,ADJ
»,PUNCT,PUNCT
",",PUNCT,PUNCT
o,CCONJ,FUNC
l’,DET,PRON
à,X,OTHER
dito,VERB,VERB
.,PUNCT,PUNCT
«,PUNCT,PUNCT
No,INTJ,OTHER
ghe,PRON,PRON
saià,VERB,VERB
de,ADP,FUNC
scui,NOUN,NOUN
",",PUNCT,PUNCT
domando,VERB,VERB
solo,ADV,ADV
de,ADP,FUNC
no,X,OTHER
presumme,VERB,VERB
ch’,SPACE,OTHER
o,CCONJ,FUNC
l’,DET,PRON
é,PROPN,NOUN
corpeive,ADJ,ADJ
»,PUNCT,PUNCT
",",PUNCT,PUNCT
o,CCONJ,FUNC
l’,DET,PRON
à,X,OTHER
dito,VERB,VERB
o,CCONJ,FUNC
ministro,NOUN,NOUN
Piantedosi,PROPN,NOUN
.,PUNCT,PUNCT
O,PROPN,NOUN
Salvini,PROPN,NOUN
",",PUNCT,PUNCT
incangio,ADJ,ADJ
:,PUNCT,PUNCT
«,PUNCT,PUNCT
Son,ADV,ADV
da,ADP,FUNC
-,PUNCT,PUNCT
a,ADP,FUNC
parte,NOUN,NOUN
do,ADP,FUNC
poliçiòtto,NOUN,NOUN
",",PUNCT,PUNCT
sensa,ADJ,ADJ
fâ,ADP,FUNC
di,ADP,FUNC
descorsci,NOUN,NOUN
»,PUNCT,PUNCT
.,PUNCT,PUNCT
"

",SPACE,OTHER
A,ADP,FUNC
tenscion,NOUN,NOUN
à,ADP,FUNC
l’,DET,PRON
arresta,NOUN,NOUN
ertiscima,ADJ,ADJ
à,ADP,FUNC
Minneapolis,PROPN,NOUN
",",PUNCT,PUNCT
inti,NOUN,NOUN
Stati,PROPN,NOUN
Unii,PROPN,NOUN
",",PUNCT,PUNCT
donde,VERB,VERB
unn’,ADJ,ADJ
atra,NOUN,NOUN
persoña,ADJ,ADJ
a,ADP,FUNC
l’,DET,PRON
é,NOUN,NOUN
stæta,NOUN,NOUN
ammassâ,VERB,VERB
da,ADP,FUNC
-,PUNCT,PUNCT
i,DET,PRON
agenti,NOUN,NOUN
de,ADP,FUNC
l’,DET,PRON
Ice,PROPN,NOUN
",",PUNCT,PUNCT
l’,DET,PRON
agençia,NOUN,NOUN
federale,ADJ,ADJ
americaña,ADJ,ADJ
pe,ADJ,ADJ
-,PUNCT,PUNCT
o,CCONJ,FUNC
contròllo,NOUN,NOUN
de,ADP,FUNC
l’,DET,PRON
inmigraçion,NOUN,NOUN
.,PUNCT,PUNCT
Dòppo,ADP,FUNC
a,ADP,FUNC
mòrte,NOUN,NOUN
da,ADP,FUNC
Renée,PROPN,NOUN
Good,PROPN,NOUN
a,ADP,FUNC
-,PUNCT,PUNCT
i,DET,PRON
7,NUM,ADJ
de,ADP,FUNC
zenâ,PROPN,NOUN
",",PUNCT,PUNCT
inte,ADV,ADV
di,ADP,FUNC
scontri,NOUN,NOUN
a,ADP,FUNC
-,PUNCT,PUNCT
i,DET,PRON
24,NUM,ADJ
un,DET,PRON
agente,NOUN,NOUN
o,CCONJ,FUNC
l’,DET,PRON
à,PROPN,NOUN
sparou,VERB,VERB
a,ADP,FUNC
-,PUNCT,PUNCT
o,CCONJ,FUNC
Alex,PROPN,NOUN
Jeffrey,PROPN,NOUN
Pretti,PROPN,NOUN
",",PUNCT,PUNCT
un,DET,PRON
òmmo,NOUN,NOUN
de,ADP,FUNC
37,NUM,ADJ
anni,NOUN,NOUN
ch’,ADV,ADV
o,CCONJ,FUNC
fava,VERB,VERB
l’,DET,PRON
infermê,NOUN,NOUN
pe,ADJ,ADJ
-,PUNCT,PUNCT
i,DET,PRON
veteren,NOUN,NOUN
e,CCONJ,FUNC
inte,ADV,ADV
quello,DET,PRON
momento,NOUN,NOUN
",",PUNCT,PUNCT
comme,NOUN,NOUN
se,SCONJ,FUNC
vedde,VERB,VERB
da,ADP,FUNC
-,PUNCT,PUNCT
i,DET,PRON
video,NOUN,NOUN
",",PUNCT,PUNCT
o,CCONJ,FUNC
çercava,VERB,VERB
d’,ADP,FUNC
aggiuttâ,NOUN,NOUN
unna,PROPN,NOUN
dònna,PROPN,NOUN
sponciâ,ADJ,ADJ
in,ADP,FUNC
tæra,NOUN,NOUN
.,PUNCT,PUNCT
Pe,PROPN,NOUN
-,PUNCT,PUNCT
o,CCONJ,FUNC
departimento,NOUN,NOUN
pe,NOUN,NOUN
-,PUNCT,PUNCT
a,ADP,FUNC
seguessa,NOUN,NOUN
interna,ADJ,ADJ
",",PUNCT,PUNCT
incangio,ADJ,ADJ
",",PUNCT,PUNCT
o,CCONJ,FUNC
l’,PRON,PRON
à,X,OTHER
rexistio,NOUN,NOUN
con,ADP,FUNC
violensa,NOUN,NOUN
.,PUNCT,PUNCT
O,CCONJ,FUNC
governatô,NOUN,NOUN
o,CCONJ,FUNC
l’,DET,PRON
à,X,OTHER
domandou,VERB,VERB
a,ADP,FUNC
-,PUNCT,PUNCT
o,CCONJ,FUNC
Trump,PROPN,NOUN
de,X,OTHER
ciantâ,VERB,VERB
lì,ADV,ADV
con,ADP,FUNC
ste,DET,PRON
operaçioin,NOUN,NOUN
.,PUNCT,PUNCT
O,CCONJ,FUNC
prescidente,ADV,ADV
o,CCONJ,FUNC
l’,DET,PRON
à,X,OTHER
averto,VERB,VERB
a,ADP,FUNC
-,PUNCT,PUNCT
o,CCONJ,FUNC
retio,NOUN,NOUN
:,PUNCT,PUNCT
«,PUNCT,PUNCT
À,ADP,FUNC
un,DET,PRON
çerto,ADJ,ADJ
ponto,NOUN,NOUN
se,SCONJ,FUNC
n’,PRON,PRON
aniemo,VERB,VERB
",",PUNCT,PUNCT
emmo,AUX,VERB
fæto,NOUN,NOUN
un,DET,PRON
travaggio,NOUN,NOUN
mäveggioso,ADJ,ADJ
»,PUNCT,PUNCT
.,PUNCT,PUNCT
"

",SPACE,OTHER
O,CCONJ,FUNC
prescidente,NOUN,NOUN
american,VERB,VERB
Donald,PROPN,NOUN
Trump,PROPN,NOUN
o,CCONJ,FUNC
l’,DET,PRON
à,X,OTHER
annonçiou,NOUN,NOUN
a,ADP,FUNC
tregua,NOUN,NOUN
do,ADP,FUNC
zeo,NOUN,NOUN
in,ADP,FUNC
Ucraina,PROPN,NOUN
:,PUNCT,PUNCT
«,PUNCT,PUNCT
Ò,PRON,PRON
domandou,VERB,VERB
a,ADP,FUNC
-,PUNCT,PUNCT
o,CCONJ,FUNC
Putin,PROPN,NOUN
de,ADP,FUNC
no,X,OTHER
sparâ,PROPN,NOUN
pe,PROPN,NOUN
unna,PROPN,NOUN
settemaña,VERB,VERB
za,ADP,FUNC
che,PRON,PRON
gh’,VERB,VERB
é,X,OTHER
freido,ADJ,ADJ
e,CCONJ,FUNC
lê,NOUN,NOUN
o,CCONJ,FUNC
l’,DET,PRON
à,X,OTHER
açettou,NOUN,NOUN
»,PUNCT,PUNCT
.,PUNCT,PUNCT
O,CCONJ,FUNC
Cremlin,PROPN,NOUN
",",PUNCT,PUNCT
però,ADV,ADV
",",PUNCT,PUNCT
o,CCONJ,FUNC
l’,DET,PRON
à,X,OTHER
frenou,NOUN,NOUN
:,PUNCT,PUNCT
«,PUNCT,PUNCT
Sospendiemo,VERB,VERB
i,DET,PRON
attacchi,NOUN,NOUN
solo,ADV,ADV
in,ADP,FUNC
sce,VERB,VERB
Kiev,PROPN,NOUN
",",PUNCT,PUNCT
no,ADV,ADV
da,ADP,FUNC
-,PUNCT,PUNCT
e,CCONJ,FUNC
atre,NOUN,NOUN
parte,NOUN,NOUN
»,PUNCT,PUNCT
.,PUNCT,PUNCT
Inta,NOUN,NOUN
capitale,NOUN,NOUN
miggiæa,PROPN,NOUN
de,ADP,FUNC
persoñe,PROPN,NOUN
son,AUX,VERB
sensa,VERB,VERB
rescädamento,NOUN,NOUN
con,ADP,FUNC
temperatue,NOUN,NOUN
fin,ADP,FUNC
à,NOUN,NOUN
30,NUM,ADJ
graddi,NOUN,NOUN
sotta,ADJ,ADJ
o,CCONJ,FUNC
zero,NUM,ADJ
.,PUNCT,PUNCT
Intanto,ADV,ADV
o,CCONJ,FUNC
Trump,PROPN,NOUN
o,CCONJ,FUNC
l’,DET,PRON
à,X,OTHER
menassou,PROPN,NOUN
torna,VERB,VERB
l’,DET,PRON
Iran,PROPN,NOUN
:,PUNCT,PUNCT
«,PUNCT,PUNCT
Sensa,PROPN,NOUN
un,DET,PRON
accòrdio,NOUN,NOUN
in,ADP,FUNC
sciô,VERB,VERB
nucleare,ADJ,ADJ
",",PUNCT,PUNCT
l’,DET,PRON
attacco,NOUN,NOUN
ch’,DET,PRON
o,CCONJ,FUNC
vëgne,ADJ,ADJ
o,CCONJ,FUNC
saià,VERB,VERB
ben,ADV,ADV
ben,ADV,ADV
pezo,NOUN,NOUN
de,ADP,FUNC
quello,PRON,PRON
de,ADP,FUNC
zugno,NOUN,NOUN
»,PUNCT,PUNCT
.,PUNCT,PUNCT
«,PUNCT,PUNCT
Inte,ADV,ADV
sto,AUX,VERB
caxo,DET,PRON
reagiemo,VERB,VERB
comme,NOUN,NOUN
no,ADV,ADV
emmo,AUX,VERB
mai,ADV,ADV
fæto,ADJ,ADJ
primma,NOUN,NOUN
»,PUNCT,PUNCT
",",PUNCT,PUNCT
a,ADP,FUNC
replica,NOUN,NOUN
de,ADP,FUNC
Teheran,PROPN,NOUN
.,PUNCT,PUNCT
L’,DET,PRON
Union,PROPN,NOUN
europea,ADJ,ADJ
a,ADP,FUNC
l’,DET,PRON
à,X,OTHER
misso,VERB,VERB
i,DET,PRON
pasdaran,NOUN,NOUN
inta,VERB,VERB
lista,NOUN,NOUN
de,ADP,FUNC
organizzaçioin,VERB,VERB
terroristiche,ADJ,ADJ
.,PUNCT,PUNCT
"

",SPACE,OTHER
Son,PRON,PRON
quattro,NUM,ADJ
i,DET,PRON
indagæ,NOUN,NOUN
pe,AUX,VERB
l’,DET,PRON
inçendio,NOUN,NOUN
do,ADP,FUNC
Primmo,PROPN,NOUN
de,ADP,FUNC
l’,DET,PRON
anno,NOUN,NOUN
à,ADP,FUNC
Crans-Montana,PROPN,NOUN
",",PUNCT,PUNCT
in,ADP,FUNC
Svissera,PROPN,NOUN
",",PUNCT,PUNCT
donde,VERB,VERB
40,NUM,ADJ
persoñe,PROPN,NOUN
son,AUX,VERB
mòrte,VERB,VERB
e,CCONJ,FUNC
116,NUM,ADJ
son,AUX,VERB
arrestæ,VERB,VERB
ferie,ADJ,ADJ
.,PUNCT,PUNCT
In,ADP,FUNC
ciù,X,OTHER
che,SCONJ,FUNC
o,CCONJ,FUNC
Jacques,PROPN,NOUN
e,CCONJ,FUNC
a,ADP,FUNC
Jessica,PROPN,NOUN
Moretti,PROPN,NOUN
",",PUNCT,PUNCT
maio,NOUN,NOUN
e,CCONJ,FUNC
moggê,PROPN,NOUN
",",PUNCT,PUNCT
gh’,PROPN,NOUN
é,ADJ,ADJ
de,ADP,FUNC
accuse,NOUN,NOUN
pe,PROPN,NOUN
-,PUNCT,PUNCT
o,CCONJ,FUNC
responsabile,NOUN,NOUN
pe,ADJ,ADJ
-,PUNCT,PUNCT
a,ADP,FUNC
seguessa,NOUN,NOUN
pubrica,ADJ,ADJ
do,ADP,FUNC
Commun,PROPN,NOUN
",",PUNCT,PUNCT
Christophe,PROPN,NOUN
Balet,PROPN,NOUN
",",PUNCT,PUNCT
e,CCONJ,FUNC
chi,PRON,PRON
gh’,ADP,FUNC
ea,ADP,FUNC
primma,NOUN,NOUN
",",PUNCT,PUNCT
Ken,PROPN,NOUN
Jacquemoud,PROPN,NOUN
.,PUNCT,PUNCT
Dòppo,ADP,FUNC
a,ADP,FUNC
liberaçion,NOUN,NOUN
di,ADP,FUNC
bacchen,PROPN,NOUN
do,ADP,FUNC
Constellation,PROPN,NOUN
s’,ADV,ADV
é,NOUN,NOUN
averto,ADV,ADV
o,CCONJ,FUNC
scontro,NOUN,NOUN
diplomatico,ADJ,ADJ
tra,ADP,FUNC
Italia,PROPN,NOUN
e,CCONJ,FUNC
Svissera,NOUN,NOUN
co,ADJ,ADJ
-,PUNCT,PUNCT
o,CCONJ,FUNC
reciammo,VERB,VERB
à,ADP,FUNC
Romma,PROPN,NOUN
de,ADP,FUNC
l’,DET,PRON
ambasciou,NOUN,NOUN
.,PUNCT,PUNCT
Pe,X,OTHER
fâlo,VERB,VERB
tornâ,NOUN,NOUN
inderê,ADJ,ADJ
o,CCONJ,FUNC
Governo,NOUN,NOUN
o,CCONJ,FUNC
veu,NOUN,NOUN
«,PUNCT,PUNCT
unn’,ADJ,ADJ
effettiva,ADJ,ADJ
conlaboraçion,NOUN,NOUN
tra,ADP,FUNC
e,CCONJ,FUNC
autoritæ,ADJ,ADJ
giudiçiäie,NOUN,NOUN
di,ADP,FUNC
doî,ADJ,ADJ
Stati,PROPN,NOUN
»,PUNCT,PUNCT
e,CCONJ,FUNC
«,PUNCT,PUNCT
a,ADP,FUNC
constituçion,NOUN,NOUN
a,ADP,FUNC
-,PUNCT,PUNCT
a,ADP,FUNC
spedia,PROPN,NOUN
de,ADP,FUNC
unna,PROPN,NOUN
squaddra,ADJ,ADJ
investigativa,ADJ,ADJ
commun»,NOUN,NOUN
.,PUNCT,PUNCT
Anche,ADV,ADV
a,ADP,FUNC
passâ,NOUN,NOUN
prescidente,ADJ,ADJ
e,CCONJ,FUNC
direttoa,PROPN,NOUN
generale,ADJ,ADJ
de,ADP,FUNC
l’,DET,PRON
Amt,PROPN,NOUN
",",PUNCT,PUNCT
a,ADP,FUNC
Ilaria,PROPN,NOUN
Gavuglio,PROPN,NOUN
",",PUNCT,PUNCT
a,ADP,FUNC
l’,DET,PRON
é,PROPN,NOUN
indagâ,NOUN,NOUN
da,ADP,FUNC
-,PUNCT,PUNCT
a,ADP,FUNC
Procua,PROPN,NOUN
de,ADP,FUNC
Zena,PROPN,NOUN
pe,PRON,PRON
fäso,VERB,VERB
inti,NOUN,NOUN
conti,ADJ,ADJ
e,CCONJ,FUNC
bancarotta,NOUN,NOUN
de,ADP,FUNC
sfrouxo,NOUN,NOUN
.,PUNCT,PUNCT
A,ADP,FUNC
guardia,NOUN,NOUN
de,X,OTHER
finansa,VERB,VERB
a,ADP,FUNC
l’,DET,PRON
é,PROPN,NOUN
arrivâ,VERB,VERB
into,NOUN,NOUN
seu,DET,PRON
studio,NOUN,NOUN
privou,PROPN,NOUN
da,ADP,FUNC
commerçialista,NOUN,NOUN
e,CCONJ,FUNC
a,ADP,FUNC
gh’,PROPN,NOUN
à,ADP,FUNC
piggiou,VERB,VERB
o,CCONJ,FUNC
telefono,NOUN,NOUN
e,CCONJ,FUNC
i,DET,PRON
papê,NOUN,NOUN
relativi,ADJ,ADJ
à,AUX,VERB
l’,DET,PRON
açienda,NOUN,NOUN
",",PUNCT,PUNCT
dapeu,NOUN,NOUN
a,ADP,FUNC
l’,DET,PRON
é,PROPN,NOUN
tornâ,NOUN,NOUN
inti,ADJ,ADJ
scagni,NOUN,NOUN
de,ADP,FUNC
l’,DET,PRON
Amt,PROPN,NOUN
.,PUNCT,PUNCT
Inti,NOUN,NOUN
giorni,ADJ,ADJ
passæ,VERB,VERB
di,ADP,FUNC
atri,NOUN,NOUN
componenti,ADJ,ADJ
do,ADP,FUNC
conseggio,NOUN,NOUN
d’,ADP,FUNC
amministraçion,NOUN,NOUN
passou,VERB,VERB
aivan,PROPN,NOUN
za,ADP,FUNC
reçevuo,NOUN,NOUN
un,DET,PRON
avviso,NOUN,NOUN
de,ADP,FUNC
garançia,VERB,VERB
.,PUNCT,PUNCT
Intanto,ADV,ADV
se,SCONJ,FUNC
va,VERB,VERB
avanti,ADV,ADV
co,ADJ,ADJ
-,PUNCT,PUNCT
i,DET,PRON
incontri,NOUN,NOUN
pe,PRON,PRON
sarvâ,VERB,VERB
a,ADP,FUNC
soçietæ,NOUN,NOUN
da,ADP,FUNC
-,PUNCT,PUNCT
o,CCONJ,FUNC
fallimento,NOUN,NOUN
:,PUNCT,PUNCT
pe,ADJ,ADJ
-,PUNCT,PUNCT
o,CCONJ,FUNC
2026,NUM,ADJ
servià,NOUN,NOUN
98,NUM,ADJ
mioin,NOUN,NOUN
de,ADP,FUNC
dinæ,NOUN,NOUN
in,ADP,FUNC
ciù,NOUN,NOUN
in,ADP,FUNC
sciô,VERB,VERB
capitale,NOUN,NOUN
",",PUNCT,PUNCT
ancon,ADP,FUNC
da,ADP,FUNC
capî,NOUN,NOUN
cöse,VERB,VERB
ghe,ADJ,ADJ
mettià,NOUN,NOUN
a,ADP,FUNC
Region,PROPN,NOUN
.,PUNCT,PUNCT
O,CCONJ,FUNC
2025,NUM,ADJ
ascì,VERB,VERB
o,CCONJ,FUNC
se,SCONJ,FUNC
serrià,VERB,VERB
in,ADP,FUNC
perdia,NOUN,NOUN
",",PUNCT,PUNCT
s’,ADP,FUNC
astimma,NOUN,NOUN
atri,NOUN,NOUN
25,NUM,ADJ
mioin,ADJ,ADJ
.,PUNCT,PUNCT
A,ADP,FUNC
scindica,NOUN,NOUN
Salis,PROPN,NOUN
:,PUNCT,PUNCT
«,PUNCT,PUNCT
A,ADP,FUNC
l’,DET,PRON
é,PROPN,NOUN
unna,PROPN,NOUN
bomba,NOUN,NOUN
in,ADP,FUNC
scî,ADJ,ADJ
conti,NOUN,NOUN
do,ADP,FUNC
Commun,PROPN,NOUN
»,PUNCT,PUNCT
.,PUNCT,PUNCT
"

",SPACE,OTHER
Unna,PROPN,NOUN
barca,ADJ,ADJ
da,ADP,FUNC
pesca,NOUN,NOUN
a,ADP,FUNC
l’,DET,PRON
é,PROPN,NOUN
anæta,PROPN,NOUN
a,ADP,FUNC
-,PUNCT,PUNCT
o,CCONJ,FUNC
fondo,NOUN,NOUN
feua,ADJ,ADJ
da,ADP,FUNC
-,PUNCT,PUNCT
o,CCONJ,FUNC
monte,NOUN,NOUN
de,ADP,FUNC
Portofin,PROPN,NOUN
a,ADP,FUNC
-,PUNCT,PUNCT
i,DET,PRON
2,NUM,ADJ
de,ADP,FUNC
frevâ,PROPN,NOUN
.,PUNCT,PUNCT
À,ADP,FUNC
bordo,NOUN,NOUN
gh’,ADV,ADV
ea,ADP,FUNC
doe,DET,PRON
persoñe,PROPN,NOUN
:,PUNCT,PUNCT
un,DET,PRON
pescou,NOUN,NOUN
de,ADP,FUNC
28,NUM,ADJ
anni,NOUN,NOUN
",",PUNCT,PUNCT
sarvou,VERB,VERB
da,ADP,FUNC
un,DET,PRON
remorco,NOUN,NOUN
dòppo,ADJ,ADJ
l’,DET,PRON
açidente,NOUN,NOUN
",",PUNCT,PUNCT
e,CCONJ,FUNC
o,CCONJ,FUNC
comandante,NOUN,NOUN
do,ADP,FUNC
quæ,NUM,ADJ
no,ADV,ADV
s’,ADV,ADV
é,NOUN,NOUN
ciù,PRON,PRON
trovou,VERB,VERB
niente,PRON,PRON
.,PUNCT,PUNCT
Segondo,VERB,VERB
a,ADP,FUNC
reconstruçion,NOUN,NOUN
",",PUNCT,PUNCT
l’,DET,PRON
ea,NOUN,NOUN
stæto,ADJ,ADJ
pròpio,NOUN,NOUN
lê,NOUN,NOUN
à,X,OTHER
ciammâ,X,OTHER
aggiutto,ADV,ADV
perché,SCONJ,FUNC
intrava,VERB,VERB
de,ADP,FUNC
l’,DET,PRON
ægua,NOUN,NOUN
da,ADP,FUNC
unna,PROPN,NOUN
falla,PROPN,NOUN
.,PUNCT,PUNCT
O,CCONJ,FUNC
mocciaccio,NOUN,NOUN
o,CCONJ,FUNC
s’,DET,PRON
é,ADP,FUNC
cacciou,NOUN,NOUN
in,ADP,FUNC
mâ,PROPN,NOUN
e,CCONJ,FUNC
o,CCONJ,FUNC
l’,DET,PRON
é,ADJ,ADJ
stæto,ADJ,ADJ
portou,NOUN,NOUN
à,PRON,PRON
l’,DET,PRON
uspiâ,NOUN,NOUN
",",PUNCT,PUNCT
ma,CCONJ,FUNC
o,CCONJ,FUNC
comandante,NOUN,NOUN
",",PUNCT,PUNCT
o,CCONJ,FUNC
tunexin,NOUN,NOUN
Dhib,PROPN,NOUN
Zouahier,PROPN,NOUN
Ben,PROPN,NOUN
Ali,PROPN,NOUN
",",PUNCT,PUNCT
o,CCONJ,FUNC
no,ADV,ADV
l’,PRON,PRON
à,ADP,FUNC
abbandonou,PROPN,NOUN
a,ADP,FUNC
barca,NOUN,NOUN
à,ADP,FUNC
tempo,NOUN,NOUN
e,CCONJ,FUNC
o,CCONJ,FUNC
l’,DET,PRON
é,ADP,FUNC
stæto,ADJ,ADJ
tiou,NOUN,NOUN
drento,ADJ,ADJ
a,ADP,FUNC
-,PUNCT,PUNCT
o,CCONJ,FUNC
remoin,VERB,VERB
.,PUNCT,PUNCT
O,CCONJ,FUNC
còrpo,VERB,VERB
o,CCONJ,FUNC
no,ADV,ADV
l’,PRON,PRON
é,PROPN,NOUN
ciù,NOUN,NOUN
vegnuo,VERB,VERB
à,ADP,FUNC
galla,NOUN,NOUN
",",PUNCT,PUNCT
a,ADP,FUNC
çerchia,NOUN,NOUN
a,ADP,FUNC
va,VERB,VERB
avanti,ADV,ADV
",",PUNCT,PUNCT
ma,CCONJ,FUNC
inte,ADV,ADV
quello,PRON,PRON
ponto,NOUN,NOUN
o,CCONJ,FUNC
fondo,NOUN,NOUN
o,CCONJ,FUNC
l’,PRON,PRON
arriva,VERB,VERB
à,NOUN,NOUN
300,NUM,ADJ
metri,NOUN,NOUN
e,CCONJ,FUNC
no,ADV,ADV
se,SCONJ,FUNC
ghe,VERB,VERB
peu,PRON,PRON
chinâ,VERB,VERB
.,PUNCT,PUNCT
"

",SPACE,OTHER
I,DET,PRON
pòrti,NOUN,NOUN
de,ADP,FUNC
Zena,PROPN,NOUN
e,CCONJ,FUNC
Saña,PROPN,NOUN
an,PROPN,NOUN
marcou,VERB,VERB
un,DET,PRON
neuvo,ADJ,ADJ
record,NOUN,NOUN
de,ADP,FUNC
trafeghi,NOUN,NOUN
do,ADP,FUNC
2025,NUM,ADJ
",",PUNCT,PUNCT
arrivando,VERB,VERB
squæxi,ADJ,ADJ
à,ADP,FUNC
3,NUM,ADJ
mioin,VERB,VERB
de,ADP,FUNC
Teu,PROPN,NOUN
mesciæ,ADJ,ADJ
",",PUNCT,PUNCT
in,ADP,FUNC
montâ,NOUN,NOUN
do,ADP,FUNC
"6,3",NUM,ADJ
%,SYM,OTHER
da,ADP,FUNC
-,PUNCT,PUNCT
o,CCONJ,FUNC
2024,NUM,ADJ
",",PUNCT,PUNCT
pe,X,OTHER
de,X,OTHER
ciù,ADV,ADV
inte,ADV,ADV
un,DET,PRON
contesto,NOUN,NOUN
internaçionale,ADJ,ADJ
segnou,ADV,ADV
da,ADP,FUNC
l’,DET,PRON
inçertessa,NOUN,NOUN
geopolitica,ADJ,ADJ
e,CCONJ,FUNC
da,ADP,FUNC
-,PUNCT,PUNCT
a,ADP,FUNC
tenscion,NOUN,NOUN
.,PUNCT,PUNCT
In,ADP,FUNC
termini,NOUN,NOUN
de,ADP,FUNC
peiso,NOUN,NOUN
",",PUNCT,PUNCT
da,ADP,FUNC
-,PUNCT,PUNCT
o,CCONJ,FUNC
scistema,NOUN,NOUN
portuale,ADJ,ADJ
do,ADP,FUNC
Mâ,PROPN,NOUN
Ligure,PROPN,NOUN
de,ADP,FUNC
Ponente,PROPN,NOUN
l’,PROPN,NOUN
é,PROPN,NOUN
passou,VERB,VERB
"62,9",NUM,ADJ
mioin,VERB,VERB
de,ADP,FUNC
tonnëi,PROPN,NOUN
",",PUNCT,PUNCT
un,DET,PRON
pö,ADP,FUNC
ciù,ADP,FUNC
basso,ADJ,ADJ
che,SCONJ,FUNC
o,CCONJ,FUNC
2024,NUM,ADJ
(,PUNCT,PUNCT
meno,ADV,ADV
"0,8",NUM,ADJ
%,SYM,OTHER
),PUNCT,PUNCT
.,PUNCT,PUNCT
O,CCONJ,FUNC
trafego,VERB,VERB
di,ADP,FUNC
passaggê,NOUN,NOUN
o,CCONJ,FUNC
l’,DET,PRON
é,PROPN,NOUN
cresciuo,PROPN,NOUN
",",PUNCT,PUNCT
con,ADP,FUNC
passâ,NOUN,NOUN
o,CCONJ,FUNC
livello,NOUN,NOUN
di,ADP,FUNC
5,NUM,ADJ
mioin,NOUN,NOUN
tra,ADP,FUNC
Zena,PROPN,NOUN
e,CCONJ,FUNC
Saña,PROPN,NOUN
:,PUNCT,PUNCT
e,CCONJ,FUNC
croxee,VERB,VERB
an,PROPN,NOUN
marcou,VERB,VERB
un,DET,PRON
"6,1",NUM,ADJ
%,SYM,OTHER
in,ADP,FUNC
ciù,NOUN,NOUN
.,PUNCT,PUNCT
«,PUNCT,PUNCT
Un,DET,PRON
sato,NOUN,NOUN
pe,ADJ,ADJ
-,PUNCT,PUNCT
o,CCONJ,FUNC
nòstro,ADJ,ADJ
scistema,NOUN,NOUN
portuale,ADJ,ADJ
–,PUNCT,PUNCT
o,CCONJ,FUNC
commento,NOUN,NOUN
do,ADP,FUNC
prescidente,ADJ,ADJ
Matteo,PROPN,NOUN
Paroli,PROPN,NOUN
–,PUNCT,PUNCT
.,PUNCT,PUNCT
A,ADP,FUNC
l’,DET,PRON
é,PROPN,NOUN
a,ADP,FUNC
preuva,NOUN,NOUN
che,SCONJ,FUNC
semmo,VERB,VERB
boin,VERB,VERB
à,ADP,FUNC
attrae,VERB,VERB
di,ADP,FUNC
trafeghi,NOUN,NOUN
e,CCONJ,FUNC
adattâse,NOUN,NOUN
a,ADP,FUNC
-,PUNCT,PUNCT
i,DET,PRON
cangiamenti,NOUN,NOUN
do,ADP,FUNC
mercou,NOUN,NOUN
»,PUNCT,PUNCT
.,PUNCT,PUNCT
"

",SPACE,OTHER
O,PROPN,NOUN
Governo,PROPN,NOUN
o,CCONJ,FUNC
l’,DET,PRON
à,NOUN,NOUN
inandiou,VERB,VERB
a,ADP,FUNC
streita,NOUN,NOUN
in,ADP,FUNC
sciâ,NOUN,NOUN
seguessa,VERB,VERB
dòppo,ADP,FUNC
i,DET,PRON
scontri,NOUN,NOUN
di,ADP,FUNC
31,NUM,ADJ
de,ADP,FUNC
zenâ,PROPN,NOUN
à,ADP,FUNC
Turin,PROPN,NOUN
",",PUNCT,PUNCT
donde,VERB,VERB
gh’,DET,PRON
ea,NOUN,NOUN
a,ADP,FUNC
manifestaçion,NOUN,NOUN
pe,X,OTHER
no,X,OTHER
serrâ,NOUN,NOUN
o,CCONJ,FUNC
çentro,ADV,ADV
soçiale,ADJ,ADJ
Askatasuna,PROPN,NOUN
.,PUNCT,PUNCT
L’,DET,PRON
imagine,NOUN,NOUN
de,ADP,FUNC
un,DET,PRON
poliçiòtto,NOUN,NOUN
contornou,NOUN,NOUN
e,CCONJ,FUNC
piggiou,VERB,VERB
à,X,OTHER
baccæ,NOUN,NOUN
da,ADP,FUNC
da,ADP,FUNC
gente,NOUN,NOUN
ingiarmæ,VERB,VERB
a,ADP,FUNC
l’,DET,PRON
à,X,OTHER
fæto,NOUN,NOUN
o,CCONJ,FUNC
gio,VERB,VERB
d’,ADP,FUNC
Italia,PROPN,NOUN
.,PUNCT,PUNCT
O,CCONJ,FUNC
ministëio,ADJ,ADJ
de,ADP,FUNC
l’,DET,PRON
Interno,PROPN,NOUN
o,CCONJ,FUNC
l’,DET,PRON
à,ADJ,ADJ
studiou,NOUN,NOUN
de,ADP,FUNC
mesue,NOUN,NOUN
comme,NOUN,NOUN
a,ADP,FUNC
proteçion,NOUN,NOUN
penale,ADJ,ADJ
pe,ADJ,ADJ
-,PUNCT,PUNCT
i,DET,PRON
agenti,NOUN,NOUN
e,CCONJ,FUNC
un,DET,PRON
fermo,NOUN,NOUN
preventivo,ADJ,ADJ
in,ADP,FUNC
sciô,VERB,VERB
modello,NOUN,NOUN
do,ADP,FUNC
Daspo,PROPN,NOUN
pe,ADJ,ADJ
-,PUNCT,PUNCT
i,DET,PRON
tifoxi,NOUN,NOUN
.,PUNCT,PUNCT
«,PUNCT,PUNCT
Gh’,NOUN,NOUN
é,ADP,FUNC
stæto,ADJ,ADJ
unna,NOUN,NOUN
reisa,ADJ,ADJ
di,ADP,FUNC
conti,NOUN,NOUN
co,ADJ,ADJ
-,PUNCT,PUNCT
o,CCONJ,FUNC
Stato,NOUN,NOUN
democratico,ADJ,ADJ
»,PUNCT,PUNCT
",",PUNCT,PUNCT
o,CCONJ,FUNC
l’,DET,PRON
à,X,OTHER
dito,VERB,VERB
o,CCONJ,FUNC
ministro,NOUN,NOUN
Piantedosi,ADJ,ADJ
in,ADP,FUNC
parlamento,NOUN,NOUN
con,ADP,FUNC
parlâ,NOUN,NOUN
de,ADP,FUNC
dinamiche,NOUN,NOUN
everscive,ADJ,ADJ
e,CCONJ,FUNC
terroriximo,ADJ,ADJ
.,PUNCT,PUNCT
O,CCONJ,FUNC
prescidente,ADV,ADV
da,ADP,FUNC
Repubrica,PROPN,NOUN
",",PUNCT,PUNCT
però,ADV,ADV
",",PUNCT,PUNCT
o,CCONJ,FUNC
l’,DET,PRON
à,X,OTHER
fermou,ADJ,ADJ
e,CCONJ,FUNC
nòrme,ADJ,ADJ
do,ADP,FUNC
decreto,NOUN,NOUN
costrenzendo,NOUN,NOUN
à,X,OTHER
di,ADP,FUNC
cangiamenti,NOUN,NOUN
.,PUNCT,PUNCT
O,CCONJ,FUNC
giudiçe,NOUN,NOUN
o,CCONJ,FUNC
porrià,NOUN,NOUN
deçidde,ADJ,ADJ
de,ADP,FUNC
proibî,X,OTHER
e,CCONJ,FUNC
manifestaçioin,ADJ,ADJ
a,ADP,FUNC
-,PUNCT,PUNCT
i,DET,PRON
condannæ,NOUN,NOUN
pe,ADJ,ADJ
devastaçion,NOUN,NOUN
.,PUNCT,PUNCT
A,ADP,FUNC
Meloni,PROPN,NOUN
:,PUNCT,PUNCT
«,PUNCT,PUNCT
Serve,VERB,VERB
un,DET,PRON
scistema,NOUN,NOUN
ciù,ADP,FUNC
duo,NOUN,NOUN
»,PUNCT,PUNCT
.,PUNCT,PUNCT
"

",SPACE,OTHER
O,CCONJ,FUNC
generale,ADJ,ADJ
Roberto,PROPN,NOUN
Vannacci,PROPN,NOUN
o,CCONJ,FUNC
l’,DET,PRON
à,X,OTHER
offiçializzou,VERB,VERB
l’,DET,PRON
addio,NOUN,NOUN
a,ADP,FUNC
-,PUNCT,PUNCT
a,ADP,FUNC
Lega,PROPN,NOUN
e,CCONJ,FUNC
a,ADP,FUNC
fondaçion,NOUN,NOUN
do,ADP,FUNC
seu,NOUN,NOUN
partio,NOUN,NOUN
Futuro,PROPN,NOUN
Nazionale,ADJ,ADJ
:,PUNCT,PUNCT
«,PUNCT,PUNCT
Veuggio,PROPN,NOUN
anâ,PROPN,NOUN
avanti,ADV,ADV
à,ADP,FUNC
scombatte,VERB,VERB
pe,PROPN,NOUN
-,PUNCT,PUNCT
a,ADP,FUNC
mæ,DET,PRON
patria,NOUN,NOUN
sensa,ADJ,ADJ
mastrussi,ADJ,ADJ
»,PUNCT,PUNCT
",",PUNCT,PUNCT
o,CCONJ,FUNC
l’,DET,PRON
à,X,OTHER
dito,VERB,VERB
.,PUNCT,PUNCT
O,CCONJ,FUNC
l’,DET,PRON
arrestià,NOUN,NOUN
into,ADJ,ADJ
Parlamento,NOUN,NOUN
europeo,ADJ,ADJ
passando,VERB,VERB
a,ADP,FUNC
-,PUNCT,PUNCT
o,CCONJ,FUNC
gruppo,NOUN,NOUN
mesccio,ADJ,ADJ
.,PUNCT,PUNCT
O,PROPN,NOUN
Salvini,PROPN,NOUN
o,CCONJ,FUNC
l’,DET,PRON
à,X,OTHER
espresso,VERB,VERB
a,ADP,FUNC
seu,DET,PRON
deluxon,VERB,VERB
:,PUNCT,PUNCT
«,PUNCT,PUNCT
A,ADP,FUNC
Lega,PROPN,NOUN
a,ADP,FUNC
l’,DET,PRON
aiva,ADJ,ADJ
piggiou,NOUN,NOUN
quande,NOUN,NOUN
o,CCONJ,FUNC
l’,DET,PRON
ea,ADJ,ADJ
arrestou,NOUN,NOUN
da,ADP,FUNC
solo,ADJ,ADJ
»,PUNCT,PUNCT
.,PUNCT,PUNCT
Lê,PROPN,NOUN
o,CCONJ,FUNC
gh’,AUX,VERB
à,X,OTHER
respòsto,VERB,VERB
:,PUNCT,PUNCT
«,PUNCT,PUNCT
O,CCONJ,FUNC
traditô,VERB,VERB
o,CCONJ,FUNC
l’,DET,PRON
é,PROPN,NOUN
o,CCONJ,FUNC
Salvini,PROPN,NOUN
",",PUNCT,PUNCT
da,ADP,FUNC
-,PUNCT,PUNCT
e,CCONJ,FUNC
arme,ADJ,ADJ
à,AUX,VERB
l’,DET,PRON
Ucraina,PROPN,NOUN
a,ADP,FUNC
-,PUNCT,PUNCT
i,DET,PRON
prinçippi,NOUN,NOUN
in,ADP,FUNC
sciâ,ADJ,ADJ
famiggia,NOUN,NOUN
fin,ADV,ADV
a,ADP,FUNC
-,PUNCT,PUNCT
a,ADP,FUNC
lezze,NOUN,NOUN
Fornero,PROPN,NOUN
»,PUNCT,PUNCT
.,PUNCT,PUNCT
O,CCONJ,FUNC
Vannacci,PROPN,NOUN
l’,PRON,PRON
à,NOUN,NOUN
minsonou,VERB,VERB
un,DET,PRON
sondaggio,NOUN,NOUN
ch’,DET,PRON
o,CCONJ,FUNC
dà,VERB,VERB
o,CCONJ,FUNC
seu,DET,PRON
partio,NOUN,NOUN
a,ADP,FUNC
-,PUNCT,PUNCT
o,CCONJ,FUNC
4,NUM,ADJ
%,SYM,OTHER
.,PUNCT,PUNCT
Doî,ADP,FUNC
deputæ,NOUN,NOUN
elezzui,VERB,VERB
co,ADP,FUNC
-,PUNCT,PUNCT
a,ADP,FUNC
Lega,PROPN,NOUN
",",PUNCT,PUNCT
o,CCONJ,FUNC
Sasso,PROPN,NOUN
e,CCONJ,FUNC
o,CCONJ,FUNC
Ziello,PROPN,NOUN
",",PUNCT,PUNCT
an,PROPN,NOUN
lasciou,PROPN,NOUN
o,CCONJ,FUNC
gruppo,NOUN,NOUN
a,ADP,FUNC
-,PUNCT,PUNCT
a,ADP,FUNC
Camia,PROPN,NOUN
.,PUNCT,PUNCT
Scceuppa,VERB,VERB
a,ADP,FUNC
guæra,NOUN,NOUN
legale,ADJ,ADJ
in,ADP,FUNC
sciô,VERB,VERB
scimbolo,VERB,VERB
do,ADP,FUNC
partio,NOUN,NOUN
",",PUNCT,PUNCT
stæto,ADJ,ADJ
registrou,VERB,VERB
do,ADP,FUNC
2010,NUM,ADJ
da,ADP,FUNC
un,DET,PRON
esponente,NOUN,NOUN
do,ADP,FUNC
Movimento,PROPN,NOUN
5,NUM,ADJ
Stelle,PROPN,NOUN
e,CCONJ,FUNC
descheito,VERB,VERB
do,ADP,FUNC
2020,NUM,ADJ
.,PUNCT,PUNCT
"

",SPACE,OTHER
À,ADP,FUNC
Milan,PROPN,NOUN
a,ADP,FUNC
-,PUNCT,PUNCT
i,DET,PRON
6,NUM,ADJ
de,ADP,FUNC
frevâ,PROPN,NOUN
gh’,AUX,VERB
é,AUX,VERB
stæto,VERB,VERB
a,ADP,FUNC
çeimònia,NOUN,NOUN
d’,ADP,FUNC
avertua,NOUN,NOUN
de,ADP,FUNC
Olimpiade,PROPN,NOUN
d’,ADP,FUNC
inverno,NOUN,NOUN
",",PUNCT,PUNCT
un,DET,PRON
spettacolo,NOUN,NOUN
con,ADP,FUNC
doî,ADJ,ADJ
miliardi,NOUN,NOUN
e,CCONJ,FUNC
passa,VERB,VERB
de,ADP,FUNC
telespettatoî,NOUN,NOUN
e,CCONJ,FUNC
atleti,NOUN,NOUN
de,ADP,FUNC
93,NUM,ADJ
Paixi,PROPN,NOUN
.,PUNCT,PUNCT
In,ADP,FUNC
tribuña,NOUN,NOUN
ciù,NOUN,NOUN
de,ADP,FUNC
50,NUM,ADJ
cappi,NOUN,NOUN
de,ADP,FUNC
Stato,NOUN,NOUN
e,CCONJ,FUNC
de,ADP,FUNC
governo,NOUN,NOUN
",",PUNCT,PUNCT
tra,ADP,FUNC
i,DET,PRON
quæ,NUM,ADJ
o,CCONJ,FUNC
Mattarella,PROPN,NOUN
",",PUNCT,PUNCT
a,ADP,FUNC
Meloni,PROPN,NOUN
",",PUNCT,PUNCT
o,CCONJ,FUNC
viçeprescidente,ADJ,ADJ
american,ADJ,ADJ
Vance,PROPN,NOUN
e,CCONJ,FUNC
o,CCONJ,FUNC
segretäio,NOUN,NOUN
generale,ADJ,ADJ
de,ADP,FUNC
l’,DET,PRON
Onu,PROPN,NOUN
Guterres,PROPN,NOUN
.,PUNCT,PUNCT
Tra,ADP,FUNC
i,DET,PRON
artisti,NOUN,NOUN
a,ADP,FUNC
Mariah,PROPN,NOUN
Carey,PROPN,NOUN
",",PUNCT,PUNCT
o,CCONJ,FUNC
Bocelli,PROPN,NOUN
",",PUNCT,PUNCT
o,CCONJ,FUNC
Ghali,PROPN,NOUN
",",PUNCT,PUNCT
o,CCONJ,FUNC
Favino,PROPN,NOUN
",",PUNCT,PUNCT
o,CCONJ,FUNC
Impacciatore,PROPN,NOUN
co,ADJ,ADJ
-,PUNCT,PUNCT
a,ADP,FUNC
voxe,PRON,PRON
da,ADP,FUNC
Matilda,PROPN,NOUN
De,PROPN,NOUN
Angelis,PROPN,NOUN
.,PUNCT,PUNCT
Inti,NOUN,NOUN
giorni,ADJ,ADJ
primma,ADV,ADV
gh’,AUX,VERB
ea,NOUN,NOUN
stæto,ADJ,ADJ
di,ADP,FUNC
attacchi,NOUN,NOUN
informatichi,ADJ,ADJ
da,ADP,FUNC
parte,NOUN,NOUN
di,ADP,FUNC
hacker,NOUN,NOUN
filo,ADJ,ADJ
-,PUNCT,PUNCT
rusci,VERB,VERB
contra,VERB,VERB
di,ADP,FUNC
obiettivi,NOUN,NOUN
diplomatichi,ADJ,ADJ
e,CCONJ,FUNC
ascì,ADJ,ADJ
di,ADP,FUNC
aberghi,NOUN,NOUN
de,ADP,FUNC
Cortina,PROPN,NOUN
.,PUNCT,PUNCT
Sabbo,ADV,ADV
a,ADP,FUNC
primma,NOUN,NOUN
medaggia,ADJ,ADJ
do,ADP,FUNC
sci,NOUN,NOUN
.,PUNCT,PUNCT
"

",SPACE,OTHER
O,CCONJ,FUNC
prescidente,VERB,VERB
american,VERB,VERB
Donald,PROPN,NOUN
Trump,PROPN,NOUN
o,CCONJ,FUNC
veu,VERB,VERB
portâ,X,OTHER
o,CCONJ,FUNC
scistema,NOUN,NOUN
elettorale,ADJ,ADJ
sotta,ADJ,ADJ
o,CCONJ,FUNC
contròllo,NOUN,NOUN
federale,ADJ,ADJ
",",PUNCT,PUNCT
sciben,ADV,ADV
che,SCONJ,FUNC
a,ADP,FUNC
Constituçion,PROPN,NOUN
americaña,VERB,VERB
a,ADP,FUNC
delega,NOUN,NOUN
l’,DET,PRON
amministraçion,NOUN,NOUN
do,ADP,FUNC
voto,NOUN,NOUN
a,ADP,FUNC
-,PUNCT,PUNCT
i,DET,PRON
Stati,NOUN,NOUN
.,PUNCT,PUNCT
O,CCONJ,FUNC
tycoon,NOUN,NOUN
o,CCONJ,FUNC
temme,NOUN,NOUN
e,CCONJ,FUNC
eleçioin,VERB,VERB
de,ADP,FUNC
mezo,X,OTHER
e,CCONJ,FUNC
o,CCONJ,FUNC
parla,VERB,VERB
torna,VERB,VERB
de,ADP,FUNC
teorie,NOUN,NOUN
in,ADP,FUNC
scî,ADJ,ADJ
imbròggi,NOUN,NOUN
do,ADP,FUNC
2020,NUM,ADJ
.,PUNCT,PUNCT
Intanto,ADV,ADV
l’,DET,PRON
é,NOUN,NOUN
scciuppou,NOUN,NOUN
unna,ADJ,ADJ
tempesta,NOUN,NOUN
in,ADP,FUNC
sciô,VERB,VERB
video,NOUN,NOUN
scompartio,NOUN,NOUN
da,ADP,FUNC
-,PUNCT,PUNCT
o,CCONJ,FUNC
Trump,PROPN,NOUN
donde,VERB,VERB
o,CCONJ,FUNC
passou,VERB,VERB
prescidente,NOUN,NOUN
Obama,PROPN,NOUN
e,CCONJ,FUNC
seu,PRON,PRON
moggê,NOUN,NOUN
son,AUX,VERB
representæ,VERB,VERB
comme,NOUN,NOUN
de,ADP,FUNC
scimie,NOUN,NOUN
.,PUNCT,PUNCT
Da,ADP,FUNC
ciù,ADV,ADV
parte,NOUN,NOUN
l’,DET,PRON
é,PROPN,NOUN
arrivou,PROPN,NOUN
de,ADP,FUNC
accuse,NOUN,NOUN
de,ADP,FUNC
razziximo,ADJ,ADJ
.,PUNCT,PUNCT
«,PUNCT,PUNCT
A,ADP,FUNC
l’,DET,PRON
é,PROPN,NOUN
unna,PROPN,NOUN
persoña,ADJ,ADJ
gramma,NOUN,NOUN
»,PUNCT,PUNCT
",",PUNCT,PUNCT
commenta,VERB,VERB
i,DET,PRON
democratichi,NOUN,NOUN
.,PUNCT,PUNCT
In,ADP,FUNC
sciô,VERB,VERB
fronte,NOUN,NOUN
de,ADP,FUNC
l’,DET,PRON
estranxeo,NOUN,NOUN
",",PUNCT,PUNCT
va,VERB,VERB
avanti,ADV,ADV
e,CCONJ,FUNC
trattative,NOUN,NOUN
con,ADP,FUNC
l’,DET,PRON
Iran,PROPN,NOUN
pe,PRON,PRON
schivâ,VERB,VERB
unn’,ADJ,ADJ
atra,NOUN,NOUN
guæra,PROPN,NOUN
.,PUNCT,PUNCT
"

",SPACE,OTHER
Neuvo,ADJ,ADJ
attentato,NOUN,NOUN
à,ADP,FUNC
Mosca,PROPN,NOUN
",",PUNCT,PUNCT
stavòtta,NOUN,NOUN
contra,VERB,VERB
o,CCONJ,FUNC
segondo,VERB,VERB
di,ADP,FUNC
serviçi,ADV,ADV
segretti,NOUN,NOUN
militari,ADJ,ADJ
rusci,VERB,VERB
",",PUNCT,PUNCT
o,CCONJ,FUNC
Vladimir,PROPN,NOUN
Alekseyev,PROPN,NOUN
.,PUNCT,PUNCT
O,CCONJ,FUNC
generale,ADJ,ADJ
",",PUNCT,PUNCT
divöto,VERB,VERB
do,ADP,FUNC
prescidente,NOUN,NOUN
Putin,PROPN,NOUN
",",PUNCT,PUNCT
o,CCONJ,FUNC
l’,DET,PRON
é,NOUN,NOUN
stæto,ADJ,ADJ
corpio,NOUN,NOUN
con,ADP,FUNC
di,ADP,FUNC
spari,NOUN,NOUN
in,ADP,FUNC
sciô,PROPN,NOUN
ballou,PROPN,NOUN
de,ADP,FUNC
cà,X,OTHER
e,CCONJ,FUNC
o,CCONJ,FUNC
l’,DET,PRON
é,NOUN,NOUN
inte,NOUN,NOUN
unna,PROPN,NOUN
condiçion,NOUN,NOUN
graviscima,ADJ,ADJ
.,PUNCT,PUNCT
O,CCONJ,FUNC
ministro,NOUN,NOUN
de,ADP,FUNC
l’,DET,PRON
Estranxeo,PROPN,NOUN
Lavrov,PROPN,NOUN
o,CCONJ,FUNC
l’,DET,PRON
accusa,NOUN,NOUN
:,PUNCT,PUNCT
«,PUNCT,PUNCT
L’,DET,PRON
inçenta,NOUN,NOUN
a,ADP,FUNC
mostra,NOUN,NOUN
a,ADP,FUNC
voentæ,NOUN,NOUN
de,ADP,FUNC
Kiev,PROPN,NOUN
de,ADP,FUNC
mandâ,NOUN,NOUN
à,PRON,PRON
l’,DET,PRON
äia,ADJ,ADJ
e,CCONJ,FUNC
negoçiaçioin,ADJ,ADJ
»,PUNCT,PUNCT
.,PUNCT,PUNCT
Intanto,ADV,ADV
in,ADP,FUNC
Ucraina,PROPN,NOUN
a,ADP,FUNC
tregua,NOUN,NOUN
do,ADP,FUNC
zeo,NOUN,NOUN
a,ADP,FUNC
l’,DET,PRON
é,PROPN,NOUN
finia,PROPN,NOUN
e,CCONJ,FUNC
l’,DET,PRON
é,PROPN,NOUN
comensou,VERB,VERB
torna,VERB,VERB
i,DET,PRON
attacchi,NOUN,NOUN
in,ADP,FUNC
scê,NOUN,NOUN
infrastruttue,ADJ,ADJ
energetiche,ADJ,ADJ
.,PUNCT,PUNCT
L’,DET,PRON
Union,PROPN,NOUN
europea,ADJ,ADJ
a,ADP,FUNC
l’,DET,PRON
à,ADJ,ADJ
presentou,NOUN,NOUN
o,CCONJ,FUNC
vinteximo,ADJ,ADJ
pacchetto,NOUN,NOUN
de,ADP,FUNC
sançioin,NOUN,NOUN
contra,VERB,VERB
a,ADP,FUNC
Ruscia,PROPN,NOUN
pe,ADJ,ADJ
«,PUNCT,PUNCT
costrenze,NOUN,NOUN
o,CCONJ,FUNC
Putin,PROPN,NOUN
a,ADP,FUNC
-,PUNCT,PUNCT
a,ADP,FUNC
paxe,PROPN,NOUN
»,PUNCT,PUNCT
.,PUNCT,PUNCT
"

",SPACE,OTHER
Cresce,VERB,VERB
o,CCONJ,FUNC
conto,NOUN,NOUN
di,ADP,FUNC
mòrti,NOUN,NOUN
inta,VERB,VERB
strage,NOUN,NOUN
de,ADP,FUNC
Crans-Montana,PROPN,NOUN
a,ADP,FUNC
-,PUNCT,PUNCT
o,CCONJ,FUNC
Primmo,PROPN,NOUN
de,ADP,FUNC
l’,DET,PRON
anno,NOUN,NOUN
.,PUNCT,PUNCT
Un,DET,PRON
zoeno,NOUN,NOUN
de,ADP,FUNC
18,NUM,ADJ
anni,NOUN,NOUN
ch’,ADV,ADV
o,CCONJ,FUNC
l’,DET,PRON
ea,PROPN,NOUN
recoverou,VERB,VERB
à,ADV,ADV
l’,DET,PRON
uspiâ,NOUN,NOUN
de,ADP,FUNC
Zurigo,PROPN,NOUN
o,CCONJ,FUNC
no,ADV,ADV
ghe,VERB,VERB
l’,DET,PRON
à,X,OTHER
fæta,PROPN,NOUN
.,PUNCT,PUNCT
E,CCONJ,FUNC
vittime,NOUN,NOUN
oua,PRON,PRON
son,PROPN,NOUN
41,NUM,ADJ
",",PUNCT,PUNCT
i,DET,PRON
ferii,NOUN,NOUN
115,NUM,ADJ
",",PUNCT,PUNCT
tanti,PRON,PRON
inte,VERB,VERB
unna,ADJ,ADJ
condiçion,NOUN,NOUN
grave,ADJ,ADJ
pe,ADJ,ADJ
-,PUNCT,PUNCT
e,CCONJ,FUNC
bruxeuie,NOUN,NOUN
.,PUNCT,PUNCT
Da,ADP,FUNC
l’,DET,PRON
investigaçion,NOUN,NOUN
l’,DET,PRON
é,NOUN,NOUN
vegnuo,NOUN,NOUN
feua,ADJ,ADJ
che,SCONJ,FUNC
i,DET,PRON
contròlli,NOUN,NOUN
mancæ,VERB,VERB
into,ADJ,ADJ
locale,ADJ,ADJ
Le,DET,PRON
Constellation,PROPN,NOUN
",",PUNCT,PUNCT
da,ADP,FUNC
-,PUNCT,PUNCT
o,CCONJ,FUNC
2019,NUM,ADJ
a,ADP,FUNC
-,PUNCT,PUNCT
o,CCONJ,FUNC
2025,NUM,ADJ
",",PUNCT,PUNCT
saieivan,VERB,VERB
stæti,VERB,VERB
caxonæ,NOUN,NOUN
da,ADP,FUNC
di,ADP,FUNC
problemi,NOUN,NOUN
d’,ADP,FUNC
aggiornamento,NOUN,NOUN
do,ADP,FUNC
scistema,NOUN,NOUN
informatico,ADJ,ADJ
ch’,ADV,ADV
o,CCONJ,FUNC
gestisce,VERB,VERB
a,ADP,FUNC
proçedua,PROPN,NOUN
.,PUNCT,PUNCT
L’,DET,PRON
à,X,OTHER
dito,VERB,VERB
o,CCONJ,FUNC
Christophe,PROPN,NOUN
Balet,PROPN,NOUN
",",PUNCT,PUNCT
responsabile,NOUN,NOUN
da,ADP,FUNC
seguessa,NOUN,NOUN
do,ADP,FUNC
Commun,PROPN,NOUN
",",PUNCT,PUNCT
inte,ADV,ADV
l’,DET,PRON
interrogatöio,NOUN,NOUN
à,ADP,FUNC
Sion,PROPN,NOUN
.,PUNCT,PUNCT
Presente,ADJ,ADJ
anche,ADV,ADV
o,CCONJ,FUNC
baccan,VERB,VERB
Jacques,PROPN,NOUN
Moretti,PROPN,NOUN
",",PUNCT,PUNCT
tornou,NOUN,NOUN
in,ADP,FUNC
libertæ,NOUN,NOUN
dòppo,ADJ,ADJ
o,CCONJ,FUNC
pagamento,NOUN,NOUN
da,ADP,FUNC
cauçion,NOUN,NOUN
.,PUNCT,PUNCT
"
",SPACE,OTHER
Unna,PROPN,NOUN
figgiña,PROPN,NOUN
de,ADP,FUNC
doî,NUM,ADJ
anni,NOUN,NOUN
",",PUNCT,PUNCT
de,ADP,FUNC
nomme,PROPN,NOUN
Beatrice,PROPN,NOUN
",",PUNCT,PUNCT
a,ADP,FUNC
l’,DET,PRON
é,PROPN,NOUN
mòrta,PROPN,NOUN
à,PROPN,NOUN
Bordighea,PROPN,NOUN
a,ADP,FUNC
-,PUNCT,PUNCT
i,DET,PRON
9,NUM,ADJ
de,ADP,FUNC
zenâ,NOUN,NOUN
.,PUNCT,PUNCT
I,DET,PRON
soccorritoî,NOUN,NOUN
l’,DET,PRON
an,NOUN,NOUN
trovâ,PROPN,NOUN
za,ADP,FUNC
co,ADJ,ADJ
-,PUNCT,PUNCT
o,CCONJ,FUNC
cheu,ADJ,ADJ
ch’,PROPN,NOUN
o,CCONJ,FUNC
no,ADV,ADV
batteiva,X,OTHER
ciù,NOUN,NOUN
.,PUNCT,PUNCT
A,ADP,FUNC
moæ,ADV,ADV
",",PUNCT,PUNCT
Manuela,PROPN,NOUN
Aiello,PROPN,NOUN
de,ADP,FUNC
43,NUM,ADJ
anni,NOUN,NOUN
",",PUNCT,PUNCT
a,ADP,FUNC
l’,DET,PRON
é,PROPN,NOUN
stæta,PROPN,NOUN
arrestâ,ADJ,ADJ
e,CCONJ,FUNC
missa,ADJ,ADJ
in,ADP,FUNC
prexon,PROPN,NOUN
à,ADP,FUNC
Pontedeximo,PROPN,NOUN
.,PUNCT,PUNCT
O,CCONJ,FUNC
mego,NOUN,NOUN
legale,ADJ,ADJ
o,CCONJ,FUNC
l’,DET,PRON
à,ADJ,ADJ
trovou,NOUN,NOUN
di,ADP,FUNC
negroin,VERB,VERB
in,ADP,FUNC
sciô,VERB,VERB
còrpo,VERB,VERB
da,ADP,FUNC
picciña,PROPN,NOUN
.,PUNCT,PUNCT
A,ADP,FUNC
moæ,ADV,ADV
a,ADP,FUNC
l’,DET,PRON
à,X,OTHER
dito,ADJ,ADJ
ch’,ADV,ADV
a,ADP,FUNC
l’,DET,PRON
ea,PROPN,NOUN
cheita,NOUN,NOUN
da,ADP,FUNC
unna,PROPN,NOUN
scâ,PROPN,NOUN
",",PUNCT,PUNCT
ma,CCONJ,FUNC
che,PRON,PRON
paiva,VERB,VERB
ch’,ADV,ADV
a,ADP,FUNC
stesse,PRON,PRON
ben,ADV,ADV
ascì,ADJ,ADJ
ch’,ADV,ADV
a,ADP,FUNC
mostrava,VERB,VERB
di,ADP,FUNC
problemi,NOUN,NOUN
de,ADP,FUNC
respiaçion,NOUN,NOUN
.,PUNCT,PUNCT
Pe,PROPN,NOUN
-,PUNCT,PUNCT
i,DET,PRON
inquirenti,NOUN,NOUN
",",PUNCT,PUNCT
però,ADV,ADV
",",PUNCT,PUNCT
quelli,PRON,PRON
segni,NOUN,NOUN
saieivan,VERB,VERB
stæti,VERB,VERB
caxonæ,NOUN,NOUN
da,ADP,FUNC
unna,NOUN,NOUN
violensa,VERB,VERB
e,CCONJ,FUNC
no,ADV,ADV
da,ADP,FUNC
un,DET,PRON
açidente,NOUN,NOUN
.,PUNCT,PUNCT
Dòppo,ADP,FUNC
l’,DET,PRON
interrogatöio,NOUN,NOUN
l’,DET,PRON
é,NOUN,NOUN
vegnuo,NOUN,NOUN
feua,ADJ,ADJ
che,SCONJ,FUNC
a,ADP,FUNC
figgetta,NOUN,NOUN
a,ADP,FUNC
saieiva,ADJ,ADJ
mòrta,NOUN,NOUN
à,X,OTHER
Preinoudo,PROPN,NOUN
",",PUNCT,PUNCT
donde,VERB,VERB
stava,VERB,VERB
o,CCONJ,FUNC
compagno,NOUN,NOUN
da,ADP,FUNC
dònna,NOUN,NOUN
",",PUNCT,PUNCT
lê,NOUN,NOUN
ascì,VERB,VERB
indagou,VERB,VERB
",",PUNCT,PUNCT
e,CCONJ,FUNC
donde,VERB,VERB
tutte,DET,PRON
træ,PRON,PRON
e,CCONJ,FUNC
figge,VERB,VERB
aivan,PROPN,NOUN
passou,VERB,VERB
a,ADP,FUNC
neutte,NOUN,NOUN
.,PUNCT,PUNCT
"

",SPACE,OTHER
Con,ADP,FUNC
300,NUM,ADJ
chilli,NOUN,NOUN
de,ADP,FUNC
povie,NOUN,NOUN
missi,VERB,VERB
inte,ADV,ADV
24,NUM,ADJ
beuggi,NOUN,NOUN
l’,DET,PRON
é,NOUN,NOUN
sätou,NOUN,NOUN
pe,PRON,PRON
l’,DET,PRON
äia,ADJ,ADJ
o,CCONJ,FUNC
magheu,PROPN,NOUN
de,ADP,FUNC
2mia,NUM,ADJ
tonnëi,PROPN,NOUN
e,CCONJ,FUNC
720,NUM,ADJ
metri,NOUN,NOUN
cubbi,ADJ,ADJ
(,PUNCT,PUNCT
comme,VERB,VERB
un,DET,PRON
palaçio,NOUN,NOUN
de,ADP,FUNC
quattro,NUM,ADJ
cen,X,OTHER
),PUNCT,PUNCT
arrestou,NOUN,NOUN
appeiso,NOUN,NOUN
in,ADP,FUNC
sce,VERB,VERB
l’,DET,PRON
Aurelia,PROPN,NOUN
dòppo,X,OTHER
a,ADP,FUNC
fraña,NOUN,NOUN
di,ADP,FUNC
25,NUM,ADJ
de,ADP,FUNC
zenâ,PROPN,NOUN
tra,ADP,FUNC
Vexima,PROPN,NOUN
e,CCONJ,FUNC
Rensen,PROPN,NOUN
.,PUNCT,PUNCT
O,CCONJ,FUNC
travaggio,NOUN,NOUN
",",PUNCT,PUNCT
fæto,NOUN,NOUN
fâ,ADP,FUNC
da,ADP,FUNC
l’,DET,PRON
Anas,PROPN,NOUN
à,X,OTHER
unna,PROPN,NOUN
dita,ADJ,ADJ
speçializzâ,PROPN,NOUN
",",PUNCT,PUNCT
o,CCONJ,FUNC
l’,DET,PRON
é,NOUN,NOUN
stæto,ADJ,ADJ
compio,NOUN,NOUN
a,ADP,FUNC
-,PUNCT,PUNCT
i,DET,PRON
13,NUM,ADJ
de,ADP,FUNC
frevâ,PROPN,NOUN
à,X,OTHER
doe,NOUN,NOUN
e,CCONJ,FUNC
meza,PROPN,NOUN
de,ADP,FUNC
doppodisnâ,PROPN,NOUN
.,PUNCT,PUNCT
Gh’,ADJ,ADJ
é,ADP,FUNC
stæto,ADJ,ADJ
beseugno,NOUN,NOUN
d’,ADP,FUNC
affermâ,NOUN,NOUN
i,DET,PRON
treni,NOUN,NOUN
pe,ADJ,ADJ
unn’,VERB,VERB
oa,ADP,FUNC
pöcassæ,NOUN,NOUN
",",PUNCT,PUNCT
incangio,ADJ,ADJ
l’,DET,PRON
autostradda,NOUN,NOUN
a,ADP,FUNC
no,ADV,ADV
l’,PRON,PRON
à,ADP,FUNC
mai,ADV,ADV
serrou,VERB,VERB
.,PUNCT,PUNCT
Oua,VERB,VERB
se,SCONJ,FUNC
travaggia,VERB,VERB
pe,PRON,PRON
arvî,ADJ,ADJ
torna,VERB,VERB
a,ADP,FUNC
stradda,NOUN,NOUN
pe,ADJ,ADJ
-,PUNCT,PUNCT
o,CCONJ,FUNC
1°,ADJ,ADJ
de,ADP,FUNC
marso,NOUN,NOUN
",",PUNCT,PUNCT
a,ADP,FUNC
-,PUNCT,PUNCT
o,CCONJ,FUNC
manco,ADJ,ADJ
con,ADP,FUNC
unn’,ADJ,ADJ
andania,NOUN,NOUN
.,PUNCT,PUNCT
E,CCONJ,FUNC
prie,ADJ,ADJ
vegnue,ADJ,ADJ
zu,PROPN,NOUN
da,ADP,FUNC
-,PUNCT,PUNCT
a,ADP,FUNC
còsta,ADJ,ADJ
saian,PROPN,NOUN
addeuviæ,PROPN,NOUN
pe,PRON,PRON
rinforsâ,VERB,VERB
a,ADP,FUNC
scuggea,ADJ,ADJ
sotta,VERB,VERB
a,ADP,FUNC
stradda,NOUN,NOUN
comme,ADJ,ADJ
proteçion,NOUN,NOUN
da,ADP,FUNC
-,PUNCT,PUNCT
i,DET,PRON
mouxi,NOUN,NOUN
.,PUNCT,PUNCT
"

",SPACE,OTHER
O,PROPN,NOUN
Commun,PROPN,NOUN
de,ADP,FUNC
Zena,PROPN,NOUN
o,CCONJ,FUNC
l’,DET,PRON
à,X,OTHER
deciarou,VERB,VERB
l’,DET,PRON
interesse,NOUN,NOUN
pubrico,ADJ,ADJ
in,ADP,FUNC
sciâ,ADJ,ADJ
propòsta,NOUN,NOUN
de,ADP,FUNC
Zena,PROPN,NOUN
e,CCONJ,FUNC
Sandöia,PROPN,NOUN
pe,ADJ,ADJ
-,PUNCT,PUNCT
a,ADP,FUNC
conçescion,NOUN,NOUN
do,ADP,FUNC
stadio,NOUN,NOUN
Ferraris,PROPN,NOUN
.,PUNCT,PUNCT
E,CCONJ,FUNC
squaddre,VERB,VERB
an,DET,PRON
promisso,NOUN,NOUN
di,ADP,FUNC
investimenti,NOUN,NOUN
pe,DET,PRON
100,NUM,ADJ
mioin,ADJ,ADJ
e,CCONJ,FUNC
passa,VERB,VERB
pe,ADJ,ADJ
renovâlo,VERB,VERB
in,ADP,FUNC
cangio,NOUN,NOUN
do,ADP,FUNC
drito,NOUN,NOUN
de,ADP,FUNC
terren,DET,PRON
pe,ADJ,ADJ
99,NUM,ADJ
anni,NOUN,NOUN
(,PUNCT,PUNCT
di,ADP,FUNC
quæ,NUM,ADJ
50,NUM,ADJ
de,ADP,FUNC
badda,NOUN,NOUN
che,PRON,PRON
van,PROPN,NOUN
comme,PROPN,NOUN
6,NUM,ADJ
mioin,NOUN,NOUN
),PUNCT,PUNCT
.,PUNCT,PUNCT
A,ADP,FUNC
scindica,NOUN,NOUN
Silvia,PROPN,NOUN
Salis,PROPN,NOUN
a,ADP,FUNC
l’,DET,PRON
à,X,OTHER
dito,VERB,VERB
che,SCONJ,FUNC
i,DET,PRON
19,NUM,ADJ
mioin,VERB,VERB
che,SCONJ,FUNC
i,DET,PRON
club,NOUN,NOUN
voeivan,PROPN,NOUN
mette,VERB,VERB
à,ADP,FUNC
carrego,ADJ,ADJ
do,ADP,FUNC
Commun,PROPN,NOUN
dovià,PROPN,NOUN
çercâli,VERB,VERB
e,CCONJ,FUNC
soçietæ,NOUN,NOUN
pe,ADJ,ADJ
mezo,PRON,PRON
d’,ADP,FUNC
atre,NOUN,NOUN
vivagne,NOUN,NOUN
de,ADP,FUNC
finançiamento,NOUN,NOUN
.,PUNCT,PUNCT
Oua,NOUN,NOUN
o,CCONJ,FUNC
consòrçio,NOUN,NOUN
Stadium,PROPN,NOUN
",",PUNCT,PUNCT
formou,VERB,VERB
da,ADP,FUNC
Zena,PROPN,NOUN
e,CCONJ,FUNC
Sandöia,PROPN,NOUN
",",PUNCT,PUNCT
o,CCONJ,FUNC
l’,DET,PRON
avià,NOUN,NOUN
da,ADP,FUNC
consegnâ,PROPN,NOUN
o,CCONJ,FUNC
progetto,NOUN,NOUN
de,ADP,FUNC
fattibilitæ,NOUN,NOUN
da,ADP,FUNC
chì,NOUN,NOUN
a,ADP,FUNC
-,PUNCT,PUNCT
a,ADP,FUNC
meitæ,PROPN,NOUN
de,ADP,FUNC
marso,NOUN,NOUN
.,PUNCT,PUNCT
L’,DET,PRON
intençion,NOUN,NOUN
a,ADP,FUNC
l’,DET,PRON
é,NOUN,NOUN
delongo,VERB,VERB
quella,PRON,PRON
d’,ADP,FUNC
aveighe,NOUN,NOUN
un,DET,PRON
stadio,NOUN,NOUN
bon,NOUN,NOUN
à,ADP,FUNC
ospitâ,NOUN,NOUN
di,ADP,FUNC
spettacoli,NOUN,NOUN
e,CCONJ,FUNC
ascì,VERB,VERB
de,ADP,FUNC
partie,NOUN,NOUN
di,ADP,FUNC
Europëi,PROPN,NOUN
de,ADP,FUNC
ballon,PROPN,NOUN
do,ADP,FUNC
2032,NUM,ADJ
.,PUNCT,PUNCT
"

",SPACE,OTHER
«,PUNCT,PUNCT
Pe,PROPN,NOUN
-,PUNCT,PUNCT
o,CCONJ,FUNC
no,ADV,ADV
votià,NOUN,NOUN
e,CCONJ,FUNC
persoñe,PROPN,NOUN
daben,PROPN,NOUN
",",PUNCT,PUNCT
pe,PROPN,NOUN
-,PUNCT,PUNCT
o,CCONJ,FUNC
scì,PRON,PRON
i,DET,PRON
imputæ,NOUN,NOUN
e,CCONJ,FUNC
i,DET,PRON
framassoin,NOUN,NOUN
corrotti,ADJ,ADJ
»,PUNCT,PUNCT
.,PUNCT,PUNCT
Ste,DET,PRON
poule,NOUN,NOUN
do,ADP,FUNC
Nicola,PROPN,NOUN
Gratteri,PROPN,NOUN
",",PUNCT,PUNCT
o,CCONJ,FUNC
procuou,NOUN,NOUN
de,ADP,FUNC
Napoli,PROPN,NOUN
",",PUNCT,PUNCT
insciamman,X,OTHER
a,ADP,FUNC
discuscion,NOUN,NOUN
in,ADP,FUNC
sciô,VERB,VERB
referendum,NOUN,NOUN
in,ADP,FUNC
sciâ,NOUN,NOUN
giustiçia,NOUN,NOUN
.,PUNCT,PUNCT
O,CCONJ,FUNC
ministro,NOUN,NOUN
Nordio,PROPN,NOUN
o,CCONJ,FUNC
l’,DET,PRON
à,X,OTHER
commentou,NOUN,NOUN
:,PUNCT,PUNCT
«,PUNCT,PUNCT
Me,PRON,PRON
domando,VERB,VERB
se,SCONJ,FUNC
l’,DET,PRON
examme,NOUN,NOUN
pscico,ADJ,ADJ
-,PUNCT,PUNCT
attitudinale,ADJ,ADJ
o,CCONJ,FUNC
no,ADV,ADV
ghe,ADJ,ADJ
veugge,VERB,VERB
anche,ADV,ADV
pe,ADJ,ADJ
-,PUNCT,PUNCT
a,ADP,FUNC
fin,ADV,ADV
da,ADP,FUNC
carrea,NOUN,NOUN
»,PUNCT,PUNCT
.,PUNCT,PUNCT
O,CCONJ,FUNC
ministro,NOUN,NOUN
Tajani,PROPN,NOUN
o,CCONJ,FUNC
l’,DET,PRON
à,X,OTHER
parlou,VERB,VERB
de,ADP,FUNC
un,DET,PRON
«,PUNCT,PUNCT
attacco,NOUN,NOUN
a,ADP,FUNC
-,PUNCT,PUNCT
a,ADP,FUNC
democraçia,NOUN,NOUN
»,PUNCT,PUNCT
.,PUNCT,PUNCT
Ma,CCONJ,FUNC
o,CCONJ,FUNC
magistrato,NOUN,NOUN
o,CCONJ,FUNC
l’,DET,PRON
à,X,OTHER
replicou,VERB,VERB
:,PUNCT,PUNCT
«,PUNCT,PUNCT
E,CCONJ,FUNC
menasse,VERB,VERB
no,ADV,ADV
me,PRON,PRON
faian,VERB,VERB
taxei,NOUN,NOUN
»,PUNCT,PUNCT
.,PUNCT,PUNCT
Intanto,ADV,ADV
a,ADP,FUNC
prescidente,NOUN,NOUN
do,ADP,FUNC
Conseggio,PROPN,NOUN
Giorgia,PROPN,NOUN
Meloni,PROPN,NOUN
a,ADP,FUNC
l’,DET,PRON
à,X,OTHER
definio,NOUN,NOUN
i,DET,PRON
manifestanti,NOUN,NOUN
contra,NOUN,NOUN
e,CCONJ,FUNC
Olimpiade,PROPN,NOUN
di,ADP,FUNC
«,PUNCT,PUNCT
nemixi,PROPN,NOUN
de,ADP,FUNC
l’,DET,PRON
Italia,PROPN,NOUN
»,PUNCT,PUNCT
.,PUNCT,PUNCT
E,CCONJ,FUNC
oppoxiçioin,X,OTHER
promettan,VERB,VERB
battaggia,NOUN,NOUN
in,ADP,FUNC
sciô,PROPN,NOUN
neuvo,VERB,VERB
decreto,NOUN,NOUN
in,ADP,FUNC
sciâ,NOUN,NOUN
seguessa,ADJ,ADJ
.,PUNCT,PUNCT
Neuvi,VERB,VERB
ascadi,VERB,VERB
pe,ADP,FUNC
-,PUNCT,PUNCT
a,ADP,FUNC
ministra,NOUN,NOUN
Santanchè,PROPN,NOUN
",",PUNCT,PUNCT
indagâ,VERB,VERB
à,AUX,VERB
Milan,PROPN,NOUN
pe,ADJ,ADJ
unn’,ADJ,ADJ
atra,NOUN,NOUN
ipòtexi,ADJ,ADJ
de,ADP,FUNC
bancarotta,NOUN,NOUN
de,ADP,FUNC
sfrouxo,NOUN,NOUN
.,PUNCT,PUNCT
"

",SPACE,OTHER
O,PROPN,NOUN
Tribunâ,PROPN,NOUN
de,ADP,FUNC
Bari,PROPN,NOUN
o,CCONJ,FUNC
l’,PRON,PRON
à,X,OTHER
condannou,VERB,VERB
12,NUM,ADJ
militanti,NOUN,NOUN
de,ADP,FUNC
CasaPound,PROPN,NOUN
pe,X,OTHER
avei,NOUN,NOUN
formou,VERB,VERB
torna,VERB,VERB
o,CCONJ,FUNC
partio,ADJ,ADJ
fascista,ADJ,ADJ
.,PUNCT,PUNCT
A,ADP,FUNC
sentensa,NOUN,NOUN
",",PUNCT,PUNCT
con,ADP,FUNC
de,ADP,FUNC
peñe,NOUN,NOUN
fin,ADP,FUNC
à,X,OTHER
doî,NUM,ADJ
anni,NOUN,NOUN
e,CCONJ,FUNC
mezo,NOUN,NOUN
e,CCONJ,FUNC
interdiçion,NOUN,NOUN
da,ADP,FUNC
-,PUNCT,PUNCT
i,DET,PRON
driti,NOUN,NOUN
politichi,ADJ,ADJ
pe,DET,PRON
çinque,NUM,ADJ
anni,NOUN,NOUN
",",PUNCT,PUNCT
a,ADP,FUNC
l’,DET,PRON
é,AUX,VERB
stæta,PROPN,NOUN
prononçiâ,NOUN,NOUN
apreuvo,ADJ,ADJ
à,ADJ,ADJ
unn’,ADJ,ADJ
aggrescion,NOUN,NOUN
à,X,OTHER
di,ADP,FUNC
militanti,NOUN,NOUN
antifascisti,ADJ,ADJ
che,PRON,PRON
tornavan,VERB,VERB
da,ADP,FUNC
un,DET,PRON
corteo,NOUN,NOUN
",",PUNCT,PUNCT
unn’,ADJ,ADJ
açion,NOUN,NOUN
reconosciua,VERB,VERB
comme,NOUN,NOUN
tipica,ADJ,ADJ
de,ADP,FUNC
squaddre,X,OTHER
fasciste,NOUN,NOUN
.,PUNCT,PUNCT
A,ADP,FUNC
l’,DET,PRON
é,PROPN,NOUN
a,ADP,FUNC
primma,NOUN,NOUN
vòtta,VERB,VERB
in,ADP,FUNC
Italia,PROPN,NOUN
che,PRON,PRON
s’,ADV,ADV
applica,VERB,VERB
a,ADP,FUNC
lezze,NOUN,NOUN
Scelba,PROPN,NOUN
pe,PROPN,NOUN
CasaPound,X,OTHER
.,PUNCT,PUNCT
L’,DET,PRON
oppoxiçion,NOUN,NOUN
a,ADP,FUNC
ciamma,NOUN,NOUN
torna,VERB,VERB
a,ADP,FUNC
seu,DET,PRON
desfæta,NOUN,NOUN
e,CCONJ,FUNC
o,CCONJ,FUNC
desbarasso,VERB,VERB
do,ADP,FUNC
scito,NOUN,NOUN
stòrico,ADJ,ADJ
occupou,VERB,VERB
da,ADP,FUNC
-,PUNCT,PUNCT
o,CCONJ,FUNC
2003,NUM,ADJ
à,X,OTHER
Romma,PROPN,NOUN
.,PUNCT,PUNCT
Anche,ADV,ADV
Forza,PROPN,NOUN
Italia,PROPN,NOUN
a,ADP,FUNC
l’,DET,PRON
é,PROPN,NOUN
d’,ADP,FUNC
accòrdio,NOUN,NOUN
",",PUNCT,PUNCT
ma,CCONJ,FUNC
a,ADP,FUNC
preçisa,NOUN,NOUN
che,PRON,PRON
«,PUNCT,PUNCT
tocca,VERB,VERB
a,ADP,FUNC
-,PUNCT,PUNCT
i,DET,PRON
giudiçi,NOUN,NOUN
desfâ,NOUN,NOUN
l’,DET,PRON
organizzaçion,NOUN,NOUN
»,PUNCT,PUNCT
.,PUNCT,PUNCT
"

",SPACE,OTHER
O,CCONJ,FUNC
tempo,NOUN,NOUN
grammo,ADJ,ADJ
o,CCONJ,FUNC
l’,DET,PRON
à,X,OTHER
corpio,NOUN,NOUN
torna,VERB,VERB
l’,DET,PRON
Italia,PROPN,NOUN
à,ADP,FUNC
doe,DET,PRON
settemañe,VERB,VERB
da,ADP,FUNC
-,PUNCT,PUNCT
o,CCONJ,FUNC
çiclon,PROPN,NOUN
Harry,PROPN,NOUN
.,PUNCT,PUNCT
À,ADP,FUNC
Formello,PROPN,NOUN
",",PUNCT,PUNCT
vexin,PROPN,NOUN
à,ADP,FUNC
Romma,PROPN,NOUN
",",PUNCT,PUNCT
unna,PROPN,NOUN
fraña,PROPN,NOUN
caxonâ,PROPN,NOUN
da,ADP,FUNC
l’,DET,PRON
ægua,NOUN,NOUN
cheita,NOUN,NOUN
delongo,VERB,VERB
pe,X,OTHER
di,ADP,FUNC
giorni,NOUN,NOUN
a,ADP,FUNC
l’,DET,PRON
à,ADJ,ADJ
investio,NOUN,NOUN
un,DET,PRON
casamento,NOUN,NOUN
de,ADP,FUNC
trei,X,OTHER
cen,PROPN,NOUN
:,PUNCT,PUNCT
un,DET,PRON
òmmo,NOUN,NOUN
de,ADP,FUNC
58,NUM,ADJ
anni,NOUN,NOUN
o,CCONJ,FUNC
l’,DET,PRON
é,NOUN,NOUN
mòrto,NOUN,NOUN
e,CCONJ,FUNC
træ,PRON,PRON
persoñe,PROPN,NOUN
son,AUX,VERB
arrestæ,VERB,VERB
ferie,ADJ,ADJ
.,PUNCT,PUNCT
In,ADP,FUNC
Calabria,PROPN,NOUN
di,ADP,FUNC
sciummi,NOUN,NOUN
son,AUX,VERB
anæti,VERB,VERB
de,ADP,FUNC
sorva,PROPN,NOUN
e,CCONJ,FUNC
ben,ADV,ADV
ben,ADV,ADV
de,ADP,FUNC
famigge,VERB,VERB
se,SCONJ,FUNC
son,AUX,VERB
attrovæ,NOUN,NOUN
isoæ,ADJ,ADJ
.,PUNCT,PUNCT
Un,DET,PRON
elicòttero,NOUN,NOUN
di,ADP,FUNC
pompê,NOUN,NOUN
o,CCONJ,FUNC
l’,DET,PRON
à,ADJ,ADJ
tiou,NOUN,NOUN
sciù,NOUN,NOUN
10,NUM,ADJ
persoñe,NOUN,NOUN
.,PUNCT,PUNCT
Raffeghe,PROPN,NOUN
de,ADP,FUNC
vento,NOUN,NOUN
fin,ADP,FUNC
à,X,OTHER
137,NUM,ADJ
chilòmetri,NOUN,NOUN
à,ADP,FUNC
l’,DET,PRON
oa,PROPN,NOUN
in,ADP,FUNC
provinsa,NOUN,NOUN
de,ADP,FUNC
Reggio,PROPN,NOUN
",",PUNCT,PUNCT
stradde,ADV,ADV
serræ,PROPN,NOUN
",",PUNCT,PUNCT
isoe,VERB,VERB
che,PRON,PRON
no,INTJ,OTHER
se,SCONJ,FUNC
ghe,VERB,VERB
peu,PRON,PRON
arrivâ,NOUN,NOUN
",",PUNCT,PUNCT
neuvi,VERB,VERB
danni,NOUN,NOUN
pe,ADJ,ADJ
-,PUNCT,PUNCT
i,DET,PRON
mouxi,NOUN,NOUN
in,ADP,FUNC
Siçilia,PROPN,NOUN
.,PUNCT,PUNCT
E,CCONJ,FUNC
inti,NOUN,NOUN
giorni,ADJ,ADJ
che,PRON,PRON
vëgne,ADJ,ADJ
se,SCONJ,FUNC
prevedde,PROPN,NOUN
unn’,ADJ,ADJ
atra,VERB,VERB
perturbaçion,NOUN,NOUN
",",PUNCT,PUNCT
torna,VERB,VERB
in,ADP,FUNC
sciô,VERB,VERB
Çentro,PROPN,NOUN
e,CCONJ,FUNC
SuD,PROPN,NOUN
Italia,PROPN,NOUN
e,CCONJ,FUNC
a,ADP,FUNC
Sardegna,PROPN,NOUN
ascì,PROPN,NOUN
.,PUNCT,PUNCT
"

",SPACE,OTHER
«,PUNCT,PUNCT
Co,PROPN,NOUN
-,PUNCT,PUNCT
i,DET,PRON
Stati,NOUN,NOUN
Unii,PROPN,NOUN
s’,ADP,FUNC
é,AUX,VERB
averto,ADV,ADV
unna,PROPN,NOUN
scciappeuia,VERB,VERB
",",PUNCT,PUNCT
l’,DET,PRON
ordine,NOUN,NOUN
de,ADP,FUNC
dòppo,PROPN,NOUN
a,ADP,FUNC
guæra,NOUN,NOUN
o,CCONJ,FUNC
no,ADV,ADV
l’,DET,PRON
existe,NOUN,NOUN
ciù,NOUN,NOUN
»,PUNCT,PUNCT
.,PUNCT,PUNCT
O,CCONJ,FUNC
l’,DET,PRON
é,PROPN,NOUN
l’,DET,PRON
avvertimento,NOUN,NOUN
do,ADP,FUNC
cançellê,PROPN,NOUN
todesco,VERB,VERB
Friedrich,PROPN,NOUN
Merz,PROPN,NOUN
a,ADP,FUNC
-,PUNCT,PUNCT
a,ADP,FUNC
conferensa,NOUN,NOUN
de,ADP,FUNC
Monego,PROPN,NOUN
de,ADP,FUNC
Baviera,PROPN,NOUN
in,ADP,FUNC
sciâ,NOUN,NOUN
seguessa,ADJ,ADJ
.,PUNCT,PUNCT
O,CCONJ,FUNC
prescidente,ADV,ADV
ucraino,ADJ,ADJ
Zelensky,PROPN,NOUN
",",PUNCT,PUNCT
presente,ADJ,ADJ
lê,NOUN,NOUN
ascì,VERB,VERB
",",PUNCT,PUNCT
o,CCONJ,FUNC
l’,DET,PRON
à,X,OTHER
fæto,VERB,VERB
prescion,NOUN,NOUN
à,X,OTHER
l’,DET,PRON
Euröpa,PROPN,NOUN
.,PUNCT,PUNCT
Segondo,VERB,VERB
o,CCONJ,FUNC
Financial,PROPN,NOUN
Times,PROPN,NOUN
o,CCONJ,FUNC
porrieiva,ADJ,ADJ
annonçiâ,X,OTHER
un,DET,PRON
cian,NOUN,NOUN
pe,ADJ,ADJ
-,PUNCT,PUNCT
e,CCONJ,FUNC
eleçioin,VERB,VERB
e,CCONJ,FUNC
un,DET,PRON
referendum,NOUN,NOUN
in,ADP,FUNC
sce,VERB,VERB
un,DET,PRON
accòrdio,NOUN,NOUN
de,ADP,FUNC
paxe,X,OTHER
a,ADP,FUNC
-,PUNCT,PUNCT
i,DET,PRON
24,NUM,ADJ
de,ADP,FUNC
frevâ,PROPN,NOUN
",",PUNCT,PUNCT
quarto,ADJ,ADJ
anniversäio,NOUN,NOUN
de,ADP,FUNC
l’,DET,PRON
invaxon,NOUN,NOUN
ruscia,NOUN,NOUN
.,PUNCT,PUNCT
Ma,CCONJ,FUNC
Kiev,PROPN,NOUN
dapeu,VERB,VERB
a,ADP,FUNC
l’,DET,PRON
à,ADJ,ADJ
frenou,NOUN,NOUN
:,PUNCT,PUNCT
«,PUNCT,PUNCT
Pe,X,OTHER
fin,X,OTHER
che,PRON,PRON
no,ADV,ADV
ghe,PRON,PRON
saià,VERB,VERB
de,ADP,FUNC
seguessa,NOUN,NOUN
",",PUNCT,PUNCT
nisciun,NOUN,NOUN
annonçio,NOUN,NOUN
de,ADP,FUNC
voto,NOUN,NOUN
»,PUNCT,PUNCT
.,PUNCT,PUNCT
Mosca,PROPN,NOUN
a,ADP,FUNC
l’,DET,PRON
à,X,OTHER
annonçiou,VERB,VERB
un,NUM,ADJ
neuvo,ADJ,ADJ
gio,NOUN,NOUN
de,ADP,FUNC
negoçiaçion,NOUN,NOUN
co,ADJ,ADJ
-,PUNCT,PUNCT
a,ADP,FUNC
presensa,NOUN,NOUN
di,ADP,FUNC
Stati,PROPN,NOUN
Unii,PROPN,NOUN
a,ADP,FUNC
-,PUNCT,PUNCT
i,DET,PRON
17,NUM,ADJ
e,CCONJ,FUNC
18,NUM,ADJ
de,ADP,FUNC
frevâ,PROPN,NOUN
in,ADP,FUNC
Svissera,PROPN,NOUN
.,PUNCT,PUNCT
"

",SPACE,OTHER
O,PROPN,NOUN
caxo,VERB,VERB
Epstein,PROPN,NOUN
",",PUNCT,PUNCT
apreuvo,ADJ,ADJ
à,X,OTHER
sciätâ,VERB,VERB
i,DET,PRON
Stati,PROPN,NOUN
Unii,PROPN,NOUN
",",PUNCT,PUNCT
o,CCONJ,FUNC
l’,DET,PRON
investe,NOUN,NOUN
anche,ADV,ADV
a,ADP,FUNC
Gran,PROPN,NOUN
Bretagna,PROPN,NOUN
.,PUNCT,PUNCT
O,CCONJ,FUNC
re,NOUN,NOUN
Carlo,PROPN,NOUN
",",PUNCT,PUNCT
in,ADP,FUNC
pensceo,NOUN,NOUN
pe,ADP,FUNC
quello,PRON,PRON
che,PRON,PRON
porrieiva,AUX,VERB
vegnî,ADJ,ADJ
feua,VERB,VERB
in,ADP,FUNC
sciô,VERB,VERB
fræ,PROPN,NOUN
Andria,PROPN,NOUN
",",PUNCT,PUNCT
o,CCONJ,FUNC
s’,DET,PRON
é,NOUN,NOUN
dito,VERB,VERB
pronto,ADJ,ADJ
à,ADP,FUNC
conlaborâ,NOUN,NOUN
co,ADJ,ADJ
-,PUNCT,PUNCT
a,ADP,FUNC
poliçia,NOUN,NOUN
.,PUNCT,PUNCT
O,CCONJ,FUNC
primmo,VERB,VERB
ministro,NOUN,NOUN
Starmer,PROPN,NOUN
o,CCONJ,FUNC
tëgne,NOUN,NOUN
duo,NOUN,NOUN
con,ADP,FUNC
tutto,PRON,PRON
che,ADP,FUNC
da,ADP,FUNC
-,PUNCT,PUNCT
i,DET,PRON
file,NOUN,NOUN
l’,DET,PRON
é,PROPN,NOUN
sciortio,NOUN,NOUN
di,ADP,FUNC
ligammi,NOUN,NOUN
tra,ADP,FUNC
l’,DET,PRON
imprenditô,NOUN,NOUN
e,CCONJ,FUNC
o,CCONJ,FUNC
Peter,PROPN,NOUN
Mandelson,PROPN,NOUN
",",PUNCT,PUNCT
un,DET,PRON
di,ADP,FUNC
protagonisti,NOUN,NOUN
stòrichi,NOUN,NOUN
di,ADP,FUNC
Labour,PROPN,NOUN
.,PUNCT,PUNCT
A,ADP,FUNC
comprixe,NOUN,NOUN
Ghislaine,PROPN,NOUN
Maxwell,PROPN,NOUN
a,ADP,FUNC
no,ADV,ADV
l’,PRON,PRON
à,X,OTHER
parlou,VERB,VERB
davanti,ADV,ADV
a,ADP,FUNC
-,PUNCT,PUNCT
o,CCONJ,FUNC
Congresso,PROPN,NOUN
.,PUNCT,PUNCT
A,ADP,FUNC
Kathy,PROPN,NOUN
Ruemmler,PROPN,NOUN
",",PUNCT,PUNCT
responsabile,NOUN,NOUN
legale,ADJ,ADJ
da,ADP,FUNC
Goldman,PROPN,NOUN
Sachs,PROPN,NOUN
e,CCONJ,FUNC
passâ,VERB,VERB
consulente,NOUN,NOUN
legale,ADJ,ADJ
da,ADP,FUNC
Casa,PROPN,NOUN
Gianca,ADJ,ADJ
co,ADJ,ADJ
-,PUNCT,PUNCT
o,CCONJ,FUNC
Obama,PROPN,NOUN
",",PUNCT,PUNCT
a,ADP,FUNC
l’,DET,PRON
à,ADP,FUNC
dæto,NOUN,NOUN
e,CCONJ,FUNC
dimiscioin,VERB,VERB
:,PUNCT,PUNCT
a,ADP,FUNC
l’,DET,PRON
avieiva,ADJ,ADJ
avuo,NOUN,NOUN
unna,PROPN,NOUN
longa,PROPN,NOUN
relaçion,NOUN,NOUN
co,ADJ,ADJ
-,PUNCT,PUNCT
o,CCONJ,FUNC
Epstein,PROPN,NOUN
e,CCONJ,FUNC
a,ADP,FUNC
ghe,NOUN,NOUN
conseggiava,VERB,VERB
comme,NOUN,NOUN
responde,VERB,VERB
a,ADP,FUNC
-,PUNCT,PUNCT
e,CCONJ,FUNC
domande,VERB,VERB
in,ADP,FUNC
scî,DET,PRON
seu,DET,PRON
crimini,NOUN,NOUN
sessuali,ADJ,ADJ
.,PUNCT,PUNCT
"

",SPACE,OTHER
A,PROPN,NOUN
Jessica,PROPN,NOUN
Moretti,PROPN,NOUN
",",PUNCT,PUNCT
a,ADP,FUNC
baccaña,NOUN,NOUN
do,ADP,FUNC
Constellation,PROPN,NOUN
de,ADP,FUNC
Crans-Montana,PROPN,NOUN
donde,VERB,VERB
41,NUM,ADJ
persoñe,NOUN,NOUN
son,AUX,VERB
mòrte,VERB,VERB
a,ADP,FUNC
-,PUNCT,PUNCT
o,CCONJ,FUNC
Primmo,PROPN,NOUN
de,ADP,FUNC
l’,DET,PRON
anno,NOUN,NOUN
",",PUNCT,PUNCT
a,ADP,FUNC
l’,DET,PRON
à,X,OTHER
ammisso,VERB,VERB
cianzendo,VERB,VERB
e,CCONJ,FUNC
mancanse,VERB,VERB
inta,NOUN,NOUN
seguessa,ADJ,ADJ
:,PUNCT,PUNCT
«,PUNCT,PUNCT
E,CCONJ,FUNC
preuve,ADJ,ADJ
de,ADP,FUNC
fuga,NOUN,NOUN
no,ADV,ADV
s’,ADP,FUNC
en,PROPN,NOUN
mai,ADV,ADV
fæte,ADJ,ADJ
»,PUNCT,PUNCT
.,PUNCT,PUNCT
Pöco,VERB,VERB
primma,NOUN,NOUN
un,DET,PRON
gruppo,NOUN,NOUN
de,ADP,FUNC
pænti,PRON,PRON
de,ADP,FUNC
vittime,NOUN,NOUN
o,CCONJ,FUNC
l’,DET,PRON
aiva,ADJ,ADJ
çercou,NOUN,NOUN
d’,ADP,FUNC
aggredî,NOUN,NOUN
i,DET,PRON
Moretti,PROPN,NOUN
.,PUNCT,PUNCT
«,PUNCT,PUNCT
Capimmo,VERB,VERB
a,ADP,FUNC
vòstra,NOUN,NOUN
raggia,NOUN,NOUN
",",PUNCT,PUNCT
se,SCONJ,FUNC
piggiemo,VERB,VERB
e,CCONJ,FUNC
nòstre,NOUN,NOUN
responsabilitæ,ADJ,ADJ
»,PUNCT,PUNCT
",",PUNCT,PUNCT
an,X,OTHER
dito,ADJ,ADJ
.,PUNCT,PUNCT
O,CCONJ,FUNC
Jacques,PROPN,NOUN
ascì,VERB,VERB
o,CCONJ,FUNC
s’,ADV,ADV
é,PROPN,NOUN
scusou,VERB,VERB
co,PROPN,NOUN
-,PUNCT,PUNCT
e,CCONJ,FUNC
famigge,NOUN,NOUN
e,CCONJ,FUNC
o,CCONJ,FUNC
l’,DET,PRON
à,PROPN,NOUN
attaccou,VERB,VERB
o,CCONJ,FUNC
Commun,PROPN,NOUN
:,PUNCT,PUNCT
«,PUNCT,PUNCT
O,CCONJ,FUNC
scistema,VERB,VERB
de,ADP,FUNC
ventilaçion,X,OTHER
do,ADP,FUNC
locale,NOUN,NOUN
o,CCONJ,FUNC
no,ADV,ADV
l’,PRON,PRON
é,ADP,FUNC
mai,ADV,ADV
stæto,ADJ,ADJ
controllou,ADJ,ADJ
»,PUNCT,PUNCT
",",PUNCT,PUNCT
o,CCONJ,FUNC
l’,DET,PRON
à,X,OTHER
dito,VERB,VERB
a,ADP,FUNC
-,PUNCT,PUNCT
i,DET,PRON
magistrati,NOUN,NOUN
.,PUNCT,PUNCT
Intanto,ADV,ADV
i,DET,PRON
ferii,NOUN,NOUN
recoveræ,VERB,VERB
à,ADP,FUNC
Milan,PROPN,NOUN
no,X,OTHER
reisegan,NOUN,NOUN
ciù,ADP,FUNC
de,DET,PRON
moî,NOUN,NOUN
.,PUNCT,PUNCT
Unna,NOUN,NOUN
dònna,ADJ,ADJ
de,ADP,FUNC
55,NUM,ADJ
anni,NOUN,NOUN
a,ADP,FUNC
l’,DET,PRON
é,PROPN,NOUN
tornâ,NOUN,NOUN
in,ADP,FUNC
Svissera,NOUN,NOUN
.,PUNCT,PUNCT
Torna,VERB,VERB
derui,ADV,ADV
e,CCONJ,FUNC
guasti,ADJ,ADJ
à,PRON,PRON
Zena,PROPN,NOUN
pe,ADJ,ADJ
-,PUNCT,PUNCT
o,CCONJ,FUNC
tempo,NOUN,NOUN
grammo,ADJ,ADJ
.,PUNCT,PUNCT
Inta,VERB,VERB
neutte,NOUN,NOUN
tra,ADP,FUNC
i,DET,PRON
18,NUM,ADJ
e,CCONJ,FUNC
i,DET,PRON
19,NUM,ADJ
de,ADP,FUNC
frevâ,PROPN,NOUN
un,DET,PRON
miägion,NOUN,NOUN
o,CCONJ,FUNC
l’,DET,PRON
é,NOUN,NOUN
vegnuo,VERB,VERB
zu,PROPN,NOUN
a,ADP,FUNC
-,PUNCT,PUNCT
o,CCONJ,FUNC
Lagasso,PROPN,NOUN
",",PUNCT,PUNCT
de,ADP,FUNC
d’,DET,PRON
ato,NOUN,NOUN
a,ADP,FUNC
-,PUNCT,PUNCT
a,ADP,FUNC
vegia,NOUN,NOUN
caserma,NOUN,NOUN
Gavoglio,PROPN,NOUN
.,PUNCT,PUNCT
Un,DET,PRON
casamento,NOUN,NOUN
intrego,ADJ,ADJ
in,ADP,FUNC
stradda,NOUN,NOUN
Napoli,PROPN,NOUN
o,CCONJ,FUNC
l’,DET,PRON
é,NOUN,NOUN
stæto,ADJ,ADJ
desbarassou,VERB,VERB
perché,SCONJ,FUNC
o,CCONJ,FUNC
seu,ADP,FUNC
vexin,NOUN,NOUN
a,ADP,FUNC
-,PUNCT,PUNCT
i,DET,PRON
fondi,NOUN,NOUN
o,CCONJ,FUNC
l’,DET,PRON
é,PROPN,NOUN
prefondou,NOUN,NOUN
",",PUNCT,PUNCT
52,NUM,ADJ
persoñe,NOUN,NOUN
son,AUX,VERB
stæte,ADJ,ADJ
scorrie,NOUN,NOUN
d’,ADP,FUNC
in,ADP,FUNC
cà,NOUN,NOUN
e,CCONJ,FUNC
no,ADV,ADV
an,X,OTHER
posciuo,X,OTHER
ciù,X,OTHER
tornâghe,VERB,VERB
tanto,ADV,ADV
che,SCONJ,FUNC
s’,ADV,ADV
aspeta,NOUN,NOUN
e,CCONJ,FUNC
verifiche,NOUN,NOUN
di,ADP,FUNC
tecnichi,PROPN,NOUN
.,PUNCT,PUNCT
A,PROPN,NOUN
-,PUNCT,PUNCT
i,DET,PRON
20,NUM,ADJ
de,ADP,FUNC
frevâ,ADJ,ADJ
unn’,ADJ,ADJ
atra,NOUN,NOUN
miagia,NOUN,NOUN
a,ADP,FUNC
l’,DET,PRON
é,PROPN,NOUN
deruâ,VERB,VERB
in,ADP,FUNC
Castelletto,PROPN,NOUN
",",PUNCT,PUNCT
in,ADP,FUNC
passo,NOUN,NOUN
Barsanti,PROPN,NOUN
",",PUNCT,PUNCT
davanti,ADV,ADV
à,ADP,FUNC
un,DET,PRON
vegio,NOUN,NOUN
refuggio,NOUN,NOUN
da,ADP,FUNC
guæra,NUM,ADJ
addeuviou,NOUN,NOUN
comme,NOUN,NOUN
garaxe,ADJ,ADJ
.,PUNCT,PUNCT
I,DET,PRON
pompê,NOUN,NOUN
an,NOUN,NOUN
controllou,NOUN,NOUN
che,PRON,PRON
no,ADV,ADV
ghe,VERB,VERB
fïse,NOUN,NOUN
arrestou,NOUN,NOUN
sotta,ADJ,ADJ
quarchedun,PRON,PRON
.,PUNCT,PUNCT
Doî,ADP,FUNC
palaçi,NOUN,NOUN
son,AUX,VERB
stæti,VERB,VERB
investii,NOUN,NOUN
da,ADP,FUNC
-,PUNCT,PUNCT
a,ADP,FUNC
fraña,PROPN,NOUN
",",PUNCT,PUNCT
un,DET,PRON
scito,NOUN,NOUN
a,ADP,FUNC
-,PUNCT,PUNCT
o,CCONJ,FUNC
cian,VERB,VERB
terren,PRON,PRON
con,ADP,FUNC
trei,NOUN,NOUN
rescidenti,ADJ,ADJ
o,CCONJ,FUNC
l’,DET,PRON
é,NOUN,NOUN
stæto,ADJ,ADJ
desbarassou,VERB,VERB
.,PUNCT,PUNCT
"

",SPACE,OTHER
O,CCONJ,FUNC
ministëio,ADJ,ADJ
da,ADP,FUNC
Giustiçia,PROPN,NOUN
o,CCONJ,FUNC
l’,DET,PRON
à,X,OTHER
domandou,NOUN,NOUN
de,ADP,FUNC
constituîse,NOUN,NOUN
parte,NOUN,NOUN
çivile,ADJ,ADJ
e,CCONJ,FUNC
o,CCONJ,FUNC
l’,DET,PRON
à,X,OTHER
ciammou,VERB,VERB
unna,PROPN,NOUN
refæta,NOUN,NOUN
de,ADP,FUNC
5,NUM,ADJ
mioin,VERB,VERB
d’,ADP,FUNC
euro,NOUN,NOUN
pe,X,OTHER
-,PUNCT,PUNCT
e,CCONJ,FUNC
speise,VERB,VERB
de,ADP,FUNC
un,DET,PRON
tòcco,NOUN,NOUN
do,ADP,FUNC
proçesso,NOUN,NOUN
pe,PRON,PRON
corruçion,X,OTHER
ch’,VERB,VERB
o,CCONJ,FUNC
l’,PRON,PRON
à,X,OTHER
avuo,VERB,VERB
da,ADP,FUNC
fâ,PRON,PRON
anche,ADV,ADV
co,ADJ,ADJ
-,PUNCT,PUNCT
o,CCONJ,FUNC
passou,VERB,VERB
prescidente,ADV,ADV
da,ADP,FUNC
Region,PROPN,NOUN
Giovanni,PROPN,NOUN
Toti,PROPN,NOUN
.,PUNCT,PUNCT
Anche,ADV,ADV
o,CCONJ,FUNC
ministëio,ADJ,ADJ
de,ADP,FUNC
l’,DET,PRON
Interno,PROPN,NOUN
o,CCONJ,FUNC
veu,VERB,VERB
500mia,NOUN,NOUN
euro,NOUN,NOUN
pe,X,OTHER
-,PUNCT,PUNCT
o,CCONJ,FUNC
danno,NOUN,NOUN
d’,ADP,FUNC
imagine,NOUN,NOUN
.,PUNCT,PUNCT
O,CCONJ,FUNC
giudiçe,NOUN,NOUN
o,CCONJ,FUNC
deçiddià,NOUN,NOUN
in,ADP,FUNC
arvî,NOUN,NOUN
se,SCONJ,FUNC
accheugge,VERB,VERB
e,CCONJ,FUNC
domande,NOUN,NOUN
.,PUNCT,PUNCT
A,ADP,FUNC
Procua,PROPN,NOUN
a,ADP,FUNC
l’,DET,PRON
aiva,NOUN,NOUN
ciammou,ADJ,ADJ
o,CCONJ,FUNC
proçesso,NOUN,NOUN
pe,NOUN,NOUN
-,PUNCT,PUNCT
o,CCONJ,FUNC
passou,VERB,VERB
cappo,NOUN,NOUN
de,ADP,FUNC
gabinetto,NOUN,NOUN
da,ADP,FUNC
Region,PROPN,NOUN
Matteo,PROPN,NOUN
Cozzani,PROPN,NOUN
e,CCONJ,FUNC
pe,ADJ,ADJ
-,PUNCT,PUNCT
o,CCONJ,FUNC
Paolo,PROPN,NOUN
Piacenza,PROPN,NOUN
",",PUNCT,PUNCT
alantô,NOUN,NOUN
segretäio,NOUN,NOUN
generale,ADJ,ADJ
de,ADP,FUNC
l’,DET,PRON
Autoritæ,PROPN,NOUN
portuale,ADJ,ADJ
de,ADP,FUNC
Zena,PROPN,NOUN
e,CCONJ,FUNC
Saña,PROPN,NOUN
e,CCONJ,FUNC
ancheu,VERB,VERB
prescidente,ADV,ADV
de,ADP,FUNC
quella,PRON,PRON
do,ADP,FUNC
Tirren,PROPN,NOUN
meridionale,ADJ,ADJ
e,CCONJ,FUNC
Iònio,PROPN,NOUN
.,PUNCT,PUNCT
"

",SPACE,OTHER
Unna,PROPN,NOUN
delegaçion,NOUN,NOUN
de,ADP,FUNC
Genova,PROPN,NOUN
Antifascista,PROPN,NOUN
",",PUNCT,PUNCT
l’,DET,PRON
organizzaçion,NOUN,NOUN
che,PRON,PRON
tutti,DET,PRON
i,DET,PRON
sabbi,NOUN,NOUN
a,ADP,FUNC
manifesta,NOUN,NOUN
a,ADP,FUNC
-,PUNCT,PUNCT
a,ADP,FUNC
Foxe,PROPN,NOUN
contra,VERB,VERB
o,CCONJ,FUNC
scito,NOUN,NOUN
de,ADP,FUNC
CasaPound,PROPN,NOUN
",",PUNCT,PUNCT
a,ADP,FUNC
l’,DET,PRON
é,PROPN,NOUN
stæta,PROPN,NOUN
reçevua,VERB,VERB
a,ADP,FUNC
-,PUNCT,PUNCT
i,DET,PRON
17,NUM,ADJ
de,ADP,FUNC
frevâ,PROPN,NOUN
da,ADP,FUNC
-,PUNCT,PUNCT
a,ADP,FUNC
scindica,NOUN,NOUN
Silvia,PROPN,NOUN
Salis,PROPN,NOUN
.,PUNCT,PUNCT
«,PUNCT,PUNCT
A,ADP,FUNC
presensa,X,OTHER
de,ADP,FUNC
CasaPound,X,OTHER
a,ADP,FUNC
no,ADV,ADV
ghe,ADJ,ADJ
gusta,NOUN,NOUN
à,PROPN,NOUN
st’,DET,PRON
amministraçion,NOUN,NOUN
»,PUNCT,PUNCT
",",PUNCT,PUNCT
a,ADP,FUNC
poxiçion,NOUN,NOUN
da,ADP,FUNC
Salis,PROPN,NOUN
.,PUNCT,PUNCT
Pe,NOUN,NOUN
l’,DET,PRON
assoçiaçion,NOUN,NOUN
de,ADP,FUNC
drita,ADJ,ADJ
estremma,NOUN,NOUN
e,CCONJ,FUNC
poule,NOUN,NOUN
da,ADP,FUNC
scindica,NOUN,NOUN
son,AUX,VERB
«,PUNCT,PUNCT
de,ADP,FUNC
feua,VERB,VERB
do,ADP,FUNC
perimetro,NOUN,NOUN
do,ADP,FUNC
drito,NOUN,NOUN
»,PUNCT,PUNCT
.,PUNCT,PUNCT
E,CCONJ,FUNC
lê,PRON,PRON
a,ADP,FUNC
gh’,NOUN,NOUN
à,X,OTHER
replicou,VERB,VERB
:,PUNCT,PUNCT
«,PUNCT,PUNCT
Loiatri,PROPN,NOUN
son,PROPN,NOUN
de,ADP,FUNC
feua,NOUN,NOUN
da,ADP,FUNC
-,PUNCT,PUNCT
o,CCONJ,FUNC
perimetro,NOUN,NOUN
da,ADP,FUNC
Constituçion,PROPN,NOUN
»,PUNCT,PUNCT
e,CCONJ,FUNC
«,PUNCT,PUNCT
devan,VERB,VERB
ringraçiâ,NOUN,NOUN
l’,DET,PRON
ideologia,NOUN,NOUN
che,PRON,PRON
contrastan,VERB,VERB
se,SCONJ,FUNC
peuan,VERB,VERB
existe,ADJ,ADJ
»,PUNCT,PUNCT
.,PUNCT,PUNCT
Intanto,ADV,ADV
un,DET,PRON
comitato,NOUN,NOUN
da,ADP,FUNC
Foxe,PROPN,NOUN
o,CCONJ,FUNC
l’,DET,PRON
à,X,OTHER
denonçiou,VERB,VERB
i,DET,PRON
responsabili,NOUN,NOUN
da,ADP,FUNC
pagina,NOUN,NOUN
de,ADP,FUNC
Genova,PROPN,NOUN
Antifascista,PROPN,NOUN
pe,X,OTHER
violensa,VERB,VERB
e,CCONJ,FUNC
menasse,VERB,VERB
",",PUNCT,PUNCT
con,ADP,FUNC
domandâ,NOUN,NOUN
a,ADP,FUNC
-,PUNCT,PUNCT
a,ADP,FUNC
scindica,NOUN,NOUN
Salis,PROPN,NOUN
a,ADP,FUNC
mesua,NOUN,NOUN
do,ADP,FUNC
Daspo,PROPN,NOUN
",",PUNCT,PUNCT
sciben,ADV,ADV
ch’,ADV,ADV
a,ADP,FUNC
pertocchieiva,NOUN,NOUN
a,ADP,FUNC
-,PUNCT,PUNCT
o,CCONJ,FUNC
questô,VERB,VERB
.,PUNCT,PUNCT
"

",SPACE,OTHER
Va,VERB,VERB
avanti,ADV,ADV
à,PRON,PRON
son,VERB,VERB
de,ADP,FUNC
scontri,NOUN,NOUN
a,ADP,FUNC
campagna,NOUN,NOUN
pe,ADJ,ADJ
-,PUNCT,PUNCT
o,CCONJ,FUNC
referendum,NOUN,NOUN
in,ADP,FUNC
sciâ,ADJ,ADJ
giustiçia,NOUN,NOUN
di,ADP,FUNC
22,NUM,ADJ
e,CCONJ,FUNC
23,NUM,ADJ
de,ADP,FUNC
marso,NOUN,NOUN
.,PUNCT,PUNCT
O,CCONJ,FUNC
ministro,NOUN,NOUN
Nordio,PROPN,NOUN
inte,VERB,VERB
unn’,ADJ,ADJ
intervista,NOUN,NOUN
o,CCONJ,FUNC
l’,DET,PRON
à,X,OTHER
parlou,VERB,VERB
de,ADP,FUNC
«,PUNCT,PUNCT
scistema,NOUN,NOUN
para,ADJ,ADJ
-,PUNCT,PUNCT
mafioso,ADJ,ADJ
»,PUNCT,PUNCT
a,ADP,FUNC
-,PUNCT,PUNCT
o,CCONJ,FUNC
Csm,PROPN,NOUN
",",PUNCT,PUNCT
tiando,VERB,VERB
sciù,NOUN,NOUN
un,DET,PRON
atro,NOUN,NOUN
invexendo,ADJ,ADJ
.,PUNCT,PUNCT
Dapeu,NOUN,NOUN
o,CCONJ,FUNC
l’,DET,PRON
à,X,OTHER
domandou,VERB,VERB
a,ADP,FUNC
lista,NOUN,NOUN
di,ADP,FUNC
nommi,NOUN,NOUN
di,ADP,FUNC
donatoî,NOUN,NOUN
do,ADP,FUNC
comitato,NOUN,NOUN
pe,ADJ,ADJ
-,PUNCT,PUNCT
o,CCONJ,FUNC
no,ADV,ADV
.,PUNCT,PUNCT
O,CCONJ,FUNC
Mattarella,PROPN,NOUN
o,CCONJ,FUNC
l’,DET,PRON
à,NOUN,NOUN
reciammou,VERB,VERB
e,CCONJ,FUNC
instituçioin,ADJ,ADJ
à,PROPN,NOUN
respettâ,PROPN,NOUN
o,CCONJ,FUNC
Csm,PROPN,NOUN
",",PUNCT,PUNCT
do,ADP,FUNC
quæ,NUM,ADJ
o,CCONJ,FUNC
l’,DET,PRON
é,NOUN,NOUN
prescidente,ADJ,ADJ
.,PUNCT,PUNCT
A,ADP,FUNC
Meloni,PROPN,NOUN
ascì,VERB,VERB
a,ADP,FUNC
l’,DET,PRON
à,ADJ,ADJ
asbasciou,PROPN,NOUN
o,CCONJ,FUNC
ton,NOUN,NOUN
:,PUNCT,PUNCT
«,PUNCT,PUNCT
Poule,PROPN,NOUN
giuste,ADJ,ADJ
",",PUNCT,PUNCT
veddo,VERB,VERB
un,DET,PRON
tentativo,NOUN,NOUN
d’,ADP,FUNC
arrebellâ,NOUN,NOUN
a,ADP,FUNC
campagna,NOUN,NOUN
elettorale,ADJ,ADJ
inte,ADV,ADV
unna,PROPN,NOUN
lòtta,ADJ,ADJ
inta,VERB,VERB
bratta,PROPN,NOUN
»,PUNCT,PUNCT
.,PUNCT,PUNCT
Ma,CCONJ,FUNC
da,ADP,FUNC
lì,ADV,ADV
à,X,OTHER
pöco,VERB,VERB
o,CCONJ,FUNC
sottosegretäio,NOUN,NOUN
Mantovano,PROPN,NOUN
o,CCONJ,FUNC
l’,DET,PRON
à,X,OTHER
sciusciou,VERB,VERB
torna,VERB,VERB
into,ADV,ADV
feugo,ADJ,ADJ
:,PUNCT,PUNCT
«,PUNCT,PUNCT
O,CCONJ,FUNC
Gratteri,PROPN,NOUN
o,CCONJ,FUNC
l’,PRON,PRON
indaga,VERB,VERB
chi,PRON,PRON
vota,VERB,VERB
scì,PROPN,NOUN
»,PUNCT,PUNCT
?,PUNCT,PUNCT
A,ADP,FUNC
referensa,NOUN,NOUN
a,ADP,FUNC
l’,DET,PRON
é,PROPN,NOUN
à,X,OTHER
unna,PROPN,NOUN
frase,NOUN,NOUN
do,ADP,FUNC
procuou,PROPN,NOUN
de,ADP,FUNC
Napoli,PROPN,NOUN
:,PUNCT,PUNCT
«,PUNCT,PUNCT
Gh’,NOUN,NOUN
é,PROPN,NOUN
di,ADP,FUNC
pregiudicæ,NOUN,NOUN
e,CCONJ,FUNC
di,ADP,FUNC
seu,PRON,PRON
pænti,NOUN,NOUN
",",PUNCT,PUNCT
veddemmo,VERB,VERB
se,SCONJ,FUNC
ciù,ADV,ADV
avanti,ADV,ADV
serve,VERB,VERB
de,ADP,FUNC
l’,DET,PRON
atro,NOUN,NOUN
»,PUNCT,PUNCT
.,PUNCT,PUNCT
"

",SPACE,OTHER
Tutta,DET,PRON
l’,DET,PRON
Italia,PROPN,NOUN
a,ADP,FUNC
l’,DET,PRON
ammia,NOUN,NOUN
in,ADP,FUNC
anscietæ,NOUN,NOUN
a,ADP,FUNC
stöia,NOUN,NOUN
de,ADP,FUNC
un,DET,PRON
figgin,NOUN,NOUN
de,ADP,FUNC
doî,NUM,ADJ
anni,NOUN,NOUN
in,ADP,FUNC
condiçioin,NOUN,NOUN
graviscime,VERB,VERB
à,PRON,PRON
l’,DET,PRON
uspiâ,NOUN,NOUN
Monaldi,PROPN,NOUN
de,ADP,FUNC
Napoli,PROPN,NOUN
dòppo,X,OTHER
che,SCONJ,FUNC
i,DET,PRON
meghi,NOUN,NOUN
gh’,VERB,VERB
an,DET,PRON
tranciantou,VERB,VERB
un,DET,PRON
cheu,ADJ,ADJ
«,PUNCT,PUNCT
bruxou,NOUN,NOUN
»,PUNCT,PUNCT
da,ADP,FUNC
-,PUNCT,PUNCT
a,ADP,FUNC
giassa,ADJ,ADJ
into,ADV,ADV
stramuo,ADV,ADV
.,PUNCT,PUNCT
I,DET,PRON
esperti,NOUN,NOUN
arrivæ,VERB,VERB
da,ADP,FUNC
tutto,PRON,PRON
o,CCONJ,FUNC
Paise,PROPN,NOUN
an,PROPN,NOUN
dito,VERB,VERB
che,SCONJ,FUNC
e,CCONJ,FUNC
seu,NOUN,NOUN
condiçioin,VERB,VERB
no,X,OTHER
ghe,NOUN,NOUN
permettan,ADV,ADV
de,ADP,FUNC
reçeive,VERB,VERB
un,DET,PRON
òrgano,ADJ,ADJ
neuvo,VERB,VERB
.,PUNCT,PUNCT
O,CCONJ,FUNC
piccin,NOUN,NOUN
o,CCONJ,FUNC
l’,DET,PRON
arresta,NOUN,NOUN
attaccou,VERB,VERB
a,ADP,FUNC
-,PUNCT,PUNCT
e,CCONJ,FUNC
machine,NOUN,NOUN
ma,CCONJ,FUNC
çerte,ADJ,ADJ
terapie,NOUN,NOUN
son,AUX,VERB
stæte,ADJ,ADJ
sospeise,NOUN,NOUN
e,CCONJ,FUNC
l’,DET,PRON
é,AUX,VERB
stæto,ADJ,ADJ
inandiou,NOUN,NOUN
un,DET,PRON
percorso,NOUN,NOUN
pe,PRON,PRON
ammermâ,X,OTHER
o,CCONJ,FUNC
dô,PROPN,NOUN
.,PUNCT,PUNCT
A,ADP,FUNC
moæ,ADV,ADV
a,ADP,FUNC
l’,DET,PRON
à,ADJ,ADJ
açettou,NOUN,NOUN
l’,DET,PRON
idea,NOUN,NOUN
che,SCONJ,FUNC
seu,DET,PRON
figgio,NOUN,NOUN
o,CCONJ,FUNC
no,ADV,ADV
vivià,VERB,VERB
ciù,ADV,ADV
",",PUNCT,PUNCT
comme,NOUN,NOUN
reportou,ADV,ADV
da,ADP,FUNC
-,PUNCT,PUNCT
i,DET,PRON
avvocati,NOUN,NOUN
.,PUNCT,PUNCT
Unn’,DET,PRON
investigaçion,NOUN,NOUN
a,ADP,FUNC
l’,DET,PRON
é,PROPN,NOUN
stæta,PROPN,NOUN
averta,VERB,VERB
con,ADP,FUNC
l’,DET,PRON
ipòtexi,NOUN,NOUN
de,ADP,FUNC
responsabilitæ,PROPN,NOUN
corposa,ADJ,ADJ
pe,AUX,VERB
mòrte,X,OTHER
ò,NOUN,NOUN
lexoin,NOUN,NOUN
.,PUNCT,PUNCT
L’,DET,PRON
errô,NOUN,NOUN
ciù,ADP,FUNC
gròsso,NOUN,NOUN
o,CCONJ,FUNC
saieiva,ADJ,ADJ
stæto,ADV,ADV
l’,DET,PRON
uso,NOUN,NOUN
da,ADP,FUNC
giassa,ADJ,ADJ
secca,NOUN,NOUN
incangio,ADJ,ADJ
de,ADP,FUNC
quella,PRON,PRON
normale,ADJ,ADJ
.,PUNCT,PUNCT
"

",SPACE,OTHER
L’,DET,PRON
é,NOUN,NOUN
scciuppou,VERB,VERB
un,DET,PRON
ciæto,NOUN,NOUN
in,ADP,FUNC
sciô,AUX,VERB
concorso,NOUN,NOUN
pubrico,ADJ,ADJ
pe,DET,PRON
400,NUM,ADJ
pòsti,NOUN,NOUN
da,ADP,FUNC
scrivan,PROPN,NOUN
.,PUNCT,PUNCT
In,ADP,FUNC
sce,VERB,VERB
un,DET,PRON
papê,NOUN,NOUN
sciortio,NOUN,NOUN
in,ADP,FUNC
sciô,VERB,VERB
scito,VERB,VERB
do,ADP,FUNC
Conseggio,PROPN,NOUN
naçionale,ADJ,ADJ
gh’,VERB,VERB
ea,NOUN,NOUN
di,ADP,FUNC
commenti,NOUN,NOUN
d’,ADP,FUNC
arente,ADV,ADV
a,ADP,FUNC
-,PUNCT,PUNCT
i,DET,PRON
nommi,NOUN,NOUN
di,ADP,FUNC
candidæ,NOUN,NOUN
ch’,ADV,ADV
aivan,ADV,ADV
sostegnuo,NOUN,NOUN
a,ADP,FUNC
preuva,NOUN,NOUN
scrita,ADJ,ADJ
do,ADP,FUNC
2024,NUM,ADJ
:,PUNCT,PUNCT
«,PUNCT,PUNCT
graçiosa,NOUN,NOUN
»,PUNCT,PUNCT
",",PUNCT,PUNCT
«,PUNCT,PUNCT
fenòmeno,NOUN,NOUN
»,PUNCT,PUNCT
",",PUNCT,PUNCT
«,PUNCT,PUNCT
sarvou,NOUN,NOUN
in,ADP,FUNC
sciô,PROPN,NOUN
çivile,ADJ,ADJ
»,PUNCT,PUNCT
.,PUNCT,PUNCT
O,CCONJ,FUNC
file,ADJ,ADJ
o,CCONJ,FUNC
l’,DET,PRON
é,NOUN,NOUN
stæto,ADJ,ADJ
levou,NOUN,NOUN
a,ADP,FUNC
-,PUNCT,PUNCT
a,ADP,FUNC
spedia,PRON,PRON
",",PUNCT,PUNCT
ma,CCONJ,FUNC
o,CCONJ,FUNC
contegnuo,ADJ,ADJ
o,CCONJ,FUNC
l’,DET,PRON
é,X,OTHER
finio,NOUN,NOUN
in,ADP,FUNC
sciâ,NOUN,NOUN
Ræ,NOUN,NOUN
o,CCONJ,FUNC
mæximo,ADV,ADV
.,PUNCT,PUNCT
O,CCONJ,FUNC
ministro,NOUN,NOUN
da,ADP,FUNC
Giustiçia,PROPN,NOUN
Nordio,PROPN,NOUN
o,CCONJ,FUNC
l’,DET,PRON
à,X,OTHER
replicou,VERB,VERB
a,ADP,FUNC
-,PUNCT,PUNCT
e,CCONJ,FUNC
polemiche,ADJ,ADJ
de,ADP,FUNC
l’,DET,PRON
oppoxiçion,NOUN,NOUN
:,PUNCT,PUNCT
«,PUNCT,PUNCT
No,INTJ,OTHER
gh’,PRON,PRON
emmo,VERB,VERB
nisciun,ADJ,ADJ
poei,NOUN,NOUN
de,ADP,FUNC
contròllo,NOUN,NOUN
in,ADP,FUNC
scî,NOUN,NOUN
loei,ADJ,ADJ
da,ADP,FUNC
commiscion,PROPN,NOUN
»,PUNCT,PUNCT
.,PUNCT,PUNCT
O,CCONJ,FUNC
Conseggio,PROPN,NOUN
di,ADP,FUNC
scriven,NOUN,NOUN
o,CCONJ,FUNC
l’,DET,PRON
à,X,OTHER
dito,ADJ,ADJ
ch’,ADV,ADV
o,CCONJ,FUNC
l’,DET,PRON
à,ADP,FUNC
«,PUNCT,PUNCT
inandiou,NOUN,NOUN
e,CCONJ,FUNC
iniçiative,NOUN,NOUN
che,PRON,PRON
ghe,PRON,PRON
veu,X,OTHER
»,PUNCT,PUNCT
.,PUNCT,PUNCT
O,CCONJ,FUNC
Codacons,PROPN,NOUN
intanto,ADV,ADV
o,CCONJ,FUNC
studia,VERB,VERB
de,ADP,FUNC
açioin,VERB,VERB
pe,PROPN,NOUN
scassâ,PROPN,NOUN
o,CCONJ,FUNC
concorso,VERB,VERB
.,PUNCT,PUNCT
"

",SPACE,OTHER
O,PROPN,NOUN
caxo,VERB,VERB
Epstein,PROPN,NOUN
o,CCONJ,FUNC
s’,ADV,ADV
allarga,NOUN,NOUN
ôtramâ,ADJ,ADJ
:,PUNCT,PUNCT
o,CCONJ,FUNC
passou,VERB,VERB
prinçipe,PROPN,NOUN
Andria,PROPN,NOUN
d’,ADP,FUNC
Inghiltæra,PROPN,NOUN
o,CCONJ,FUNC
l’,DET,PRON
é,ADJ,ADJ
stæto,ADJ,ADJ
arrestou,NOUN,NOUN
con,ADP,FUNC
l’,DET,PRON
accusa,NOUN,NOUN
d’,ADP,FUNC
avei,NOUN,NOUN
scompartio,NOUN,NOUN
de,ADP,FUNC
informaçioin,X,OTHER
reservæ,VERB,VERB
con,ADP,FUNC
l’,DET,PRON
imprenditô,NOUN,NOUN
pedòfilo,VERB,VERB
da,ADP,FUNC
emissäio,NOUN,NOUN
de,ADP,FUNC
commerçio,X,OTHER
do,ADP,FUNC
governo,NOUN,NOUN
.,PUNCT,PUNCT
Dòppo,PROPN,NOUN
dozz’,PROPN,NOUN
oe,PROPN,NOUN
d’,ADP,FUNC
interrogatöi,NOUN,NOUN
o,CCONJ,FUNC
l’,DET,PRON
é,ADJ,ADJ
stæto,ADJ,ADJ
lasciou,PROPN,NOUN
anâ,PROPN,NOUN
.,PUNCT,PUNCT
«,PUNCT,PUNCT
Che,SCONJ,FUNC
a,ADP,FUNC
giustiçia,NOUN,NOUN
a,ADP,FUNC
fasse,NOUN,NOUN
o,CCONJ,FUNC
seu,DET,PRON
travaggio,NOUN,NOUN
»,PUNCT,PUNCT
",",PUNCT,PUNCT
o,CCONJ,FUNC
commento,NOUN,NOUN
do,ADP,FUNC
re,NOUN,NOUN
Carlo,PROPN,NOUN
",",PUNCT,PUNCT
seu,NOUN,NOUN
fræ,NOUN,NOUN
.,PUNCT,PUNCT
A,ADP,FUNC
poliçia,NOUN,NOUN
a,ADP,FUNC
l’,DET,PRON
à,X,OTHER
perquixio,X,OTHER
de,ADP,FUNC
rescidense,VERB,VERB
da,ADP,FUNC
famiggia,NOUN,NOUN
reale,ADJ,ADJ
.,PUNCT,PUNCT
Pe,NOUN,NOUN
-,PUNCT,PUNCT
i,DET,PRON
media,NOUN,NOUN
naçionali,ADJ,ADJ
",",PUNCT,PUNCT
derê,VERB,VERB
a,ADP,FUNC
-,PUNCT,PUNCT
o,CCONJ,FUNC
fermo,ADJ,ADJ
gh’,NOUN,NOUN
é,NOUN,NOUN
l’,DET,PRON
ipòtexi,NOUN,NOUN
d’,ADP,FUNC
elementi,NOUN,NOUN
ligæ,ADJ,ADJ
no,ADV,ADV
solo,ADV,ADV
a,ADP,FUNC
-,PUNCT,PUNCT
o,CCONJ,FUNC
caxo,VERB,VERB
Epstein,PROPN,NOUN
.,PUNCT,PUNCT
O,CCONJ,FUNC
governo,NOUN,NOUN
de,ADP,FUNC
Londra,PROPN,NOUN
o,CCONJ,FUNC
loua,PROPN,NOUN
à,ADP,FUNC
unna,PROPN,NOUN
lezze,NOUN,NOUN
pe,PRON,PRON
mette,VERB,VERB
o,CCONJ,FUNC
Andria,PROPN,NOUN
feua,ADJ,ADJ
da,ADP,FUNC
-,PUNCT,PUNCT
a,ADP,FUNC
linia,NOUN,NOUN
de,ADP,FUNC
succescion,NOUN,NOUN
.,PUNCT,PUNCT
Segondo,VERB,VERB
un,DET,PRON
sondaggio,NOUN,NOUN
de,ADP,FUNC
YouGov,PROPN,NOUN
",",PUNCT,PUNCT
l’,DET,PRON
82,NUM,ADJ
%,SYM,OTHER
di,ADP,FUNC
britannichi,NOUN,NOUN
o,CCONJ,FUNC
l’,DET,PRON
é,PROPN,NOUN
da,ADP,FUNC
mæxima,NOUN,NOUN
.,PUNCT,PUNCT
"

",SPACE,OTHER
A,ADP,FUNC
Corte,NOUN,NOUN
supremma,NOUN,NOUN
di,ADP,FUNC
Stati,PROPN,NOUN
Unii,PROPN,NOUN
a,ADP,FUNC
l’,DET,PRON
à,PROPN,NOUN
bocciou,PROPN,NOUN
à,X,OTHER
sorpreisa,VERB,VERB
i,DET,PRON
daçi,NOUN,NOUN
impòsti,VERB,VERB
da,ADP,FUNC
-,PUNCT,PUNCT
o,CCONJ,FUNC
prescidente,ADV,ADV
Donald,PROPN,NOUN
Trump,PROPN,NOUN
à,X,OTHER
mezo,ADJ,ADJ
mondo,NOUN,NOUN
",",PUNCT,PUNCT
un,DET,PRON
di,ADP,FUNC
ponti,NOUN,NOUN
ciù,NOUN,NOUN
importanti,ADJ,ADJ
do,ADP,FUNC
seu,DET,PRON
segondo,NOUN,NOUN
incarrego,PROPN,NOUN
.,PUNCT,PUNCT
Pe,PROPN,NOUN
-,PUNCT,PUNCT
i,DET,PRON
giudiçi,NOUN,NOUN
",",PUNCT,PUNCT
ch’,ADP,FUNC
an,NOUN,NOUN
deçiso,VERB,VERB
con,ADP,FUNC
6,NUM,ADJ
scì,ADP,FUNC
e,CCONJ,FUNC
3,NUM,ADJ
no,INTJ,OTHER
",",PUNCT,PUNCT
«,PUNCT,PUNCT
o,CCONJ,FUNC
no,ADV,ADV
l’,PRON,PRON
aiva,VERB,VERB
o,CCONJ,FUNC
poei,ADJ,ADJ
de,ADP,FUNC
fâlo,NOUN,NOUN
»,PUNCT,PUNCT
.,PUNCT,PUNCT
Trei,VERB,VERB
de,ADP,FUNC
quelli,PRON,PRON
nominæ,VERB,VERB
da,ADP,FUNC
-,PUNCT,PUNCT
i,DET,PRON
repubrichen,NOUN,NOUN
an,PROPN,NOUN
votou,VERB,VERB
insemme,NOUN,NOUN
a,ADP,FUNC
-,PUNCT,PUNCT
i,DET,PRON
democratichi,NOUN,NOUN
.,PUNCT,PUNCT
A,ADP,FUNC
fotta,NOUN,NOUN
do,ADP,FUNC
tycoon,X,OTHER
:,PUNCT,PUNCT
«,PUNCT,PUNCT
A,ADP,FUNC
l’,DET,PRON
é,PROPN,NOUN
unna,PROPN,NOUN
vergheugna,ADJ,ADJ
",",PUNCT,PUNCT
ma,CCONJ,FUNC
gh’,ADV,ADV
ò,NOUN,NOUN
un,DET,PRON
cian,NOUN,NOUN
da,ADP,FUNC
-,PUNCT,PUNCT
a,ADP,FUNC
parte,NOUN,NOUN
»,PUNCT,PUNCT
.,PUNCT,PUNCT
E,CCONJ,FUNC
borse,VERB,VERB
an,PROPN,NOUN
comensou,VERB,VERB
à,PROPN,NOUN
xoâ,PROPN,NOUN
",",PUNCT,PUNCT
ma,CCONJ,FUNC
o,CCONJ,FUNC
dòllaro,NOUN,NOUN
o,CCONJ,FUNC
l’,DET,PRON
à,X,OTHER
perso,VERB,VERB
terren,PROPN,NOUN
.,PUNCT,PUNCT
L’,DET,PRON
Union,PROPN,NOUN
europea,ADJ,ADJ
a,ADP,FUNC
l’,DET,PRON
aspeta,NOUN,NOUN
che,SCONJ,FUNC
se,SCONJ,FUNC
fasse,AUX,VERB
ciæo,NOUN,NOUN
",",PUNCT,PUNCT
o,CCONJ,FUNC
Canada,PROPN,NOUN
o,CCONJ,FUNC
festezza,NOUN,NOUN
:,PUNCT,PUNCT
«,PUNCT,PUNCT
A,ADP,FUNC
l’,DET,PRON
é,PROPN,NOUN
a,ADP,FUNC
preuva,NOUN,NOUN
che,PRON,PRON
e,CCONJ,FUNC
tariffe,NOUN,NOUN
no,ADV,ADV
ean,ADP,FUNC
giustificæ,NOUN,NOUN
»,PUNCT,PUNCT
.,PUNCT,PUNCT
Oua,NOUN,NOUN
l’,DET,PRON
é,X,OTHER
poscibile,ADJ,ADJ
che,PRON,PRON
se,SCONJ,FUNC
fasse,VERB,VERB
di,ADP,FUNC
recorsci,NOUN,NOUN
pe,ADJ,ADJ
çentanæa,NOUN,NOUN
de,ADP,FUNC
miliardi,NOUN,NOUN
.,PUNCT,PUNCT
"

",SPACE,OTHER
O,CCONJ,FUNC
prescidente,VERB,VERB
american,VERB,VERB
Donald,PROPN,NOUN
Trump,PROPN,NOUN
o,CCONJ,FUNC
l’,DET,PRON
à,PROPN,NOUN
inaugurou,VERB,VERB
o,CCONJ,FUNC
Bord,PROPN,NOUN
of,ADP,FUNC
Peace,PROPN,NOUN
pe,ADP,FUNC
Gazza,PROPN,NOUN
à,ADP,FUNC
Washington,PROPN,NOUN
.,PUNCT,PUNCT
Previsti,NOUN,NOUN
fondi,NOUN,NOUN
pe,ADJ,ADJ
10,NUM,ADJ
miliardi,NOUN,NOUN
",",PUNCT,PUNCT
sordatti,VERB,VERB
da,ADP,FUNC
çinque,PROPN,NOUN
Paixi,PROPN,NOUN
e,CCONJ,FUNC
unna,ADJ,ADJ
base,NOUN,NOUN
pe,ADP,FUNC
5mia,NUM,ADJ
militari,ADJ,ADJ
.,PUNCT,PUNCT
A,PROPN,NOUN
-,PUNCT,PUNCT
a,ADP,FUNC
çeimònia,NOUN,NOUN
20,NUM,ADJ
paixi,NOUN,NOUN
.,PUNCT,PUNCT
O,CCONJ,FUNC
Vatican,PROPN,NOUN
o,CCONJ,FUNC
no,ADV,ADV
l’,PRON,PRON
à,X,OTHER
parteçipou,NOUN,NOUN
:,PUNCT,PUNCT
«,PUNCT,PUNCT
Unna,PROPN,NOUN
deçixon,VERB,VERB
ben,ADV,ADV
ben,ADV,ADV
fastidiosa,ADJ,ADJ
»,PUNCT,PUNCT
",",PUNCT,PUNCT
o,CCONJ,FUNC
commento,VERB,VERB
da,ADP,FUNC
Casa,NOUN,NOUN
Gianca,ADJ,ADJ
.,PUNCT,PUNCT
Intanto,ADV,ADV
i,DET,PRON
Stati,PROPN,NOUN
Unii,PROPN,NOUN
son,AUX,VERB
apreuvo,VERB,VERB
à,PRON,PRON
valuâ,VERB,VERB
un,DET,PRON
attacco,NOUN,NOUN
«,PUNCT,PUNCT
preçiso,ADJ,ADJ
e,CCONJ,FUNC
limitou,NOUN,NOUN
»,PUNCT,PUNCT
contra,VERB,VERB
l’,DET,PRON
Iran,PROPN,NOUN
dòppo,ADP,FUNC
l’,DET,PRON
ultimatum,NOUN,NOUN
che,PRON,PRON
o,CCONJ,FUNC
Trump,PROPN,NOUN
o,CCONJ,FUNC
l’,DET,PRON
à,ADP,FUNC
dæto,NOUN,NOUN
a,ADP,FUNC
-,PUNCT,PUNCT
i,DET,PRON
ayatollah,NOUN,NOUN
.,PUNCT,PUNCT
Teheran,PROPN,NOUN
a,ADP,FUNC
l’,DET,PRON
à,X,OTHER
segnalou,NOUN,NOUN
«,PUNCT,PUNCT
un,DET,PRON
reisego,NOUN,NOUN
veo,NUM,ADJ
d’,ADP,FUNC
aggrescion,NOUN,NOUN
militare,ADJ,ADJ
»,PUNCT,PUNCT
inte,ADV,ADV
unna,ADJ,ADJ
lettia,NOUN,NOUN
a,ADP,FUNC
-,PUNCT,PUNCT
o,CCONJ,FUNC
segretäio,NOUN,NOUN
generale,ADJ,ADJ
de,ADP,FUNC
l’,DET,PRON
Onu,PROPN,NOUN
",",PUNCT,PUNCT
azzonzendo,VERB,VERB
ch’,ADV,ADV
a,ADP,FUNC
no,X,OTHER
veu,PROPN,NOUN
unna,PROPN,NOUN
guæra,PROPN,NOUN
ma,CCONJ,FUNC
ch’,ADV,ADV
a,ADP,FUNC
respondià,ADJ,ADJ
«,PUNCT,PUNCT
con,ADP,FUNC
determinaçion,NOUN,NOUN
»,PUNCT,PUNCT
à,ADP,FUNC
un,DET,PRON
attacco,NOUN,NOUN
.,PUNCT,PUNCT
"
",SPACE,OTHER
À,ADP,FUNC
Zena,PROPN,NOUN
",",PUNCT,PUNCT
dòppo,PROPN,NOUN
scassou,PROPN,NOUN
o,CCONJ,FUNC
progetto,NOUN,NOUN
Skymetro,PROPN,NOUN
",",PUNCT,PUNCT
sata,VERB,VERB
feua,ADJ,ADJ
l’,DET,PRON
ipòtexi,NOUN,NOUN
de,ADP,FUNC
unna,PROPN,NOUN
cabinovia,PROPN,NOUN
pe,PROPN,NOUN
destrigâ,VERB,VERB
o,CCONJ,FUNC
problema,NOUN,NOUN
do,ADP,FUNC
traspòrto,NOUN,NOUN
pubrico,ADJ,ADJ
into,NOUN,NOUN
Besagno,PROPN,NOUN
.,PUNCT,PUNCT
Segondo,VERB,VERB
de,ADP,FUNC
indiscreçioin,VERB,VERB
a,ADP,FUNC
l’,DET,PRON
é,PROPN,NOUN
sta,VERB,VERB
chì,ADV,ADV
a,ADP,FUNC
propòsta,NOUN,NOUN
do,ADP,FUNC
Politecnico,PROPN,NOUN
de,ADP,FUNC
Milan,PROPN,NOUN
",",PUNCT,PUNCT
a,ADP,FUNC
-,PUNCT,PUNCT
o,CCONJ,FUNC
quæ,NUM,ADJ
o,CCONJ,FUNC
Commun,PROPN,NOUN
o,CCONJ,FUNC
l’,DET,PRON
à,X,OTHER
assegnou,VERB,VERB
un,DET,PRON
studio,NOUN,NOUN
da,ADP,FUNC
100mia,NUM,ADJ
euro,NOUN,NOUN
pe,X,OTHER
trovâ,PROPN,NOUN
unna,PROPN,NOUN
soluçion,NOUN,NOUN
.,PUNCT,PUNCT
A,ADP,FUNC
scindica,NOUN,NOUN
Silvia,PROPN,NOUN
Salis,PROPN,NOUN
a,ADP,FUNC
no,ADV,ADV
l’,PRON,PRON
à,X,OTHER
confermou,VERB,VERB
e,CCONJ,FUNC
manco,ADJ,ADJ
denegou,NOUN,NOUN
:,PUNCT,PUNCT
«,PUNCT,PUNCT
Pe,X,OTHER
fin,X,OTHER
che,PRON,PRON
no,X,OTHER
sciòrte,NOUN,NOUN
o,CCONJ,FUNC
studio,NOUN,NOUN
no,ADV,ADV
parlo,VERB,VERB
e,CCONJ,FUNC
no,ADV,ADV
ô,PROPN,NOUN
mostro,NOUN,NOUN
à,X,OTHER
nisciun,NOUN,NOUN
»,PUNCT,PUNCT
.,PUNCT,PUNCT
L’,DET,PRON
oppoxiçion,NOUN,NOUN
a,ADP,FUNC
l’,DET,PRON
à,PROPN,NOUN
attaccou,VERB,VERB
a,ADP,FUNC
zonta,NUM,ADJ
:,PUNCT,PUNCT
«,PUNCT,PUNCT
Tornemmo,VERB,VERB
a,ADP,FUNC
-,PUNCT,PUNCT
i,DET,PRON
tempi,NOUN,NOUN
do,ADP,FUNC
Marco,PROPN,NOUN
Doria,PROPN,NOUN
",",PUNCT,PUNCT
valuemmo,VERB,VERB
de,ADP,FUNC
domandâ,NOUN,NOUN
di,ADP,FUNC
açertamenti,NOUN,NOUN
in,ADP,FUNC
sce,VERB,VERB
un,DET,PRON
danno,NOUN,NOUN
a,ADP,FUNC
-,PUNCT,PUNCT
i,DET,PRON
conti,NOUN,NOUN
pubrichi,ADJ,ADJ
»,PUNCT,PUNCT
.,PUNCT,PUNCT
O,CCONJ,FUNC
comitato,NOUN,NOUN
contra,NOUN,NOUN
o,CCONJ,FUNC
Skymetro,PROPN,NOUN
o,CCONJ,FUNC
l’,DET,PRON
à,X,OTHER
za,PROPN,NOUN
bocciou,X,OTHER
l’,DET,PRON
idea,NOUN,NOUN
.,PUNCT,PUNCT
O,CCONJ,FUNC
viçescindico,ADJ,ADJ
Terrile,PROPN,NOUN
o,CCONJ,FUNC
l’,DET,PRON
à,ADJ,ADJ
asseguou,ADJ,ADJ
:,PUNCT,PUNCT
«,PUNCT,PUNCT
Nisciuña,NOUN,NOUN
impoxiçion,NOUN,NOUN
",",PUNCT,PUNCT
ghe,PRON,PRON
saià,VERB,VERB
un,DET,PRON
confronto,NOUN,NOUN
co,ADJ,ADJ
-,PUNCT,PUNCT
i,DET,PRON
çitten,NOUN,NOUN
»,PUNCT,PUNCT
.,PUNCT,PUNCT
"

",SPACE,OTHER
Un,DET,PRON
figgeu,NOUN,NOUN
de,ADP,FUNC
9,NUM,ADJ
anni,NOUN,NOUN
o,CCONJ,FUNC
l’,DET,PRON
é,X,OTHER
cheito,NOUN,NOUN
d’,ADP,FUNC
in,ADP,FUNC
sciô,VERB,VERB
terrassin,ADV,ADV
de,ADP,FUNC
unna,NOUN,NOUN
scheua,ADJ,ADJ
a,ADP,FUNC
-,PUNCT,PUNCT
a,ADP,FUNC
Pria,PROPN,NOUN
a,ADP,FUNC
-,PUNCT,PUNCT
i,DET,PRON
24,NUM,ADJ
de,ADP,FUNC
frevâ,PROPN,NOUN
.,PUNCT,PUNCT
Dòppo,ADP,FUNC
avei,ADJ,ADJ
fæto,NOUN,NOUN
un,DET,PRON
xeuo,NOUN,NOUN
de,ADP,FUNC
quattro,NUM,ADJ
metri,NOUN,NOUN
o,CCONJ,FUNC
l’,DET,PRON
à,X,OTHER
piccou,VERB,VERB
a,ADP,FUNC
testa,NOUN,NOUN
e,CCONJ,FUNC
o,CCONJ,FUNC
l’,DET,PRON
à,ADJ,ADJ
reportou,NOUN,NOUN
de,ADP,FUNC
ferie,NOUN,NOUN
in,ADP,FUNC
sce,VERB,VERB
tutto,PRON,PRON
o,CCONJ,FUNC
còrpo,NOUN,NOUN
.,PUNCT,PUNCT
O,CCONJ,FUNC
l’,DET,PRON
é,NOUN,NOUN
stæto,DET,PRON
portou,NOUN,NOUN
in,ADP,FUNC
condiçioin,NOUN,NOUN
grave,ADJ,ADJ
à,PRON,PRON
l’,DET,PRON
uspiâ,NOUN,NOUN
Santa,PROPN,NOUN
Coroña,PROPN,NOUN
e,CCONJ,FUNC
da,ADP,FUNC
lì,ADV,ADV
à,NOUN,NOUN
pöco,VERB,VERB
l’,DET,PRON
an,PROPN,NOUN
stramuou,VERB,VERB
a,ADP,FUNC
-,PUNCT,PUNCT
o,CCONJ,FUNC
Gaslini,PROPN,NOUN
de,ADP,FUNC
Zena,PROPN,NOUN
.,PUNCT,PUNCT
Da,ADP,FUNC
quello,PRON,PRON
che,PRON,PRON
s’,ADV,ADV
é,ADJ,ADJ
capio,NOUN,NOUN
",",PUNCT,PUNCT
o,CCONJ,FUNC
scoläio,PROPN,NOUN
o,CCONJ,FUNC
s’,DET,PRON
é,ADP,FUNC
arrembou,VERB,VERB
a,ADP,FUNC
-,PUNCT,PUNCT
a,ADP,FUNC
baleuistrâ,NOUN,NOUN
e,CCONJ,FUNC
sta,VERB,VERB
chì,ADV,ADV
a,ADP,FUNC
l’,DET,PRON
é,PROPN,NOUN
vegnua,NOUN,NOUN
zu,PROPN,NOUN
",",PUNCT,PUNCT
fòscia,VERB,VERB
pe,AUX,VERB
un,DET,PRON
problema,NOUN,NOUN
de,ADP,FUNC
struttua,NOUN,NOUN
.,PUNCT,PUNCT
O,CCONJ,FUNC
scindico,ADJ,ADJ
da,ADP,FUNC
Pria,PROPN,NOUN
Luigi,PROPN,NOUN
De,PROPN,NOUN
Vincenzi,PROPN,NOUN
o,CCONJ,FUNC
l’,DET,PRON
à,X,OTHER
commentou,NOUN,NOUN
:,PUNCT,PUNCT
«,PUNCT,PUNCT
Semmo,VERB,VERB
arrestæ,VERB,VERB
sciätæ,PROPN,NOUN
",",PUNCT,PUNCT
oua,PRON,PRON
voemmo,AUX,VERB
capî,NOUN,NOUN
cöse,VERB,VERB
l’,DET,PRON
é,PROPN,NOUN
capitou,PROPN,NOUN
»,PUNCT,PUNCT
.,PUNCT,PUNCT
E,CCONJ,FUNC
condiçioin,VERB,VERB
do,ADP,FUNC
figgeu,NOUN,NOUN
son,AUX,VERB
in,ADP,FUNC
megioamento,NOUN,NOUN
e,CCONJ,FUNC
da,ADP,FUNC
-,PUNCT,PUNCT
a,ADP,FUNC
reanimaçion,NOUN,NOUN
o,CCONJ,FUNC
saià,VERB,VERB
portou,ADV,ADV
into,NOUN,NOUN
reparto,ADJ,ADJ
d’,ADP,FUNC
ortopedia,NOUN,NOUN
.,PUNCT,PUNCT
"

",SPACE,OTHER
A,ADP,FUNC
Procua,PROPN,NOUN
de,ADP,FUNC
Zena,NOUN,NOUN
a,ADP,FUNC
l’,PRON,PRON
indaga,VERB,VERB
in,ADP,FUNC
sce,VERB,VERB
quattro,NUM,ADJ
carabinê,NOUN,NOUN
pe,X,OTHER
tentativo,VERB,VERB
d’,ADP,FUNC
esterscion,NOUN,NOUN
",",PUNCT,PUNCT
lexoin,NOUN,NOUN
e,CCONJ,FUNC
calunnia,NOUN,NOUN
apreuvo,ADJ,ADJ
à,ADP,FUNC
un,DET,PRON
arresto,NOUN,NOUN
inte,VERB,VERB
un,DET,PRON
abergo,NOUN,NOUN
de,ADP,FUNC
Sestri,PROPN,NOUN
Levante,PROPN,NOUN
.,PUNCT,PUNCT
I,DET,PRON
fæti,NOUN,NOUN
son,AUX,VERB
di,ADP,FUNC
2,NUM,ADJ
di,ADP,FUNC
novembre,NOUN,NOUN
.,PUNCT,PUNCT
Unna,PROPN,NOUN
casaña,VERB,VERB
franseise,VERB,VERB
a,ADP,FUNC
l’,DET,PRON
aiva,ADJ,ADJ
avuo,NOUN,NOUN
un,DET,PRON
scciuppon,NOUN,NOUN
de,ADP,FUNC
raggia,NOUN,NOUN
perché,SCONJ,FUNC
",",PUNCT,PUNCT
dòppo,PROPN,NOUN
pagou,PROPN,NOUN
o,CCONJ,FUNC
conto,NOUN,NOUN
da,ADP,FUNC
12mia,NOUN,NOUN
euro,NOUN,NOUN
",",PUNCT,PUNCT
a,ADP,FUNC
sostegniva,ADJ,ADJ
che,PRON,PRON
gh’,ADV,ADV
avessan,VERB,VERB
arröbou,VERB,VERB
un,DET,PRON
releuio,NOUN,NOUN
da,ADP,FUNC
10mia,NOUN,NOUN
euro,NOUN,NOUN
.,PUNCT,PUNCT
Into,NOUN,NOUN
verbale,ADJ,ADJ
i,DET,PRON
militari,NOUN,NOUN
an,PROPN,NOUN
scrito,VERB,VERB
che,SCONJ,FUNC
o,CCONJ,FUNC
franseise,VERB,VERB
o,CCONJ,FUNC
gh’,VERB,VERB
à,ADP,FUNC
dæto,NOUN,NOUN
di,ADP,FUNC
cäsci,NOUN,NOUN
e,CCONJ,FUNC
di,ADP,FUNC
pugni,NOUN,NOUN
",",PUNCT,PUNCT
ma,CCONJ,FUNC
un,DET,PRON
un,DET,PRON
video,NOUN,NOUN
o,CCONJ,FUNC
mostrieiva,NOUN,NOUN
che,PRON,PRON
tutt’,DET,PRON
assemme,NOUN,NOUN
ô,ADP,FUNC
caccian,ADJ,ADJ
pe,PRON,PRON
tæra,VERB,VERB
",",PUNCT,PUNCT
ghe,NOUN,NOUN
mettan,ADJ,ADJ
e,CCONJ,FUNC
magnette,ADJ,ADJ
",",PUNCT,PUNCT
ô,PROPN,NOUN
ferman,NOUN,NOUN
pe,PROPN,NOUN
dexe,VERB,VERB
menuti,ADJ,ADJ
e,CCONJ,FUNC
ô,PROPN,NOUN
carregan,NOUN,NOUN
à,X,OTHER
forsa,VERB,VERB
in,ADP,FUNC
sce,VERB,VERB
unn’,ADJ,ADJ
ambulansa,NOUN,NOUN
.,PUNCT,PUNCT
L’,DET,PRON
òmmo,PROPN,NOUN
o,CCONJ,FUNC
l’,DET,PRON
é,X,OTHER
sotta,NOUN,NOUN
proçesso,ADJ,ADJ
pe,X,OTHER
rexistensa,X,OTHER
e,CCONJ,FUNC
lexoin,NOUN,NOUN
e,CCONJ,FUNC
i,DET,PRON
militari,NOUN,NOUN
gh’,VERB,VERB
an,X,OTHER
domandou,NOUN,NOUN
unna,PROPN,NOUN
refæta,NOUN,NOUN
da,ADP,FUNC
102mia,NUM,ADJ
euro,NOUN,NOUN
",",PUNCT,PUNCT
dapeu,NOUN,NOUN
reduta,VERB,VERB
à,X,OTHER
36mia,NOUN,NOUN
.,PUNCT,PUNCT
"

",SPACE,OTHER
O,CCONJ,FUNC
l’,DET,PRON
é,NOUN,NOUN
stæto,ADJ,ADJ
fermou,ADJ,ADJ
pe,PRON,PRON
ammassamento,NOUN,NOUN
volontäio,PROPN,NOUN
o,CCONJ,FUNC
poliçiòtto,PROPN,NOUN
Carmelo,PROPN,NOUN
Cinturrino,PROPN,NOUN
",",PUNCT,PUNCT
che,PRON,PRON
a,ADP,FUNC
-,PUNCT,PUNCT
i,DET,PRON
26,NUM,ADJ
de,ADP,FUNC
zenâ,PROPN,NOUN
",",PUNCT,PUNCT
à,ADP,FUNC
Milan,PROPN,NOUN
",",PUNCT,PUNCT
o,CCONJ,FUNC
l’,DET,PRON
à,PROPN,NOUN
sparou,VERB,VERB
a,ADP,FUNC
-,PUNCT,PUNCT
o,CCONJ,FUNC
Abderrahim,PROPN,NOUN
Mansouri,PROPN,NOUN
",",PUNCT,PUNCT
un,DET,PRON
venditô,NOUN,NOUN
de,ADP,FUNC
dröga,NOUN,NOUN
de,ADP,FUNC
28,NUM,ADJ
anni,NOUN,NOUN
.,PUNCT,PUNCT
O,CCONJ,FUNC
l’,DET,PRON
aiva,VERB,VERB
dito,NOUN,NOUN
d’,ADP,FUNC
aveighe,NOUN,NOUN
tiou,NOUN,NOUN
perché,SCONJ,FUNC
stæto,ADJ,ADJ
menassou,VERB,VERB
con,ADP,FUNC
unna,PROPN,NOUN
pistòlla,NOUN,NOUN
",",PUNCT,PUNCT
ma,CCONJ,FUNC
l’,DET,PRON
investigaçion,NOUN,NOUN
a,ADP,FUNC
l’,DET,PRON
à,PROPN,NOUN
mostrou,NOUN,NOUN
che,SCONJ,FUNC
l’,DET,PRON
arma,NOUN,NOUN
a,ADP,FUNC
l’,DET,PRON
ea,PROPN,NOUN
stæta,PROPN,NOUN
missa,ADJ,ADJ
dòppo,PROPN,NOUN
d’,ADP,FUNC
arente,ADV,ADV
a,ADP,FUNC
-,PUNCT,PUNCT
o,CCONJ,FUNC
cadaveo,NOUN,NOUN
e,CCONJ,FUNC
che,PRON,PRON
in,ADP,FUNC
çimma,NOUN,NOUN
gh’,VERB,VERB
ea,ADP,FUNC
solo,ADV,ADV
e,CCONJ,FUNC
impronte,NOUN,NOUN
de,ADP,FUNC
l’,DET,PRON
agente,NOUN,NOUN
.,PUNCT,PUNCT
Un,DET,PRON
testimònio,NOUN,NOUN
o,CCONJ,FUNC
l’,DET,PRON
à,X,OTHER
contou,NOUN,NOUN
ascì,VERB,VERB
che,SCONJ,FUNC
o,CCONJ,FUNC
Mansouri,PROPN,NOUN
o,CCONJ,FUNC
l’,DET,PRON
ea,ADJ,ADJ
stæto,ADJ,ADJ
corpio,NOUN,NOUN
into,NOUN,NOUN
scappâ,ADJ,ADJ
.,PUNCT,PUNCT
O,CCONJ,FUNC
Cinturrino,PROPN,NOUN
o,CCONJ,FUNC
l’,DET,PRON
à,X,OTHER
ammisso,VERB,VERB
e,CCONJ,FUNC
seu,DET,PRON
responsabilitæ,NOUN,NOUN
:,PUNCT,PUNCT
«,PUNCT,PUNCT
Ciammo,VERB,VERB
scuse,VERB,VERB
à,ADP,FUNC
tutti,PRON,PRON
quelli,PRON,PRON
ch’,VERB,VERB
an,NOUN,NOUN
l’,DET,PRON
uniforme,ADJ,ADJ
",",PUNCT,PUNCT
ò,PRON,PRON
perso,VERB,VERB
o,CCONJ,FUNC
sæximo,ADJ,ADJ
»,PUNCT,PUNCT
.,PUNCT,PUNCT
Ma,CCONJ,FUNC
o,CCONJ,FUNC
l’,DET,PRON
à,X,OTHER
denegou,NOUN,NOUN
d’,ADP,FUNC
avei,ADJ,ADJ
piggiou,NOUN,NOUN
di,ADP,FUNC
dinæ,NOUN,NOUN
e,CCONJ,FUNC
da,ADP,FUNC
dröga,NOUN,NOUN
da,ADP,FUNC
-,PUNCT,PUNCT
a,ADP,FUNC
vittima,NOUN,NOUN
.,PUNCT,PUNCT
Di,ADP,FUNC
colleghi,NOUN,NOUN
an,NOUN,NOUN
parlou,NOUN,NOUN
di,ADP,FUNC
seu,DET,PRON
metodi,NOUN,NOUN
violenti,ADJ,ADJ
.,PUNCT,PUNCT
O,CCONJ,FUNC
Cinturrino,PROPN,NOUN
o,CCONJ,FUNC
l’,DET,PRON
arresta,NOUN,NOUN
in,ADP,FUNC
prexon,X,OTHER
e,CCONJ,FUNC
o,CCONJ,FUNC
saià,VERB,VERB
levou,VERB,VERB
da,ADP,FUNC
l’,DET,PRON
incarrego,NOUN,NOUN
.,PUNCT,PUNCT
"

",SPACE,OTHER
Torna,VERB,VERB
polemiche,ADJ,ADJ
in,ADP,FUNC
sciô,VERB,VERB
referendum,NOUN,NOUN
di,ADP,FUNC
22,NUM,ADJ
e,CCONJ,FUNC
23,NUM,ADJ
de,ADP,FUNC
marso,NOUN,NOUN
.,PUNCT,PUNCT
«,PUNCT,PUNCT
In,ADP,FUNC
Ruscia,PROPN,NOUN
no,ADV,ADV
gh’,NOUN,NOUN
é,X,OTHER
a,ADP,FUNC
spartiçion,NOUN,NOUN
de,ADP,FUNC
carree,VERB,VERB
",",PUNCT,PUNCT
o,CCONJ,FUNC
Putin,PROPN,NOUN
o,CCONJ,FUNC
votieiva,VERB,VERB
no,ADV,ADV
»,PUNCT,PUNCT
",",PUNCT,PUNCT
e,CCONJ,FUNC
poule,NOUN,NOUN
do,ADP,FUNC
sottosegretäio,NOUN,NOUN
a,ADP,FUNC
-,PUNCT,PUNCT
a,ADP,FUNC
Giustiçia,PROPN,NOUN
Fazzolari,PROPN,NOUN
.,PUNCT,PUNCT
«,PUNCT,PUNCT
Solo,ADV,ADV
che,SCONJ,FUNC
unna,ADJ,ADJ
sciortia,NOUN,NOUN
»,PUNCT,PUNCT
",",PUNCT,PUNCT
o,CCONJ,FUNC
l’,DET,PRON
à,X,OTHER
azzonto,NOUN,NOUN
",",PUNCT,PUNCT
ma,CCONJ,FUNC
l’,DET,PRON
oppoxiçion,NOUN,NOUN
a,ADP,FUNC
l’,DET,PRON
à,X,OTHER
criticou,NOUN,NOUN
.,PUNCT,PUNCT
Scontro,PROPN,NOUN
Nordio-Conte,ADV,ADV
à,X,OTHER
Palermo,PROPN,NOUN
",",PUNCT,PUNCT
o,CCONJ,FUNC
passou,VERB,VERB
prescidente,ADJ,ADJ
:,PUNCT,PUNCT
«,PUNCT,PUNCT
Sei,NUM,ADJ
apreuvo,NOUN,NOUN
à,X,OTHER
realizzâ,VERB,VERB
un,DET,PRON
disegno,NOUN,NOUN
de,ADP,FUNC
politica,NOUN,NOUN
criminale,ADJ,ADJ
»,PUNCT,PUNCT
.,PUNCT,PUNCT
Forza,PROPN,NOUN
Italia,PROPN,NOUN
a,ADP,FUNC
l’,DET,PRON
à,PROPN,NOUN
accaxonou,NOUN,NOUN
a,ADP,FUNC
Lega,PROPN,NOUN
de,ADP,FUNC
scarso,ADJ,ADJ
impegno,NOUN,NOUN
inta,VERB,VERB
campagna,ADJ,ADJ
.,PUNCT,PUNCT
A,ADP,FUNC
maggioransa,NOUN,NOUN
a,ADP,FUNC
l’,DET,PRON
à,X,OTHER
depoxitou,NOUN,NOUN
o,CCONJ,FUNC
testo,NOUN,NOUN
da,ADP,FUNC
neuva,ADJ,ADJ
lezze,NOUN,NOUN
elettorale,ADJ,ADJ
",",PUNCT,PUNCT
«,PUNCT,PUNCT
imposcibile,ADJ,ADJ
da,ADP,FUNC
açettâ,NOUN,NOUN
»,PUNCT,PUNCT
pe,ADJ,ADJ
-,PUNCT,PUNCT
a,ADP,FUNC
segretäia,NOUN,NOUN
do,ADP,FUNC
Pd,NOUN,NOUN
Elly,PROPN,NOUN
Schlein,PROPN,NOUN
.,PUNCT,PUNCT
Se,SCONJ,FUNC
parla,VERB,VERB
de,ADP,FUNC
un,DET,PRON
scistema,NOUN,NOUN
proporçionale,ADJ,ADJ
con,ADP,FUNC
unna,PROPN,NOUN
correçion,NOUN,NOUN
pe,X,OTHER
garantî,VERB,VERB
a,ADP,FUNC
governabilitæ,NOUN,NOUN
.,PUNCT,PUNCT
"

",SPACE,OTHER
O,CCONJ,FUNC
l’,DET,PRON
é,NOUN,NOUN
mòrto,NOUN,NOUN
a,ADP,FUNC
-,PUNCT,PUNCT
i,DET,PRON
21,NUM,ADJ
de,ADP,FUNC
frevâ,PROPN,NOUN
o,CCONJ,FUNC
Domenico,PROPN,NOUN
",",PUNCT,PUNCT
o,CCONJ,FUNC
figgeu,ADJ,ADJ
de,ADP,FUNC
doî,NUM,ADJ
anni,NOUN,NOUN
ch’,ADV,ADV
o,CCONJ,FUNC
l’,DET,PRON
ea,PROPN,NOUN
recoverou,VERB,VERB
à,ADP,FUNC
Napoli,PROPN,NOUN
dòppo,PROPN,NOUN
o,CCONJ,FUNC
tracianto,NOUN,NOUN
de,ADP,FUNC
un,DET,PRON
cheu,PROPN,NOUN
dannezzou,PROPN,NOUN
into,NOUN,NOUN
stramuo,ADV,ADV
da,ADP,FUNC
Bolsan,PROPN,NOUN
.,PUNCT,PUNCT
Da,ADP,FUNC
l’,DET,PRON
investigaçion,NOUN,NOUN
da,ADP,FUNC
Procua,PROPN,NOUN
l’,DET,PRON
é,AUX,VERB
vegnuo,NOUN,NOUN
feua,ADJ,ADJ
che,SCONJ,FUNC
o,CCONJ,FUNC
piccin,NOUN,NOUN
o,CCONJ,FUNC
l’,DET,PRON
ea,ADJ,ADJ
arrestou,NOUN,NOUN
sensa,ADJ,ADJ
cheu,ADJ,ADJ
pe,DET,PRON
quattro,NUM,ADJ
menuti,VERB,VERB
perché,SCONJ,FUNC
l’,DET,PRON
òrgano,ADJ,ADJ
o,CCONJ,FUNC
l’,DET,PRON
ea,ADJ,ADJ
stæto,ADJ,ADJ
descciantou,NOUN,NOUN
avanti,ADV,ADV
ch’,CCONJ,FUNC
arrivesse,VERB,VERB
quello,PRON,PRON
neuvo,VERB,VERB
.,PUNCT,PUNCT
I,DET,PRON
meghi,NOUN,NOUN
",",PUNCT,PUNCT
pe,PRON,PRON
provâ,VERB,VERB
à,X,OTHER
dezeâlo,NOUN,NOUN
za,ADP,FUNC
ch’,AUX,VERB
o,CCONJ,FUNC
l’,DET,PRON
aiva,ADJ,ADJ
viægiou,NOUN,NOUN
inta,ADJ,ADJ
giassa,ADJ,ADJ
secca,NOUN,NOUN
",",PUNCT,PUNCT
l’,DET,PRON
an,NOUN,NOUN
misso,ADJ,ADJ
sotta,VERB,VERB
l’,DET,PRON
ægua,NOUN,NOUN
freida,ADJ,ADJ
e,CCONJ,FUNC
dapeu,PROPN,NOUN
quella,DET,PRON
cada,PROPN,NOUN
.,PUNCT,PUNCT
L’,DET,PRON
avvocato,NOUN,NOUN
da,ADP,FUNC
famiggia,NOUN,NOUN
o,CCONJ,FUNC
l’,DET,PRON
à,X,OTHER
denonçiou,PROPN,NOUN
de,ADP,FUNC
mancanse,ADJ,ADJ
inti,NOUN,NOUN
dæti,VERB,VERB
da,ADP,FUNC
cartella,ADJ,ADJ
clinica,NOUN,NOUN
.,PUNCT,PUNCT
A,ADP,FUNC
moæ,ADV,ADV
a,ADP,FUNC
l’,DET,PRON
à,X,OTHER
dito,VERB,VERB
:,PUNCT,PUNCT
«,PUNCT,PUNCT
Oua,PROPN,NOUN
o,CCONJ,FUNC
l’,DET,PRON
é,PROPN,NOUN
un,DET,PRON
angeo,NOUN,NOUN
ma,CCONJ,FUNC
veuggio,NOUN,NOUN
giustiçia,NOUN,NOUN
",",PUNCT,PUNCT
l’,PRON,PRON
arregordiò,VERB,VERB
con,ADP,FUNC
unna,ADJ,ADJ
fondaçion,NOUN,NOUN
»,PUNCT,PUNCT
.,PUNCT,PUNCT
"

",SPACE,OTHER
L’,DET,PRON
attacco,NOUN,NOUN
di,ADP,FUNC
Stati,PROPN,NOUN
Unii,PROPN,NOUN
à,ADP,FUNC
l’,DET,PRON
Iran,PROPN,NOUN
o,CCONJ,FUNC
porrieiva,ADJ,ADJ
ëse,ADV,ADV
unna,DET,PRON
costion,NOUN,NOUN
de,ADP,FUNC
giorni,NOUN,NOUN
.,PUNCT,PUNCT
E,CCONJ,FUNC
indiscreçioin,VERB,VERB
parlan,NOUN,NOUN
de,ADP,FUNC
unn’,PROPN,NOUN
operaçion,NOUN,NOUN
studiâ,VERB,VERB
pe,ADP,FUNC
ammassâ,VERB,VERB
l’,DET,PRON
ayatollah,NOUN,NOUN
Ali,PROPN,NOUN
Khamenei,PROPN,NOUN
e,CCONJ,FUNC
seu,DET,PRON
figgio,NOUN,NOUN
Mojtaba,PROPN,NOUN
.,PUNCT,PUNCT
«,PUNCT,PUNCT
Teheran,PROPN,NOUN
a,ADP,FUNC
l’,DET,PRON
é,X,OTHER
apreuvo,VERB,VERB
à,ADP,FUNC
sviluppâ,NOUN,NOUN
di,ADP,FUNC
miscili,NOUN,NOUN
boin,VERB,VERB
à,ADP,FUNC
corpî,NOUN,NOUN
l’,DET,PRON
Euröpa,PROPN,NOUN
e,CCONJ,FUNC
i,DET,PRON
Stati,PROPN,NOUN
Unii,PROPN,NOUN
",",PUNCT,PUNCT
no,X,OTHER
permettiò,X,OTHER
mai,ADV,ADV
ch’,ADV,ADV
aggian,ADJ,ADJ
o,CCONJ,FUNC
nucleare,ADJ,ADJ
»,PUNCT,PUNCT
",",PUNCT,PUNCT
o,CCONJ,FUNC
l’,DET,PRON
à,X,OTHER
dito,ADJ,ADJ
o,CCONJ,FUNC
Trump,PROPN,NOUN
.,PUNCT,PUNCT
À,ADP,FUNC
Ginevra,PROPN,NOUN
l’,DET,PRON
urtima,NOUN,NOUN
occaxon,NOUN,NOUN
pe,X,OTHER
schivâ,VERB,VERB
a,ADP,FUNC
guæra,PROPN,NOUN
.,PUNCT,PUNCT
«,PUNCT,PUNCT
Gh’,NOUN,NOUN
é,ADP,FUNC
stæto,ADJ,ADJ
de,ADP,FUNC
avertue,NOUN,NOUN
mai,ADV,ADV
viste,VERB,VERB
primma,NOUN,NOUN
à,X,OTHER
de,ADP,FUNC
idee,NOUN,NOUN
neuve,ADJ,ADJ
e,CCONJ,FUNC
creative,ADJ,ADJ
»,PUNCT,PUNCT
",",PUNCT,PUNCT
o,CCONJ,FUNC
l’,DET,PRON
à,X,OTHER
dito,VERB,VERB
o,CCONJ,FUNC
ministro,NOUN,NOUN
de,ADP,FUNC
l’,DET,PRON
Estranxeo,PROPN,NOUN
de,ADP,FUNC
l’,DET,PRON
Oman,PROPN,NOUN
.,PUNCT,PUNCT
I,DET,PRON
Stati,NOUN,NOUN
Unii,PROPN,NOUN
an,PRON,PRON
domandou,NOUN,NOUN
à,ADP,FUNC
l’,DET,PRON
Iran,PROPN,NOUN
de,ADP,FUNC
levâ,PROPN,NOUN
d’,ADP,FUNC
insemme,NOUN,NOUN
i,DET,PRON
trei,NOUN,NOUN
sciti,VERB,VERB
nucleari,ADJ,ADJ
prinçipæ,PROPN,NOUN
e,CCONJ,FUNC
de,PROPN,NOUN
consegnâ,VERB,VERB
tutto,DET,PRON
l’,DET,PRON
uranio,NOUN,NOUN
inricchio,ADJ,ADJ
.,PUNCT,PUNCT
Teheran,PROPN,NOUN
a,ADP,FUNC
l’,DET,PRON
é,AUX,VERB
disponibile,ADJ,ADJ
à,ADP,FUNC
trattâ,NOUN,NOUN
ma,CCONJ,FUNC
a,ADP,FUNC
l’,DET,PRON
avieiva,ADJ,ADJ
dito,NOUN,NOUN
de,ADP,FUNC
no,X,OTHER
a,ADP,FUNC
-,PUNCT,PUNCT
a,ADP,FUNC
negoçiaçion,NOUN,NOUN
in,ADP,FUNC
scî,ADJ,ADJ
miscili,NOUN,NOUN
.,PUNCT,PUNCT
"

",SPACE,OTHER
O,CCONJ,FUNC
scandalo,NOUN,NOUN
Epstein,PROPN,NOUN
o,CCONJ,FUNC
s’,ADP,FUNC
allarga,NOUN,NOUN
ancon,ADP,FUNC
",",PUNCT,PUNCT
à,X,OTHER
partî,NOUN,NOUN
da,ADP,FUNC
-,PUNCT,PUNCT
o,CCONJ,FUNC
Regno,PROPN,NOUN
Unio,NOUN,NOUN
dòppo,ADJ,ADJ
l’,DET,PRON
arresto,NOUN,NOUN
do,ADP,FUNC
passou,VERB,VERB
prinçipe,PROPN,NOUN
Andria,PROPN,NOUN
",",PUNCT,PUNCT
fræ,NOUN,NOUN
do,ADP,FUNC
re,NOUN,NOUN
Carlo,PROPN,NOUN
.,PUNCT,PUNCT
A,ADP,FUNC
poliçia,NOUN,NOUN
a,ADP,FUNC
l’,DET,PRON
à,X,OTHER
fermou,VERB,VERB
anche,ADV,ADV
o,CCONJ,FUNC
Peter,PROPN,NOUN
Mandelson,PROPN,NOUN
",",PUNCT,PUNCT
za,ADP,FUNC
ministro,NOUN,NOUN
e,CCONJ,FUNC
commissäio,NOUN,NOUN
europeo,ADJ,ADJ
",",PUNCT,PUNCT
misso,VERB,VERB
da,ADP,FUNC
-,PUNCT,PUNCT
o,CCONJ,FUNC
Starmer,PROPN,NOUN
comme,NOUN,NOUN
ambasciou,NOUN,NOUN
inti,ADJ,ADJ
Stati,PROPN,NOUN
Unii,PROPN,NOUN
avanti,ADV,ADV
de,ADP,FUNC
scorrîlo,PROPN,NOUN
.,PUNCT,PUNCT
A,ADP,FUNC
Hillary,PROPN,NOUN
Clinton,PROPN,NOUN
",",PUNCT,PUNCT
passâ,VERB,VERB
segretäia,NOUN,NOUN
de,ADP,FUNC
Stato,NOUN,NOUN
",",PUNCT,PUNCT
a,ADP,FUNC
s’,DET,PRON
é,X,OTHER
defeisa,VERB,VERB
davanti,ADV,ADV
a,ADP,FUNC
-,PUNCT,PUNCT
a,ADP,FUNC
commiscion,PROPN,NOUN
:,PUNCT,PUNCT
«,PUNCT,PUNCT
No,INTJ,OTHER
ò,AUX,VERB
mai,ADV,ADV
incontrou,ADJ,ADJ
o,CCONJ,FUNC
Epstein,PROPN,NOUN
e,CCONJ,FUNC
no,ADV,ADV
saiva,ADJ,ADJ
ninte,ADV,ADV
di,ADP,FUNC
seu,NUM,ADJ
crimini,NOUN,NOUN
.,PUNCT,PUNCT
Doviësci,VERB,VERB
indagâ,ADV,ADV
in,ADP,FUNC
sciô,VERB,VERB
Trump,PROPN,NOUN
»,PUNCT,PUNCT
.,PUNCT,PUNCT
O,CCONJ,FUNC
Borge,PROPN,NOUN
Brende,PROPN,NOUN
",",PUNCT,PUNCT
prescidente,ADJ,ADJ
do,ADP,FUNC
World,PROPN,NOUN
Economic,PROPN,NOUN
Forum,PROPN,NOUN
",",PUNCT,PUNCT
o,CCONJ,FUNC
l’,DET,PRON
é,ADJ,ADJ
stæto,ADJ,ADJ
costreito,NOUN,NOUN
à,PRON,PRON
dà,VERB,VERB
e,CCONJ,FUNC
dimiscioin,VERB,VERB
apreuvo,NOUN,NOUN
à,ADJ,ADJ
unn’,ADJ,ADJ
investigaçion,NOUN,NOUN
in,ADP,FUNC
scê,DET,PRON
relaçioin,VERB,VERB
con,ADP,FUNC
l’,DET,PRON
imprenditô,NOUN,NOUN
pedòfilo,VERB,VERB
.,PUNCT,PUNCT
"

",SPACE,OTHER
A,PROPN,NOUN
-,PUNCT,PUNCT
i,DET,PRON
24,NUM,ADJ
de,ADP,FUNC
frevâ,PROPN,NOUN
o,CCONJ,FUNC
quarto,ADJ,ADJ
anniversäio,NOUN,NOUN
da,ADP,FUNC
guæra,NOUN,NOUN
in,ADP,FUNC
Ucraina,PROPN,NOUN
.,PUNCT,PUNCT
I,DET,PRON
cappi,NOUN,NOUN
de,ADP,FUNC
l’,DET,PRON
Union,PROPN,NOUN
europea,ADJ,ADJ
an,PROPN,NOUN
parlou,VERB,VERB
da,ADP,FUNC
Kiev,PROPN,NOUN
:,PUNCT,PUNCT
«,PUNCT,PUNCT
A,ADP,FUNC
Ruscia,PROPN,NOUN
a,ADP,FUNC
no,ADV,ADV
l’,DET,PRON
é,PROPN,NOUN
arrivâ,VERB,VERB
a,ADP,FUNC
-,PUNCT,PUNCT
i,DET,PRON
seu,NOUN,NOUN
obiettivi,NOUN,NOUN
e,CCONJ,FUNC
a,ADP,FUNC
vëgne,NOUN,NOUN
ciù,ADP,FUNC
debole,ADJ,ADJ
.,PUNCT,PUNCT
Faiemo,VERB,VERB
ciù,ADP,FUNC
prescion,NOUN,NOUN
perché,SCONJ,FUNC
Mosca,PROPN,NOUN
a,ADP,FUNC
ciante,VERB,VERB
lì,ADV,ADV
a,ADP,FUNC
seu,DET,PRON
aggrescion,NOUN,NOUN
»,PUNCT,PUNCT
",",PUNCT,PUNCT
an,PROPN,NOUN
dito,VERB,VERB
a,ADP,FUNC
Ursula,PROPN,NOUN
von,PROPN,NOUN
der,ADP,FUNC
Leyen,PROPN,NOUN
",",PUNCT,PUNCT
o,CCONJ,FUNC
Antonio,PROPN,NOUN
Costa,PROPN,NOUN
e,CCONJ,FUNC
a,ADP,FUNC
Roberta,PROPN,NOUN
Metsola,PROPN,NOUN
.,PUNCT,PUNCT
«,PUNCT,PUNCT
O,PROPN,NOUN
Putin,PROPN,NOUN
o,CCONJ,FUNC
l’,DET,PRON
à,ADJ,ADJ
fallio,NOUN,NOUN
",",PUNCT,PUNCT
che,PRON,PRON
o,CCONJ,FUNC
Trump,PROPN,NOUN
o,CCONJ,FUNC
no,ADV,ADV
cazze,NOUN,NOUN
into,ADV,ADV
seu,DET,PRON
zeugo,NOUN,NOUN
»,PUNCT,PUNCT
",",PUNCT,PUNCT
l’,DET,PRON
appello,NOUN,NOUN
do,ADP,FUNC
Zelensky,PROPN,NOUN
.,PUNCT,PUNCT
A,ADP,FUNC
Ruscia,PROPN,NOUN
a,ADP,FUNC
no,ADV,ADV
s’,PRON,PRON
afferma,VERB,VERB
:,PUNCT,PUNCT
«,PUNCT,PUNCT
No,INTJ,OTHER
semmo,AUX,VERB
arrivæ,VERB,VERB
a,ADP,FUNC
-,PUNCT,PUNCT
i,DET,PRON
obiettivi,NOUN,NOUN
de,ADP,FUNC
l’,DET,PRON
intervento,NOUN,NOUN
militare,ADJ,ADJ
",",PUNCT,PUNCT
donca,VERB,VERB
l’,DET,PRON
operaçion,NOUN,NOUN
a,ADP,FUNC
va,VERB,VERB
avanti,ADV,ADV
»,PUNCT,PUNCT
.,PUNCT,PUNCT
Segondo,VERB,VERB
o,CCONJ,FUNC
Cremlin,PROPN,NOUN
«,PUNCT,PUNCT
Londra,PROPN,NOUN
e,CCONJ,FUNC
Pariggi,PROPN,NOUN
veuan,PROPN,NOUN
dâ,ADP,FUNC
de,ADP,FUNC
arme,ADJ,ADJ
nucleare,ADJ,ADJ
à,ADP,FUNC
Kiev,PROPN,NOUN
»,PUNCT,PUNCT
",",PUNCT,PUNCT
o,CCONJ,FUNC
Regno,PROPN,NOUN
Unio,PROPN,NOUN
o,CCONJ,FUNC
responde,NOUN,NOUN
che,PRON,PRON
o,CCONJ,FUNC
Putin,PROPN,NOUN
o,CCONJ,FUNC
mente,ADJ,ADJ
.,PUNCT,PUNCT
Segondo,VERB,VERB
a,ADP,FUNC
Banca,NOUN,NOUN
Mondiale,ADJ,ADJ
",",PUNCT,PUNCT
ghe,AUX,VERB
vorrià,VERB,VERB
a,ADP,FUNC
-,PUNCT,PUNCT
o,CCONJ,FUNC
manco,VERB,VERB
588,NUM,ADJ
miliardi,NOUN,NOUN
pe,NOUN,NOUN
-,PUNCT,PUNCT
a,ADP,FUNC
reconstruçion,NOUN,NOUN
.,PUNCT,PUNCT
