SENTENCE,TEXT,POS,POS_GROUPED
"O Zouhaur Atif, o zoeno arrestou pe avei ammassou o Abanoud Youssef inte unna scheua à Spezza, o l’à ammisso d’aveilo fæto pe giöxia: «O no doveiva scangiâse quelle fotografie co-a mæ galante».",O,DET,PRON
"O Zouhaur Atif, o zoeno arrestou pe avei ammassou o Abanoud Youssef inte unna scheua à Spezza, o l’à ammisso d’aveilo fæto pe giöxia: «O no doveiva scangiâse quelle fotografie co-a mæ galante».",Zouhaur,PROPN,NOUN
"O Zouhaur Atif, o zoeno arrestou pe avei ammassou o Abanoud Youssef inte unna scheua à Spezza, o l’à ammisso d’aveilo fæto pe giöxia: «O no doveiva scangiâse quelle fotografie co-a mæ galante».",Atif,PROPN,NOUN
"O Zouhaur Atif, o zoeno arrestou pe avei ammassou o Abanoud Youssef inte unna scheua à Spezza, o l’à ammisso d’aveilo fæto pe giöxia: «O no doveiva scangiâse quelle fotografie co-a mæ galante».",",",PUNCT,PUNCT
"O Zouhaur Atif, o zoeno arrestou pe avei ammassou o Abanoud Youssef inte unna scheua à Spezza, o l’à ammisso d’aveilo fæto pe giöxia: «O no doveiva scangiâse quelle fotografie co-a mæ galante».",o,DET,PRON
"O Zouhaur Atif, o zoeno arrestou pe avei ammassou o Abanoud Youssef inte unna scheua à Spezza, o l’à ammisso d’aveilo fæto pe giöxia: «O no doveiva scangiâse quelle fotografie co-a mæ galante».",zoeno,NOUN,NOUN
"O Zouhaur Atif, o zoeno arrestou pe avei ammassou o Abanoud Youssef inte unna scheua à Spezza, o l’à ammisso d’aveilo fæto pe giöxia: «O no doveiva scangiâse quelle fotografie co-a mæ galante».",arrestou,VERB,VERB
"O Zouhaur Atif, o zoeno arrestou pe avei ammassou o Abanoud Youssef inte unna scheua à Spezza, o l’à ammisso d’aveilo fæto pe giöxia: «O no doveiva scangiâse quelle fotografie co-a mæ galante».",pe,ADP,FUNC
"O Zouhaur Atif, o zoeno arrestou pe avei ammassou o Abanoud Youssef inte unna scheua à Spezza, o l’à ammisso d’aveilo fæto pe giöxia: «O no doveiva scangiâse quelle fotografie co-a mæ galante».",avei,NOUN,NOUN
"O Zouhaur Atif, o zoeno arrestou pe avei ammassou o Abanoud Youssef inte unna scheua à Spezza, o l’à ammisso d’aveilo fæto pe giöxia: «O no doveiva scangiâse quelle fotografie co-a mæ galante».",ammassou,VERB,VERB
"O Zouhaur Atif, o zoeno arrestou pe avei ammassou o Abanoud Youssef inte unna scheua à Spezza, o l’à ammisso d’aveilo fæto pe giöxia: «O no doveiva scangiâse quelle fotografie co-a mæ galante».",o,DET,PRON
"O Zouhaur Atif, o zoeno arrestou pe avei ammassou o Abanoud Youssef inte unna scheua à Spezza, o l’à ammisso d’aveilo fæto pe giöxia: «O no doveiva scangiâse quelle fotografie co-a mæ galante».",Abanoud,PROPN,NOUN
"O Zouhaur Atif, o zoeno arrestou pe avei ammassou o Abanoud Youssef inte unna scheua à Spezza, o l’à ammisso d’aveilo fæto pe giöxia: «O no doveiva scangiâse quelle fotografie co-a mæ galante».",Youssef,PROPN,NOUN
"O Zouhaur Atif, o zoeno arrestou pe avei ammassou o Abanoud Youssef inte unna scheua à Spezza, o l’à ammisso d’aveilo fæto pe giöxia: «O no doveiva scangiâse quelle fotografie co-a mæ galante».",inte,ADJ,ADJ
"O Zouhaur Atif, o zoeno arrestou pe avei ammassou o Abanoud Youssef inte unna scheua à Spezza, o l’à ammisso d’aveilo fæto pe giöxia: «O no doveiva scangiâse quelle fotografie co-a mæ galante».",unna,PROPN,NOUN
"O Zouhaur Atif, o zoeno arrestou pe avei ammassou o Abanoud Youssef inte unna scheua à Spezza, o l’à ammisso d’aveilo fæto pe giöxia: «O no doveiva scangiâse quelle fotografie co-a mæ galante».",scheua,VERB,VERB
"O Zouhaur Atif, o zoeno arrestou pe avei ammassou o Abanoud Youssef inte unna scheua à Spezza, o l’à ammisso d’aveilo fæto pe giöxia: «O no doveiva scangiâse quelle fotografie co-a mæ galante».",à,ADP,FUNC
"O Zouhaur Atif, o zoeno arrestou pe avei ammassou o Abanoud Youssef inte unna scheua à Spezza, o l’à ammisso d’aveilo fæto pe giöxia: «O no doveiva scangiâse quelle fotografie co-a mæ galante».",Spezza,PROPN,NOUN
"O Zouhaur Atif, o zoeno arrestou pe avei ammassou o Abanoud Youssef inte unna scheua à Spezza, o l’à ammisso d’aveilo fæto pe giöxia: «O no doveiva scangiâse quelle fotografie co-a mæ galante».",",",PUNCT,PUNCT
"O Zouhaur Atif, o zoeno arrestou pe avei ammassou o Abanoud Youssef inte unna scheua à Spezza, o l’à ammisso d’aveilo fæto pe giöxia: «O no doveiva scangiâse quelle fotografie co-a mæ galante».",o,DET,PRON
"O Zouhaur Atif, o zoeno arrestou pe avei ammassou o Abanoud Youssef inte unna scheua à Spezza, o l’à ammisso d’aveilo fæto pe giöxia: «O no doveiva scangiâse quelle fotografie co-a mæ galante».",l’à,NOUN,NOUN
"O Zouhaur Atif, o zoeno arrestou pe avei ammassou o Abanoud Youssef inte unna scheua à Spezza, o l’à ammisso d’aveilo fæto pe giöxia: «O no doveiva scangiâse quelle fotografie co-a mæ galante».",ammisso,ADJ,ADJ
"O Zouhaur Atif, o zoeno arrestou pe avei ammassou o Abanoud Youssef inte unna scheua à Spezza, o l’à ammisso d’aveilo fæto pe giöxia: «O no doveiva scangiâse quelle fotografie co-a mæ galante».",d’aveilo,PROPN,NOUN
"O Zouhaur Atif, o zoeno arrestou pe avei ammassou o Abanoud Youssef inte unna scheua à Spezza, o l’à ammisso d’aveilo fæto pe giöxia: «O no doveiva scangiâse quelle fotografie co-a mæ galante».",fæto,ADJ,ADJ
"O Zouhaur Atif, o zoeno arrestou pe avei ammassou o Abanoud Youssef inte unna scheua à Spezza, o l’à ammisso d’aveilo fæto pe giöxia: «O no doveiva scangiâse quelle fotografie co-a mæ galante».",pe,ADP,FUNC
"O Zouhaur Atif, o zoeno arrestou pe avei ammassou o Abanoud Youssef inte unna scheua à Spezza, o l’à ammisso d’aveilo fæto pe giöxia: «O no doveiva scangiâse quelle fotografie co-a mæ galante».",giöxia,NOUN,NOUN
"O Zouhaur Atif, o zoeno arrestou pe avei ammassou o Abanoud Youssef inte unna scheua à Spezza, o l’à ammisso d’aveilo fæto pe giöxia: «O no doveiva scangiâse quelle fotografie co-a mæ galante».",:,PUNCT,PUNCT
"O Zouhaur Atif, o zoeno arrestou pe avei ammassou o Abanoud Youssef inte unna scheua à Spezza, o l’à ammisso d’aveilo fæto pe giöxia: «O no doveiva scangiâse quelle fotografie co-a mæ galante».",«,PUNCT,PUNCT
"O Zouhaur Atif, o zoeno arrestou pe avei ammassou o Abanoud Youssef inte unna scheua à Spezza, o l’à ammisso d’aveilo fæto pe giöxia: «O no doveiva scangiâse quelle fotografie co-a mæ galante».",O,PRON,PRON
"O Zouhaur Atif, o zoeno arrestou pe avei ammassou o Abanoud Youssef inte unna scheua à Spezza, o l’à ammisso d’aveilo fæto pe giöxia: «O no doveiva scangiâse quelle fotografie co-a mæ galante».",no,ADP,FUNC
"O Zouhaur Atif, o zoeno arrestou pe avei ammassou o Abanoud Youssef inte unna scheua à Spezza, o l’à ammisso d’aveilo fæto pe giöxia: «O no doveiva scangiâse quelle fotografie co-a mæ galante».",doveiva,NOUN,NOUN
"O Zouhaur Atif, o zoeno arrestou pe avei ammassou o Abanoud Youssef inte unna scheua à Spezza, o l’à ammisso d’aveilo fæto pe giöxia: «O no doveiva scangiâse quelle fotografie co-a mæ galante».",scangiâse,PROPN,NOUN
"O Zouhaur Atif, o zoeno arrestou pe avei ammassou o Abanoud Youssef inte unna scheua à Spezza, o l’à ammisso d’aveilo fæto pe giöxia: «O no doveiva scangiâse quelle fotografie co-a mæ galante».",quelle,PROPN,NOUN
"O Zouhaur Atif, o zoeno arrestou pe avei ammassou o Abanoud Youssef inte unna scheua à Spezza, o l’à ammisso d’aveilo fæto pe giöxia: «O no doveiva scangiâse quelle fotografie co-a mæ galante».",fotografie,VERB,VERB
"O Zouhaur Atif, o zoeno arrestou pe avei ammassou o Abanoud Youssef inte unna scheua à Spezza, o l’à ammisso d’aveilo fæto pe giöxia: «O no doveiva scangiâse quelle fotografie co-a mæ galante».",co-a,ADV,ADV
"O Zouhaur Atif, o zoeno arrestou pe avei ammassou o Abanoud Youssef inte unna scheua à Spezza, o l’à ammisso d’aveilo fæto pe giöxia: «O no doveiva scangiâse quelle fotografie co-a mæ galante».",mæ,PROPN,NOUN
"O Zouhaur Atif, o zoeno arrestou pe avei ammassou o Abanoud Youssef inte unna scheua à Spezza, o l’à ammisso d’aveilo fæto pe giöxia: «O no doveiva scangiâse quelle fotografie co-a mæ galante».",galante,ADJ,ADJ
"O Zouhaur Atif, o zoeno arrestou pe avei ammassou o Abanoud Youssef inte unna scheua à Spezza, o l’à ammisso d’aveilo fæto pe giöxia: «O no doveiva scangiâse quelle fotografie co-a mæ galante».",»,PUNCT,PUNCT
"O Zouhaur Atif, o zoeno arrestou pe avei ammassou o Abanoud Youssef inte unna scheua à Spezza, o l’à ammisso d’aveilo fæto pe giöxia: «O no doveiva scangiâse quelle fotografie co-a mæ galante».",.,PUNCT,PUNCT
A figgia e a vittima se conosceivan da figgeu.,A,DET,PRON
A figgia e a vittima se conosceivan da figgeu.,figgia,NOUN,NOUN
A figgia e a vittima se conosceivan da figgeu.,e,CCONJ,FUNC
A figgia e a vittima se conosceivan da figgeu.,a,DET,PRON
A figgia e a vittima se conosceivan da figgeu.,vittima,NOUN,NOUN
A figgia e a vittima se conosceivan da figgeu.,se,PRON,PRON
A figgia e a vittima se conosceivan da figgeu.,conosceivan,VERB,VERB
A figgia e a vittima se conosceivan da figgeu.,da,ADP,FUNC
A figgia e a vittima se conosceivan da figgeu.,figgeu,NOUN,NOUN
A figgia e a vittima se conosceivan da figgeu.,.,PUNCT,PUNCT
"«Aiva fæto o poscibile perché no rattellessan», a l’à scrito lê in sce un social.",«,PUNCT,PUNCT
"«Aiva fæto o poscibile perché no rattellessan», a l’à scrito lê in sce un social.",Aiva,NOUN,NOUN
"«Aiva fæto o poscibile perché no rattellessan», a l’à scrito lê in sce un social.",fæto,CCONJ,FUNC
"«Aiva fæto o poscibile perché no rattellessan», a l’à scrito lê in sce un social.",o,DET,PRON
"«Aiva fæto o poscibile perché no rattellessan», a l’à scrito lê in sce un social.",poscibile,NOUN,NOUN
"«Aiva fæto o poscibile perché no rattellessan», a l’à scrito lê in sce un social.",perché,ADJ,ADJ
"«Aiva fæto o poscibile perché no rattellessan», a l’à scrito lê in sce un social.",no,ADP,FUNC
"«Aiva fæto o poscibile perché no rattellessan», a l’à scrito lê in sce un social.",rattellessan,NOUN,NOUN
"«Aiva fæto o poscibile perché no rattellessan», a l’à scrito lê in sce un social.",»,PUNCT,PUNCT
"«Aiva fæto o poscibile perché no rattellessan», a l’à scrito lê in sce un social.",",",PUNCT,PUNCT
"«Aiva fæto o poscibile perché no rattellessan», a l’à scrito lê in sce un social.",a,DET,PRON
"«Aiva fæto o poscibile perché no rattellessan», a l’à scrito lê in sce un social.",l’à,NOUN,NOUN
"«Aiva fæto o poscibile perché no rattellessan», a l’à scrito lê in sce un social.",scrito,ADJ,ADJ
"«Aiva fæto o poscibile perché no rattellessan», a l’à scrito lê in sce un social.",lê,VERB,VERB
"«Aiva fæto o poscibile perché no rattellessan», a l’à scrito lê in sce un social.",in,PROPN,NOUN
"«Aiva fæto o poscibile perché no rattellessan», a l’à scrito lê in sce un social.",sce,PROPN,NOUN
"«Aiva fæto o poscibile perché no rattellessan», a l’à scrito lê in sce un social.",un,PROPN,NOUN
"«Aiva fæto o poscibile perché no rattellessan», a l’à scrito lê in sce un social.",social,ADJ,ADJ
"«Aiva fæto o poscibile perché no rattellessan», a l’à scrito lê in sce un social.",.,PUNCT,PUNCT
O Atif o l’arresta in prexon e oua o reisega d’ëse accaxonou da premeditaçion.,O,DET,PRON
O Atif o l’arresta in prexon e oua o reisega d’ëse accaxonou da premeditaçion.,Atif,PROPN,NOUN
O Atif o l’arresta in prexon e oua o reisega d’ëse accaxonou da premeditaçion.,o,DET,PRON
O Atif o l’arresta in prexon e oua o reisega d’ëse accaxonou da premeditaçion.,l’arresta,PROPN,NOUN
O Atif o l’arresta in prexon e oua o reisega d’ëse accaxonou da premeditaçion.,in,PROPN,NOUN
O Atif o l’arresta in prexon e oua o reisega d’ëse accaxonou da premeditaçion.,prexon,ADJ,ADJ
O Atif o l’arresta in prexon e oua o reisega d’ëse accaxonou da premeditaçion.,e,CCONJ,FUNC
O Atif o l’arresta in prexon e oua o reisega d’ëse accaxonou da premeditaçion.,oua,VERB,VERB
O Atif o l’arresta in prexon e oua o reisega d’ëse accaxonou da premeditaçion.,o,DET,PRON
O Atif o l’arresta in prexon e oua o reisega d’ëse accaxonou da premeditaçion.,reisega,NOUN,NOUN
O Atif o l’arresta in prexon e oua o reisega d’ëse accaxonou da premeditaçion.,d’ëse,VERB,VERB
O Atif o l’arresta in prexon e oua o reisega d’ëse accaxonou da premeditaçion.,accaxonou,VERB,VERB
O Atif o l’arresta in prexon e oua o reisega d’ëse accaxonou da premeditaçion.,da,ADP,FUNC
O Atif o l’arresta in prexon e oua o reisega d’ëse accaxonou da premeditaçion.,premeditaçion,NOUN,NOUN
O Atif o l’arresta in prexon e oua o reisega d’ëse accaxonou da premeditaçion.,.,PUNCT,PUNCT
"A-i 22 de zenâ, giornâ de desmuo da çittæ, çentanæa de persoñe an parteçipou a-o morteuio crestian into dòmmo.",A-i,NOUN,NOUN
"A-i 22 de zenâ, giornâ de desmuo da çittæ, çentanæa de persoñe an parteçipou a-o morteuio crestian into dòmmo.",22,NUM,ADJ
"A-i 22 de zenâ, giornâ de desmuo da çittæ, çentanæa de persoñe an parteçipou a-o morteuio crestian into dòmmo.",de,ADP,FUNC
"A-i 22 de zenâ, giornâ de desmuo da çittæ, çentanæa de persoñe an parteçipou a-o morteuio crestian into dòmmo.",zenâ,PROPN,NOUN
"A-i 22 de zenâ, giornâ de desmuo da çittæ, çentanæa de persoñe an parteçipou a-o morteuio crestian into dòmmo.",",",PUNCT,PUNCT
"A-i 22 de zenâ, giornâ de desmuo da çittæ, çentanæa de persoñe an parteçipou a-o morteuio crestian into dòmmo.",giornâ,NOUN,NOUN
"A-i 22 de zenâ, giornâ de desmuo da çittæ, çentanæa de persoñe an parteçipou a-o morteuio crestian into dòmmo.",de,SCONJ,FUNC
"A-i 22 de zenâ, giornâ de desmuo da çittæ, çentanæa de persoñe an parteçipou a-o morteuio crestian into dòmmo.",desmuo,VERB,VERB
"A-i 22 de zenâ, giornâ de desmuo da çittæ, çentanæa de persoñe an parteçipou a-o morteuio crestian into dòmmo.",da,ADP,FUNC
"A-i 22 de zenâ, giornâ de desmuo da çittæ, çentanæa de persoñe an parteçipou a-o morteuio crestian into dòmmo.",çittæ,NOUN,NOUN
"A-i 22 de zenâ, giornâ de desmuo da çittæ, çentanæa de persoñe an parteçipou a-o morteuio crestian into dòmmo.",",",PUNCT,PUNCT
"A-i 22 de zenâ, giornâ de desmuo da çittæ, çentanæa de persoñe an parteçipou a-o morteuio crestian into dòmmo.",çentanæa,NOUN,NOUN
"A-i 22 de zenâ, giornâ de desmuo da çittæ, çentanæa de persoñe an parteçipou a-o morteuio crestian into dòmmo.",de,SCONJ,FUNC
"A-i 22 de zenâ, giornâ de desmuo da çittæ, çentanæa de persoñe an parteçipou a-o morteuio crestian into dòmmo.",persoñe,VERB,VERB
"A-i 22 de zenâ, giornâ de desmuo da çittæ, çentanæa de persoñe an parteçipou a-o morteuio crestian into dòmmo.",an,ADP,FUNC
"A-i 22 de zenâ, giornâ de desmuo da çittæ, çentanæa de persoñe an parteçipou a-o morteuio crestian into dòmmo.",parteçipou,VERB,VERB
"A-i 22 de zenâ, giornâ de desmuo da çittæ, çentanæa de persoñe an parteçipou a-o morteuio crestian into dòmmo.",a-o,VERB,VERB
"A-i 22 de zenâ, giornâ de desmuo da çittæ, çentanæa de persoñe an parteçipou a-o morteuio crestian into dòmmo.",morteuio,NOUN,NOUN
"A-i 22 de zenâ, giornâ de desmuo da çittæ, çentanæa de persoñe an parteçipou a-o morteuio crestian into dòmmo.",crestian,PROPN,NOUN
"A-i 22 de zenâ, giornâ de desmuo da çittæ, çentanæa de persoñe an parteçipou a-o morteuio crestian into dòmmo.",into,PROPN,NOUN
"A-i 22 de zenâ, giornâ de desmuo da çittæ, çentanæa de persoñe an parteçipou a-o morteuio crestian into dòmmo.",dòmmo,VERB,VERB
"A-i 22 de zenâ, giornâ de desmuo da çittæ, çentanæa de persoñe an parteçipou a-o morteuio crestian into dòmmo.",.,PUNCT,PUNCT
"Da l’autopscia l’é vegnuo feua che o Abanoud o l’é mòrto pe unna cotellâ sola ch’a gh’à dannezzou o figæto, a minsa e un pormon.",Da,ADP,FUNC
"Da l’autopscia l’é vegnuo feua che o Abanoud o l’é mòrto pe unna cotellâ sola ch’a gh’à dannezzou o figæto, a minsa e un pormon.",l’autopscia,NOUN,NOUN
"Da l’autopscia l’é vegnuo feua che o Abanoud o l’é mòrto pe unna cotellâ sola ch’a gh’à dannezzou o figæto, a minsa e un pormon.",l’é,PROPN,NOUN
"Da l’autopscia l’é vegnuo feua che o Abanoud o l’é mòrto pe unna cotellâ sola ch’a gh’à dannezzou o figæto, a minsa e un pormon.",vegnuo,ADJ,ADJ
"Da l’autopscia l’é vegnuo feua che o Abanoud o l’é mòrto pe unna cotellâ sola ch’a gh’à dannezzou o figæto, a minsa e un pormon.",feua,VERB,VERB
"Da l’autopscia l’é vegnuo feua che o Abanoud o l’é mòrto pe unna cotellâ sola ch’a gh’à dannezzou o figæto, a minsa e un pormon.",che,VERB,VERB
"Da l’autopscia l’é vegnuo feua che o Abanoud o l’é mòrto pe unna cotellâ sola ch’a gh’à dannezzou o figæto, a minsa e un pormon.",o,DET,PRON
"Da l’autopscia l’é vegnuo feua che o Abanoud o l’é mòrto pe unna cotellâ sola ch’a gh’à dannezzou o figæto, a minsa e un pormon.",Abanoud,PROPN,NOUN
"Da l’autopscia l’é vegnuo feua che o Abanoud o l’é mòrto pe unna cotellâ sola ch’a gh’à dannezzou o figæto, a minsa e un pormon.",o,DET,PRON
"Da l’autopscia l’é vegnuo feua che o Abanoud o l’é mòrto pe unna cotellâ sola ch’a gh’à dannezzou o figæto, a minsa e un pormon.",l’é,NOUN,NOUN
"Da l’autopscia l’é vegnuo feua che o Abanoud o l’é mòrto pe unna cotellâ sola ch’a gh’à dannezzou o figæto, a minsa e un pormon.",mòrto,ADJ,ADJ
"Da l’autopscia l’é vegnuo feua che o Abanoud o l’é mòrto pe unna cotellâ sola ch’a gh’à dannezzou o figæto, a minsa e un pormon.",pe,ADP,FUNC
"Da l’autopscia l’é vegnuo feua che o Abanoud o l’é mòrto pe unna cotellâ sola ch’a gh’à dannezzou o figæto, a minsa e un pormon.",unna,PROPN,NOUN
"Da l’autopscia l’é vegnuo feua che o Abanoud o l’é mòrto pe unna cotellâ sola ch’a gh’à dannezzou o figæto, a minsa e un pormon.",cotellâ,NOUN,NOUN
"Da l’autopscia l’é vegnuo feua che o Abanoud o l’é mòrto pe unna cotellâ sola ch’a gh’à dannezzou o figæto, a minsa e un pormon.",sola,ADJ,ADJ
"Da l’autopscia l’é vegnuo feua che o Abanoud o l’é mòrto pe unna cotellâ sola ch’a gh’à dannezzou o figæto, a minsa e un pormon.",ch’a,ADJ,ADJ
"Da l’autopscia l’é vegnuo feua che o Abanoud o l’é mòrto pe unna cotellâ sola ch’a gh’à dannezzou o figæto, a minsa e un pormon.",gh’à,PROPN,NOUN
"Da l’autopscia l’é vegnuo feua che o Abanoud o l’é mòrto pe unna cotellâ sola ch’a gh’à dannezzou o figæto, a minsa e un pormon.",dannezzou,VERB,VERB
"Da l’autopscia l’é vegnuo feua che o Abanoud o l’é mòrto pe unna cotellâ sola ch’a gh’à dannezzou o figæto, a minsa e un pormon.",o,DET,PRON
"Da l’autopscia l’é vegnuo feua che o Abanoud o l’é mòrto pe unna cotellâ sola ch’a gh’à dannezzou o figæto, a minsa e un pormon.",figæto,NOUN,NOUN
"Da l’autopscia l’é vegnuo feua che o Abanoud o l’é mòrto pe unna cotellâ sola ch’a gh’à dannezzou o figæto, a minsa e un pormon.",",",PUNCT,PUNCT
"Da l’autopscia l’é vegnuo feua che o Abanoud o l’é mòrto pe unna cotellâ sola ch’a gh’à dannezzou o figæto, a minsa e un pormon.",a,DET,PRON
"Da l’autopscia l’é vegnuo feua che o Abanoud o l’é mòrto pe unna cotellâ sola ch’a gh’à dannezzou o figæto, a minsa e un pormon.",minsa,NOUN,NOUN
"Da l’autopscia l’é vegnuo feua che o Abanoud o l’é mòrto pe unna cotellâ sola ch’a gh’à dannezzou o figæto, a minsa e un pormon.",e,CCONJ,FUNC
"Da l’autopscia l’é vegnuo feua che o Abanoud o l’é mòrto pe unna cotellâ sola ch’a gh’à dannezzou o figæto, a minsa e un pormon.",un,PROPN,NOUN
"Da l’autopscia l’é vegnuo feua che o Abanoud o l’é mòrto pe unna cotellâ sola ch’a gh’à dannezzou o figæto, a minsa e un pormon.",pormon,PROPN,NOUN
"Da l’autopscia l’é vegnuo feua che o Abanoud o l’é mòrto pe unna cotellâ sola ch’a gh’à dannezzou o figæto, a minsa e un pormon.",.,PUNCT,PUNCT
"A Procua de Zena a l’à ciammou o fallimento de l’Amt, l’açienda ch’a gestisce o traspòrto pubrico, trovandoghe 200 mioin e passa de debiti.",A,DET,PRON
"A Procua de Zena a l’à ciammou o fallimento de l’Amt, l’açienda ch’a gestisce o traspòrto pubrico, trovandoghe 200 mioin e passa de debiti.",Procua,PROPN,NOUN
"A Procua de Zena a l’à ciammou o fallimento de l’Amt, l’açienda ch’a gestisce o traspòrto pubrico, trovandoghe 200 mioin e passa de debiti.",de,ADP,FUNC
"A Procua de Zena a l’à ciammou o fallimento de l’Amt, l’açienda ch’a gestisce o traspòrto pubrico, trovandoghe 200 mioin e passa de debiti.",Zena,PROPN,NOUN
"A Procua de Zena a l’à ciammou o fallimento de l’Amt, l’açienda ch’a gestisce o traspòrto pubrico, trovandoghe 200 mioin e passa de debiti.",a,ADP,FUNC
"A Procua de Zena a l’à ciammou o fallimento de l’Amt, l’açienda ch’a gestisce o traspòrto pubrico, trovandoghe 200 mioin e passa de debiti.",l’à,NOUN,NOUN
"A Procua de Zena a l’à ciammou o fallimento de l’Amt, l’açienda ch’a gestisce o traspòrto pubrico, trovandoghe 200 mioin e passa de debiti.",ciammou,VERB,VERB
"A Procua de Zena a l’à ciammou o fallimento de l’Amt, l’açienda ch’a gestisce o traspòrto pubrico, trovandoghe 200 mioin e passa de debiti.",o,DET,PRON
"A Procua de Zena a l’à ciammou o fallimento de l’Amt, l’açienda ch’a gestisce o traspòrto pubrico, trovandoghe 200 mioin e passa de debiti.",fallimento,NOUN,NOUN
"A Procua de Zena a l’à ciammou o fallimento de l’Amt, l’açienda ch’a gestisce o traspòrto pubrico, trovandoghe 200 mioin e passa de debiti.",de,ADP,FUNC
"A Procua de Zena a l’à ciammou o fallimento de l’Amt, l’açienda ch’a gestisce o traspòrto pubrico, trovandoghe 200 mioin e passa de debiti.",l’Amt,NOUN,NOUN
"A Procua de Zena a l’à ciammou o fallimento de l’Amt, l’açienda ch’a gestisce o traspòrto pubrico, trovandoghe 200 mioin e passa de debiti.",",",PUNCT,PUNCT
"A Procua de Zena a l’à ciammou o fallimento de l’Amt, l’açienda ch’a gestisce o traspòrto pubrico, trovandoghe 200 mioin e passa de debiti.",l’açienda,AUX,VERB
"A Procua de Zena a l’à ciammou o fallimento de l’Amt, l’açienda ch’a gestisce o traspòrto pubrico, trovandoghe 200 mioin e passa de debiti.",ch’a,ADJ,ADJ
"A Procua de Zena a l’à ciammou o fallimento de l’Amt, l’açienda ch’a gestisce o traspòrto pubrico, trovandoghe 200 mioin e passa de debiti.",gestisce,VERB,VERB
"A Procua de Zena a l’à ciammou o fallimento de l’Amt, l’açienda ch’a gestisce o traspòrto pubrico, trovandoghe 200 mioin e passa de debiti.",o,DET,PRON
"A Procua de Zena a l’à ciammou o fallimento de l’Amt, l’açienda ch’a gestisce o traspòrto pubrico, trovandoghe 200 mioin e passa de debiti.",traspòrto,NOUN,NOUN
"A Procua de Zena a l’à ciammou o fallimento de l’Amt, l’açienda ch’a gestisce o traspòrto pubrico, trovandoghe 200 mioin e passa de debiti.",pubrico,ADJ,ADJ
"A Procua de Zena a l’à ciammou o fallimento de l’Amt, l’açienda ch’a gestisce o traspòrto pubrico, trovandoghe 200 mioin e passa de debiti.",",",PUNCT,PUNCT
"A Procua de Zena a l’à ciammou o fallimento de l’Amt, l’açienda ch’a gestisce o traspòrto pubrico, trovandoghe 200 mioin e passa de debiti.",trovandoghe,NOUN,NOUN
"A Procua de Zena a l’à ciammou o fallimento de l’Amt, l’açienda ch’a gestisce o traspòrto pubrico, trovandoghe 200 mioin e passa de debiti.",200,NUM,ADJ
"A Procua de Zena a l’à ciammou o fallimento de l’Amt, l’açienda ch’a gestisce o traspòrto pubrico, trovandoghe 200 mioin e passa de debiti.",mioin,NOUN,NOUN
"A Procua de Zena a l’à ciammou o fallimento de l’Amt, l’açienda ch’a gestisce o traspòrto pubrico, trovandoghe 200 mioin e passa de debiti.",e,CCONJ,FUNC
"A Procua de Zena a l’à ciammou o fallimento de l’Amt, l’açienda ch’a gestisce o traspòrto pubrico, trovandoghe 200 mioin e passa de debiti.",passa,VERB,VERB
"A Procua de Zena a l’à ciammou o fallimento de l’Amt, l’açienda ch’a gestisce o traspòrto pubrico, trovandoghe 200 mioin e passa de debiti.",de,ADP,FUNC
"A Procua de Zena a l’à ciammou o fallimento de l’Amt, l’açienda ch’a gestisce o traspòrto pubrico, trovandoghe 200 mioin e passa de debiti.",debiti,NOUN,NOUN
"A Procua de Zena a l’à ciammou o fallimento de l’Amt, l’açienda ch’a gestisce o traspòrto pubrico, trovandoghe 200 mioin e passa de debiti.",.,PUNCT,PUNCT
"O papê o l’é vegnuo feua oua, ma o l’é di 9 de dexembre, avanti che o Tribunâ o l’approvesse a compoxiçion negoçiâ da crixi co-e mesue che mettan a soçietæ a-o sosto.",O,DET,PRON
"O papê o l’é vegnuo feua oua, ma o l’é di 9 de dexembre, avanti che o Tribunâ o l’approvesse a compoxiçion negoçiâ da crixi co-e mesue che mettan a soçietæ a-o sosto.",papê,VERB,VERB
"O papê o l’é vegnuo feua oua, ma o l’é di 9 de dexembre, avanti che o Tribunâ o l’approvesse a compoxiçion negoçiâ da crixi co-e mesue che mettan a soçietæ a-o sosto.",o,DET,PRON
"O papê o l’é vegnuo feua oua, ma o l’é di 9 de dexembre, avanti che o Tribunâ o l’approvesse a compoxiçion negoçiâ da crixi co-e mesue che mettan a soçietæ a-o sosto.",l’é,PROPN,NOUN
"O papê o l’é vegnuo feua oua, ma o l’é di 9 de dexembre, avanti che o Tribunâ o l’approvesse a compoxiçion negoçiâ da crixi co-e mesue che mettan a soçietæ a-o sosto.",vegnuo,ADJ,ADJ
"O papê o l’é vegnuo feua oua, ma o l’é di 9 de dexembre, avanti che o Tribunâ o l’approvesse a compoxiçion negoçiâ da crixi co-e mesue che mettan a soçietæ a-o sosto.",feua,PROPN,NOUN
"O papê o l’é vegnuo feua oua, ma o l’é di 9 de dexembre, avanti che o Tribunâ o l’approvesse a compoxiçion negoçiâ da crixi co-e mesue che mettan a soçietæ a-o sosto.",oua,SYM,OTHER
"O papê o l’é vegnuo feua oua, ma o l’é di 9 de dexembre, avanti che o Tribunâ o l’approvesse a compoxiçion negoçiâ da crixi co-e mesue che mettan a soçietæ a-o sosto.",",",PUNCT,PUNCT
"O papê o l’é vegnuo feua oua, ma o l’é di 9 de dexembre, avanti che o Tribunâ o l’approvesse a compoxiçion negoçiâ da crixi co-e mesue che mettan a soçietæ a-o sosto.",ma,SCONJ,FUNC
"O papê o l’é vegnuo feua oua, ma o l’é di 9 de dexembre, avanti che o Tribunâ o l’approvesse a compoxiçion negoçiâ da crixi co-e mesue che mettan a soçietæ a-o sosto.",o,DET,PRON
"O papê o l’é vegnuo feua oua, ma o l’é di 9 de dexembre, avanti che o Tribunâ o l’approvesse a compoxiçion negoçiâ da crixi co-e mesue che mettan a soçietæ a-o sosto.",l’é,PROPN,NOUN
"O papê o l’é vegnuo feua oua, ma o l’é di 9 de dexembre, avanti che o Tribunâ o l’approvesse a compoxiçion negoçiâ da crixi co-e mesue che mettan a soçietæ a-o sosto.",di,PROPN,NOUN
"O papê o l’é vegnuo feua oua, ma o l’é di 9 de dexembre, avanti che o Tribunâ o l’approvesse a compoxiçion negoçiâ da crixi co-e mesue che mettan a soçietæ a-o sosto.",9,NUM,ADJ
"O papê o l’é vegnuo feua oua, ma o l’é di 9 de dexembre, avanti che o Tribunâ o l’approvesse a compoxiçion negoçiâ da crixi co-e mesue che mettan a soçietæ a-o sosto.",de,ADP,FUNC
"O papê o l’é vegnuo feua oua, ma o l’é di 9 de dexembre, avanti che o Tribunâ o l’approvesse a compoxiçion negoçiâ da crixi co-e mesue che mettan a soçietæ a-o sosto.",dexembre,NOUN,NOUN
"O papê o l’é vegnuo feua oua, ma o l’é di 9 de dexembre, avanti che o Tribunâ o l’approvesse a compoxiçion negoçiâ da crixi co-e mesue che mettan a soçietæ a-o sosto.",",",PUNCT,PUNCT
"O papê o l’é vegnuo feua oua, ma o l’é di 9 de dexembre, avanti che o Tribunâ o l’approvesse a compoxiçion negoçiâ da crixi co-e mesue che mettan a soçietæ a-o sosto.",avanti,VERB,VERB
"O papê o l’é vegnuo feua oua, ma o l’é di 9 de dexembre, avanti che o Tribunâ o l’approvesse a compoxiçion negoçiâ da crixi co-e mesue che mettan a soçietæ a-o sosto.",che,VERB,VERB
"O papê o l’é vegnuo feua oua, ma o l’é di 9 de dexembre, avanti che o Tribunâ o l’approvesse a compoxiçion negoçiâ da crixi co-e mesue che mettan a soçietæ a-o sosto.",o,DET,PRON
"O papê o l’é vegnuo feua oua, ma o l’é di 9 de dexembre, avanti che o Tribunâ o l’approvesse a compoxiçion negoçiâ da crixi co-e mesue che mettan a soçietæ a-o sosto.",Tribunâ,PROPN,NOUN
"O papê o l’é vegnuo feua oua, ma o l’é di 9 de dexembre, avanti che o Tribunâ o l’approvesse a compoxiçion negoçiâ da crixi co-e mesue che mettan a soçietæ a-o sosto.",o,DET,PRON
"O papê o l’é vegnuo feua oua, ma o l’é di 9 de dexembre, avanti che o Tribunâ o l’approvesse a compoxiçion negoçiâ da crixi co-e mesue che mettan a soçietæ a-o sosto.",l’approvesse,PROPN,NOUN
"O papê o l’é vegnuo feua oua, ma o l’é di 9 de dexembre, avanti che o Tribunâ o l’approvesse a compoxiçion negoçiâ da crixi co-e mesue che mettan a soçietæ a-o sosto.",a,ADP,FUNC
"O papê o l’é vegnuo feua oua, ma o l’é di 9 de dexembre, avanti che o Tribunâ o l’approvesse a compoxiçion negoçiâ da crixi co-e mesue che mettan a soçietæ a-o sosto.",compoxiçion,PROPN,NOUN
"O papê o l’é vegnuo feua oua, ma o l’é di 9 de dexembre, avanti che o Tribunâ o l’approvesse a compoxiçion negoçiâ da crixi co-e mesue che mettan a soçietæ a-o sosto.",negoçiâ,DET,PRON
"O papê o l’é vegnuo feua oua, ma o l’é di 9 de dexembre, avanti che o Tribunâ o l’approvesse a compoxiçion negoçiâ da crixi co-e mesue che mettan a soçietæ a-o sosto.",da,ADP,FUNC
"O papê o l’é vegnuo feua oua, ma o l’é di 9 de dexembre, avanti che o Tribunâ o l’approvesse a compoxiçion negoçiâ da crixi co-e mesue che mettan a soçietæ a-o sosto.",crixi,PROPN,NOUN
"O papê o l’é vegnuo feua oua, ma o l’é di 9 de dexembre, avanti che o Tribunâ o l’approvesse a compoxiçion negoçiâ da crixi co-e mesue che mettan a soçietæ a-o sosto.",co-e,PROPN,NOUN
"O papê o l’é vegnuo feua oua, ma o l’é di 9 de dexembre, avanti che o Tribunâ o l’approvesse a compoxiçion negoçiâ da crixi co-e mesue che mettan a soçietæ a-o sosto.",mesue,PROPN,NOUN
"O papê o l’é vegnuo feua oua, ma o l’é di 9 de dexembre, avanti che o Tribunâ o l’approvesse a compoxiçion negoçiâ da crixi co-e mesue che mettan a soçietæ a-o sosto.",che,PROPN,NOUN
"O papê o l’é vegnuo feua oua, ma o l’é di 9 de dexembre, avanti che o Tribunâ o l’approvesse a compoxiçion negoçiâ da crixi co-e mesue che mettan a soçietæ a-o sosto.",mettan,VERB,VERB
"O papê o l’é vegnuo feua oua, ma o l’é di 9 de dexembre, avanti che o Tribunâ o l’approvesse a compoxiçion negoçiâ da crixi co-e mesue che mettan a soçietæ a-o sosto.",a,DET,PRON
"O papê o l’é vegnuo feua oua, ma o l’é di 9 de dexembre, avanti che o Tribunâ o l’approvesse a compoxiçion negoçiâ da crixi co-e mesue che mettan a soçietæ a-o sosto.",soçietæ,PROPN,NOUN
"O papê o l’é vegnuo feua oua, ma o l’é di 9 de dexembre, avanti che o Tribunâ o l’approvesse a compoxiçion negoçiâ da crixi co-e mesue che mettan a soçietæ a-o sosto.",a-o,VERB,VERB
"O papê o l’é vegnuo feua oua, ma o l’é di 9 de dexembre, avanti che o Tribunâ o l’approvesse a compoxiçion negoçiâ da crixi co-e mesue che mettan a soçietæ a-o sosto.",sosto,ADJ,ADJ
"O papê o l’é vegnuo feua oua, ma o l’é di 9 de dexembre, avanti che o Tribunâ o l’approvesse a compoxiçion negoçiâ da crixi co-e mesue che mettan a soçietæ a-o sosto.",.,PUNCT,PUNCT
"«Se no avescimo fæto ninte a saieiva fallia», o commento da scindica Silvia Salis.",«,PUNCT,PUNCT
"«Se no avescimo fæto ninte a saieiva fallia», o commento da scindica Silvia Salis.",Se,SCONJ,FUNC
"«Se no avescimo fæto ninte a saieiva fallia», o commento da scindica Silvia Salis.",no,ADP,FUNC
"«Se no avescimo fæto ninte a saieiva fallia», o commento da scindica Silvia Salis.",avescimo,NOUN,NOUN
"«Se no avescimo fæto ninte a saieiva fallia», o commento da scindica Silvia Salis.",fæto,NOUN,NOUN
"«Se no avescimo fæto ninte a saieiva fallia», o commento da scindica Silvia Salis.",ninte,ADJ,ADJ
"«Se no avescimo fæto ninte a saieiva fallia», o commento da scindica Silvia Salis.",a,DET,PRON
"«Se no avescimo fæto ninte a saieiva fallia», o commento da scindica Silvia Salis.",saieiva,ADJ,ADJ
"«Se no avescimo fæto ninte a saieiva fallia», o commento da scindica Silvia Salis.",fallia,NOUN,NOUN
"«Se no avescimo fæto ninte a saieiva fallia», o commento da scindica Silvia Salis.",»,PUNCT,PUNCT
"«Se no avescimo fæto ninte a saieiva fallia», o commento da scindica Silvia Salis.",",",PUNCT,PUNCT
"«Se no avescimo fæto ninte a saieiva fallia», o commento da scindica Silvia Salis.",o,DET,PRON
"«Se no avescimo fæto ninte a saieiva fallia», o commento da scindica Silvia Salis.",commento,NOUN,NOUN
"«Se no avescimo fæto ninte a saieiva fallia», o commento da scindica Silvia Salis.",da,ADP,FUNC
"«Se no avescimo fæto ninte a saieiva fallia», o commento da scindica Silvia Salis.",scindica,NOUN,NOUN
"«Se no avescimo fæto ninte a saieiva fallia», o commento da scindica Silvia Salis.",Silvia,PROPN,NOUN
"«Se no avescimo fæto ninte a saieiva fallia», o commento da scindica Silvia Salis.",Salis,PROPN,NOUN
"«Se no avescimo fæto ninte a saieiva fallia», o commento da scindica Silvia Salis.",.,PUNCT,PUNCT
"«A l’addeuvia i problemi de l’Amt pe fâ da propaganda», gh’à respòsto o Pietro Piciocchi.",«,PUNCT,PUNCT
"«A l’addeuvia i problemi de l’Amt pe fâ da propaganda», gh’à respòsto o Pietro Piciocchi.",A,DET,PRON
"«A l’addeuvia i problemi de l’Amt pe fâ da propaganda», gh’à respòsto o Pietro Piciocchi.",l’addeuvia,VERB,VERB
"«A l’addeuvia i problemi de l’Amt pe fâ da propaganda», gh’à respòsto o Pietro Piciocchi.",i,ADP,FUNC
"«A l’addeuvia i problemi de l’Amt pe fâ da propaganda», gh’à respòsto o Pietro Piciocchi.",problemi,PROPN,NOUN
"«A l’addeuvia i problemi de l’Amt pe fâ da propaganda», gh’à respòsto o Pietro Piciocchi.",de,ADP,FUNC
"«A l’addeuvia i problemi de l’Amt pe fâ da propaganda», gh’à respòsto o Pietro Piciocchi.",l’Amt,NOUN,NOUN
"«A l’addeuvia i problemi de l’Amt pe fâ da propaganda», gh’à respòsto o Pietro Piciocchi.",pe,ADP,FUNC
"«A l’addeuvia i problemi de l’Amt pe fâ da propaganda», gh’à respòsto o Pietro Piciocchi.",fâ,PROPN,NOUN
"«A l’addeuvia i problemi de l’Amt pe fâ da propaganda», gh’à respòsto o Pietro Piciocchi.",da,ADP,FUNC
"«A l’addeuvia i problemi de l’Amt pe fâ da propaganda», gh’à respòsto o Pietro Piciocchi.",propaganda,PROPN,NOUN
"«A l’addeuvia i problemi de l’Amt pe fâ da propaganda», gh’à respòsto o Pietro Piciocchi.",»,PUNCT,PUNCT
"«A l’addeuvia i problemi de l’Amt pe fâ da propaganda», gh’à respòsto o Pietro Piciocchi.",",",PUNCT,PUNCT
"«A l’addeuvia i problemi de l’Amt pe fâ da propaganda», gh’à respòsto o Pietro Piciocchi.",gh’à,PROPN,NOUN
"«A l’addeuvia i problemi de l’Amt pe fâ da propaganda», gh’à respòsto o Pietro Piciocchi.",respòsto,VERB,VERB
"«A l’addeuvia i problemi de l’Amt pe fâ da propaganda», gh’à respòsto o Pietro Piciocchi.",o,DET,PRON
"«A l’addeuvia i problemi de l’Amt pe fâ da propaganda», gh’à respòsto o Pietro Piciocchi.",Pietro,PROPN,NOUN
"«A l’addeuvia i problemi de l’Amt pe fâ da propaganda», gh’à respòsto o Pietro Piciocchi.",Piciocchi,PROPN,NOUN
"«A l’addeuvia i problemi de l’Amt pe fâ da propaganda», gh’à respòsto o Pietro Piciocchi.",.,PUNCT,PUNCT
"Intanto a Procua a l’à inscrito i primmi indagæ pe fäso inti conti e bancarotta de sfrouxo, graçie anche a-a relaçion presentâ da-o Commun co-a scituaçion finançiäia de l’açienda.",Intanto,NOUN,NOUN
"Intanto a Procua a l’à inscrito i primmi indagæ pe fäso inti conti e bancarotta de sfrouxo, graçie anche a-a relaçion presentâ da-o Commun co-a scituaçion finançiäia de l’açienda.",a,DET,PRON
"Intanto a Procua a l’à inscrito i primmi indagæ pe fäso inti conti e bancarotta de sfrouxo, graçie anche a-a relaçion presentâ da-o Commun co-a scituaçion finançiäia de l’açienda.",Procua,NOUN,NOUN
"Intanto a Procua a l’à inscrito i primmi indagæ pe fäso inti conti e bancarotta de sfrouxo, graçie anche a-a relaçion presentâ da-o Commun co-a scituaçion finançiäia de l’açienda.",a,ADP,FUNC
"Intanto a Procua a l’à inscrito i primmi indagæ pe fäso inti conti e bancarotta de sfrouxo, graçie anche a-a relaçion presentâ da-o Commun co-a scituaçion finançiäia de l’açienda.",l’à,NOUN,NOUN
"Intanto a Procua a l’à inscrito i primmi indagæ pe fäso inti conti e bancarotta de sfrouxo, graçie anche a-a relaçion presentâ da-o Commun co-a scituaçion finançiäia de l’açienda.",inscrito,ADJ,ADJ
"Intanto a Procua a l’à inscrito i primmi indagæ pe fäso inti conti e bancarotta de sfrouxo, graçie anche a-a relaçion presentâ da-o Commun co-a scituaçion finançiäia de l’açienda.",i,PROPN,NOUN
"Intanto a Procua a l’à inscrito i primmi indagæ pe fäso inti conti e bancarotta de sfrouxo, graçie anche a-a relaçion presentâ da-o Commun co-a scituaçion finançiäia de l’açienda.",primmi,NOUN,NOUN
"Intanto a Procua a l’à inscrito i primmi indagæ pe fäso inti conti e bancarotta de sfrouxo, graçie anche a-a relaçion presentâ da-o Commun co-a scituaçion finançiäia de l’açienda.",indagæ,ADJ,ADJ
"Intanto a Procua a l’à inscrito i primmi indagæ pe fäso inti conti e bancarotta de sfrouxo, graçie anche a-a relaçion presentâ da-o Commun co-a scituaçion finançiäia de l’açienda.",pe,ADP,FUNC
"Intanto a Procua a l’à inscrito i primmi indagæ pe fäso inti conti e bancarotta de sfrouxo, graçie anche a-a relaçion presentâ da-o Commun co-a scituaçion finançiäia de l’açienda.",fäso,PROPN,NOUN
"Intanto a Procua a l’à inscrito i primmi indagæ pe fäso inti conti e bancarotta de sfrouxo, graçie anche a-a relaçion presentâ da-o Commun co-a scituaçion finançiäia de l’açienda.",inti,VERB,VERB
"Intanto a Procua a l’à inscrito i primmi indagæ pe fäso inti conti e bancarotta de sfrouxo, graçie anche a-a relaçion presentâ da-o Commun co-a scituaçion finançiäia de l’açienda.",conti,PROPN,NOUN
"Intanto a Procua a l’à inscrito i primmi indagæ pe fäso inti conti e bancarotta de sfrouxo, graçie anche a-a relaçion presentâ da-o Commun co-a scituaçion finançiäia de l’açienda.",e,CCONJ,FUNC
"Intanto a Procua a l’à inscrito i primmi indagæ pe fäso inti conti e bancarotta de sfrouxo, graçie anche a-a relaçion presentâ da-o Commun co-a scituaçion finançiäia de l’açienda.",bancarotta,NOUN,NOUN
"Intanto a Procua a l’à inscrito i primmi indagæ pe fäso inti conti e bancarotta de sfrouxo, graçie anche a-a relaçion presentâ da-o Commun co-a scituaçion finançiäia de l’açienda.",de,ADP,FUNC
"Intanto a Procua a l’à inscrito i primmi indagæ pe fäso inti conti e bancarotta de sfrouxo, graçie anche a-a relaçion presentâ da-o Commun co-a scituaçion finançiäia de l’açienda.",sfrouxo,NOUN,NOUN
"Intanto a Procua a l’à inscrito i primmi indagæ pe fäso inti conti e bancarotta de sfrouxo, graçie anche a-a relaçion presentâ da-o Commun co-a scituaçion finançiäia de l’açienda.",",",PUNCT,PUNCT
"Intanto a Procua a l’à inscrito i primmi indagæ pe fäso inti conti e bancarotta de sfrouxo, graçie anche a-a relaçion presentâ da-o Commun co-a scituaçion finançiäia de l’açienda.",graçie,PROPN,NOUN
"Intanto a Procua a l’à inscrito i primmi indagæ pe fäso inti conti e bancarotta de sfrouxo, graçie anche a-a relaçion presentâ da-o Commun co-a scituaçion finançiäia de l’açienda.",anche,VERB,VERB
"Intanto a Procua a l’à inscrito i primmi indagæ pe fäso inti conti e bancarotta de sfrouxo, graçie anche a-a relaçion presentâ da-o Commun co-a scituaçion finançiäia de l’açienda.",a-a,VERB,VERB
"Intanto a Procua a l’à inscrito i primmi indagæ pe fäso inti conti e bancarotta de sfrouxo, graçie anche a-a relaçion presentâ da-o Commun co-a scituaçion finançiäia de l’açienda.",relaçion,NOUN,NOUN
"Intanto a Procua a l’à inscrito i primmi indagæ pe fäso inti conti e bancarotta de sfrouxo, graçie anche a-a relaçion presentâ da-o Commun co-a scituaçion finançiäia de l’açienda.",presentâ,ADJ,ADJ
"Intanto a Procua a l’à inscrito i primmi indagæ pe fäso inti conti e bancarotta de sfrouxo, graçie anche a-a relaçion presentâ da-o Commun co-a scituaçion finançiäia de l’açienda.",da-o,PROPN,NOUN
"Intanto a Procua a l’à inscrito i primmi indagæ pe fäso inti conti e bancarotta de sfrouxo, graçie anche a-a relaçion presentâ da-o Commun co-a scituaçion finançiäia de l’açienda.",Commun,PROPN,NOUN
"Intanto a Procua a l’à inscrito i primmi indagæ pe fäso inti conti e bancarotta de sfrouxo, graçie anche a-a relaçion presentâ da-o Commun co-a scituaçion finançiäia de l’açienda.",co-a,ADV,ADV
"Intanto a Procua a l’à inscrito i primmi indagæ pe fäso inti conti e bancarotta de sfrouxo, graçie anche a-a relaçion presentâ da-o Commun co-a scituaçion finançiäia de l’açienda.",scituaçion,PROPN,NOUN
"Intanto a Procua a l’à inscrito i primmi indagæ pe fäso inti conti e bancarotta de sfrouxo, graçie anche a-a relaçion presentâ da-o Commun co-a scituaçion finançiäia de l’açienda.",finançiäia,VERB,VERB
"Intanto a Procua a l’à inscrito i primmi indagæ pe fäso inti conti e bancarotta de sfrouxo, graçie anche a-a relaçion presentâ da-o Commun co-a scituaçion finançiäia de l’açienda.",de,ADP,FUNC
"Intanto a Procua a l’à inscrito i primmi indagæ pe fäso inti conti e bancarotta de sfrouxo, graçie anche a-a relaçion presentâ da-o Commun co-a scituaçion finançiäia de l’açienda.",l’açienda,NOUN,NOUN
"Intanto a Procua a l’à inscrito i primmi indagæ pe fäso inti conti e bancarotta de sfrouxo, graçie anche a-a relaçion presentâ da-o Commun co-a scituaçion finançiäia de l’açienda.",.,PUNCT,PUNCT
"A Procua de Zena a l’à averto unn’investigaçion in sciâ mòrte do Giampiero Antonio Garrido Yanez, mòrto de 30 anni a-i 22 de zenâ tanto ch’o zugava à ballon in sce un campo de Sestri Ponente.",A,DET,PRON
"A Procua de Zena a l’à averto unn’investigaçion in sciâ mòrte do Giampiero Antonio Garrido Yanez, mòrto de 30 anni a-i 22 de zenâ tanto ch’o zugava à ballon in sce un campo de Sestri Ponente.",Procua,PROPN,NOUN
"A Procua de Zena a l’à averto unn’investigaçion in sciâ mòrte do Giampiero Antonio Garrido Yanez, mòrto de 30 anni a-i 22 de zenâ tanto ch’o zugava à ballon in sce un campo de Sestri Ponente.",de,ADP,FUNC
"A Procua de Zena a l’à averto unn’investigaçion in sciâ mòrte do Giampiero Antonio Garrido Yanez, mòrto de 30 anni a-i 22 de zenâ tanto ch’o zugava à ballon in sce un campo de Sestri Ponente.",Zena,PROPN,NOUN
"A Procua de Zena a l’à averto unn’investigaçion in sciâ mòrte do Giampiero Antonio Garrido Yanez, mòrto de 30 anni a-i 22 de zenâ tanto ch’o zugava à ballon in sce un campo de Sestri Ponente.",a,ADP,FUNC
"A Procua de Zena a l’à averto unn’investigaçion in sciâ mòrte do Giampiero Antonio Garrido Yanez, mòrto de 30 anni a-i 22 de zenâ tanto ch’o zugava à ballon in sce un campo de Sestri Ponente.",l’à,NOUN,NOUN
"A Procua de Zena a l’à averto unn’investigaçion in sciâ mòrte do Giampiero Antonio Garrido Yanez, mòrto de 30 anni a-i 22 de zenâ tanto ch’o zugava à ballon in sce un campo de Sestri Ponente.",averto,ADJ,ADJ
"A Procua de Zena a l’à averto unn’investigaçion in sciâ mòrte do Giampiero Antonio Garrido Yanez, mòrto de 30 anni a-i 22 de zenâ tanto ch’o zugava à ballon in sce un campo de Sestri Ponente.",unn’investigaçion,PROPN,NOUN
"A Procua de Zena a l’à averto unn’investigaçion in sciâ mòrte do Giampiero Antonio Garrido Yanez, mòrto de 30 anni a-i 22 de zenâ tanto ch’o zugava à ballon in sce un campo de Sestri Ponente.",in,PROPN,NOUN
"A Procua de Zena a l’à averto unn’investigaçion in sciâ mòrte do Giampiero Antonio Garrido Yanez, mòrto de 30 anni a-i 22 de zenâ tanto ch’o zugava à ballon in sce un campo de Sestri Ponente.",sciâ,ADJ,ADJ
"A Procua de Zena a l’à averto unn’investigaçion in sciâ mòrte do Giampiero Antonio Garrido Yanez, mòrto de 30 anni a-i 22 de zenâ tanto ch’o zugava à ballon in sce un campo de Sestri Ponente.",mòrte,ADJ,ADJ
"A Procua de Zena a l’à averto unn’investigaçion in sciâ mòrte do Giampiero Antonio Garrido Yanez, mòrto de 30 anni a-i 22 de zenâ tanto ch’o zugava à ballon in sce un campo de Sestri Ponente.",do,ADP,FUNC
"A Procua de Zena a l’à averto unn’investigaçion in sciâ mòrte do Giampiero Antonio Garrido Yanez, mòrto de 30 anni a-i 22 de zenâ tanto ch’o zugava à ballon in sce un campo de Sestri Ponente.",Giampiero,PROPN,NOUN
"A Procua de Zena a l’à averto unn’investigaçion in sciâ mòrte do Giampiero Antonio Garrido Yanez, mòrto de 30 anni a-i 22 de zenâ tanto ch’o zugava à ballon in sce un campo de Sestri Ponente.",Antonio,PROPN,NOUN
"A Procua de Zena a l’à averto unn’investigaçion in sciâ mòrte do Giampiero Antonio Garrido Yanez, mòrto de 30 anni a-i 22 de zenâ tanto ch’o zugava à ballon in sce un campo de Sestri Ponente.",Garrido,PROPN,NOUN
"A Procua de Zena a l’à averto unn’investigaçion in sciâ mòrte do Giampiero Antonio Garrido Yanez, mòrto de 30 anni a-i 22 de zenâ tanto ch’o zugava à ballon in sce un campo de Sestri Ponente.",Yanez,PROPN,NOUN
"A Procua de Zena a l’à averto unn’investigaçion in sciâ mòrte do Giampiero Antonio Garrido Yanez, mòrto de 30 anni a-i 22 de zenâ tanto ch’o zugava à ballon in sce un campo de Sestri Ponente.",",",PUNCT,PUNCT
"A Procua de Zena a l’à averto unn’investigaçion in sciâ mòrte do Giampiero Antonio Garrido Yanez, mòrto de 30 anni a-i 22 de zenâ tanto ch’o zugava à ballon in sce un campo de Sestri Ponente.",mòrto,NOUN,NOUN
"A Procua de Zena a l’à averto unn’investigaçion in sciâ mòrte do Giampiero Antonio Garrido Yanez, mòrto de 30 anni a-i 22 de zenâ tanto ch’o zugava à ballon in sce un campo de Sestri Ponente.",de,ADP,FUNC
"A Procua de Zena a l’à averto unn’investigaçion in sciâ mòrte do Giampiero Antonio Garrido Yanez, mòrto de 30 anni a-i 22 de zenâ tanto ch’o zugava à ballon in sce un campo de Sestri Ponente.",30,NUM,ADJ
"A Procua de Zena a l’à averto unn’investigaçion in sciâ mòrte do Giampiero Antonio Garrido Yanez, mòrto de 30 anni a-i 22 de zenâ tanto ch’o zugava à ballon in sce un campo de Sestri Ponente.",anni,VERB,VERB
"A Procua de Zena a l’à averto unn’investigaçion in sciâ mòrte do Giampiero Antonio Garrido Yanez, mòrto de 30 anni a-i 22 de zenâ tanto ch’o zugava à ballon in sce un campo de Sestri Ponente.",a-i,VERB,VERB
"A Procua de Zena a l’à averto unn’investigaçion in sciâ mòrte do Giampiero Antonio Garrido Yanez, mòrto de 30 anni a-i 22 de zenâ tanto ch’o zugava à ballon in sce un campo de Sestri Ponente.",22,NUM,ADJ
"A Procua de Zena a l’à averto unn’investigaçion in sciâ mòrte do Giampiero Antonio Garrido Yanez, mòrto de 30 anni a-i 22 de zenâ tanto ch’o zugava à ballon in sce un campo de Sestri Ponente.",de,ADP,FUNC
"A Procua de Zena a l’à averto unn’investigaçion in sciâ mòrte do Giampiero Antonio Garrido Yanez, mòrto de 30 anni a-i 22 de zenâ tanto ch’o zugava à ballon in sce un campo de Sestri Ponente.",zenâ,VERB,VERB
"A Procua de Zena a l’à averto unn’investigaçion in sciâ mòrte do Giampiero Antonio Garrido Yanez, mòrto de 30 anni a-i 22 de zenâ tanto ch’o zugava à ballon in sce un campo de Sestri Ponente.",tanto,ADV,ADV
"A Procua de Zena a l’à averto unn’investigaçion in sciâ mòrte do Giampiero Antonio Garrido Yanez, mòrto de 30 anni a-i 22 de zenâ tanto ch’o zugava à ballon in sce un campo de Sestri Ponente.",ch’o,NOUN,NOUN
"A Procua de Zena a l’à averto unn’investigaçion in sciâ mòrte do Giampiero Antonio Garrido Yanez, mòrto de 30 anni a-i 22 de zenâ tanto ch’o zugava à ballon in sce un campo de Sestri Ponente.",zugava,VERB,VERB
"A Procua de Zena a l’à averto unn’investigaçion in sciâ mòrte do Giampiero Antonio Garrido Yanez, mòrto de 30 anni a-i 22 de zenâ tanto ch’o zugava à ballon in sce un campo de Sestri Ponente.",à,ADP,FUNC
"A Procua de Zena a l’à averto unn’investigaçion in sciâ mòrte do Giampiero Antonio Garrido Yanez, mòrto de 30 anni a-i 22 de zenâ tanto ch’o zugava à ballon in sce un campo de Sestri Ponente.",ballon,NOUN,NOUN
"A Procua de Zena a l’à averto unn’investigaçion in sciâ mòrte do Giampiero Antonio Garrido Yanez, mòrto de 30 anni a-i 22 de zenâ tanto ch’o zugava à ballon in sce un campo de Sestri Ponente.",in,PROPN,NOUN
"A Procua de Zena a l’à averto unn’investigaçion in sciâ mòrte do Giampiero Antonio Garrido Yanez, mòrto de 30 anni a-i 22 de zenâ tanto ch’o zugava à ballon in sce un campo de Sestri Ponente.",sce,VERB,VERB
"A Procua de Zena a l’à averto unn’investigaçion in sciâ mòrte do Giampiero Antonio Garrido Yanez, mòrto de 30 anni a-i 22 de zenâ tanto ch’o zugava à ballon in sce un campo de Sestri Ponente.",un,PROPN,NOUN
"A Procua de Zena a l’à averto unn’investigaçion in sciâ mòrte do Giampiero Antonio Garrido Yanez, mòrto de 30 anni a-i 22 de zenâ tanto ch’o zugava à ballon in sce un campo de Sestri Ponente.",campo,PROPN,NOUN
"A Procua de Zena a l’à averto unn’investigaçion in sciâ mòrte do Giampiero Antonio Garrido Yanez, mòrto de 30 anni a-i 22 de zenâ tanto ch’o zugava à ballon in sce un campo de Sestri Ponente.",de,ADP,FUNC
"A Procua de Zena a l’à averto unn’investigaçion in sciâ mòrte do Giampiero Antonio Garrido Yanez, mòrto de 30 anni a-i 22 de zenâ tanto ch’o zugava à ballon in sce un campo de Sestri Ponente.",Sestri,PROPN,NOUN
"A Procua de Zena a l’à averto unn’investigaçion in sciâ mòrte do Giampiero Antonio Garrido Yanez, mòrto de 30 anni a-i 22 de zenâ tanto ch’o zugava à ballon in sce un campo de Sestri Ponente.",Ponente,PROPN,NOUN
"A Procua de Zena a l’à averto unn’investigaçion in sciâ mòrte do Giampiero Antonio Garrido Yanez, mòrto de 30 anni a-i 22 de zenâ tanto ch’o zugava à ballon in sce un campo de Sestri Ponente.",.,PUNCT,PUNCT
"Tutt’assemme o s’é arreversou in tæra, i meghi an çercou de sarvâlo ma no gh’é stæto ninte da fâ.",Tutt’assemme,PROPN,NOUN
"Tutt’assemme o s’é arreversou in tæra, i meghi an çercou de sarvâlo ma no gh’é stæto ninte da fâ.",o,DET,PRON
"Tutt’assemme o s’é arreversou in tæra, i meghi an çercou de sarvâlo ma no gh’é stæto ninte da fâ.",s’é,NOUN,NOUN
"Tutt’assemme o s’é arreversou in tæra, i meghi an çercou de sarvâlo ma no gh’é stæto ninte da fâ.",arreversou,VERB,VERB
"Tutt’assemme o s’é arreversou in tæra, i meghi an çercou de sarvâlo ma no gh’é stæto ninte da fâ.",in,PROPN,NOUN
"Tutt’assemme o s’é arreversou in tæra, i meghi an çercou de sarvâlo ma no gh’é stæto ninte da fâ.",tæra,VERB,VERB
"Tutt’assemme o s’é arreversou in tæra, i meghi an çercou de sarvâlo ma no gh’é stæto ninte da fâ.",",",PUNCT,PUNCT
"Tutt’assemme o s’é arreversou in tæra, i meghi an çercou de sarvâlo ma no gh’é stæto ninte da fâ.",i,CCONJ,FUNC
"Tutt’assemme o s’é arreversou in tæra, i meghi an çercou de sarvâlo ma no gh’é stæto ninte da fâ.",meghi,VERB,VERB
"Tutt’assemme o s’é arreversou in tæra, i meghi an çercou de sarvâlo ma no gh’é stæto ninte da fâ.",an,PROPN,NOUN
"Tutt’assemme o s’é arreversou in tæra, i meghi an çercou de sarvâlo ma no gh’é stæto ninte da fâ.",çercou,VERB,VERB
"Tutt’assemme o s’é arreversou in tæra, i meghi an çercou de sarvâlo ma no gh’é stæto ninte da fâ.",de,ADP,FUNC
"Tutt’assemme o s’é arreversou in tæra, i meghi an çercou de sarvâlo ma no gh’é stæto ninte da fâ.",sarvâlo,NOUN,NOUN
"Tutt’assemme o s’é arreversou in tæra, i meghi an çercou de sarvâlo ma no gh’é stæto ninte da fâ.",ma,NOUN,NOUN
"Tutt’assemme o s’é arreversou in tæra, i meghi an çercou de sarvâlo ma no gh’é stæto ninte da fâ.",no,ADP,FUNC
"Tutt’assemme o s’é arreversou in tæra, i meghi an çercou de sarvâlo ma no gh’é stæto ninte da fâ.",gh’é,PROPN,NOUN
"Tutt’assemme o s’é arreversou in tæra, i meghi an çercou de sarvâlo ma no gh’é stæto ninte da fâ.",stæto,VERB,VERB
"Tutt’assemme o s’é arreversou in tæra, i meghi an çercou de sarvâlo ma no gh’é stæto ninte da fâ.",ninte,ADJ,ADJ
"Tutt’assemme o s’é arreversou in tæra, i meghi an çercou de sarvâlo ma no gh’é stæto ninte da fâ.",da,ADP,FUNC
"Tutt’assemme o s’é arreversou in tæra, i meghi an çercou de sarvâlo ma no gh’é stæto ninte da fâ.",fâ,PROPN,NOUN
"Tutt’assemme o s’é arreversou in tæra, i meghi an çercou de sarvâlo ma no gh’é stæto ninte da fâ.",.,PUNCT,PUNCT
O pm Giuseppe Longo o l’à commandou l’autopscia.,O,DET,PRON
O pm Giuseppe Longo o l’à commandou l’autopscia.,pm,PROPN,NOUN
O pm Giuseppe Longo o l’à commandou l’autopscia.,Giuseppe,PROPN,NOUN
O pm Giuseppe Longo o l’à commandou l’autopscia.,Longo,PROPN,NOUN
O pm Giuseppe Longo o l’à commandou l’autopscia.,o,DET,PRON
O pm Giuseppe Longo o l’à commandou l’autopscia.,l’à,NOUN,NOUN
O pm Giuseppe Longo o l’à commandou l’autopscia.,commandou,VERB,VERB
O pm Giuseppe Longo o l’à commandou l’autopscia.,l’autopscia,NOUN,NOUN
O pm Giuseppe Longo o l’à commandou l’autopscia.,.,PUNCT,PUNCT
"O Garrido o gh’aiva a tessia do Recreativo, in segonda categoria, ma o zugava ascì inte unna squaddra inscrita à un torneo Aics, Sotto il Pontos Fc.",O,DET,PRON
"O Garrido o gh’aiva a tessia do Recreativo, in segonda categoria, ma o zugava ascì inte unna squaddra inscrita à un torneo Aics, Sotto il Pontos Fc.",Garrido,PROPN,NOUN
"O Garrido o gh’aiva a tessia do Recreativo, in segonda categoria, ma o zugava ascì inte unna squaddra inscrita à un torneo Aics, Sotto il Pontos Fc.",o,DET,PRON
"O Garrido o gh’aiva a tessia do Recreativo, in segonda categoria, ma o zugava ascì inte unna squaddra inscrita à un torneo Aics, Sotto il Pontos Fc.",gh’aiva,VERB,VERB
"O Garrido o gh’aiva a tessia do Recreativo, in segonda categoria, ma o zugava ascì inte unna squaddra inscrita à un torneo Aics, Sotto il Pontos Fc.",a,DET,PRON
"O Garrido o gh’aiva a tessia do Recreativo, in segonda categoria, ma o zugava ascì inte unna squaddra inscrita à un torneo Aics, Sotto il Pontos Fc.",tessia,NOUN,NOUN
"O Garrido o gh’aiva a tessia do Recreativo, in segonda categoria, ma o zugava ascì inte unna squaddra inscrita à un torneo Aics, Sotto il Pontos Fc.",do,ADP,FUNC
"O Garrido o gh’aiva a tessia do Recreativo, in segonda categoria, ma o zugava ascì inte unna squaddra inscrita à un torneo Aics, Sotto il Pontos Fc.",Recreativo,PROPN,NOUN
"O Garrido o gh’aiva a tessia do Recreativo, in segonda categoria, ma o zugava ascì inte unna squaddra inscrita à un torneo Aics, Sotto il Pontos Fc.",",",PUNCT,PUNCT
"O Garrido o gh’aiva a tessia do Recreativo, in segonda categoria, ma o zugava ascì inte unna squaddra inscrita à un torneo Aics, Sotto il Pontos Fc.",in,X,OTHER
"O Garrido o gh’aiva a tessia do Recreativo, in segonda categoria, ma o zugava ascì inte unna squaddra inscrita à un torneo Aics, Sotto il Pontos Fc.",segonda,PROPN,NOUN
"O Garrido o gh’aiva a tessia do Recreativo, in segonda categoria, ma o zugava ascì inte unna squaddra inscrita à un torneo Aics, Sotto il Pontos Fc.",categoria,ADJ,ADJ
"O Garrido o gh’aiva a tessia do Recreativo, in segonda categoria, ma o zugava ascì inte unna squaddra inscrita à un torneo Aics, Sotto il Pontos Fc.",",",PUNCT,PUNCT
"O Garrido o gh’aiva a tessia do Recreativo, in segonda categoria, ma o zugava ascì inte unna squaddra inscrita à un torneo Aics, Sotto il Pontos Fc.",ma,SCONJ,FUNC
"O Garrido o gh’aiva a tessia do Recreativo, in segonda categoria, ma o zugava ascì inte unna squaddra inscrita à un torneo Aics, Sotto il Pontos Fc.",o,PRON,PRON
"O Garrido o gh’aiva a tessia do Recreativo, in segonda categoria, ma o zugava ascì inte unna squaddra inscrita à un torneo Aics, Sotto il Pontos Fc.",zugava,VERB,VERB
"O Garrido o gh’aiva a tessia do Recreativo, in segonda categoria, ma o zugava ascì inte unna squaddra inscrita à un torneo Aics, Sotto il Pontos Fc.",ascì,NOUN,NOUN
"O Garrido o gh’aiva a tessia do Recreativo, in segonda categoria, ma o zugava ascì inte unna squaddra inscrita à un torneo Aics, Sotto il Pontos Fc.",inte,ADJ,ADJ
"O Garrido o gh’aiva a tessia do Recreativo, in segonda categoria, ma o zugava ascì inte unna squaddra inscrita à un torneo Aics, Sotto il Pontos Fc.",unna,PROPN,NOUN
"O Garrido o gh’aiva a tessia do Recreativo, in segonda categoria, ma o zugava ascì inte unna squaddra inscrita à un torneo Aics, Sotto il Pontos Fc.",squaddra,ADJ,ADJ
"O Garrido o gh’aiva a tessia do Recreativo, in segonda categoria, ma o zugava ascì inte unna squaddra inscrita à un torneo Aics, Sotto il Pontos Fc.",inscrita,VERB,VERB
"O Garrido o gh’aiva a tessia do Recreativo, in segonda categoria, ma o zugava ascì inte unna squaddra inscrita à un torneo Aics, Sotto il Pontos Fc.",à,ADP,FUNC
"O Garrido o gh’aiva a tessia do Recreativo, in segonda categoria, ma o zugava ascì inte unna squaddra inscrita à un torneo Aics, Sotto il Pontos Fc.",un,PROPN,NOUN
"O Garrido o gh’aiva a tessia do Recreativo, in segonda categoria, ma o zugava ascì inte unna squaddra inscrita à un torneo Aics, Sotto il Pontos Fc.",torneo,PROPN,NOUN
"O Garrido o gh’aiva a tessia do Recreativo, in segonda categoria, ma o zugava ascì inte unna squaddra inscrita à un torneo Aics, Sotto il Pontos Fc.",Aics,PROPN,NOUN
"O Garrido o gh’aiva a tessia do Recreativo, in segonda categoria, ma o zugava ascì inte unna squaddra inscrita à un torneo Aics, Sotto il Pontos Fc.",",",PUNCT,PUNCT
"O Garrido o gh’aiva a tessia do Recreativo, in segonda categoria, ma o zugava ascì inte unna squaddra inscrita à un torneo Aics, Sotto il Pontos Fc.",Sotto,PROPN,NOUN
"O Garrido o gh’aiva a tessia do Recreativo, in segonda categoria, ma o zugava ascì inte unna squaddra inscrita à un torneo Aics, Sotto il Pontos Fc.",il,PROPN,NOUN
"O Garrido o gh’aiva a tessia do Recreativo, in segonda categoria, ma o zugava ascì inte unna squaddra inscrita à un torneo Aics, Sotto il Pontos Fc.",Pontos,PROPN,NOUN
"O Garrido o gh’aiva a tessia do Recreativo, in segonda categoria, ma o zugava ascì inte unna squaddra inscrita à un torneo Aics, Sotto il Pontos Fc.",Fc,PROPN,NOUN
"O Garrido o gh’aiva a tessia do Recreativo, in segonda categoria, ma o zugava ascì inte unna squaddra inscrita à un torneo Aics, Sotto il Pontos Fc.",.,PUNCT,PUNCT
O seu mego o gh’aiva conseggiou de no fâ de l’attivitæ sportiva pe di problemi de sanitæ.,O,DET,PRON
O seu mego o gh’aiva conseggiou de no fâ de l’attivitæ sportiva pe di problemi de sanitæ.,seu,DET,PRON
O seu mego o gh’aiva conseggiou de no fâ de l’attivitæ sportiva pe di problemi de sanitæ.,mego,NOUN,NOUN
O seu mego o gh’aiva conseggiou de no fâ de l’attivitæ sportiva pe di problemi de sanitæ.,o,DET,PRON
O seu mego o gh’aiva conseggiou de no fâ de l’attivitæ sportiva pe di problemi de sanitæ.,gh’aiva,PROPN,NOUN
O seu mego o gh’aiva conseggiou de no fâ de l’attivitæ sportiva pe di problemi de sanitæ.,conseggiou,VERB,VERB
O seu mego o gh’aiva conseggiou de no fâ de l’attivitæ sportiva pe di problemi de sanitæ.,de,SCONJ,FUNC
O seu mego o gh’aiva conseggiou de no fâ de l’attivitæ sportiva pe di problemi de sanitæ.,no,ADP,FUNC
O seu mego o gh’aiva conseggiou de no fâ de l’attivitæ sportiva pe di problemi de sanitæ.,fâ,NOUN,NOUN
O seu mego o gh’aiva conseggiou de no fâ de l’attivitæ sportiva pe di problemi de sanitæ.,de,ADP,FUNC
O seu mego o gh’aiva conseggiou de no fâ de l’attivitæ sportiva pe di problemi de sanitæ.,l’attivitæ,PROPN,NOUN
O seu mego o gh’aiva conseggiou de no fâ de l’attivitæ sportiva pe di problemi de sanitæ.,sportiva,ADJ,ADJ
O seu mego o gh’aiva conseggiou de no fâ de l’attivitæ sportiva pe di problemi de sanitæ.,pe,ADP,FUNC
O seu mego o gh’aiva conseggiou de no fâ de l’attivitæ sportiva pe di problemi de sanitæ.,di,PROPN,NOUN
O seu mego o gh’aiva conseggiou de no fâ de l’attivitæ sportiva pe di problemi de sanitæ.,problemi,PROPN,NOUN
O seu mego o gh’aiva conseggiou de no fâ de l’attivitæ sportiva pe di problemi de sanitæ.,de,ADP,FUNC
O seu mego o gh’aiva conseggiou de no fâ de l’attivitæ sportiva pe di problemi de sanitæ.,sanitæ,NOUN,NOUN
O seu mego o gh’aiva conseggiou de no fâ de l’attivitæ sportiva pe di problemi de sanitæ.,.,PUNCT,PUNCT
A Procua a veu capî se gh’ea stæto i açertamenti obrigatöi pe parteçipâ.,A,DET,PRON
A Procua a veu capî se gh’ea stæto i açertamenti obrigatöi pe parteçipâ.,Procua,PROPN,NOUN
A Procua a veu capî se gh’ea stæto i açertamenti obrigatöi pe parteçipâ.,a,SCONJ,FUNC
A Procua a veu capî se gh’ea stæto i açertamenti obrigatöi pe parteçipâ.,veu,PROPN,NOUN
A Procua a veu capî se gh’ea stæto i açertamenti obrigatöi pe parteçipâ.,capî,PROPN,NOUN
A Procua a veu capî se gh’ea stæto i açertamenti obrigatöi pe parteçipâ.,se,SCONJ,FUNC
A Procua a veu capî se gh’ea stæto i açertamenti obrigatöi pe parteçipâ.,gh’ea,PROPN,NOUN
A Procua a veu capî se gh’ea stæto i açertamenti obrigatöi pe parteçipâ.,stæto,VERB,VERB
A Procua a veu capî se gh’ea stæto i açertamenti obrigatöi pe parteçipâ.,i,PROPN,NOUN
A Procua a veu capî se gh’ea stæto i açertamenti obrigatöi pe parteçipâ.,açertamenti,VERB,VERB
A Procua a veu capî se gh’ea stæto i açertamenti obrigatöi pe parteçipâ.,obrigatöi,NOUN,NOUN
A Procua a veu capî se gh’ea stæto i açertamenti obrigatöi pe parteçipâ.,pe,ADP,FUNC
A Procua a veu capî se gh’ea stæto i açertamenti obrigatöi pe parteçipâ.,parteçipâ,NOUN,NOUN
A Procua a veu capî se gh’ea stæto i açertamenti obrigatöi pe parteçipâ.,.,PUNCT,PUNCT
"Stradde deruæ, case e buteghe piñe d’ægua, ciazze portæ via.",Stradde,VERB,VERB
"Stradde deruæ, case e buteghe piñe d’ægua, ciazze portæ via.",deruæ,NOUN,NOUN
"Stradde deruæ, case e buteghe piñe d’ægua, ciazze portæ via.",",",PUNCT,PUNCT
"Stradde deruæ, case e buteghe piñe d’ægua, ciazze portæ via.",case,ADV,ADV
"Stradde deruæ, case e buteghe piñe d’ægua, ciazze portæ via.",e,CCONJ,FUNC
"Stradde deruæ, case e buteghe piñe d’ægua, ciazze portæ via.",buteghe,PROPN,NOUN
"Stradde deruæ, case e buteghe piñe d’ægua, ciazze portæ via.",piñe,PROPN,NOUN
"Stradde deruæ, case e buteghe piñe d’ægua, ciazze portæ via.",d’ægua,PUNCT,PUNCT
"Stradde deruæ, case e buteghe piñe d’ægua, ciazze portæ via.",",",PUNCT,PUNCT
"Stradde deruæ, case e buteghe piñe d’ægua, ciazze portæ via.",ciazze,VERB,VERB
"Stradde deruæ, case e buteghe piñe d’ægua, ciazze portæ via.",portæ,NOUN,NOUN
"Stradde deruæ, case e buteghe piñe d’ægua, ciazze portæ via.",via,VERB,VERB
"Stradde deruæ, case e buteghe piñe d’ægua, ciazze portæ via.",.,PUNCT,PUNCT
"Son i guasti caxonæ da-o çiclon Harry into Sud Italia, sorviatutto Siçilia e Calabria, ma anche a Sardegna, corpie da di mouxi erti fin à 16 metri e passa, mai registræ into passou inte tutto o Mediterraneo.",Son,PROPN,NOUN
"Son i guasti caxonæ da-o çiclon Harry into Sud Italia, sorviatutto Siçilia e Calabria, ma anche a Sardegna, corpie da di mouxi erti fin à 16 metri e passa, mai registræ into passou inte tutto o Mediterraneo.",i,PROPN,NOUN
"Son i guasti caxonæ da-o çiclon Harry into Sud Italia, sorviatutto Siçilia e Calabria, ma anche a Sardegna, corpie da di mouxi erti fin à 16 metri e passa, mai registræ into passou inte tutto o Mediterraneo.",guasti,PROPN,NOUN
"Son i guasti caxonæ da-o çiclon Harry into Sud Italia, sorviatutto Siçilia e Calabria, ma anche a Sardegna, corpie da di mouxi erti fin à 16 metri e passa, mai registræ into passou inte tutto o Mediterraneo.",caxonæ,PROPN,NOUN
"Son i guasti caxonæ da-o çiclon Harry into Sud Italia, sorviatutto Siçilia e Calabria, ma anche a Sardegna, corpie da di mouxi erti fin à 16 metri e passa, mai registræ into passou inte tutto o Mediterraneo.",da-o,PROPN,NOUN
"Son i guasti caxonæ da-o çiclon Harry into Sud Italia, sorviatutto Siçilia e Calabria, ma anche a Sardegna, corpie da di mouxi erti fin à 16 metri e passa, mai registræ into passou inte tutto o Mediterraneo.",çiclon,ADJ,ADJ
"Son i guasti caxonæ da-o çiclon Harry into Sud Italia, sorviatutto Siçilia e Calabria, ma anche a Sardegna, corpie da di mouxi erti fin à 16 metri e passa, mai registræ into passou inte tutto o Mediterraneo.",Harry,PROPN,NOUN
"Son i guasti caxonæ da-o çiclon Harry into Sud Italia, sorviatutto Siçilia e Calabria, ma anche a Sardegna, corpie da di mouxi erti fin à 16 metri e passa, mai registræ into passou inte tutto o Mediterraneo.",into,PROPN,NOUN
"Son i guasti caxonæ da-o çiclon Harry into Sud Italia, sorviatutto Siçilia e Calabria, ma anche a Sardegna, corpie da di mouxi erti fin à 16 metri e passa, mai registræ into passou inte tutto o Mediterraneo.",Sud,PROPN,NOUN
"Son i guasti caxonæ da-o çiclon Harry into Sud Italia, sorviatutto Siçilia e Calabria, ma anche a Sardegna, corpie da di mouxi erti fin à 16 metri e passa, mai registræ into passou inte tutto o Mediterraneo.",Italia,PROPN,NOUN
"Son i guasti caxonæ da-o çiclon Harry into Sud Italia, sorviatutto Siçilia e Calabria, ma anche a Sardegna, corpie da di mouxi erti fin à 16 metri e passa, mai registræ into passou inte tutto o Mediterraneo.",",",PUNCT,PUNCT
"Son i guasti caxonæ da-o çiclon Harry into Sud Italia, sorviatutto Siçilia e Calabria, ma anche a Sardegna, corpie da di mouxi erti fin à 16 metri e passa, mai registræ into passou inte tutto o Mediterraneo.",sorviatutto,PROPN,NOUN
"Son i guasti caxonæ da-o çiclon Harry into Sud Italia, sorviatutto Siçilia e Calabria, ma anche a Sardegna, corpie da di mouxi erti fin à 16 metri e passa, mai registræ into passou inte tutto o Mediterraneo.",Siçilia,PROPN,NOUN
"Son i guasti caxonæ da-o çiclon Harry into Sud Italia, sorviatutto Siçilia e Calabria, ma anche a Sardegna, corpie da di mouxi erti fin à 16 metri e passa, mai registræ into passou inte tutto o Mediterraneo.",e,CCONJ,FUNC
"Son i guasti caxonæ da-o çiclon Harry into Sud Italia, sorviatutto Siçilia e Calabria, ma anche a Sardegna, corpie da di mouxi erti fin à 16 metri e passa, mai registræ into passou inte tutto o Mediterraneo.",Calabria,PROPN,NOUN
"Son i guasti caxonæ da-o çiclon Harry into Sud Italia, sorviatutto Siçilia e Calabria, ma anche a Sardegna, corpie da di mouxi erti fin à 16 metri e passa, mai registræ into passou inte tutto o Mediterraneo.",",",PUNCT,PUNCT
"Son i guasti caxonæ da-o çiclon Harry into Sud Italia, sorviatutto Siçilia e Calabria, ma anche a Sardegna, corpie da di mouxi erti fin à 16 metri e passa, mai registræ into passou inte tutto o Mediterraneo.",ma,SCONJ,FUNC
"Son i guasti caxonæ da-o çiclon Harry into Sud Italia, sorviatutto Siçilia e Calabria, ma anche a Sardegna, corpie da di mouxi erti fin à 16 metri e passa, mai registræ into passou inte tutto o Mediterraneo.",anche,VERB,VERB
"Son i guasti caxonæ da-o çiclon Harry into Sud Italia, sorviatutto Siçilia e Calabria, ma anche a Sardegna, corpie da di mouxi erti fin à 16 metri e passa, mai registræ into passou inte tutto o Mediterraneo.",a,DET,PRON
"Son i guasti caxonæ da-o çiclon Harry into Sud Italia, sorviatutto Siçilia e Calabria, ma anche a Sardegna, corpie da di mouxi erti fin à 16 metri e passa, mai registræ into passou inte tutto o Mediterraneo.",Sardegna,PROPN,NOUN
"Son i guasti caxonæ da-o çiclon Harry into Sud Italia, sorviatutto Siçilia e Calabria, ma anche a Sardegna, corpie da di mouxi erti fin à 16 metri e passa, mai registræ into passou inte tutto o Mediterraneo.",",",PUNCT,PUNCT
"Son i guasti caxonæ da-o çiclon Harry into Sud Italia, sorviatutto Siçilia e Calabria, ma anche a Sardegna, corpie da di mouxi erti fin à 16 metri e passa, mai registræ into passou inte tutto o Mediterraneo.",corpie,NOUN,NOUN
"Son i guasti caxonæ da-o çiclon Harry into Sud Italia, sorviatutto Siçilia e Calabria, ma anche a Sardegna, corpie da di mouxi erti fin à 16 metri e passa, mai registræ into passou inte tutto o Mediterraneo.",da,ADP,FUNC
"Son i guasti caxonæ da-o çiclon Harry into Sud Italia, sorviatutto Siçilia e Calabria, ma anche a Sardegna, corpie da di mouxi erti fin à 16 metri e passa, mai registræ into passou inte tutto o Mediterraneo.",di,PROPN,NOUN
"Son i guasti caxonæ da-o çiclon Harry into Sud Italia, sorviatutto Siçilia e Calabria, ma anche a Sardegna, corpie da di mouxi erti fin à 16 metri e passa, mai registræ into passou inte tutto o Mediterraneo.",mouxi,PROPN,NOUN
"Son i guasti caxonæ da-o çiclon Harry into Sud Italia, sorviatutto Siçilia e Calabria, ma anche a Sardegna, corpie da di mouxi erti fin à 16 metri e passa, mai registræ into passou inte tutto o Mediterraneo.",erti,VERB,VERB
"Son i guasti caxonæ da-o çiclon Harry into Sud Italia, sorviatutto Siçilia e Calabria, ma anche a Sardegna, corpie da di mouxi erti fin à 16 metri e passa, mai registræ into passou inte tutto o Mediterraneo.",fin,PROPN,NOUN
"Son i guasti caxonæ da-o çiclon Harry into Sud Italia, sorviatutto Siçilia e Calabria, ma anche a Sardegna, corpie da di mouxi erti fin à 16 metri e passa, mai registræ into passou inte tutto o Mediterraneo.",à,ADP,FUNC
"Son i guasti caxonæ da-o çiclon Harry into Sud Italia, sorviatutto Siçilia e Calabria, ma anche a Sardegna, corpie da di mouxi erti fin à 16 metri e passa, mai registræ into passou inte tutto o Mediterraneo.",16,NUM,ADJ
"Son i guasti caxonæ da-o çiclon Harry into Sud Italia, sorviatutto Siçilia e Calabria, ma anche a Sardegna, corpie da di mouxi erti fin à 16 metri e passa, mai registræ into passou inte tutto o Mediterraneo.",metri,ADJ,ADJ
"Son i guasti caxonæ da-o çiclon Harry into Sud Italia, sorviatutto Siçilia e Calabria, ma anche a Sardegna, corpie da di mouxi erti fin à 16 metri e passa, mai registræ into passou inte tutto o Mediterraneo.",e,CCONJ,FUNC
"Son i guasti caxonæ da-o çiclon Harry into Sud Italia, sorviatutto Siçilia e Calabria, ma anche a Sardegna, corpie da di mouxi erti fin à 16 metri e passa, mai registræ into passou inte tutto o Mediterraneo.",passa,VERB,VERB
"Son i guasti caxonæ da-o çiclon Harry into Sud Italia, sorviatutto Siçilia e Calabria, ma anche a Sardegna, corpie da di mouxi erti fin à 16 metri e passa, mai registræ into passou inte tutto o Mediterraneo.",",",PUNCT,PUNCT
"Son i guasti caxonæ da-o çiclon Harry into Sud Italia, sorviatutto Siçilia e Calabria, ma anche a Sardegna, corpie da di mouxi erti fin à 16 metri e passa, mai registræ into passou inte tutto o Mediterraneo.",mai,PROPN,NOUN
"Son i guasti caxonæ da-o çiclon Harry into Sud Italia, sorviatutto Siçilia e Calabria, ma anche a Sardegna, corpie da di mouxi erti fin à 16 metri e passa, mai registræ into passou inte tutto o Mediterraneo.",registræ,PROPN,NOUN
"Son i guasti caxonæ da-o çiclon Harry into Sud Italia, sorviatutto Siçilia e Calabria, ma anche a Sardegna, corpie da di mouxi erti fin à 16 metri e passa, mai registræ into passou inte tutto o Mediterraneo.",into,PROPN,NOUN
"Son i guasti caxonæ da-o çiclon Harry into Sud Italia, sorviatutto Siçilia e Calabria, ma anche a Sardegna, corpie da di mouxi erti fin à 16 metri e passa, mai registræ into passou inte tutto o Mediterraneo.",passou,VERB,VERB
"Son i guasti caxonæ da-o çiclon Harry into Sud Italia, sorviatutto Siçilia e Calabria, ma anche a Sardegna, corpie da di mouxi erti fin à 16 metri e passa, mai registræ into passou inte tutto o Mediterraneo.",inte,ADJ,ADJ
"Son i guasti caxonæ da-o çiclon Harry into Sud Italia, sorviatutto Siçilia e Calabria, ma anche a Sardegna, corpie da di mouxi erti fin à 16 metri e passa, mai registræ into passou inte tutto o Mediterraneo.",tutto,NOUN,NOUN
"Son i guasti caxonæ da-o çiclon Harry into Sud Italia, sorviatutto Siçilia e Calabria, ma anche a Sardegna, corpie da di mouxi erti fin à 16 metri e passa, mai registræ into passou inte tutto o Mediterraneo.",o,DET,PRON
"Son i guasti caxonæ da-o çiclon Harry into Sud Italia, sorviatutto Siçilia e Calabria, ma anche a Sardegna, corpie da di mouxi erti fin à 16 metri e passa, mai registræ into passou inte tutto o Mediterraneo.",Mediterraneo,PROPN,NOUN
"Son i guasti caxonæ da-o çiclon Harry into Sud Italia, sorviatutto Siçilia e Calabria, ma anche a Sardegna, corpie da di mouxi erti fin à 16 metri e passa, mai registræ into passou inte tutto o Mediterraneo.",.,PUNCT,PUNCT
"Inte provinse de Mesciña e Catania o mâ o l’à destruto ferrovie, mæñe, miage e portixeu.",Inte,ADJ,ADJ
"Inte provinse de Mesciña e Catania o mâ o l’à destruto ferrovie, mæñe, miage e portixeu.",provinse,PROPN,NOUN
"Inte provinse de Mesciña e Catania o mâ o l’à destruto ferrovie, mæñe, miage e portixeu.",de,ADP,FUNC
"Inte provinse de Mesciña e Catania o mâ o l’à destruto ferrovie, mæñe, miage e portixeu.",Mesciña,PROPN,NOUN
"Inte provinse de Mesciña e Catania o mâ o l’à destruto ferrovie, mæñe, miage e portixeu.",e,CCONJ,FUNC
"Inte provinse de Mesciña e Catania o mâ o l’à destruto ferrovie, mæñe, miage e portixeu.",Catania,PROPN,NOUN
"Inte provinse de Mesciña e Catania o mâ o l’à destruto ferrovie, mæñe, miage e portixeu.",o,DET,PRON
"Inte provinse de Mesciña e Catania o mâ o l’à destruto ferrovie, mæñe, miage e portixeu.",mâ,ADP,FUNC
"Inte provinse de Mesciña e Catania o mâ o l’à destruto ferrovie, mæñe, miage e portixeu.",o,DET,PRON
"Inte provinse de Mesciña e Catania o mâ o l’à destruto ferrovie, mæñe, miage e portixeu.",l’à,NOUN,NOUN
"Inte provinse de Mesciña e Catania o mâ o l’à destruto ferrovie, mæñe, miage e portixeu.",destruto,VERB,VERB
"Inte provinse de Mesciña e Catania o mâ o l’à destruto ferrovie, mæñe, miage e portixeu.",ferrovie,ADJ,ADJ
"Inte provinse de Mesciña e Catania o mâ o l’à destruto ferrovie, mæñe, miage e portixeu.",",",PUNCT,PUNCT
"Inte provinse de Mesciña e Catania o mâ o l’à destruto ferrovie, mæñe, miage e portixeu.",mæñe,NOUN,NOUN
"Inte provinse de Mesciña e Catania o mâ o l’à destruto ferrovie, mæñe, miage e portixeu.",",",PUNCT,PUNCT
"Inte provinse de Mesciña e Catania o mâ o l’à destruto ferrovie, mæñe, miage e portixeu.",miage,ADJ,ADJ
"Inte provinse de Mesciña e Catania o mâ o l’à destruto ferrovie, mæñe, miage e portixeu.",e,CCONJ,FUNC
"Inte provinse de Mesciña e Catania o mâ o l’à destruto ferrovie, mæñe, miage e portixeu.",portixeu,ADJ,ADJ
"Inte provinse de Mesciña e Catania o mâ o l’à destruto ferrovie, mæñe, miage e portixeu.",.,PUNCT,PUNCT
Dexeñe de famigge son stæte scorrie d’in cà.,Dexeñe,NOUN,NOUN
Dexeñe de famigge son stæte scorrie d’in cà.,de,ADP,FUNC
Dexeñe de famigge son stæte scorrie d’in cà.,famigge,NOUN,NOUN
Dexeñe de famigge son stæte scorrie d’in cà.,son,PROPN,NOUN
Dexeñe de famigge son stæte scorrie d’in cà.,stæte,NOUN,NOUN
Dexeñe de famigge son stæte scorrie d’in cà.,scorrie,PROPN,NOUN
Dexeñe de famigge son stæte scorrie d’in cà.,d’in,PROPN,NOUN
Dexeñe de famigge son stæte scorrie d’in cà.,cà,ADP,FUNC
Dexeñe de famigge son stæte scorrie d’in cà.,.,PUNCT,PUNCT
"Segondo unna primma stimma do prescidente da Region Renato Schifani i danni van 740 mioin d’euro, e atre çentanæa de mioin se contan in Sardegna, segondo a prescidente Alessandra Todde.",Segondo,VERB,VERB
"Segondo unna primma stimma do prescidente da Region Renato Schifani i danni van 740 mioin d’euro, e atre çentanæa de mioin se contan in Sardegna, segondo a prescidente Alessandra Todde.",unna,VERB,VERB
"Segondo unna primma stimma do prescidente da Region Renato Schifani i danni van 740 mioin d’euro, e atre çentanæa de mioin se contan in Sardegna, segondo a prescidente Alessandra Todde.",primma,ADV,ADV
"Segondo unna primma stimma do prescidente da Region Renato Schifani i danni van 740 mioin d’euro, e atre çentanæa de mioin se contan in Sardegna, segondo a prescidente Alessandra Todde.",stimma,VERB,VERB
"Segondo unna primma stimma do prescidente da Region Renato Schifani i danni van 740 mioin d’euro, e atre çentanæa de mioin se contan in Sardegna, segondo a prescidente Alessandra Todde.",do,ADP,FUNC
"Segondo unna primma stimma do prescidente da Region Renato Schifani i danni van 740 mioin d’euro, e atre çentanæa de mioin se contan in Sardegna, segondo a prescidente Alessandra Todde.",prescidente,NOUN,NOUN
"Segondo unna primma stimma do prescidente da Region Renato Schifani i danni van 740 mioin d’euro, e atre çentanæa de mioin se contan in Sardegna, segondo a prescidente Alessandra Todde.",da,ADP,FUNC
"Segondo unna primma stimma do prescidente da Region Renato Schifani i danni van 740 mioin d’euro, e atre çentanæa de mioin se contan in Sardegna, segondo a prescidente Alessandra Todde.",Region,PROPN,NOUN
"Segondo unna primma stimma do prescidente da Region Renato Schifani i danni van 740 mioin d’euro, e atre çentanæa de mioin se contan in Sardegna, segondo a prescidente Alessandra Todde.",Renato,PROPN,NOUN
"Segondo unna primma stimma do prescidente da Region Renato Schifani i danni van 740 mioin d’euro, e atre çentanæa de mioin se contan in Sardegna, segondo a prescidente Alessandra Todde.",Schifani,PROPN,NOUN
"Segondo unna primma stimma do prescidente da Region Renato Schifani i danni van 740 mioin d’euro, e atre çentanæa de mioin se contan in Sardegna, segondo a prescidente Alessandra Todde.",i,CCONJ,FUNC
"Segondo unna primma stimma do prescidente da Region Renato Schifani i danni van 740 mioin d’euro, e atre çentanæa de mioin se contan in Sardegna, segondo a prescidente Alessandra Todde.",danni,PROPN,NOUN
"Segondo unna primma stimma do prescidente da Region Renato Schifani i danni van 740 mioin d’euro, e atre çentanæa de mioin se contan in Sardegna, segondo a prescidente Alessandra Todde.",van,VERB,VERB
"Segondo unna primma stimma do prescidente da Region Renato Schifani i danni van 740 mioin d’euro, e atre çentanæa de mioin se contan in Sardegna, segondo a prescidente Alessandra Todde.",740,NUM,ADJ
"Segondo unna primma stimma do prescidente da Region Renato Schifani i danni van 740 mioin d’euro, e atre çentanæa de mioin se contan in Sardegna, segondo a prescidente Alessandra Todde.",mioin,PROPN,NOUN
"Segondo unna primma stimma do prescidente da Region Renato Schifani i danni van 740 mioin d’euro, e atre çentanæa de mioin se contan in Sardegna, segondo a prescidente Alessandra Todde.",d’euro,PROPN,NOUN
"Segondo unna primma stimma do prescidente da Region Renato Schifani i danni van 740 mioin d’euro, e atre çentanæa de mioin se contan in Sardegna, segondo a prescidente Alessandra Todde.",",",PUNCT,PUNCT
"Segondo unna primma stimma do prescidente da Region Renato Schifani i danni van 740 mioin d’euro, e atre çentanæa de mioin se contan in Sardegna, segondo a prescidente Alessandra Todde.",e,CCONJ,FUNC
"Segondo unna primma stimma do prescidente da Region Renato Schifani i danni van 740 mioin d’euro, e atre çentanæa de mioin se contan in Sardegna, segondo a prescidente Alessandra Todde.",atre,ADJ,ADJ
"Segondo unna primma stimma do prescidente da Region Renato Schifani i danni van 740 mioin d’euro, e atre çentanæa de mioin se contan in Sardegna, segondo a prescidente Alessandra Todde.",çentanæa,NOUN,NOUN
"Segondo unna primma stimma do prescidente da Region Renato Schifani i danni van 740 mioin d’euro, e atre çentanæa de mioin se contan in Sardegna, segondo a prescidente Alessandra Todde.",de,ADP,FUNC
"Segondo unna primma stimma do prescidente da Region Renato Schifani i danni van 740 mioin d’euro, e atre çentanæa de mioin se contan in Sardegna, segondo a prescidente Alessandra Todde.",mioin,PROPN,NOUN
"Segondo unna primma stimma do prescidente da Region Renato Schifani i danni van 740 mioin d’euro, e atre çentanæa de mioin se contan in Sardegna, segondo a prescidente Alessandra Todde.",se,PRON,PRON
"Segondo unna primma stimma do prescidente da Region Renato Schifani i danni van 740 mioin d’euro, e atre çentanæa de mioin se contan in Sardegna, segondo a prescidente Alessandra Todde.",contan,VERB,VERB
"Segondo unna primma stimma do prescidente da Region Renato Schifani i danni van 740 mioin d’euro, e atre çentanæa de mioin se contan in Sardegna, segondo a prescidente Alessandra Todde.",in,NOUN,NOUN
"Segondo unna primma stimma do prescidente da Region Renato Schifani i danni van 740 mioin d’euro, e atre çentanæa de mioin se contan in Sardegna, segondo a prescidente Alessandra Todde.",Sardegna,PROPN,NOUN
"Segondo unna primma stimma do prescidente da Region Renato Schifani i danni van 740 mioin d’euro, e atre çentanæa de mioin se contan in Sardegna, segondo a prescidente Alessandra Todde.",",",PUNCT,PUNCT
"Segondo unna primma stimma do prescidente da Region Renato Schifani i danni van 740 mioin d’euro, e atre çentanæa de mioin se contan in Sardegna, segondo a prescidente Alessandra Todde.",segondo,VERB,VERB
"Segondo unna primma stimma do prescidente da Region Renato Schifani i danni van 740 mioin d’euro, e atre çentanæa de mioin se contan in Sardegna, segondo a prescidente Alessandra Todde.",a,DET,PRON
"Segondo unna primma stimma do prescidente da Region Renato Schifani i danni van 740 mioin d’euro, e atre çentanæa de mioin se contan in Sardegna, segondo a prescidente Alessandra Todde.",prescidente,ADJ,ADJ
"Segondo unna primma stimma do prescidente da Region Renato Schifani i danni van 740 mioin d’euro, e atre çentanæa de mioin se contan in Sardegna, segondo a prescidente Alessandra Todde.",Alessandra,PROPN,NOUN
"Segondo unna primma stimma do prescidente da Region Renato Schifani i danni van 740 mioin d’euro, e atre çentanæa de mioin se contan in Sardegna, segondo a prescidente Alessandra Todde.",Todde,PROPN,NOUN
"Segondo unna primma stimma do prescidente da Region Renato Schifani i danni van 740 mioin d’euro, e atre çentanæa de mioin se contan in Sardegna, segondo a prescidente Alessandra Todde.",.,PUNCT,PUNCT
Neuvo scontro politico in gio a-o disegno de lezze in sciâ violensa sessuale.,Neuvo,PROPN,NOUN
Neuvo scontro politico in gio a-o disegno de lezze in sciâ violensa sessuale.,scontro,ADJ,ADJ
Neuvo scontro politico in gio a-o disegno de lezze in sciâ violensa sessuale.,politico,ADJ,ADJ
Neuvo scontro politico in gio a-o disegno de lezze in sciâ violensa sessuale.,in,X,OTHER
Neuvo scontro politico in gio a-o disegno de lezze in sciâ violensa sessuale.,gio,PROPN,NOUN
Neuvo scontro politico in gio a-o disegno de lezze in sciâ violensa sessuale.,a-o,VERB,VERB
Neuvo scontro politico in gio a-o disegno de lezze in sciâ violensa sessuale.,disegno,ADJ,ADJ
Neuvo scontro politico in gio a-o disegno de lezze in sciâ violensa sessuale.,de,ADP,FUNC
Neuvo scontro politico in gio a-o disegno de lezze in sciâ violensa sessuale.,lezze,ADJ,ADJ
Neuvo scontro politico in gio a-o disegno de lezze in sciâ violensa sessuale.,in,PROPN,NOUN
Neuvo scontro politico in gio a-o disegno de lezze in sciâ violensa sessuale.,sciâ,PROPN,NOUN
Neuvo scontro politico in gio a-o disegno de lezze in sciâ violensa sessuale.,violensa,VERB,VERB
Neuvo scontro politico in gio a-o disegno de lezze in sciâ violensa sessuale.,sessuale,ADV,ADV
Neuvo scontro politico in gio a-o disegno de lezze in sciâ violensa sessuale.,.,PUNCT,PUNCT
"Dòppo l’accòrdio tra a prescidente do Conseggio Giorgia Meloni e a segretäia do Partio Democratico Elly Schlein, a poula «consenso» a l’é sparia d’into testo propòsto da-a Giulia Bongiorno da Lega, a relatoa a-o Senato.",Dòppo,NOUN,NOUN
"Dòppo l’accòrdio tra a prescidente do Conseggio Giorgia Meloni e a segretäia do Partio Democratico Elly Schlein, a poula «consenso» a l’é sparia d’into testo propòsto da-a Giulia Bongiorno da Lega, a relatoa a-o Senato.",l’accòrdio,ADJ,ADJ
"Dòppo l’accòrdio tra a prescidente do Conseggio Giorgia Meloni e a segretäia do Partio Democratico Elly Schlein, a poula «consenso» a l’é sparia d’into testo propòsto da-a Giulia Bongiorno da Lega, a relatoa a-o Senato.",tra,VERB,VERB
"Dòppo l’accòrdio tra a prescidente do Conseggio Giorgia Meloni e a segretäia do Partio Democratico Elly Schlein, a poula «consenso» a l’é sparia d’into testo propòsto da-a Giulia Bongiorno da Lega, a relatoa a-o Senato.",a,ADP,FUNC
"Dòppo l’accòrdio tra a prescidente do Conseggio Giorgia Meloni e a segretäia do Partio Democratico Elly Schlein, a poula «consenso» a l’é sparia d’into testo propòsto da-a Giulia Bongiorno da Lega, a relatoa a-o Senato.",prescidente,ADV,ADV
"Dòppo l’accòrdio tra a prescidente do Conseggio Giorgia Meloni e a segretäia do Partio Democratico Elly Schlein, a poula «consenso» a l’é sparia d’into testo propòsto da-a Giulia Bongiorno da Lega, a relatoa a-o Senato.",do,ADP,FUNC
"Dòppo l’accòrdio tra a prescidente do Conseggio Giorgia Meloni e a segretäia do Partio Democratico Elly Schlein, a poula «consenso» a l’é sparia d’into testo propòsto da-a Giulia Bongiorno da Lega, a relatoa a-o Senato.",Conseggio,PROPN,NOUN
"Dòppo l’accòrdio tra a prescidente do Conseggio Giorgia Meloni e a segretäia do Partio Democratico Elly Schlein, a poula «consenso» a l’é sparia d’into testo propòsto da-a Giulia Bongiorno da Lega, a relatoa a-o Senato.",Giorgia,PROPN,NOUN
"Dòppo l’accòrdio tra a prescidente do Conseggio Giorgia Meloni e a segretäia do Partio Democratico Elly Schlein, a poula «consenso» a l’é sparia d’into testo propòsto da-a Giulia Bongiorno da Lega, a relatoa a-o Senato.",Meloni,PROPN,NOUN
"Dòppo l’accòrdio tra a prescidente do Conseggio Giorgia Meloni e a segretäia do Partio Democratico Elly Schlein, a poula «consenso» a l’é sparia d’into testo propòsto da-a Giulia Bongiorno da Lega, a relatoa a-o Senato.",e,CCONJ,FUNC
"Dòppo l’accòrdio tra a prescidente do Conseggio Giorgia Meloni e a segretäia do Partio Democratico Elly Schlein, a poula «consenso» a l’é sparia d’into testo propòsto da-a Giulia Bongiorno da Lega, a relatoa a-o Senato.",a,DET,PRON
"Dòppo l’accòrdio tra a prescidente do Conseggio Giorgia Meloni e a segretäia do Partio Democratico Elly Schlein, a poula «consenso» a l’é sparia d’into testo propòsto da-a Giulia Bongiorno da Lega, a relatoa a-o Senato.",segretäia,NOUN,NOUN
"Dòppo l’accòrdio tra a prescidente do Conseggio Giorgia Meloni e a segretäia do Partio Democratico Elly Schlein, a poula «consenso» a l’é sparia d’into testo propòsto da-a Giulia Bongiorno da Lega, a relatoa a-o Senato.",do,ADP,FUNC
"Dòppo l’accòrdio tra a prescidente do Conseggio Giorgia Meloni e a segretäia do Partio Democratico Elly Schlein, a poula «consenso» a l’é sparia d’into testo propòsto da-a Giulia Bongiorno da Lega, a relatoa a-o Senato.",Partio,PROPN,NOUN
"Dòppo l’accòrdio tra a prescidente do Conseggio Giorgia Meloni e a segretäia do Partio Democratico Elly Schlein, a poula «consenso» a l’é sparia d’into testo propòsto da-a Giulia Bongiorno da Lega, a relatoa a-o Senato.",Democratico,PROPN,NOUN
"Dòppo l’accòrdio tra a prescidente do Conseggio Giorgia Meloni e a segretäia do Partio Democratico Elly Schlein, a poula «consenso» a l’é sparia d’into testo propòsto da-a Giulia Bongiorno da Lega, a relatoa a-o Senato.",Elly,PROPN,NOUN
"Dòppo l’accòrdio tra a prescidente do Conseggio Giorgia Meloni e a segretäia do Partio Democratico Elly Schlein, a poula «consenso» a l’é sparia d’into testo propòsto da-a Giulia Bongiorno da Lega, a relatoa a-o Senato.",Schlein,PROPN,NOUN
"Dòppo l’accòrdio tra a prescidente do Conseggio Giorgia Meloni e a segretäia do Partio Democratico Elly Schlein, a poula «consenso» a l’é sparia d’into testo propòsto da-a Giulia Bongiorno da Lega, a relatoa a-o Senato.",",",PUNCT,PUNCT
"Dòppo l’accòrdio tra a prescidente do Conseggio Giorgia Meloni e a segretäia do Partio Democratico Elly Schlein, a poula «consenso» a l’é sparia d’into testo propòsto da-a Giulia Bongiorno da Lega, a relatoa a-o Senato.",a,DET,PRON
"Dòppo l’accòrdio tra a prescidente do Conseggio Giorgia Meloni e a segretäia do Partio Democratico Elly Schlein, a poula «consenso» a l’é sparia d’into testo propòsto da-a Giulia Bongiorno da Lega, a relatoa a-o Senato.",poula,NOUN,NOUN
"Dòppo l’accòrdio tra a prescidente do Conseggio Giorgia Meloni e a segretäia do Partio Democratico Elly Schlein, a poula «consenso» a l’é sparia d’into testo propòsto da-a Giulia Bongiorno da Lega, a relatoa a-o Senato.",«,PUNCT,PUNCT
"Dòppo l’accòrdio tra a prescidente do Conseggio Giorgia Meloni e a segretäia do Partio Democratico Elly Schlein, a poula «consenso» a l’é sparia d’into testo propòsto da-a Giulia Bongiorno da Lega, a relatoa a-o Senato.",consenso,NOUN,NOUN
"Dòppo l’accòrdio tra a prescidente do Conseggio Giorgia Meloni e a segretäia do Partio Democratico Elly Schlein, a poula «consenso» a l’é sparia d’into testo propòsto da-a Giulia Bongiorno da Lega, a relatoa a-o Senato.",»,PUNCT,PUNCT
"Dòppo l’accòrdio tra a prescidente do Conseggio Giorgia Meloni e a segretäia do Partio Democratico Elly Schlein, a poula «consenso» a l’é sparia d’into testo propòsto da-a Giulia Bongiorno da Lega, a relatoa a-o Senato.",a,ADP,FUNC
"Dòppo l’accòrdio tra a prescidente do Conseggio Giorgia Meloni e a segretäia do Partio Democratico Elly Schlein, a poula «consenso» a l’é sparia d’into testo propòsto da-a Giulia Bongiorno da Lega, a relatoa a-o Senato.",l’é,NOUN,NOUN
"Dòppo l’accòrdio tra a prescidente do Conseggio Giorgia Meloni e a segretäia do Partio Democratico Elly Schlein, a poula «consenso» a l’é sparia d’into testo propòsto da-a Giulia Bongiorno da Lega, a relatoa a-o Senato.",sparia,VERB,VERB
"Dòppo l’accòrdio tra a prescidente do Conseggio Giorgia Meloni e a segretäia do Partio Democratico Elly Schlein, a poula «consenso» a l’é sparia d’into testo propòsto da-a Giulia Bongiorno da Lega, a relatoa a-o Senato.",d’into,NOUN,NOUN
"Dòppo l’accòrdio tra a prescidente do Conseggio Giorgia Meloni e a segretäia do Partio Democratico Elly Schlein, a poula «consenso» a l’é sparia d’into testo propòsto da-a Giulia Bongiorno da Lega, a relatoa a-o Senato.",testo,NOUN,NOUN
"Dòppo l’accòrdio tra a prescidente do Conseggio Giorgia Meloni e a segretäia do Partio Democratico Elly Schlein, a poula «consenso» a l’é sparia d’into testo propòsto da-a Giulia Bongiorno da Lega, a relatoa a-o Senato.",propòsto,ADJ,ADJ
"Dòppo l’accòrdio tra a prescidente do Conseggio Giorgia Meloni e a segretäia do Partio Democratico Elly Schlein, a poula «consenso» a l’é sparia d’into testo propòsto da-a Giulia Bongiorno da Lega, a relatoa a-o Senato.",da-a,VERB,VERB
"Dòppo l’accòrdio tra a prescidente do Conseggio Giorgia Meloni e a segretäia do Partio Democratico Elly Schlein, a poula «consenso» a l’é sparia d’into testo propòsto da-a Giulia Bongiorno da Lega, a relatoa a-o Senato.",Giulia,PROPN,NOUN
"Dòppo l’accòrdio tra a prescidente do Conseggio Giorgia Meloni e a segretäia do Partio Democratico Elly Schlein, a poula «consenso» a l’é sparia d’into testo propòsto da-a Giulia Bongiorno da Lega, a relatoa a-o Senato.",Bongiorno,PROPN,NOUN
"Dòppo l’accòrdio tra a prescidente do Conseggio Giorgia Meloni e a segretäia do Partio Democratico Elly Schlein, a poula «consenso» a l’é sparia d’into testo propòsto da-a Giulia Bongiorno da Lega, a relatoa a-o Senato.",da,ADP,FUNC
"Dòppo l’accòrdio tra a prescidente do Conseggio Giorgia Meloni e a segretäia do Partio Democratico Elly Schlein, a poula «consenso» a l’é sparia d’into testo propòsto da-a Giulia Bongiorno da Lega, a relatoa a-o Senato.",Lega,PROPN,NOUN
"Dòppo l’accòrdio tra a prescidente do Conseggio Giorgia Meloni e a segretäia do Partio Democratico Elly Schlein, a poula «consenso» a l’é sparia d’into testo propòsto da-a Giulia Bongiorno da Lega, a relatoa a-o Senato.",",",PUNCT,PUNCT
"Dòppo l’accòrdio tra a prescidente do Conseggio Giorgia Meloni e a segretäia do Partio Democratico Elly Schlein, a poula «consenso» a l’é sparia d’into testo propòsto da-a Giulia Bongiorno da Lega, a relatoa a-o Senato.",a,ADP,FUNC
"Dòppo l’accòrdio tra a prescidente do Conseggio Giorgia Meloni e a segretäia do Partio Democratico Elly Schlein, a poula «consenso» a l’é sparia d’into testo propòsto da-a Giulia Bongiorno da Lega, a relatoa a-o Senato.",relatoa,NOUN,NOUN
"Dòppo l’accòrdio tra a prescidente do Conseggio Giorgia Meloni e a segretäia do Partio Democratico Elly Schlein, a poula «consenso» a l’é sparia d’into testo propòsto da-a Giulia Bongiorno da Lega, a relatoa a-o Senato.",a-o,VERB,VERB
"Dòppo l’accòrdio tra a prescidente do Conseggio Giorgia Meloni e a segretäia do Partio Democratico Elly Schlein, a poula «consenso» a l’é sparia d’into testo propòsto da-a Giulia Bongiorno da Lega, a relatoa a-o Senato.",Senato,NOUN,NOUN
"Dòppo l’accòrdio tra a prescidente do Conseggio Giorgia Meloni e a segretäia do Partio Democratico Elly Schlein, a poula «consenso» a l’é sparia d’into testo propòsto da-a Giulia Bongiorno da Lega, a relatoa a-o Senato.",.,PUNCT,PUNCT
Incangio se parla de «voentæ conträia à l’atto sessuale» ch’a dev’ëse valuâ «tegnindo conto da scituaçion e do contesto».,Incangio,PROPN,NOUN
Incangio se parla de «voentæ conträia à l’atto sessuale» ch’a dev’ëse valuâ «tegnindo conto da scituaçion e do contesto».,se,PRON,PRON
Incangio se parla de «voentæ conträia à l’atto sessuale» ch’a dev’ëse valuâ «tegnindo conto da scituaçion e do contesto».,parla,VERB,VERB
Incangio se parla de «voentæ conträia à l’atto sessuale» ch’a dev’ëse valuâ «tegnindo conto da scituaçion e do contesto».,de,ADP,FUNC
Incangio se parla de «voentæ conträia à l’atto sessuale» ch’a dev’ëse valuâ «tegnindo conto da scituaçion e do contesto».,«,PUNCT,PUNCT
Incangio se parla de «voentæ conträia à l’atto sessuale» ch’a dev’ëse valuâ «tegnindo conto da scituaçion e do contesto».,voentæ,NOUN,NOUN
Incangio se parla de «voentæ conträia à l’atto sessuale» ch’a dev’ëse valuâ «tegnindo conto da scituaçion e do contesto».,conträia,VERB,VERB
Incangio se parla de «voentæ conträia à l’atto sessuale» ch’a dev’ëse valuâ «tegnindo conto da scituaçion e do contesto».,à,ADP,FUNC
Incangio se parla de «voentæ conträia à l’atto sessuale» ch’a dev’ëse valuâ «tegnindo conto da scituaçion e do contesto».,l’atto,PROPN,NOUN
Incangio se parla de «voentæ conträia à l’atto sessuale» ch’a dev’ëse valuâ «tegnindo conto da scituaçion e do contesto».,sessuale,ADJ,ADJ
Incangio se parla de «voentæ conträia à l’atto sessuale» ch’a dev’ëse valuâ «tegnindo conto da scituaçion e do contesto».,»,PUNCT,PUNCT
Incangio se parla de «voentæ conträia à l’atto sessuale» ch’a dev’ëse valuâ «tegnindo conto da scituaçion e do contesto».,ch’a,VERB,VERB
Incangio se parla de «voentæ conträia à l’atto sessuale» ch’a dev’ëse valuâ «tegnindo conto da scituaçion e do contesto».,dev’ëse,VERB,VERB
Incangio se parla de «voentæ conträia à l’atto sessuale» ch’a dev’ëse valuâ «tegnindo conto da scituaçion e do contesto».,valuâ,ADJ,ADJ
Incangio se parla de «voentæ conträia à l’atto sessuale» ch’a dev’ëse valuâ «tegnindo conto da scituaçion e do contesto».,«,PUNCT,PUNCT
Incangio se parla de «voentæ conträia à l’atto sessuale» ch’a dev’ëse valuâ «tegnindo conto da scituaçion e do contesto».,tegnindo,VERB,VERB
Incangio se parla de «voentæ conträia à l’atto sessuale» ch’a dev’ëse valuâ «tegnindo conto da scituaçion e do contesto».,conto,NOUN,NOUN
Incangio se parla de «voentæ conträia à l’atto sessuale» ch’a dev’ëse valuâ «tegnindo conto da scituaçion e do contesto».,da,ADP,FUNC
Incangio se parla de «voentæ conträia à l’atto sessuale» ch’a dev’ëse valuâ «tegnindo conto da scituaçion e do contesto».,scituaçion,PROPN,NOUN
Incangio se parla de «voentæ conträia à l’atto sessuale» ch’a dev’ëse valuâ «tegnindo conto da scituaçion e do contesto».,e,CCONJ,FUNC
Incangio se parla de «voentæ conträia à l’atto sessuale» ch’a dev’ëse valuâ «tegnindo conto da scituaçion e do contesto».,do,ADP,FUNC
Incangio se parla de «voentæ conträia à l’atto sessuale» ch’a dev’ëse valuâ «tegnindo conto da scituaçion e do contesto».,contesto,NOUN,NOUN
Incangio se parla de «voentæ conträia à l’atto sessuale» ch’a dev’ëse valuâ «tegnindo conto da scituaçion e do contesto».,»,PUNCT,PUNCT
Incangio se parla de «voentæ conträia à l’atto sessuale» ch’a dev’ëse valuâ «tegnindo conto da scituaçion e do contesto».,.,PUNCT,PUNCT
Pe-e oppoxiçioin o l’é un «passo inderê graviscimo» e «a rottua de un patto politico».,Pe-e,PROPN,NOUN
Pe-e oppoxiçioin o l’é un «passo inderê graviscimo» e «a rottua de un patto politico».,oppoxiçioin,VERB,VERB
Pe-e oppoxiçioin o l’é un «passo inderê graviscimo» e «a rottua de un patto politico».,o,DET,PRON
Pe-e oppoxiçioin o l’é un «passo inderê graviscimo» e «a rottua de un patto politico».,l’é,PROPN,NOUN
Pe-e oppoxiçioin o l’é un «passo inderê graviscimo» e «a rottua de un patto politico».,un,PROPN,NOUN
Pe-e oppoxiçioin o l’é un «passo inderê graviscimo» e «a rottua de un patto politico».,«,PUNCT,PUNCT
Pe-e oppoxiçioin o l’é un «passo inderê graviscimo» e «a rottua de un patto politico».,passo,NOUN,NOUN
Pe-e oppoxiçioin o l’é un «passo inderê graviscimo» e «a rottua de un patto politico».,inderê,NOUN,NOUN
Pe-e oppoxiçioin o l’é un «passo inderê graviscimo» e «a rottua de un patto politico».,graviscimo,ADJ,ADJ
Pe-e oppoxiçioin o l’é un «passo inderê graviscimo» e «a rottua de un patto politico».,»,PUNCT,PUNCT
Pe-e oppoxiçioin o l’é un «passo inderê graviscimo» e «a rottua de un patto politico».,e,CCONJ,FUNC
Pe-e oppoxiçioin o l’é un «passo inderê graviscimo» e «a rottua de un patto politico».,«,PUNCT,PUNCT
Pe-e oppoxiçioin o l’é un «passo inderê graviscimo» e «a rottua de un patto politico».,a,DET,PRON
Pe-e oppoxiçioin o l’é un «passo inderê graviscimo» e «a rottua de un patto politico».,rottua,NOUN,NOUN
Pe-e oppoxiçioin o l’é un «passo inderê graviscimo» e «a rottua de un patto politico».,de,ADP,FUNC
Pe-e oppoxiçioin o l’é un «passo inderê graviscimo» e «a rottua de un patto politico».,un,PROPN,NOUN
Pe-e oppoxiçioin o l’é un «passo inderê graviscimo» e «a rottua de un patto politico».,patto,NOUN,NOUN
Pe-e oppoxiçioin o l’é un «passo inderê graviscimo» e «a rottua de un patto politico».,politico,ADJ,ADJ
Pe-e oppoxiçioin o l’é un «passo inderê graviscimo» e «a rottua de un patto politico».,»,PUNCT,PUNCT
Pe-e oppoxiçioin o l’é un «passo inderê graviscimo» e «a rottua de un patto politico».,.,PUNCT,PUNCT
"«Che a Meloni a no se fasse dâ a linia da-o patriarcato», o commento da Schlein.",«,PUNCT,PUNCT
"«Che a Meloni a no se fasse dâ a linia da-o patriarcato», o commento da Schlein.",Che,PROPN,NOUN
"«Che a Meloni a no se fasse dâ a linia da-o patriarcato», o commento da Schlein.",a,ADP,FUNC
"«Che a Meloni a no se fasse dâ a linia da-o patriarcato», o commento da Schlein.",Meloni,PROPN,NOUN
"«Che a Meloni a no se fasse dâ a linia da-o patriarcato», o commento da Schlein.",a,ADP,FUNC
"«Che a Meloni a no se fasse dâ a linia da-o patriarcato», o commento da Schlein.",no,SCONJ,FUNC
"«Che a Meloni a no se fasse dâ a linia da-o patriarcato», o commento da Schlein.",se,PRON,PRON
"«Che a Meloni a no se fasse dâ a linia da-o patriarcato», o commento da Schlein.",fasse,VERB,VERB
"«Che a Meloni a no se fasse dâ a linia da-o patriarcato», o commento da Schlein.",dâ,ADP,FUNC
"«Che a Meloni a no se fasse dâ a linia da-o patriarcato», o commento da Schlein.",a,DET,PRON
"«Che a Meloni a no se fasse dâ a linia da-o patriarcato», o commento da Schlein.",linia,NOUN,NOUN
"«Che a Meloni a no se fasse dâ a linia da-o patriarcato», o commento da Schlein.",da-o,PROPN,NOUN
"«Che a Meloni a no se fasse dâ a linia da-o patriarcato», o commento da Schlein.",patriarcato,ADJ,ADJ
"«Che a Meloni a no se fasse dâ a linia da-o patriarcato», o commento da Schlein.",»,PUNCT,PUNCT
"«Che a Meloni a no se fasse dâ a linia da-o patriarcato», o commento da Schlein.",",",PUNCT,PUNCT
"«Che a Meloni a no se fasse dâ a linia da-o patriarcato», o commento da Schlein.",o,DET,PRON
"«Che a Meloni a no se fasse dâ a linia da-o patriarcato», o commento da Schlein.",commento,NOUN,NOUN
"«Che a Meloni a no se fasse dâ a linia da-o patriarcato», o commento da Schlein.",da,ADP,FUNC
"«Che a Meloni a no se fasse dâ a linia da-o patriarcato», o commento da Schlein.",Schlein,PROPN,NOUN
"«Che a Meloni a no se fasse dâ a linia da-o patriarcato», o commento da Schlein.",.,PUNCT,PUNCT
Pe-o momento Fratelli d’Italia a no l’à piggiou unna poxiçion definitiva.,Pe-o,ADJ,ADJ
Pe-o momento Fratelli d’Italia a no l’à piggiou unna poxiçion definitiva.,momento,NOUN,NOUN
Pe-o momento Fratelli d’Italia a no l’à piggiou unna poxiçion definitiva.,Fratelli,PROPN,NOUN
Pe-o momento Fratelli d’Italia a no l’à piggiou unna poxiçion definitiva.,d’Italia,VERB,VERB
Pe-o momento Fratelli d’Italia a no l’à piggiou unna poxiçion definitiva.,a,ADP,FUNC
Pe-o momento Fratelli d’Italia a no l’à piggiou unna poxiçion definitiva.,no,ADP,FUNC
Pe-o momento Fratelli d’Italia a no l’à piggiou unna poxiçion definitiva.,l’à,NOUN,NOUN
Pe-o momento Fratelli d’Italia a no l’à piggiou unna poxiçion definitiva.,piggiou,VERB,VERB
Pe-o momento Fratelli d’Italia a no l’à piggiou unna poxiçion definitiva.,unna,PROPN,NOUN
Pe-o momento Fratelli d’Italia a no l’à piggiou unna poxiçion definitiva.,poxiçion,PROPN,NOUN
Pe-o momento Fratelli d’Italia a no l’à piggiou unna poxiçion definitiva.,definitiva,ADJ,ADJ
Pe-o momento Fratelli d’Italia a no l’à piggiou unna poxiçion definitiva.,.,PUNCT,PUNCT
"L’é mòrto de 93 anni o Valentino Garavani, l’urtimo di gren protagonisti da mòdda in Italia.",L’é,PROPN,NOUN
"L’é mòrto de 93 anni o Valentino Garavani, l’urtimo di gren protagonisti da mòdda in Italia.",mòrto,ADJ,ADJ
"L’é mòrto de 93 anni o Valentino Garavani, l’urtimo di gren protagonisti da mòdda in Italia.",de,ADP,FUNC
"L’é mòrto de 93 anni o Valentino Garavani, l’urtimo di gren protagonisti da mòdda in Italia.",93,NUM,ADJ
"L’é mòrto de 93 anni o Valentino Garavani, l’urtimo di gren protagonisti da mòdda in Italia.",anni,VERB,VERB
"L’é mòrto de 93 anni o Valentino Garavani, l’urtimo di gren protagonisti da mòdda in Italia.",o,DET,PRON
"L’é mòrto de 93 anni o Valentino Garavani, l’urtimo di gren protagonisti da mòdda in Italia.",Valentino,PROPN,NOUN
"L’é mòrto de 93 anni o Valentino Garavani, l’urtimo di gren protagonisti da mòdda in Italia.",Garavani,PROPN,NOUN
"L’é mòrto de 93 anni o Valentino Garavani, l’urtimo di gren protagonisti da mòdda in Italia.",",",PUNCT,PUNCT
"L’é mòrto de 93 anni o Valentino Garavani, l’urtimo di gren protagonisti da mòdda in Italia.",l’urtimo,PROPN,NOUN
"L’é mòrto de 93 anni o Valentino Garavani, l’urtimo di gren protagonisti da mòdda in Italia.",di,PROPN,NOUN
"L’é mòrto de 93 anni o Valentino Garavani, l’urtimo di gren protagonisti da mòdda in Italia.",gren,PROPN,NOUN
"L’é mòrto de 93 anni o Valentino Garavani, l’urtimo di gren protagonisti da mòdda in Italia.",protagonisti,NOUN,NOUN
"L’é mòrto de 93 anni o Valentino Garavani, l’urtimo di gren protagonisti da mòdda in Italia.",da,ADP,FUNC
"L’é mòrto de 93 anni o Valentino Garavani, l’urtimo di gren protagonisti da mòdda in Italia.",mòdda,NOUN,NOUN
"L’é mòrto de 93 anni o Valentino Garavani, l’urtimo di gren protagonisti da mòdda in Italia.",in,PROPN,NOUN
"L’é mòrto de 93 anni o Valentino Garavani, l’urtimo di gren protagonisti da mòdda in Italia.",Italia,PROPN,NOUN
"L’é mòrto de 93 anni o Valentino Garavani, l’urtimo di gren protagonisti da mòdda in Italia.",.,PUNCT,PUNCT
"O l’aiva fondou o marco co-o seu nomme, do quæ o rosso e o velluo ean di scimboli.",O,DET,PRON
"O l’aiva fondou o marco co-o seu nomme, do quæ o rosso e o velluo ean di scimboli.",l’aiva,NOUN,NOUN
"O l’aiva fondou o marco co-o seu nomme, do quæ o rosso e o velluo ean di scimboli.",fondou,VERB,VERB
"O l’aiva fondou o marco co-o seu nomme, do quæ o rosso e o velluo ean di scimboli.",o,DET,PRON
"O l’aiva fondou o marco co-o seu nomme, do quæ o rosso e o velluo ean di scimboli.",marco,NOUN,NOUN
"O l’aiva fondou o marco co-o seu nomme, do quæ o rosso e o velluo ean di scimboli.",co-o,NOUN,NOUN
"O l’aiva fondou o marco co-o seu nomme, do quæ o rosso e o velluo ean di scimboli.",seu,DET,PRON
"O l’aiva fondou o marco co-o seu nomme, do quæ o rosso e o velluo ean di scimboli.",nomme,NOUN,NOUN
"O l’aiva fondou o marco co-o seu nomme, do quæ o rosso e o velluo ean di scimboli.",",",PUNCT,PUNCT
"O l’aiva fondou o marco co-o seu nomme, do quæ o rosso e o velluo ean di scimboli.",do,ADP,FUNC
"O l’aiva fondou o marco co-o seu nomme, do quæ o rosso e o velluo ean di scimboli.",quæ,VERB,VERB
"O l’aiva fondou o marco co-o seu nomme, do quæ o rosso e o velluo ean di scimboli.",o,DET,PRON
"O l’aiva fondou o marco co-o seu nomme, do quæ o rosso e o velluo ean di scimboli.",rosso,NOUN,NOUN
"O l’aiva fondou o marco co-o seu nomme, do quæ o rosso e o velluo ean di scimboli.",e,CCONJ,FUNC
"O l’aiva fondou o marco co-o seu nomme, do quæ o rosso e o velluo ean di scimboli.",o,DET,PRON
"O l’aiva fondou o marco co-o seu nomme, do quæ o rosso e o velluo ean di scimboli.",velluo,NOUN,NOUN
"O l’aiva fondou o marco co-o seu nomme, do quæ o rosso e o velluo ean di scimboli.",ean,ADV,ADV
"O l’aiva fondou o marco co-o seu nomme, do quæ o rosso e o velluo ean di scimboli.",di,PROPN,NOUN
"O l’aiva fondou o marco co-o seu nomme, do quæ o rosso e o velluo ean di scimboli.",scimboli,PROPN,NOUN
"O l’aiva fondou o marco co-o seu nomme, do quæ o rosso e o velluo ean di scimboli.",.,PUNCT,PUNCT
A-o manco çinquemia persoñe gh’an reiso önô à Romma.,A-o,NOUN,NOUN
A-o manco çinquemia persoñe gh’an reiso önô à Romma.,manco,ADJ,ADJ
A-o manco çinquemia persoñe gh’an reiso önô à Romma.,çinquemia,NOUN,NOUN
A-o manco çinquemia persoñe gh’an reiso önô à Romma.,persoñe,VERB,VERB
A-o manco çinquemia persoñe gh’an reiso önô à Romma.,gh’an,PROPN,NOUN
A-o manco çinquemia persoñe gh’an reiso önô à Romma.,reiso,ADJ,ADJ
A-o manco çinquemia persoñe gh’an reiso önô à Romma.,önô,NOUN,NOUN
A-o manco çinquemia persoñe gh’an reiso önô à Romma.,à,ADP,FUNC
A-o manco çinquemia persoñe gh’an reiso önô à Romma.,Romma,PROPN,NOUN
A-o manco çinquemia persoñe gh’an reiso önô à Romma.,.,PUNCT,PUNCT
A-i 23 de zenâ o morteuio inta gexa de Santa Maria di Angei con un muggio de gente avvoxæ.,A-i,NOUN,NOUN
A-i 23 de zenâ o morteuio inta gexa de Santa Maria di Angei con un muggio de gente avvoxæ.,23,NUM,ADJ
A-i 23 de zenâ o morteuio inta gexa de Santa Maria di Angei con un muggio de gente avvoxæ.,de,ADP,FUNC
A-i 23 de zenâ o morteuio inta gexa de Santa Maria di Angei con un muggio de gente avvoxæ.,zenâ,NOUN,NOUN
A-i 23 de zenâ o morteuio inta gexa de Santa Maria di Angei con un muggio de gente avvoxæ.,o,DET,PRON
A-i 23 de zenâ o morteuio inta gexa de Santa Maria di Angei con un muggio de gente avvoxæ.,morteuio,NOUN,NOUN
A-i 23 de zenâ o morteuio inta gexa de Santa Maria di Angei con un muggio de gente avvoxæ.,inta,VERB,VERB
A-i 23 de zenâ o morteuio inta gexa de Santa Maria di Angei con un muggio de gente avvoxæ.,gexa,PROPN,NOUN
A-i 23 de zenâ o morteuio inta gexa de Santa Maria di Angei con un muggio de gente avvoxæ.,de,ADP,FUNC
A-i 23 de zenâ o morteuio inta gexa de Santa Maria di Angei con un muggio de gente avvoxæ.,Santa,PROPN,NOUN
A-i 23 de zenâ o morteuio inta gexa de Santa Maria di Angei con un muggio de gente avvoxæ.,Maria,PROPN,NOUN
A-i 23 de zenâ o morteuio inta gexa de Santa Maria di Angei con un muggio de gente avvoxæ.,di,PROPN,NOUN
A-i 23 de zenâ o morteuio inta gexa de Santa Maria di Angei con un muggio de gente avvoxæ.,Angei,PROPN,NOUN
A-i 23 de zenâ o morteuio inta gexa de Santa Maria di Angei con un muggio de gente avvoxæ.,con,PROPN,NOUN
A-i 23 de zenâ o morteuio inta gexa de Santa Maria di Angei con un muggio de gente avvoxæ.,un,PROPN,NOUN
A-i 23 de zenâ o morteuio inta gexa de Santa Maria di Angei con un muggio de gente avvoxæ.,muggio,PROPN,NOUN
A-i 23 de zenâ o morteuio inta gexa de Santa Maria di Angei con un muggio de gente avvoxæ.,de,ADP,FUNC
A-i 23 de zenâ o morteuio inta gexa de Santa Maria di Angei con un muggio de gente avvoxæ.,gente,NOUN,NOUN
A-i 23 de zenâ o morteuio inta gexa de Santa Maria di Angei con un muggio de gente avvoxæ.,avvoxæ,NOUN,NOUN
A-i 23 de zenâ o morteuio inta gexa de Santa Maria di Angei con un muggio de gente avvoxæ.,.,PUNCT,PUNCT
"«Un òmmo ch’o l’à semenou a bellessa e o n’é stæto un testimònio», e poule de præ Pietro Guerini.",«,PUNCT,PUNCT
"«Un òmmo ch’o l’à semenou a bellessa e o n’é stæto un testimònio», e poule de præ Pietro Guerini.",Un,PROPN,NOUN
"«Un òmmo ch’o l’à semenou a bellessa e o n’é stæto un testimònio», e poule de præ Pietro Guerini.",òmmo,VERB,VERB
"«Un òmmo ch’o l’à semenou a bellessa e o n’é stæto un testimònio», e poule de præ Pietro Guerini.",ch’o,PROPN,NOUN
"«Un òmmo ch’o l’à semenou a bellessa e o n’é stæto un testimònio», e poule de præ Pietro Guerini.",l’à,ADJ,ADJ
"«Un òmmo ch’o l’à semenou a bellessa e o n’é stæto un testimònio», e poule de præ Pietro Guerini.",semenou,VERB,VERB
"«Un òmmo ch’o l’à semenou a bellessa e o n’é stæto un testimònio», e poule de præ Pietro Guerini.",a,DET,PRON
"«Un òmmo ch’o l’à semenou a bellessa e o n’é stæto un testimònio», e poule de præ Pietro Guerini.",bellessa,NOUN,NOUN
"«Un òmmo ch’o l’à semenou a bellessa e o n’é stæto un testimònio», e poule de præ Pietro Guerini.",e,CCONJ,FUNC
"«Un òmmo ch’o l’à semenou a bellessa e o n’é stæto un testimònio», e poule de præ Pietro Guerini.",o,DET,PRON
"«Un òmmo ch’o l’à semenou a bellessa e o n’é stæto un testimònio», e poule de præ Pietro Guerini.",n’é,NOUN,NOUN
"«Un òmmo ch’o l’à semenou a bellessa e o n’é stæto un testimònio», e poule de præ Pietro Guerini.",stæto,VERB,VERB
"«Un òmmo ch’o l’à semenou a bellessa e o n’é stæto un testimònio», e poule de præ Pietro Guerini.",un,PROPN,NOUN
"«Un òmmo ch’o l’à semenou a bellessa e o n’é stæto un testimònio», e poule de præ Pietro Guerini.",testimònio,PROPN,NOUN
"«Un òmmo ch’o l’à semenou a bellessa e o n’é stæto un testimònio», e poule de præ Pietro Guerini.",»,PUNCT,PUNCT
"«Un òmmo ch’o l’à semenou a bellessa e o n’é stæto un testimònio», e poule de præ Pietro Guerini.",",",PUNCT,PUNCT
"«Un òmmo ch’o l’à semenou a bellessa e o n’é stæto un testimònio», e poule de præ Pietro Guerini.",e,CCONJ,FUNC
"«Un òmmo ch’o l’à semenou a bellessa e o n’é stæto un testimònio», e poule de præ Pietro Guerini.",poule,NOUN,NOUN
"«Un òmmo ch’o l’à semenou a bellessa e o n’é stæto un testimònio», e poule de præ Pietro Guerini.",de,ADP,FUNC
"«Un òmmo ch’o l’à semenou a bellessa e o n’é stæto un testimònio», e poule de præ Pietro Guerini.",præ,PROPN,NOUN
"«Un òmmo ch’o l’à semenou a bellessa e o n’é stæto un testimònio», e poule de præ Pietro Guerini.",Pietro,PROPN,NOUN
"«Un òmmo ch’o l’à semenou a bellessa e o n’é stæto un testimònio», e poule de præ Pietro Guerini.",Guerini,PROPN,NOUN
"«Un òmmo ch’o l’à semenou a bellessa e o n’é stæto un testimònio», e poule de præ Pietro Guerini.",.,PUNCT,PUNCT
O seu compagno Vernon Bruce Hoeksema: «No te diggo addio ma graçie».,O,DET,PRON
O seu compagno Vernon Bruce Hoeksema: «No te diggo addio ma graçie».,seu,DET,PRON
O seu compagno Vernon Bruce Hoeksema: «No te diggo addio ma graçie».,compagno,NOUN,NOUN
O seu compagno Vernon Bruce Hoeksema: «No te diggo addio ma graçie».,Vernon,PROPN,NOUN
O seu compagno Vernon Bruce Hoeksema: «No te diggo addio ma graçie».,Bruce,PROPN,NOUN
O seu compagno Vernon Bruce Hoeksema: «No te diggo addio ma graçie».,Hoeksema,PROPN,NOUN
O seu compagno Vernon Bruce Hoeksema: «No te diggo addio ma graçie».,:,PUNCT,PUNCT
O seu compagno Vernon Bruce Hoeksema: «No te diggo addio ma graçie».,«,PUNCT,PUNCT
O seu compagno Vernon Bruce Hoeksema: «No te diggo addio ma graçie».,No,ADP,FUNC
O seu compagno Vernon Bruce Hoeksema: «No te diggo addio ma graçie».,te,PRON,PRON
O seu compagno Vernon Bruce Hoeksema: «No te diggo addio ma graçie».,diggo,ADJ,ADJ
O seu compagno Vernon Bruce Hoeksema: «No te diggo addio ma graçie».,addio,NOUN,NOUN
O seu compagno Vernon Bruce Hoeksema: «No te diggo addio ma graçie».,ma,ADJ,ADJ
O seu compagno Vernon Bruce Hoeksema: «No te diggo addio ma graçie».,graçie,NOUN,NOUN
O seu compagno Vernon Bruce Hoeksema: «No te diggo addio ma graçie».,»,PUNCT,PUNCT
O seu compagno Vernon Bruce Hoeksema: «No te diggo addio ma graçie».,.,PUNCT,PUNCT
"«O regòrdo ciù bello quande se semmo conosciui», o l’à dito o Giancarlo Giammetti, passou compagno e sòçio de l’imprenditô da-o 1960.",«,PUNCT,PUNCT
"«O regòrdo ciù bello quande se semmo conosciui», o l’à dito o Giancarlo Giammetti, passou compagno e sòçio de l’imprenditô da-o 1960.",O,DET,PRON
"«O regòrdo ciù bello quande se semmo conosciui», o l’à dito o Giancarlo Giammetti, passou compagno e sòçio de l’imprenditô da-o 1960.",regòrdo,ADJ,ADJ
"«O regòrdo ciù bello quande se semmo conosciui», o l’à dito o Giancarlo Giammetti, passou compagno e sòçio de l’imprenditô da-o 1960.",ciù,NOUN,NOUN
"«O regòrdo ciù bello quande se semmo conosciui», o l’à dito o Giancarlo Giammetti, passou compagno e sòçio de l’imprenditô da-o 1960.",bello,NOUN,NOUN
"«O regòrdo ciù bello quande se semmo conosciui», o l’à dito o Giancarlo Giammetti, passou compagno e sòçio de l’imprenditô da-o 1960.",quande,VERB,VERB
"«O regòrdo ciù bello quande se semmo conosciui», o l’à dito o Giancarlo Giammetti, passou compagno e sòçio de l’imprenditô da-o 1960.",se,PRON,PRON
"«O regòrdo ciù bello quande se semmo conosciui», o l’à dito o Giancarlo Giammetti, passou compagno e sòçio de l’imprenditô da-o 1960.",semmo,VERB,VERB
"«O regòrdo ciù bello quande se semmo conosciui», o l’à dito o Giancarlo Giammetti, passou compagno e sòçio de l’imprenditô da-o 1960.",conosciui,ADV,ADV
"«O regòrdo ciù bello quande se semmo conosciui», o l’à dito o Giancarlo Giammetti, passou compagno e sòçio de l’imprenditô da-o 1960.",»,PUNCT,PUNCT
"«O regòrdo ciù bello quande se semmo conosciui», o l’à dito o Giancarlo Giammetti, passou compagno e sòçio de l’imprenditô da-o 1960.",",",PUNCT,PUNCT
"«O regòrdo ciù bello quande se semmo conosciui», o l’à dito o Giancarlo Giammetti, passou compagno e sòçio de l’imprenditô da-o 1960.",o,DET,PRON
"«O regòrdo ciù bello quande se semmo conosciui», o l’à dito o Giancarlo Giammetti, passou compagno e sòçio de l’imprenditô da-o 1960.",l’à,NOUN,NOUN
"«O regòrdo ciù bello quande se semmo conosciui», o l’à dito o Giancarlo Giammetti, passou compagno e sòçio de l’imprenditô da-o 1960.",dito,VERB,VERB
"«O regòrdo ciù bello quande se semmo conosciui», o l’à dito o Giancarlo Giammetti, passou compagno e sòçio de l’imprenditô da-o 1960.",o,DET,PRON
"«O regòrdo ciù bello quande se semmo conosciui», o l’à dito o Giancarlo Giammetti, passou compagno e sòçio de l’imprenditô da-o 1960.",Giancarlo,PROPN,NOUN
"«O regòrdo ciù bello quande se semmo conosciui», o l’à dito o Giancarlo Giammetti, passou compagno e sòçio de l’imprenditô da-o 1960.",Giammetti,PROPN,NOUN
"«O regòrdo ciù bello quande se semmo conosciui», o l’à dito o Giancarlo Giammetti, passou compagno e sòçio de l’imprenditô da-o 1960.",",",PUNCT,PUNCT
"«O regòrdo ciù bello quande se semmo conosciui», o l’à dito o Giancarlo Giammetti, passou compagno e sòçio de l’imprenditô da-o 1960.",passou,VERB,VERB
"«O regòrdo ciù bello quande se semmo conosciui», o l’à dito o Giancarlo Giammetti, passou compagno e sòçio de l’imprenditô da-o 1960.",compagno,ADJ,ADJ
"«O regòrdo ciù bello quande se semmo conosciui», o l’à dito o Giancarlo Giammetti, passou compagno e sòçio de l’imprenditô da-o 1960.",e,CCONJ,FUNC
"«O regòrdo ciù bello quande se semmo conosciui», o l’à dito o Giancarlo Giammetti, passou compagno e sòçio de l’imprenditô da-o 1960.",sòçio,ADJ,ADJ
"«O regòrdo ciù bello quande se semmo conosciui», o l’à dito o Giancarlo Giammetti, passou compagno e sòçio de l’imprenditô da-o 1960.",de,ADP,FUNC
"«O regòrdo ciù bello quande se semmo conosciui», o l’à dito o Giancarlo Giammetti, passou compagno e sòçio de l’imprenditô da-o 1960.",l’imprenditô,PROPN,NOUN
"«O regòrdo ciù bello quande se semmo conosciui», o l’à dito o Giancarlo Giammetti, passou compagno e sòçio de l’imprenditô da-o 1960.",da-o,PROPN,NOUN
"«O regòrdo ciù bello quande se semmo conosciui», o l’à dito o Giancarlo Giammetti, passou compagno e sòçio de l’imprenditô da-o 1960.",1960,NUM,ADJ
"«O regòrdo ciù bello quande se semmo conosciui», o l’à dito o Giancarlo Giammetti, passou compagno e sòçio de l’imprenditô da-o 1960.",.,PUNCT,PUNCT
"O prescidente american Donald Trump o l’à primma menassou di neuvi daçi contra i Paixi europëi che mandan de truppe in Groenlandia, dapeu a-o World Economic Forum de Davos, in Svissera, o l’à annonçiou un accòrdio à vegnî co-a Nato: «Emmo ottegnuo tutto quello che voeivimo, l’inteisa a duià pe delongo», o l’à dito dòppo un incontro co-o segretäio generale Mark Rutte.",O,DET,PRON
"O prescidente american Donald Trump o l’à primma menassou di neuvi daçi contra i Paixi europëi che mandan de truppe in Groenlandia, dapeu a-o World Economic Forum de Davos, in Svissera, o l’à annonçiou un accòrdio à vegnî co-a Nato: «Emmo ottegnuo tutto quello che voeivimo, l’inteisa a duià pe delongo», o l’à dito dòppo un incontro co-o segretäio generale Mark Rutte.",prescidente,ADJ,ADJ
"O prescidente american Donald Trump o l’à primma menassou di neuvi daçi contra i Paixi europëi che mandan de truppe in Groenlandia, dapeu a-o World Economic Forum de Davos, in Svissera, o l’à annonçiou un accòrdio à vegnî co-a Nato: «Emmo ottegnuo tutto quello che voeivimo, l’inteisa a duià pe delongo», o l’à dito dòppo un incontro co-o segretäio generale Mark Rutte.",american,PROPN,NOUN
"O prescidente american Donald Trump o l’à primma menassou di neuvi daçi contra i Paixi europëi che mandan de truppe in Groenlandia, dapeu a-o World Economic Forum de Davos, in Svissera, o l’à annonçiou un accòrdio à vegnî co-a Nato: «Emmo ottegnuo tutto quello che voeivimo, l’inteisa a duià pe delongo», o l’à dito dòppo un incontro co-o segretäio generale Mark Rutte.",Donald,PROPN,NOUN
"O prescidente american Donald Trump o l’à primma menassou di neuvi daçi contra i Paixi europëi che mandan de truppe in Groenlandia, dapeu a-o World Economic Forum de Davos, in Svissera, o l’à annonçiou un accòrdio à vegnî co-a Nato: «Emmo ottegnuo tutto quello che voeivimo, l’inteisa a duià pe delongo», o l’à dito dòppo un incontro co-o segretäio generale Mark Rutte.",Trump,PROPN,NOUN
"O prescidente american Donald Trump o l’à primma menassou di neuvi daçi contra i Paixi europëi che mandan de truppe in Groenlandia, dapeu a-o World Economic Forum de Davos, in Svissera, o l’à annonçiou un accòrdio à vegnî co-a Nato: «Emmo ottegnuo tutto quello che voeivimo, l’inteisa a duià pe delongo», o l’à dito dòppo un incontro co-o segretäio generale Mark Rutte.",o,DET,PRON
"O prescidente american Donald Trump o l’à primma menassou di neuvi daçi contra i Paixi europëi che mandan de truppe in Groenlandia, dapeu a-o World Economic Forum de Davos, in Svissera, o l’à annonçiou un accòrdio à vegnî co-a Nato: «Emmo ottegnuo tutto quello che voeivimo, l’inteisa a duià pe delongo», o l’à dito dòppo un incontro co-o segretäio generale Mark Rutte.",l’à,NOUN,NOUN
"O prescidente american Donald Trump o l’à primma menassou di neuvi daçi contra i Paixi europëi che mandan de truppe in Groenlandia, dapeu a-o World Economic Forum de Davos, in Svissera, o l’à annonçiou un accòrdio à vegnî co-a Nato: «Emmo ottegnuo tutto quello che voeivimo, l’inteisa a duià pe delongo», o l’à dito dòppo un incontro co-o segretäio generale Mark Rutte.",primma,ADV,ADV
"O prescidente american Donald Trump o l’à primma menassou di neuvi daçi contra i Paixi europëi che mandan de truppe in Groenlandia, dapeu a-o World Economic Forum de Davos, in Svissera, o l’à annonçiou un accòrdio à vegnî co-a Nato: «Emmo ottegnuo tutto quello che voeivimo, l’inteisa a duià pe delongo», o l’à dito dòppo un incontro co-o segretäio generale Mark Rutte.",menassou,VERB,VERB
"O prescidente american Donald Trump o l’à primma menassou di neuvi daçi contra i Paixi europëi che mandan de truppe in Groenlandia, dapeu a-o World Economic Forum de Davos, in Svissera, o l’à annonçiou un accòrdio à vegnî co-a Nato: «Emmo ottegnuo tutto quello che voeivimo, l’inteisa a duià pe delongo», o l’à dito dòppo un incontro co-o segretäio generale Mark Rutte.",di,PROPN,NOUN
"O prescidente american Donald Trump o l’à primma menassou di neuvi daçi contra i Paixi europëi che mandan de truppe in Groenlandia, dapeu a-o World Economic Forum de Davos, in Svissera, o l’à annonçiou un accòrdio à vegnî co-a Nato: «Emmo ottegnuo tutto quello che voeivimo, l’inteisa a duià pe delongo», o l’à dito dòppo un incontro co-o segretäio generale Mark Rutte.",neuvi,VERB,VERB
"O prescidente american Donald Trump o l’à primma menassou di neuvi daçi contra i Paixi europëi che mandan de truppe in Groenlandia, dapeu a-o World Economic Forum de Davos, in Svissera, o l’à annonçiou un accòrdio à vegnî co-a Nato: «Emmo ottegnuo tutto quello che voeivimo, l’inteisa a duià pe delongo», o l’à dito dòppo un incontro co-o segretäio generale Mark Rutte.",daçi,ADJ,ADJ
"O prescidente american Donald Trump o l’à primma menassou di neuvi daçi contra i Paixi europëi che mandan de truppe in Groenlandia, dapeu a-o World Economic Forum de Davos, in Svissera, o l’à annonçiou un accòrdio à vegnî co-a Nato: «Emmo ottegnuo tutto quello che voeivimo, l’inteisa a duià pe delongo», o l’à dito dòppo un incontro co-o segretäio generale Mark Rutte.",contra,ADP,FUNC
"O prescidente american Donald Trump o l’à primma menassou di neuvi daçi contra i Paixi europëi che mandan de truppe in Groenlandia, dapeu a-o World Economic Forum de Davos, in Svissera, o l’à annonçiou un accòrdio à vegnî co-a Nato: «Emmo ottegnuo tutto quello che voeivimo, l’inteisa a duià pe delongo», o l’à dito dòppo un incontro co-o segretäio generale Mark Rutte.",i,PROPN,NOUN
"O prescidente american Donald Trump o l’à primma menassou di neuvi daçi contra i Paixi europëi che mandan de truppe in Groenlandia, dapeu a-o World Economic Forum de Davos, in Svissera, o l’à annonçiou un accòrdio à vegnî co-a Nato: «Emmo ottegnuo tutto quello che voeivimo, l’inteisa a duià pe delongo», o l’à dito dòppo un incontro co-o segretäio generale Mark Rutte.",Paixi,PROPN,NOUN
"O prescidente american Donald Trump o l’à primma menassou di neuvi daçi contra i Paixi europëi che mandan de truppe in Groenlandia, dapeu a-o World Economic Forum de Davos, in Svissera, o l’à annonçiou un accòrdio à vegnî co-a Nato: «Emmo ottegnuo tutto quello che voeivimo, l’inteisa a duià pe delongo», o l’à dito dòppo un incontro co-o segretäio generale Mark Rutte.",europëi,NOUN,NOUN
"O prescidente american Donald Trump o l’à primma menassou di neuvi daçi contra i Paixi europëi che mandan de truppe in Groenlandia, dapeu a-o World Economic Forum de Davos, in Svissera, o l’à annonçiou un accòrdio à vegnî co-a Nato: «Emmo ottegnuo tutto quello che voeivimo, l’inteisa a duià pe delongo», o l’à dito dòppo un incontro co-o segretäio generale Mark Rutte.",che,VERB,VERB
"O prescidente american Donald Trump o l’à primma menassou di neuvi daçi contra i Paixi europëi che mandan de truppe in Groenlandia, dapeu a-o World Economic Forum de Davos, in Svissera, o l’à annonçiou un accòrdio à vegnî co-a Nato: «Emmo ottegnuo tutto quello che voeivimo, l’inteisa a duià pe delongo», o l’à dito dòppo un incontro co-o segretäio generale Mark Rutte.",mandan,NOUN,NOUN
"O prescidente american Donald Trump o l’à primma menassou di neuvi daçi contra i Paixi europëi che mandan de truppe in Groenlandia, dapeu a-o World Economic Forum de Davos, in Svissera, o l’à annonçiou un accòrdio à vegnî co-a Nato: «Emmo ottegnuo tutto quello che voeivimo, l’inteisa a duià pe delongo», o l’à dito dòppo un incontro co-o segretäio generale Mark Rutte.",de,ADP,FUNC
"O prescidente american Donald Trump o l’à primma menassou di neuvi daçi contra i Paixi europëi che mandan de truppe in Groenlandia, dapeu a-o World Economic Forum de Davos, in Svissera, o l’à annonçiou un accòrdio à vegnî co-a Nato: «Emmo ottegnuo tutto quello che voeivimo, l’inteisa a duià pe delongo», o l’à dito dòppo un incontro co-o segretäio generale Mark Rutte.",truppe,PROPN,NOUN
"O prescidente american Donald Trump o l’à primma menassou di neuvi daçi contra i Paixi europëi che mandan de truppe in Groenlandia, dapeu a-o World Economic Forum de Davos, in Svissera, o l’à annonçiou un accòrdio à vegnî co-a Nato: «Emmo ottegnuo tutto quello che voeivimo, l’inteisa a duià pe delongo», o l’à dito dòppo un incontro co-o segretäio generale Mark Rutte.",in,X,OTHER
"O prescidente american Donald Trump o l’à primma menassou di neuvi daçi contra i Paixi europëi che mandan de truppe in Groenlandia, dapeu a-o World Economic Forum de Davos, in Svissera, o l’à annonçiou un accòrdio à vegnî co-a Nato: «Emmo ottegnuo tutto quello che voeivimo, l’inteisa a duià pe delongo», o l’à dito dòppo un incontro co-o segretäio generale Mark Rutte.",Groenlandia,PROPN,NOUN
"O prescidente american Donald Trump o l’à primma menassou di neuvi daçi contra i Paixi europëi che mandan de truppe in Groenlandia, dapeu a-o World Economic Forum de Davos, in Svissera, o l’à annonçiou un accòrdio à vegnî co-a Nato: «Emmo ottegnuo tutto quello che voeivimo, l’inteisa a duià pe delongo», o l’à dito dòppo un incontro co-o segretäio generale Mark Rutte.",",",PUNCT,PUNCT
"O prescidente american Donald Trump o l’à primma menassou di neuvi daçi contra i Paixi europëi che mandan de truppe in Groenlandia, dapeu a-o World Economic Forum de Davos, in Svissera, o l’à annonçiou un accòrdio à vegnî co-a Nato: «Emmo ottegnuo tutto quello che voeivimo, l’inteisa a duià pe delongo», o l’à dito dòppo un incontro co-o segretäio generale Mark Rutte.",dapeu,VERB,VERB
"O prescidente american Donald Trump o l’à primma menassou di neuvi daçi contra i Paixi europëi che mandan de truppe in Groenlandia, dapeu a-o World Economic Forum de Davos, in Svissera, o l’à annonçiou un accòrdio à vegnî co-a Nato: «Emmo ottegnuo tutto quello che voeivimo, l’inteisa a duià pe delongo», o l’à dito dòppo un incontro co-o segretäio generale Mark Rutte.",a-o,VERB,VERB
"O prescidente american Donald Trump o l’à primma menassou di neuvi daçi contra i Paixi europëi che mandan de truppe in Groenlandia, dapeu a-o World Economic Forum de Davos, in Svissera, o l’à annonçiou un accòrdio à vegnî co-a Nato: «Emmo ottegnuo tutto quello che voeivimo, l’inteisa a duià pe delongo», o l’à dito dòppo un incontro co-o segretäio generale Mark Rutte.",World,PROPN,NOUN
"O prescidente american Donald Trump o l’à primma menassou di neuvi daçi contra i Paixi europëi che mandan de truppe in Groenlandia, dapeu a-o World Economic Forum de Davos, in Svissera, o l’à annonçiou un accòrdio à vegnî co-a Nato: «Emmo ottegnuo tutto quello che voeivimo, l’inteisa a duià pe delongo», o l’à dito dòppo un incontro co-o segretäio generale Mark Rutte.",Economic,PROPN,NOUN
"O prescidente american Donald Trump o l’à primma menassou di neuvi daçi contra i Paixi europëi che mandan de truppe in Groenlandia, dapeu a-o World Economic Forum de Davos, in Svissera, o l’à annonçiou un accòrdio à vegnî co-a Nato: «Emmo ottegnuo tutto quello che voeivimo, l’inteisa a duià pe delongo», o l’à dito dòppo un incontro co-o segretäio generale Mark Rutte.",Forum,PROPN,NOUN
"O prescidente american Donald Trump o l’à primma menassou di neuvi daçi contra i Paixi europëi che mandan de truppe in Groenlandia, dapeu a-o World Economic Forum de Davos, in Svissera, o l’à annonçiou un accòrdio à vegnî co-a Nato: «Emmo ottegnuo tutto quello che voeivimo, l’inteisa a duià pe delongo», o l’à dito dòppo un incontro co-o segretäio generale Mark Rutte.",de,ADP,FUNC
"O prescidente american Donald Trump o l’à primma menassou di neuvi daçi contra i Paixi europëi che mandan de truppe in Groenlandia, dapeu a-o World Economic Forum de Davos, in Svissera, o l’à annonçiou un accòrdio à vegnî co-a Nato: «Emmo ottegnuo tutto quello che voeivimo, l’inteisa a duià pe delongo», o l’à dito dòppo un incontro co-o segretäio generale Mark Rutte.",Davos,PROPN,NOUN
"O prescidente american Donald Trump o l’à primma menassou di neuvi daçi contra i Paixi europëi che mandan de truppe in Groenlandia, dapeu a-o World Economic Forum de Davos, in Svissera, o l’à annonçiou un accòrdio à vegnî co-a Nato: «Emmo ottegnuo tutto quello che voeivimo, l’inteisa a duià pe delongo», o l’à dito dòppo un incontro co-o segretäio generale Mark Rutte.",",",PUNCT,PUNCT
"O prescidente american Donald Trump o l’à primma menassou di neuvi daçi contra i Paixi europëi che mandan de truppe in Groenlandia, dapeu a-o World Economic Forum de Davos, in Svissera, o l’à annonçiou un accòrdio à vegnî co-a Nato: «Emmo ottegnuo tutto quello che voeivimo, l’inteisa a duià pe delongo», o l’à dito dòppo un incontro co-o segretäio generale Mark Rutte.",in,PROPN,NOUN
"O prescidente american Donald Trump o l’à primma menassou di neuvi daçi contra i Paixi europëi che mandan de truppe in Groenlandia, dapeu a-o World Economic Forum de Davos, in Svissera, o l’à annonçiou un accòrdio à vegnî co-a Nato: «Emmo ottegnuo tutto quello che voeivimo, l’inteisa a duià pe delongo», o l’à dito dòppo un incontro co-o segretäio generale Mark Rutte.",Svissera,PROPN,NOUN
"O prescidente american Donald Trump o l’à primma menassou di neuvi daçi contra i Paixi europëi che mandan de truppe in Groenlandia, dapeu a-o World Economic Forum de Davos, in Svissera, o l’à annonçiou un accòrdio à vegnî co-a Nato: «Emmo ottegnuo tutto quello che voeivimo, l’inteisa a duià pe delongo», o l’à dito dòppo un incontro co-o segretäio generale Mark Rutte.",",",PUNCT,PUNCT
"O prescidente american Donald Trump o l’à primma menassou di neuvi daçi contra i Paixi europëi che mandan de truppe in Groenlandia, dapeu a-o World Economic Forum de Davos, in Svissera, o l’à annonçiou un accòrdio à vegnî co-a Nato: «Emmo ottegnuo tutto quello che voeivimo, l’inteisa a duià pe delongo», o l’à dito dòppo un incontro co-o segretäio generale Mark Rutte.",o,DET,PRON
"O prescidente american Donald Trump o l’à primma menassou di neuvi daçi contra i Paixi europëi che mandan de truppe in Groenlandia, dapeu a-o World Economic Forum de Davos, in Svissera, o l’à annonçiou un accòrdio à vegnî co-a Nato: «Emmo ottegnuo tutto quello che voeivimo, l’inteisa a duià pe delongo», o l’à dito dòppo un incontro co-o segretäio generale Mark Rutte.",l’à,PROPN,NOUN
"O prescidente american Donald Trump o l’à primma menassou di neuvi daçi contra i Paixi europëi che mandan de truppe in Groenlandia, dapeu a-o World Economic Forum de Davos, in Svissera, o l’à annonçiou un accòrdio à vegnî co-a Nato: «Emmo ottegnuo tutto quello che voeivimo, l’inteisa a duià pe delongo», o l’à dito dòppo un incontro co-o segretäio generale Mark Rutte.",annonçiou,VERB,VERB
"O prescidente american Donald Trump o l’à primma menassou di neuvi daçi contra i Paixi europëi che mandan de truppe in Groenlandia, dapeu a-o World Economic Forum de Davos, in Svissera, o l’à annonçiou un accòrdio à vegnî co-a Nato: «Emmo ottegnuo tutto quello che voeivimo, l’inteisa a duià pe delongo», o l’à dito dòppo un incontro co-o segretäio generale Mark Rutte.",un,PROPN,NOUN
"O prescidente american Donald Trump o l’à primma menassou di neuvi daçi contra i Paixi europëi che mandan de truppe in Groenlandia, dapeu a-o World Economic Forum de Davos, in Svissera, o l’à annonçiou un accòrdio à vegnî co-a Nato: «Emmo ottegnuo tutto quello che voeivimo, l’inteisa a duià pe delongo», o l’à dito dòppo un incontro co-o segretäio generale Mark Rutte.",accòrdio,NOUN,NOUN
"O prescidente american Donald Trump o l’à primma menassou di neuvi daçi contra i Paixi europëi che mandan de truppe in Groenlandia, dapeu a-o World Economic Forum de Davos, in Svissera, o l’à annonçiou un accòrdio à vegnî co-a Nato: «Emmo ottegnuo tutto quello che voeivimo, l’inteisa a duià pe delongo», o l’à dito dòppo un incontro co-o segretäio generale Mark Rutte.",à,ADP,FUNC
"O prescidente american Donald Trump o l’à primma menassou di neuvi daçi contra i Paixi europëi che mandan de truppe in Groenlandia, dapeu a-o World Economic Forum de Davos, in Svissera, o l’à annonçiou un accòrdio à vegnî co-a Nato: «Emmo ottegnuo tutto quello che voeivimo, l’inteisa a duià pe delongo», o l’à dito dòppo un incontro co-o segretäio generale Mark Rutte.",vegnî,NOUN,NOUN
"O prescidente american Donald Trump o l’à primma menassou di neuvi daçi contra i Paixi europëi che mandan de truppe in Groenlandia, dapeu a-o World Economic Forum de Davos, in Svissera, o l’à annonçiou un accòrdio à vegnî co-a Nato: «Emmo ottegnuo tutto quello che voeivimo, l’inteisa a duià pe delongo», o l’à dito dòppo un incontro co-o segretäio generale Mark Rutte.",co-a,ADV,ADV
"O prescidente american Donald Trump o l’à primma menassou di neuvi daçi contra i Paixi europëi che mandan de truppe in Groenlandia, dapeu a-o World Economic Forum de Davos, in Svissera, o l’à annonçiou un accòrdio à vegnî co-a Nato: «Emmo ottegnuo tutto quello che voeivimo, l’inteisa a duià pe delongo», o l’à dito dòppo un incontro co-o segretäio generale Mark Rutte.",Nato,NOUN,NOUN
"O prescidente american Donald Trump o l’à primma menassou di neuvi daçi contra i Paixi europëi che mandan de truppe in Groenlandia, dapeu a-o World Economic Forum de Davos, in Svissera, o l’à annonçiou un accòrdio à vegnî co-a Nato: «Emmo ottegnuo tutto quello che voeivimo, l’inteisa a duià pe delongo», o l’à dito dòppo un incontro co-o segretäio generale Mark Rutte.",:,PUNCT,PUNCT
"O prescidente american Donald Trump o l’à primma menassou di neuvi daçi contra i Paixi europëi che mandan de truppe in Groenlandia, dapeu a-o World Economic Forum de Davos, in Svissera, o l’à annonçiou un accòrdio à vegnî co-a Nato: «Emmo ottegnuo tutto quello che voeivimo, l’inteisa a duià pe delongo», o l’à dito dòppo un incontro co-o segretäio generale Mark Rutte.",«,PUNCT,PUNCT
"O prescidente american Donald Trump o l’à primma menassou di neuvi daçi contra i Paixi europëi che mandan de truppe in Groenlandia, dapeu a-o World Economic Forum de Davos, in Svissera, o l’à annonçiou un accòrdio à vegnî co-a Nato: «Emmo ottegnuo tutto quello che voeivimo, l’inteisa a duià pe delongo», o l’à dito dòppo un incontro co-o segretäio generale Mark Rutte.",Emmo,PROPN,NOUN
"O prescidente american Donald Trump o l’à primma menassou di neuvi daçi contra i Paixi europëi che mandan de truppe in Groenlandia, dapeu a-o World Economic Forum de Davos, in Svissera, o l’à annonçiou un accòrdio à vegnî co-a Nato: «Emmo ottegnuo tutto quello che voeivimo, l’inteisa a duià pe delongo», o l’à dito dòppo un incontro co-o segretäio generale Mark Rutte.",ottegnuo,VERB,VERB
"O prescidente american Donald Trump o l’à primma menassou di neuvi daçi contra i Paixi europëi che mandan de truppe in Groenlandia, dapeu a-o World Economic Forum de Davos, in Svissera, o l’à annonçiou un accòrdio à vegnî co-a Nato: «Emmo ottegnuo tutto quello che voeivimo, l’inteisa a duià pe delongo», o l’à dito dòppo un incontro co-o segretäio generale Mark Rutte.",tutto,NOUN,NOUN
"O prescidente american Donald Trump o l’à primma menassou di neuvi daçi contra i Paixi europëi che mandan de truppe in Groenlandia, dapeu a-o World Economic Forum de Davos, in Svissera, o l’à annonçiou un accòrdio à vegnî co-a Nato: «Emmo ottegnuo tutto quello che voeivimo, l’inteisa a duià pe delongo», o l’à dito dòppo un incontro co-o segretäio generale Mark Rutte.",quello,VERB,VERB
"O prescidente american Donald Trump o l’à primma menassou di neuvi daçi contra i Paixi europëi che mandan de truppe in Groenlandia, dapeu a-o World Economic Forum de Davos, in Svissera, o l’à annonçiou un accòrdio à vegnî co-a Nato: «Emmo ottegnuo tutto quello che voeivimo, l’inteisa a duià pe delongo», o l’à dito dòppo un incontro co-o segretäio generale Mark Rutte.",che,VERB,VERB
"O prescidente american Donald Trump o l’à primma menassou di neuvi daçi contra i Paixi europëi che mandan de truppe in Groenlandia, dapeu a-o World Economic Forum de Davos, in Svissera, o l’à annonçiou un accòrdio à vegnî co-a Nato: «Emmo ottegnuo tutto quello che voeivimo, l’inteisa a duià pe delongo», o l’à dito dòppo un incontro co-o segretäio generale Mark Rutte.",voeivimo,ADJ,ADJ
"O prescidente american Donald Trump o l’à primma menassou di neuvi daçi contra i Paixi europëi che mandan de truppe in Groenlandia, dapeu a-o World Economic Forum de Davos, in Svissera, o l’à annonçiou un accòrdio à vegnî co-a Nato: «Emmo ottegnuo tutto quello che voeivimo, l’inteisa a duià pe delongo», o l’à dito dòppo un incontro co-o segretäio generale Mark Rutte.",",",PUNCT,PUNCT
"O prescidente american Donald Trump o l’à primma menassou di neuvi daçi contra i Paixi europëi che mandan de truppe in Groenlandia, dapeu a-o World Economic Forum de Davos, in Svissera, o l’à annonçiou un accòrdio à vegnî co-a Nato: «Emmo ottegnuo tutto quello che voeivimo, l’inteisa a duià pe delongo», o l’à dito dòppo un incontro co-o segretäio generale Mark Rutte.",l’inteisa,NOUN,NOUN
"O prescidente american Donald Trump o l’à primma menassou di neuvi daçi contra i Paixi europëi che mandan de truppe in Groenlandia, dapeu a-o World Economic Forum de Davos, in Svissera, o l’à annonçiou un accòrdio à vegnî co-a Nato: «Emmo ottegnuo tutto quello che voeivimo, l’inteisa a duià pe delongo», o l’à dito dòppo un incontro co-o segretäio generale Mark Rutte.",a,DET,PRON
"O prescidente american Donald Trump o l’à primma menassou di neuvi daçi contra i Paixi europëi che mandan de truppe in Groenlandia, dapeu a-o World Economic Forum de Davos, in Svissera, o l’à annonçiou un accòrdio à vegnî co-a Nato: «Emmo ottegnuo tutto quello che voeivimo, l’inteisa a duià pe delongo», o l’à dito dòppo un incontro co-o segretäio generale Mark Rutte.",duià,NOUN,NOUN
"O prescidente american Donald Trump o l’à primma menassou di neuvi daçi contra i Paixi europëi che mandan de truppe in Groenlandia, dapeu a-o World Economic Forum de Davos, in Svissera, o l’à annonçiou un accòrdio à vegnî co-a Nato: «Emmo ottegnuo tutto quello che voeivimo, l’inteisa a duià pe delongo», o l’à dito dòppo un incontro co-o segretäio generale Mark Rutte.",pe,ADP,FUNC
"O prescidente american Donald Trump o l’à primma menassou di neuvi daçi contra i Paixi europëi che mandan de truppe in Groenlandia, dapeu a-o World Economic Forum de Davos, in Svissera, o l’à annonçiou un accòrdio à vegnî co-a Nato: «Emmo ottegnuo tutto quello che voeivimo, l’inteisa a duià pe delongo», o l’à dito dòppo un incontro co-o segretäio generale Mark Rutte.",delongo,NOUN,NOUN
"O prescidente american Donald Trump o l’à primma menassou di neuvi daçi contra i Paixi europëi che mandan de truppe in Groenlandia, dapeu a-o World Economic Forum de Davos, in Svissera, o l’à annonçiou un accòrdio à vegnî co-a Nato: «Emmo ottegnuo tutto quello che voeivimo, l’inteisa a duià pe delongo», o l’à dito dòppo un incontro co-o segretäio generale Mark Rutte.",»,PUNCT,PUNCT
"O prescidente american Donald Trump o l’à primma menassou di neuvi daçi contra i Paixi europëi che mandan de truppe in Groenlandia, dapeu a-o World Economic Forum de Davos, in Svissera, o l’à annonçiou un accòrdio à vegnî co-a Nato: «Emmo ottegnuo tutto quello che voeivimo, l’inteisa a duià pe delongo», o l’à dito dòppo un incontro co-o segretäio generale Mark Rutte.",",",PUNCT,PUNCT
"O prescidente american Donald Trump o l’à primma menassou di neuvi daçi contra i Paixi europëi che mandan de truppe in Groenlandia, dapeu a-o World Economic Forum de Davos, in Svissera, o l’à annonçiou un accòrdio à vegnî co-a Nato: «Emmo ottegnuo tutto quello che voeivimo, l’inteisa a duià pe delongo», o l’à dito dòppo un incontro co-o segretäio generale Mark Rutte.",o,DET,PRON
"O prescidente american Donald Trump o l’à primma menassou di neuvi daçi contra i Paixi europëi che mandan de truppe in Groenlandia, dapeu a-o World Economic Forum de Davos, in Svissera, o l’à annonçiou un accòrdio à vegnî co-a Nato: «Emmo ottegnuo tutto quello che voeivimo, l’inteisa a duià pe delongo», o l’à dito dòppo un incontro co-o segretäio generale Mark Rutte.",l’à,NOUN,NOUN
"O prescidente american Donald Trump o l’à primma menassou di neuvi daçi contra i Paixi europëi che mandan de truppe in Groenlandia, dapeu a-o World Economic Forum de Davos, in Svissera, o l’à annonçiou un accòrdio à vegnî co-a Nato: «Emmo ottegnuo tutto quello che voeivimo, l’inteisa a duià pe delongo», o l’à dito dòppo un incontro co-o segretäio generale Mark Rutte.",dito,VERB,VERB
"O prescidente american Donald Trump o l’à primma menassou di neuvi daçi contra i Paixi europëi che mandan de truppe in Groenlandia, dapeu a-o World Economic Forum de Davos, in Svissera, o l’à annonçiou un accòrdio à vegnî co-a Nato: «Emmo ottegnuo tutto quello che voeivimo, l’inteisa a duià pe delongo», o l’à dito dòppo un incontro co-o segretäio generale Mark Rutte.",dòppo,NUM,ADJ
"O prescidente american Donald Trump o l’à primma menassou di neuvi daçi contra i Paixi europëi che mandan de truppe in Groenlandia, dapeu a-o World Economic Forum de Davos, in Svissera, o l’à annonçiou un accòrdio à vegnî co-a Nato: «Emmo ottegnuo tutto quello che voeivimo, l’inteisa a duià pe delongo», o l’à dito dòppo un incontro co-o segretäio generale Mark Rutte.",un,PROPN,NOUN
"O prescidente american Donald Trump o l’à primma menassou di neuvi daçi contra i Paixi europëi che mandan de truppe in Groenlandia, dapeu a-o World Economic Forum de Davos, in Svissera, o l’à annonçiou un accòrdio à vegnî co-a Nato: «Emmo ottegnuo tutto quello che voeivimo, l’inteisa a duià pe delongo», o l’à dito dòppo un incontro co-o segretäio generale Mark Rutte.",incontro,PROPN,NOUN
"O prescidente american Donald Trump o l’à primma menassou di neuvi daçi contra i Paixi europëi che mandan de truppe in Groenlandia, dapeu a-o World Economic Forum de Davos, in Svissera, o l’à annonçiou un accòrdio à vegnî co-a Nato: «Emmo ottegnuo tutto quello che voeivimo, l’inteisa a duià pe delongo», o l’à dito dòppo un incontro co-o segretäio generale Mark Rutte.",co-o,PROPN,NOUN
"O prescidente american Donald Trump o l’à primma menassou di neuvi daçi contra i Paixi europëi che mandan de truppe in Groenlandia, dapeu a-o World Economic Forum de Davos, in Svissera, o l’à annonçiou un accòrdio à vegnî co-a Nato: «Emmo ottegnuo tutto quello che voeivimo, l’inteisa a duià pe delongo», o l’à dito dòppo un incontro co-o segretäio generale Mark Rutte.",segretäio,ADJ,ADJ
"O prescidente american Donald Trump o l’à primma menassou di neuvi daçi contra i Paixi europëi che mandan de truppe in Groenlandia, dapeu a-o World Economic Forum de Davos, in Svissera, o l’à annonçiou un accòrdio à vegnî co-a Nato: «Emmo ottegnuo tutto quello che voeivimo, l’inteisa a duià pe delongo», o l’à dito dòppo un incontro co-o segretäio generale Mark Rutte.",generale,ADJ,ADJ
"O prescidente american Donald Trump o l’à primma menassou di neuvi daçi contra i Paixi europëi che mandan de truppe in Groenlandia, dapeu a-o World Economic Forum de Davos, in Svissera, o l’à annonçiou un accòrdio à vegnî co-a Nato: «Emmo ottegnuo tutto quello che voeivimo, l’inteisa a duià pe delongo», o l’à dito dòppo un incontro co-o segretäio generale Mark Rutte.",Mark,PROPN,NOUN
"O prescidente american Donald Trump o l’à primma menassou di neuvi daçi contra i Paixi europëi che mandan de truppe in Groenlandia, dapeu a-o World Economic Forum de Davos, in Svissera, o l’à annonçiou un accòrdio à vegnî co-a Nato: «Emmo ottegnuo tutto quello che voeivimo, l’inteisa a duià pe delongo», o l’à dito dòppo un incontro co-o segretäio generale Mark Rutte.",Rutte,PROPN,NOUN
"O prescidente american Donald Trump o l’à primma menassou di neuvi daçi contra i Paixi europëi che mandan de truppe in Groenlandia, dapeu a-o World Economic Forum de Davos, in Svissera, o l’à annonçiou un accòrdio à vegnî co-a Nato: «Emmo ottegnuo tutto quello che voeivimo, l’inteisa a duià pe delongo», o l’à dito dòppo un incontro co-o segretäio generale Mark Rutte.",.,PUNCT,PUNCT
L’Union europea a l’ea za apreuvo à studiâ unna «respòsta unitäia».,L’Union,PROPN,NOUN
L’Union europea a l’ea za apreuvo à studiâ unna «respòsta unitäia».,europea,VERB,VERB
L’Union europea a l’ea za apreuvo à studiâ unna «respòsta unitäia».,a,ADP,FUNC
L’Union europea a l’ea za apreuvo à studiâ unna «respòsta unitäia».,l’ea,PROPN,NOUN
L’Union europea a l’ea za apreuvo à studiâ unna «respòsta unitäia».,za,DET,PRON
L’Union europea a l’ea za apreuvo à studiâ unna «respòsta unitäia».,apreuvo,NOUN,NOUN
L’Union europea a l’ea za apreuvo à studiâ unna «respòsta unitäia».,à,ADP,FUNC
L’Union europea a l’ea za apreuvo à studiâ unna «respòsta unitäia».,studiâ,VERB,VERB
L’Union europea a l’ea za apreuvo à studiâ unna «respòsta unitäia».,unna,PROPN,NOUN
L’Union europea a l’ea za apreuvo à studiâ unna «respòsta unitäia».,«,PUNCT,PUNCT
L’Union europea a l’ea za apreuvo à studiâ unna «respòsta unitäia».,respòsta,VERB,VERB
L’Union europea a l’ea za apreuvo à studiâ unna «respòsta unitäia».,unitäia,X,OTHER
L’Union europea a l’ea za apreuvo à studiâ unna «respòsta unitäia».,»,PUNCT,PUNCT
L’Union europea a l’ea za apreuvo à studiâ unna «respòsta unitäia».,.,PUNCT,PUNCT
Sempre à Davos l’é stæto presentou o Bord of peace pe Gazza con 20 Paixi.,Sempre,ADV,ADV
Sempre à Davos l’é stæto presentou o Bord of peace pe Gazza con 20 Paixi.,à,ADP,FUNC
Sempre à Davos l’é stæto presentou o Bord of peace pe Gazza con 20 Paixi.,Davos,PROPN,NOUN
Sempre à Davos l’é stæto presentou o Bord of peace pe Gazza con 20 Paixi.,l’é,PROPN,NOUN
Sempre à Davos l’é stæto presentou o Bord of peace pe Gazza con 20 Paixi.,stæto,PROPN,NOUN
Sempre à Davos l’é stæto presentou o Bord of peace pe Gazza con 20 Paixi.,presentou,VERB,VERB
Sempre à Davos l’é stæto presentou o Bord of peace pe Gazza con 20 Paixi.,o,DET,PRON
Sempre à Davos l’é stæto presentou o Bord of peace pe Gazza con 20 Paixi.,Bord,PROPN,NOUN
Sempre à Davos l’é stæto presentou o Bord of peace pe Gazza con 20 Paixi.,of,PROPN,NOUN
Sempre à Davos l’é stæto presentou o Bord of peace pe Gazza con 20 Paixi.,peace,PROPN,NOUN
Sempre à Davos l’é stæto presentou o Bord of peace pe Gazza con 20 Paixi.,pe,ADP,FUNC
Sempre à Davos l’é stæto presentou o Bord of peace pe Gazza con 20 Paixi.,Gazza,PROPN,NOUN
Sempre à Davos l’é stæto presentou o Bord of peace pe Gazza con 20 Paixi.,con,VERB,VERB
Sempre à Davos l’é stæto presentou o Bord of peace pe Gazza con 20 Paixi.,20,NUM,ADJ
Sempre à Davos l’é stæto presentou o Bord of peace pe Gazza con 20 Paixi.,Paixi,PROPN,NOUN
Sempre à Davos l’é stæto presentou o Bord of peace pe Gazza con 20 Paixi.,.,PUNCT,PUNCT
"Intanto comensa torna e trattative in sce l’Ucraina, o Zelensky o l’à attaccou: «Euröpa spartia e persa davanti a-o Trump».",Intanto,NOUN,NOUN
"Intanto comensa torna e trattative in sce l’Ucraina, o Zelensky o l’à attaccou: «Euröpa spartia e persa davanti a-o Trump».",comensa,ADV,ADV
"Intanto comensa torna e trattative in sce l’Ucraina, o Zelensky o l’à attaccou: «Euröpa spartia e persa davanti a-o Trump».",torna,VERB,VERB
"Intanto comensa torna e trattative in sce l’Ucraina, o Zelensky o l’à attaccou: «Euröpa spartia e persa davanti a-o Trump».",e,CCONJ,FUNC
"Intanto comensa torna e trattative in sce l’Ucraina, o Zelensky o l’à attaccou: «Euröpa spartia e persa davanti a-o Trump».",trattative,VERB,VERB
"Intanto comensa torna e trattative in sce l’Ucraina, o Zelensky o l’à attaccou: «Euröpa spartia e persa davanti a-o Trump».",in,X,OTHER
"Intanto comensa torna e trattative in sce l’Ucraina, o Zelensky o l’à attaccou: «Euröpa spartia e persa davanti a-o Trump».",sce,INTJ,OTHER
"Intanto comensa torna e trattative in sce l’Ucraina, o Zelensky o l’à attaccou: «Euröpa spartia e persa davanti a-o Trump».",l’Ucraina,PROPN,NOUN
"Intanto comensa torna e trattative in sce l’Ucraina, o Zelensky o l’à attaccou: «Euröpa spartia e persa davanti a-o Trump».",",",PUNCT,PUNCT
"Intanto comensa torna e trattative in sce l’Ucraina, o Zelensky o l’à attaccou: «Euröpa spartia e persa davanti a-o Trump».",o,DET,PRON
"Intanto comensa torna e trattative in sce l’Ucraina, o Zelensky o l’à attaccou: «Euröpa spartia e persa davanti a-o Trump».",Zelensky,PROPN,NOUN
"Intanto comensa torna e trattative in sce l’Ucraina, o Zelensky o l’à attaccou: «Euröpa spartia e persa davanti a-o Trump».",o,DET,PRON
"Intanto comensa torna e trattative in sce l’Ucraina, o Zelensky o l’à attaccou: «Euröpa spartia e persa davanti a-o Trump».",l’à,PROPN,NOUN
"Intanto comensa torna e trattative in sce l’Ucraina, o Zelensky o l’à attaccou: «Euröpa spartia e persa davanti a-o Trump».",attaccou,VERB,VERB
"Intanto comensa torna e trattative in sce l’Ucraina, o Zelensky o l’à attaccou: «Euröpa spartia e persa davanti a-o Trump».",:,PUNCT,PUNCT
"Intanto comensa torna e trattative in sce l’Ucraina, o Zelensky o l’à attaccou: «Euröpa spartia e persa davanti a-o Trump».",«,PUNCT,PUNCT
"Intanto comensa torna e trattative in sce l’Ucraina, o Zelensky o l’à attaccou: «Euröpa spartia e persa davanti a-o Trump».",Euröpa,PROPN,NOUN
"Intanto comensa torna e trattative in sce l’Ucraina, o Zelensky o l’à attaccou: «Euröpa spartia e persa davanti a-o Trump».",spartia,VERB,VERB
"Intanto comensa torna e trattative in sce l’Ucraina, o Zelensky o l’à attaccou: «Euröpa spartia e persa davanti a-o Trump».",e,CCONJ,FUNC
"Intanto comensa torna e trattative in sce l’Ucraina, o Zelensky o l’à attaccou: «Euröpa spartia e persa davanti a-o Trump».",persa,ADJ,ADJ
"Intanto comensa torna e trattative in sce l’Ucraina, o Zelensky o l’à attaccou: «Euröpa spartia e persa davanti a-o Trump».",davanti,VERB,VERB
"Intanto comensa torna e trattative in sce l’Ucraina, o Zelensky o l’à attaccou: «Euröpa spartia e persa davanti a-o Trump».",a-o,VERB,VERB
"Intanto comensa torna e trattative in sce l’Ucraina, o Zelensky o l’à attaccou: «Euröpa spartia e persa davanti a-o Trump».",Trump,PROPN,NOUN
"Intanto comensa torna e trattative in sce l’Ucraina, o Zelensky o l’à attaccou: «Euröpa spartia e persa davanti a-o Trump».",»,PUNCT,PUNCT
"Intanto comensa torna e trattative in sce l’Ucraina, o Zelensky o l’à attaccou: «Euröpa spartia e persa davanti a-o Trump».",.,PUNCT,PUNCT
A Ruscia a no ghe mòlla in sciô Donbass.,A,DET,PRON
A Ruscia a no ghe mòlla in sciô Donbass.,Ruscia,PROPN,NOUN
A Ruscia a no ghe mòlla in sciô Donbass.,a,ADP,FUNC
A Ruscia a no ghe mòlla in sciô Donbass.,no,ADP,FUNC
A Ruscia a no ghe mòlla in sciô Donbass.,ghe,NOUN,NOUN
A Ruscia a no ghe mòlla in sciô Donbass.,mòlla,PROPN,NOUN
A Ruscia a no ghe mòlla in sciô Donbass.,in,PROPN,NOUN
A Ruscia a no ghe mòlla in sciô Donbass.,sciô,VERB,VERB
A Ruscia a no ghe mòlla in sciô Donbass.,Donbass,PROPN,NOUN
A Ruscia a no ghe mòlla in sciô Donbass.,.,PUNCT,PUNCT
"A-o manco 43 mòrti e ciù de 100 ferii in Spagna pe un açidente ferroviäio tra doî treni spedii in Andaluçia, vexin à Còrdova.",A-o,ADJ,ADJ
"A-o manco 43 mòrti e ciù de 100 ferii in Spagna pe un açidente ferroviäio tra doî treni spedii in Andaluçia, vexin à Còrdova.",manco,PROPN,NOUN
"A-o manco 43 mòrti e ciù de 100 ferii in Spagna pe un açidente ferroviäio tra doî treni spedii in Andaluçia, vexin à Còrdova.",43,NUM,ADJ
"A-o manco 43 mòrti e ciù de 100 ferii in Spagna pe un açidente ferroviäio tra doî treni spedii in Andaluçia, vexin à Còrdova.",mòrti,VERB,VERB
"A-o manco 43 mòrti e ciù de 100 ferii in Spagna pe un açidente ferroviäio tra doî treni spedii in Andaluçia, vexin à Còrdova.",e,CCONJ,FUNC
"A-o manco 43 mòrti e ciù de 100 ferii in Spagna pe un açidente ferroviäio tra doî treni spedii in Andaluçia, vexin à Còrdova.",ciù,NOUN,NOUN
"A-o manco 43 mòrti e ciù de 100 ferii in Spagna pe un açidente ferroviäio tra doî treni spedii in Andaluçia, vexin à Còrdova.",de,ADP,FUNC
"A-o manco 43 mòrti e ciù de 100 ferii in Spagna pe un açidente ferroviäio tra doî treni spedii in Andaluçia, vexin à Còrdova.",100,NUM,ADJ
"A-o manco 43 mòrti e ciù de 100 ferii in Spagna pe un açidente ferroviäio tra doî treni spedii in Andaluçia, vexin à Còrdova.",ferii,NUM,ADJ
"A-o manco 43 mòrti e ciù de 100 ferii in Spagna pe un açidente ferroviäio tra doî treni spedii in Andaluçia, vexin à Còrdova.",in,NOUN,NOUN
"A-o manco 43 mòrti e ciù de 100 ferii in Spagna pe un açidente ferroviäio tra doî treni spedii in Andaluçia, vexin à Còrdova.",Spagna,PROPN,NOUN
"A-o manco 43 mòrti e ciù de 100 ferii in Spagna pe un açidente ferroviäio tra doî treni spedii in Andaluçia, vexin à Còrdova.",pe,ADP,FUNC
"A-o manco 43 mòrti e ciù de 100 ferii in Spagna pe un açidente ferroviäio tra doî treni spedii in Andaluçia, vexin à Còrdova.",un,PROPN,NOUN
"A-o manco 43 mòrti e ciù de 100 ferii in Spagna pe un açidente ferroviäio tra doî treni spedii in Andaluçia, vexin à Còrdova.",açidente,ADV,ADV
"A-o manco 43 mòrti e ciù de 100 ferii in Spagna pe un açidente ferroviäio tra doî treni spedii in Andaluçia, vexin à Còrdova.",ferroviäio,ADJ,ADJ
"A-o manco 43 mòrti e ciù de 100 ferii in Spagna pe un açidente ferroviäio tra doî treni spedii in Andaluçia, vexin à Còrdova.",tra,PROPN,NOUN
"A-o manco 43 mòrti e ciù de 100 ferii in Spagna pe un açidente ferroviäio tra doî treni spedii in Andaluçia, vexin à Còrdova.",doî,PROPN,NOUN
"A-o manco 43 mòrti e ciù de 100 ferii in Spagna pe un açidente ferroviäio tra doî treni spedii in Andaluçia, vexin à Còrdova.",treni,NOUN,NOUN
"A-o manco 43 mòrti e ciù de 100 ferii in Spagna pe un açidente ferroviäio tra doî treni spedii in Andaluçia, vexin à Còrdova.",spedii,PROPN,NOUN
"A-o manco 43 mòrti e ciù de 100 ferii in Spagna pe un açidente ferroviäio tra doî treni spedii in Andaluçia, vexin à Còrdova.",in,NOUN,NOUN
"A-o manco 43 mòrti e ciù de 100 ferii in Spagna pe un açidente ferroviäio tra doî treni spedii in Andaluçia, vexin à Còrdova.",Andaluçia,PROPN,NOUN
"A-o manco 43 mòrti e ciù de 100 ferii in Spagna pe un açidente ferroviäio tra doî treni spedii in Andaluçia, vexin à Còrdova.",",",PUNCT,PUNCT
"A-o manco 43 mòrti e ciù de 100 ferii in Spagna pe un açidente ferroviäio tra doî treni spedii in Andaluçia, vexin à Còrdova.",vexin,VERB,VERB
"A-o manco 43 mòrti e ciù de 100 ferii in Spagna pe un açidente ferroviäio tra doî treni spedii in Andaluçia, vexin à Còrdova.",à,ADP,FUNC
"A-o manco 43 mòrti e ciù de 100 ferii in Spagna pe un açidente ferroviäio tra doî treni spedii in Andaluçia, vexin à Còrdova.",Còrdova,PROPN,NOUN
"A-o manco 43 mòrti e ciù de 100 ferii in Spagna pe un açidente ferroviäio tra doî treni spedii in Andaluçia, vexin à Còrdova.",.,PUNCT,PUNCT
Trei vagoin scon sciortii feua da-e colisse.,Trei,NOUN,NOUN
Trei vagoin scon sciortii feua da-e colisse.,vagoin,ADJ,ADJ
Trei vagoin scon sciortii feua da-e colisse.,scon,ADJ,ADJ
Trei vagoin scon sciortii feua da-e colisse.,sciortii,PROPN,NOUN
Trei vagoin scon sciortii feua da-e colisse.,feua,PROPN,NOUN
Trei vagoin scon sciortii feua da-e colisse.,da-e,PROPN,NOUN
Trei vagoin scon sciortii feua da-e colisse.,colisse,PROPN,NOUN
Trei vagoin scon sciortii feua da-e colisse.,.,PUNCT,PUNCT
Dexeñe de persoñe no son stæte ancon attrovæ.,Dexeñe,ADV,ADV
Dexeñe de persoñe no son stæte ancon attrovæ.,de,ADP,FUNC
Dexeñe de persoñe no son stæte ancon attrovæ.,persoñe,VERB,VERB
Dexeñe de persoñe no son stæte ancon attrovæ.,no,ADP,FUNC
Dexeñe de persoñe no son stæte ancon attrovæ.,son,PROPN,NOUN
Dexeñe de persoñe no son stæte ancon attrovæ.,stæte,NOUN,NOUN
Dexeñe de persoñe no son stæte ancon attrovæ.,ancon,ADJ,ADJ
Dexeñe de persoñe no son stæte ancon attrovæ.,attrovæ,ADJ,ADJ
Dexeñe de persoñe no son stæte ancon attrovæ.,.,PUNCT,PUNCT
Inta mæxima træta gh’ea za stæto eutto guasti inti anni passæ.,Inta,PROPN,NOUN
Inta mæxima træta gh’ea za stæto eutto guasti inti anni passæ.,mæxima,VERB,VERB
Inta mæxima træta gh’ea za stæto eutto guasti inti anni passæ.,træta,VERB,VERB
Inta mæxima træta gh’ea za stæto eutto guasti inti anni passæ.,gh’ea,NOUN,NOUN
Inta mæxima træta gh’ea za stæto eutto guasti inti anni passæ.,za,AUX,VERB
Inta mæxima træta gh’ea za stæto eutto guasti inti anni passæ.,stæto,VERB,VERB
Inta mæxima træta gh’ea za stæto eutto guasti inti anni passæ.,eutto,NOUN,NOUN
Inta mæxima træta gh’ea za stæto eutto guasti inti anni passæ.,guasti,ADJ,ADJ
Inta mæxima træta gh’ea za stæto eutto guasti inti anni passæ.,inti,NOUN,NOUN
Inta mæxima træta gh’ea za stæto eutto guasti inti anni passæ.,anni,VERB,VERB
Inta mæxima træta gh’ea za stæto eutto guasti inti anni passæ.,passæ,PROPN,NOUN
Inta mæxima træta gh’ea za stæto eutto guasti inti anni passæ.,.,PUNCT,PUNCT
Da lì à pöco l’é capitou atri doî açidenti in sciâ ræ spagnòlla.,Da,ADP,FUNC
Da lì à pöco l’é capitou atri doî açidenti in sciâ ræ spagnòlla.,lì,NOUN,NOUN
Da lì à pöco l’é capitou atri doî açidenti in sciâ ræ spagnòlla.,à,ADP,FUNC
Da lì à pöco l’é capitou atri doî açidenti in sciâ ræ spagnòlla.,pöco,NOUN,NOUN
Da lì à pöco l’é capitou atri doî açidenti in sciâ ræ spagnòlla.,l’é,PROPN,NOUN
Da lì à pöco l’é capitou atri doî açidenti in sciâ ræ spagnòlla.,capitou,VERB,VERB
Da lì à pöco l’é capitou atri doî açidenti in sciâ ræ spagnòlla.,atri,PROPN,NOUN
Da lì à pöco l’é capitou atri doî açidenti in sciâ ræ spagnòlla.,doî,PROPN,NOUN
Da lì à pöco l’é capitou atri doî açidenti in sciâ ræ spagnòlla.,açidenti,X,OTHER
Da lì à pöco l’é capitou atri doî açidenti in sciâ ræ spagnòlla.,in,NOUN,NOUN
Da lì à pöco l’é capitou atri doî açidenti in sciâ ræ spagnòlla.,sciâ,ADJ,ADJ
Da lì à pöco l’é capitou atri doî açidenti in sciâ ræ spagnòlla.,ræ,NOUN,NOUN
Da lì à pöco l’é capitou atri doî açidenti in sciâ ræ spagnòlla.,spagnòlla,VERB,VERB
Da lì à pöco l’é capitou atri doî açidenti in sciâ ræ spagnòlla.,.,PUNCT,PUNCT
"In Catalogna, vexin à Gelida, un miagion o l’é vegnuo zu tanto che passava un treno regionale, fòscia pe-o tempo grammo: o machinista o l’é mòrto.",In,PROPN,NOUN
"In Catalogna, vexin à Gelida, un miagion o l’é vegnuo zu tanto che passava un treno regionale, fòscia pe-o tempo grammo: o machinista o l’é mòrto.",Catalogna,PROPN,NOUN
"In Catalogna, vexin à Gelida, un miagion o l’é vegnuo zu tanto che passava un treno regionale, fòscia pe-o tempo grammo: o machinista o l’é mòrto.",",",PUNCT,PUNCT
"In Catalogna, vexin à Gelida, un miagion o l’é vegnuo zu tanto che passava un treno regionale, fòscia pe-o tempo grammo: o machinista o l’é mòrto.",vexin,VERB,VERB
"In Catalogna, vexin à Gelida, un miagion o l’é vegnuo zu tanto che passava un treno regionale, fòscia pe-o tempo grammo: o machinista o l’é mòrto.",à,ADP,FUNC
"In Catalogna, vexin à Gelida, un miagion o l’é vegnuo zu tanto che passava un treno regionale, fòscia pe-o tempo grammo: o machinista o l’é mòrto.",Gelida,PROPN,NOUN
"In Catalogna, vexin à Gelida, un miagion o l’é vegnuo zu tanto che passava un treno regionale, fòscia pe-o tempo grammo: o machinista o l’é mòrto.",",",PUNCT,PUNCT
"In Catalogna, vexin à Gelida, un miagion o l’é vegnuo zu tanto che passava un treno regionale, fòscia pe-o tempo grammo: o machinista o l’é mòrto.",un,PROPN,NOUN
"In Catalogna, vexin à Gelida, un miagion o l’é vegnuo zu tanto che passava un treno regionale, fòscia pe-o tempo grammo: o machinista o l’é mòrto.",miagion,PROPN,NOUN
"In Catalogna, vexin à Gelida, un miagion o l’é vegnuo zu tanto che passava un treno regionale, fòscia pe-o tempo grammo: o machinista o l’é mòrto.",o,DET,PRON
"In Catalogna, vexin à Gelida, un miagion o l’é vegnuo zu tanto che passava un treno regionale, fòscia pe-o tempo grammo: o machinista o l’é mòrto.",l’é,PROPN,NOUN
"In Catalogna, vexin à Gelida, un miagion o l’é vegnuo zu tanto che passava un treno regionale, fòscia pe-o tempo grammo: o machinista o l’é mòrto.",vegnuo,ADJ,ADJ
"In Catalogna, vexin à Gelida, un miagion o l’é vegnuo zu tanto che passava un treno regionale, fòscia pe-o tempo grammo: o machinista o l’é mòrto.",zu,X,OTHER
"In Catalogna, vexin à Gelida, un miagion o l’é vegnuo zu tanto che passava un treno regionale, fòscia pe-o tempo grammo: o machinista o l’é mòrto.",tanto,ADV,ADV
"In Catalogna, vexin à Gelida, un miagion o l’é vegnuo zu tanto che passava un treno regionale, fòscia pe-o tempo grammo: o machinista o l’é mòrto.",che,VERB,VERB
"In Catalogna, vexin à Gelida, un miagion o l’é vegnuo zu tanto che passava un treno regionale, fòscia pe-o tempo grammo: o machinista o l’é mòrto.",passava,VERB,VERB
"In Catalogna, vexin à Gelida, un miagion o l’é vegnuo zu tanto che passava un treno regionale, fòscia pe-o tempo grammo: o machinista o l’é mòrto.",un,PROPN,NOUN
"In Catalogna, vexin à Gelida, un miagion o l’é vegnuo zu tanto che passava un treno regionale, fòscia pe-o tempo grammo: o machinista o l’é mòrto.",treno,ADJ,ADJ
"In Catalogna, vexin à Gelida, un miagion o l’é vegnuo zu tanto che passava un treno regionale, fòscia pe-o tempo grammo: o machinista o l’é mòrto.",regionale,NOUN,NOUN
"In Catalogna, vexin à Gelida, un miagion o l’é vegnuo zu tanto che passava un treno regionale, fòscia pe-o tempo grammo: o machinista o l’é mòrto.",",",PUNCT,PUNCT
"In Catalogna, vexin à Gelida, un miagion o l’é vegnuo zu tanto che passava un treno regionale, fòscia pe-o tempo grammo: o machinista o l’é mòrto.",fòscia,VERB,VERB
"In Catalogna, vexin à Gelida, un miagion o l’é vegnuo zu tanto che passava un treno regionale, fòscia pe-o tempo grammo: o machinista o l’é mòrto.",pe-o,ADJ,ADJ
"In Catalogna, vexin à Gelida, un miagion o l’é vegnuo zu tanto che passava un treno regionale, fòscia pe-o tempo grammo: o machinista o l’é mòrto.",tempo,NOUN,NOUN
"In Catalogna, vexin à Gelida, un miagion o l’é vegnuo zu tanto che passava un treno regionale, fòscia pe-o tempo grammo: o machinista o l’é mòrto.",grammo,VERB,VERB
"In Catalogna, vexin à Gelida, un miagion o l’é vegnuo zu tanto che passava un treno regionale, fòscia pe-o tempo grammo: o machinista o l’é mòrto.",:,PUNCT,PUNCT
"In Catalogna, vexin à Gelida, un miagion o l’é vegnuo zu tanto che passava un treno regionale, fòscia pe-o tempo grammo: o machinista o l’é mòrto.",o,DET,PRON
"In Catalogna, vexin à Gelida, un miagion o l’é vegnuo zu tanto che passava un treno regionale, fòscia pe-o tempo grammo: o machinista o l’é mòrto.",machinista,NOUN,NOUN
"In Catalogna, vexin à Gelida, un miagion o l’é vegnuo zu tanto che passava un treno regionale, fòscia pe-o tempo grammo: o machinista o l’é mòrto.",o,DET,PRON
"In Catalogna, vexin à Gelida, un miagion o l’é vegnuo zu tanto che passava un treno regionale, fòscia pe-o tempo grammo: o machinista o l’é mòrto.",l’é,NOUN,NOUN
"In Catalogna, vexin à Gelida, un miagion o l’é vegnuo zu tanto che passava un treno regionale, fòscia pe-o tempo grammo: o machinista o l’é mòrto.",mòrto,ADJ,ADJ
"In Catalogna, vexin à Gelida, un miagion o l’é vegnuo zu tanto che passava un treno regionale, fòscia pe-o tempo grammo: o machinista o l’é mòrto.",.,PUNCT,PUNCT
Inta mæxima region un atro treno o l’é sciortio pe di magheu cheiti in scê colisse.,Inta,PROPN,NOUN
Inta mæxima region un atro treno o l’é sciortio pe di magheu cheiti in scê colisse.,mæxima,ADJ,ADJ
Inta mæxima region un atro treno o l’é sciortio pe di magheu cheiti in scê colisse.,region,PROPN,NOUN
Inta mæxima region un atro treno o l’é sciortio pe di magheu cheiti in scê colisse.,un,PROPN,NOUN
Inta mæxima region un atro treno o l’é sciortio pe di magheu cheiti in scê colisse.,atro,PROPN,NOUN
Inta mæxima region un atro treno o l’é sciortio pe di magheu cheiti in scê colisse.,treno,ADJ,ADJ
Inta mæxima region un atro treno o l’é sciortio pe di magheu cheiti in scê colisse.,o,DET,PRON
Inta mæxima region un atro treno o l’é sciortio pe di magheu cheiti in scê colisse.,l’é,PROPN,NOUN
Inta mæxima region un atro treno o l’é sciortio pe di magheu cheiti in scê colisse.,sciortio,ADJ,ADJ
Inta mæxima region un atro treno o l’é sciortio pe di magheu cheiti in scê colisse.,pe,ADP,FUNC
Inta mæxima region un atro treno o l’é sciortio pe di magheu cheiti in scê colisse.,di,PROPN,NOUN
Inta mæxima region un atro treno o l’é sciortio pe di magheu cheiti in scê colisse.,magheu,VERB,VERB
Inta mæxima region un atro treno o l’é sciortio pe di magheu cheiti in scê colisse.,cheiti,PROPN,NOUN
Inta mæxima region un atro treno o l’é sciortio pe di magheu cheiti in scê colisse.,in,PROPN,NOUN
Inta mæxima region un atro treno o l’é sciortio pe di magheu cheiti in scê colisse.,scê,VERB,VERB
Inta mæxima region un atro treno o l’é sciortio pe di magheu cheiti in scê colisse.,colisse,ADJ,ADJ
Inta mæxima region un atro treno o l’é sciortio pe di magheu cheiti in scê colisse.,.,PUNCT,PUNCT
A Commiscion europea a l’à firmou in Paraguay o neuvo accòrdio co-o Mercosur.,A,DET,PRON
A Commiscion europea a l’à firmou in Paraguay o neuvo accòrdio co-o Mercosur.,Commiscion,PROPN,NOUN
A Commiscion europea a l’à firmou in Paraguay o neuvo accòrdio co-o Mercosur.,europea,VERB,VERB
A Commiscion europea a l’à firmou in Paraguay o neuvo accòrdio co-o Mercosur.,a,ADP,FUNC
A Commiscion europea a l’à firmou in Paraguay o neuvo accòrdio co-o Mercosur.,l’à,NOUN,NOUN
A Commiscion europea a l’à firmou in Paraguay o neuvo accòrdio co-o Mercosur.,firmou,VERB,VERB
A Commiscion europea a l’à firmou in Paraguay o neuvo accòrdio co-o Mercosur.,in,ADV,ADV
A Commiscion europea a l’à firmou in Paraguay o neuvo accòrdio co-o Mercosur.,Paraguay,VERB,VERB
A Commiscion europea a l’à firmou in Paraguay o neuvo accòrdio co-o Mercosur.,o,DET,PRON
A Commiscion europea a l’à firmou in Paraguay o neuvo accòrdio co-o Mercosur.,neuvo,NOUN,NOUN
A Commiscion europea a l’à firmou in Paraguay o neuvo accòrdio co-o Mercosur.,accòrdio,ADJ,ADJ
A Commiscion europea a l’à firmou in Paraguay o neuvo accòrdio co-o Mercosur.,co-o,PROPN,NOUN
A Commiscion europea a l’à firmou in Paraguay o neuvo accòrdio co-o Mercosur.,Mercosur,PROPN,NOUN
A Commiscion europea a l’à firmou in Paraguay o neuvo accòrdio co-o Mercosur.,.,PUNCT,PUNCT
"«Gh’é chi tia sciù de miage, noiatri femmo di ponti.",«,PUNCT,PUNCT
"«Gh’é chi tia sciù de miage, noiatri femmo di ponti.",Gh’é,PROPN,NOUN
"«Gh’é chi tia sciù de miage, noiatri femmo di ponti.",chi,VERB,VERB
"«Gh’é chi tia sciù de miage, noiatri femmo di ponti.",tia,PROPN,NOUN
"«Gh’é chi tia sciù de miage, noiatri femmo di ponti.",sciù,NOUN,NOUN
"«Gh’é chi tia sciù de miage, noiatri femmo di ponti.",de,ADP,FUNC
"«Gh’é chi tia sciù de miage, noiatri femmo di ponti.",miage,NOUN,NOUN
"«Gh’é chi tia sciù de miage, noiatri femmo di ponti.",",",PUNCT,PUNCT
"«Gh’é chi tia sciù de miage, noiatri femmo di ponti.",noiatri,PROPN,NOUN
"«Gh’é chi tia sciù de miage, noiatri femmo di ponti.",femmo,VERB,VERB
"«Gh’é chi tia sciù de miage, noiatri femmo di ponti.",di,PROPN,NOUN
"«Gh’é chi tia sciù de miage, noiatri femmo di ponti.",ponti,VERB,VERB
"«Gh’é chi tia sciù de miage, noiatri femmo di ponti.",.,PUNCT,PUNCT
"St’inteisa chì a l’é un segnâ pe-o mondo», a l’à dito a prescidente Ursula von der Leyen.",St’inteisa,NOUN,NOUN
"St’inteisa chì a l’é un segnâ pe-o mondo», a l’à dito a prescidente Ursula von der Leyen.",chì,ADP,FUNC
"St’inteisa chì a l’é un segnâ pe-o mondo», a l’à dito a prescidente Ursula von der Leyen.",a,DET,PRON
"St’inteisa chì a l’é un segnâ pe-o mondo», a l’à dito a prescidente Ursula von der Leyen.",l’é,PROPN,NOUN
"St’inteisa chì a l’é un segnâ pe-o mondo», a l’à dito a prescidente Ursula von der Leyen.",un,NOUN,NOUN
"St’inteisa chì a l’é un segnâ pe-o mondo», a l’à dito a prescidente Ursula von der Leyen.",segnâ,NOUN,NOUN
"St’inteisa chì a l’é un segnâ pe-o mondo», a l’à dito a prescidente Ursula von der Leyen.",pe-o,VERB,VERB
"St’inteisa chì a l’é un segnâ pe-o mondo», a l’à dito a prescidente Ursula von der Leyen.",mondo,VERB,VERB
"St’inteisa chì a l’é un segnâ pe-o mondo», a l’à dito a prescidente Ursula von der Leyen.",»,PUNCT,PUNCT
"St’inteisa chì a l’é un segnâ pe-o mondo», a l’à dito a prescidente Ursula von der Leyen.",",",PUNCT,PUNCT
"St’inteisa chì a l’é un segnâ pe-o mondo», a l’à dito a prescidente Ursula von der Leyen.",a,DET,PRON
"St’inteisa chì a l’é un segnâ pe-o mondo», a l’à dito a prescidente Ursula von der Leyen.",l’à,NOUN,NOUN
"St’inteisa chì a l’é un segnâ pe-o mondo», a l’à dito a prescidente Ursula von der Leyen.",dito,VERB,VERB
"St’inteisa chì a l’é un segnâ pe-o mondo», a l’à dito a prescidente Ursula von der Leyen.",a,DET,PRON
"St’inteisa chì a l’é un segnâ pe-o mondo», a l’à dito a prescidente Ursula von der Leyen.",prescidente,ADJ,ADJ
"St’inteisa chì a l’é un segnâ pe-o mondo», a l’à dito a prescidente Ursula von der Leyen.",Ursula,PROPN,NOUN
"St’inteisa chì a l’é un segnâ pe-o mondo», a l’à dito a prescidente Ursula von der Leyen.",von,PROPN,NOUN
"St’inteisa chì a l’é un segnâ pe-o mondo», a l’à dito a prescidente Ursula von der Leyen.",der,VERB,VERB
"St’inteisa chì a l’é un segnâ pe-o mondo», a l’à dito a prescidente Ursula von der Leyen.",Leyen,PROPN,NOUN
"St’inteisa chì a l’é un segnâ pe-o mondo», a l’à dito a prescidente Ursula von der Leyen.",.,PUNCT,PUNCT
"Ma da lì à no guæi o Parlamento o l’à bloccou o testo: con 334 scì l’é passou a domanda de un gruppo de deputæ da Scinistra, di Verdi e di Liberali de mandâlo a-a Corte de giustiçia pe un pai de lezze.",Ma,PROPN,NOUN
"Ma da lì à no guæi o Parlamento o l’à bloccou o testo: con 334 scì l’é passou a domanda de un gruppo de deputæ da Scinistra, di Verdi e di Liberali de mandâlo a-a Corte de giustiçia pe un pai de lezze.",da,ADP,FUNC
"Ma da lì à no guæi o Parlamento o l’à bloccou o testo: con 334 scì l’é passou a domanda de un gruppo de deputæ da Scinistra, di Verdi e di Liberali de mandâlo a-a Corte de giustiçia pe un pai de lezze.",lì,PROPN,NOUN
"Ma da lì à no guæi o Parlamento o l’à bloccou o testo: con 334 scì l’é passou a domanda de un gruppo de deputæ da Scinistra, di Verdi e di Liberali de mandâlo a-a Corte de giustiçia pe un pai de lezze.",à,ADP,FUNC
"Ma da lì à no guæi o Parlamento o l’à bloccou o testo: con 334 scì l’é passou a domanda de un gruppo de deputæ da Scinistra, di Verdi e di Liberali de mandâlo a-a Corte de giustiçia pe un pai de lezze.",no,ADP,FUNC
"Ma da lì à no guæi o Parlamento o l’à bloccou o testo: con 334 scì l’é passou a domanda de un gruppo de deputæ da Scinistra, di Verdi e di Liberali de mandâlo a-a Corte de giustiçia pe un pai de lezze.",guæi,NOUN,NOUN
"Ma da lì à no guæi o Parlamento o l’à bloccou o testo: con 334 scì l’é passou a domanda de un gruppo de deputæ da Scinistra, di Verdi e di Liberali de mandâlo a-a Corte de giustiçia pe un pai de lezze.",o,DET,PRON
"Ma da lì à no guæi o Parlamento o l’à bloccou o testo: con 334 scì l’é passou a domanda de un gruppo de deputæ da Scinistra, di Verdi e di Liberali de mandâlo a-a Corte de giustiçia pe un pai de lezze.",Parlamento,PROPN,NOUN
"Ma da lì à no guæi o Parlamento o l’à bloccou o testo: con 334 scì l’é passou a domanda de un gruppo de deputæ da Scinistra, di Verdi e di Liberali de mandâlo a-a Corte de giustiçia pe un pai de lezze.",o,DET,PRON
"Ma da lì à no guæi o Parlamento o l’à bloccou o testo: con 334 scì l’é passou a domanda de un gruppo de deputæ da Scinistra, di Verdi e di Liberali de mandâlo a-a Corte de giustiçia pe un pai de lezze.",l’à,PROPN,NOUN
"Ma da lì à no guæi o Parlamento o l’à bloccou o testo: con 334 scì l’é passou a domanda de un gruppo de deputæ da Scinistra, di Verdi e di Liberali de mandâlo a-a Corte de giustiçia pe un pai de lezze.",bloccou,VERB,VERB
"Ma da lì à no guæi o Parlamento o l’à bloccou o testo: con 334 scì l’é passou a domanda de un gruppo de deputæ da Scinistra, di Verdi e di Liberali de mandâlo a-a Corte de giustiçia pe un pai de lezze.",o,DET,PRON
"Ma da lì à no guæi o Parlamento o l’à bloccou o testo: con 334 scì l’é passou a domanda de un gruppo de deputæ da Scinistra, di Verdi e di Liberali de mandâlo a-a Corte de giustiçia pe un pai de lezze.",testo,NOUN,NOUN
"Ma da lì à no guæi o Parlamento o l’à bloccou o testo: con 334 scì l’é passou a domanda de un gruppo de deputæ da Scinistra, di Verdi e di Liberali de mandâlo a-a Corte de giustiçia pe un pai de lezze.",:,PUNCT,PUNCT
"Ma da lì à no guæi o Parlamento o l’à bloccou o testo: con 334 scì l’é passou a domanda de un gruppo de deputæ da Scinistra, di Verdi e di Liberali de mandâlo a-a Corte de giustiçia pe un pai de lezze.",con,NOUN,NOUN
"Ma da lì à no guæi o Parlamento o l’à bloccou o testo: con 334 scì l’é passou a domanda de un gruppo de deputæ da Scinistra, di Verdi e di Liberali de mandâlo a-a Corte de giustiçia pe un pai de lezze.",334,NUM,ADJ
"Ma da lì à no guæi o Parlamento o l’à bloccou o testo: con 334 scì l’é passou a domanda de un gruppo de deputæ da Scinistra, di Verdi e di Liberali de mandâlo a-a Corte de giustiçia pe un pai de lezze.",scì,AUX,VERB
"Ma da lì à no guæi o Parlamento o l’à bloccou o testo: con 334 scì l’é passou a domanda de un gruppo de deputæ da Scinistra, di Verdi e di Liberali de mandâlo a-a Corte de giustiçia pe un pai de lezze.",l’é,ADJ,ADJ
"Ma da lì à no guæi o Parlamento o l’à bloccou o testo: con 334 scì l’é passou a domanda de un gruppo de deputæ da Scinistra, di Verdi e di Liberali de mandâlo a-a Corte de giustiçia pe un pai de lezze.",passou,VERB,VERB
"Ma da lì à no guæi o Parlamento o l’à bloccou o testo: con 334 scì l’é passou a domanda de un gruppo de deputæ da Scinistra, di Verdi e di Liberali de mandâlo a-a Corte de giustiçia pe un pai de lezze.",a,DET,PRON
"Ma da lì à no guæi o Parlamento o l’à bloccou o testo: con 334 scì l’é passou a domanda de un gruppo de deputæ da Scinistra, di Verdi e di Liberali de mandâlo a-a Corte de giustiçia pe un pai de lezze.",domanda,NOUN,NOUN
"Ma da lì à no guæi o Parlamento o l’à bloccou o testo: con 334 scì l’é passou a domanda de un gruppo de deputæ da Scinistra, di Verdi e di Liberali de mandâlo a-a Corte de giustiçia pe un pai de lezze.",de,ADP,FUNC
"Ma da lì à no guæi o Parlamento o l’à bloccou o testo: con 334 scì l’é passou a domanda de un gruppo de deputæ da Scinistra, di Verdi e di Liberali de mandâlo a-a Corte de giustiçia pe un pai de lezze.",un,PROPN,NOUN
"Ma da lì à no guæi o Parlamento o l’à bloccou o testo: con 334 scì l’é passou a domanda de un gruppo de deputæ da Scinistra, di Verdi e di Liberali de mandâlo a-a Corte de giustiçia pe un pai de lezze.",gruppo,PROPN,NOUN
"Ma da lì à no guæi o Parlamento o l’à bloccou o testo: con 334 scì l’é passou a domanda de un gruppo de deputæ da Scinistra, di Verdi e di Liberali de mandâlo a-a Corte de giustiçia pe un pai de lezze.",de,ADP,FUNC
"Ma da lì à no guæi o Parlamento o l’à bloccou o testo: con 334 scì l’é passou a domanda de un gruppo de deputæ da Scinistra, di Verdi e di Liberali de mandâlo a-a Corte de giustiçia pe un pai de lezze.",deputæ,PROPN,NOUN
"Ma da lì à no guæi o Parlamento o l’à bloccou o testo: con 334 scì l’é passou a domanda de un gruppo de deputæ da Scinistra, di Verdi e di Liberali de mandâlo a-a Corte de giustiçia pe un pai de lezze.",da,ADP,FUNC
"Ma da lì à no guæi o Parlamento o l’à bloccou o testo: con 334 scì l’é passou a domanda de un gruppo de deputæ da Scinistra, di Verdi e di Liberali de mandâlo a-a Corte de giustiçia pe un pai de lezze.",Scinistra,PROPN,NOUN
"Ma da lì à no guæi o Parlamento o l’à bloccou o testo: con 334 scì l’é passou a domanda de un gruppo de deputæ da Scinistra, di Verdi e di Liberali de mandâlo a-a Corte de giustiçia pe un pai de lezze.",",",PUNCT,PUNCT
"Ma da lì à no guæi o Parlamento o l’à bloccou o testo: con 334 scì l’é passou a domanda de un gruppo de deputæ da Scinistra, di Verdi e di Liberali de mandâlo a-a Corte de giustiçia pe un pai de lezze.",di,PROPN,NOUN
"Ma da lì à no guæi o Parlamento o l’à bloccou o testo: con 334 scì l’é passou a domanda de un gruppo de deputæ da Scinistra, di Verdi e di Liberali de mandâlo a-a Corte de giustiçia pe un pai de lezze.",Verdi,PROPN,NOUN
"Ma da lì à no guæi o Parlamento o l’à bloccou o testo: con 334 scì l’é passou a domanda de un gruppo de deputæ da Scinistra, di Verdi e di Liberali de mandâlo a-a Corte de giustiçia pe un pai de lezze.",e,CCONJ,FUNC
"Ma da lì à no guæi o Parlamento o l’à bloccou o testo: con 334 scì l’é passou a domanda de un gruppo de deputæ da Scinistra, di Verdi e di Liberali de mandâlo a-a Corte de giustiçia pe un pai de lezze.",di,PROPN,NOUN
"Ma da lì à no guæi o Parlamento o l’à bloccou o testo: con 334 scì l’é passou a domanda de un gruppo de deputæ da Scinistra, di Verdi e di Liberali de mandâlo a-a Corte de giustiçia pe un pai de lezze.",Liberali,PROPN,NOUN
"Ma da lì à no guæi o Parlamento o l’à bloccou o testo: con 334 scì l’é passou a domanda de un gruppo de deputæ da Scinistra, di Verdi e di Liberali de mandâlo a-a Corte de giustiçia pe un pai de lezze.",de,ADP,FUNC
"Ma da lì à no guæi o Parlamento o l’à bloccou o testo: con 334 scì l’é passou a domanda de un gruppo de deputæ da Scinistra, di Verdi e di Liberali de mandâlo a-a Corte de giustiçia pe un pai de lezze.",mandâlo,PROPN,NOUN
"Ma da lì à no guæi o Parlamento o l’à bloccou o testo: con 334 scì l’é passou a domanda de un gruppo de deputæ da Scinistra, di Verdi e di Liberali de mandâlo a-a Corte de giustiçia pe un pai de lezze.",a-a,ADP,FUNC
"Ma da lì à no guæi o Parlamento o l’à bloccou o testo: con 334 scì l’é passou a domanda de un gruppo de deputæ da Scinistra, di Verdi e di Liberali de mandâlo a-a Corte de giustiçia pe un pai de lezze.",Corte,NOUN,NOUN
"Ma da lì à no guæi o Parlamento o l’à bloccou o testo: con 334 scì l’é passou a domanda de un gruppo de deputæ da Scinistra, di Verdi e di Liberali de mandâlo a-a Corte de giustiçia pe un pai de lezze.",de,ADP,FUNC
"Ma da lì à no guæi o Parlamento o l’à bloccou o testo: con 334 scì l’é passou a domanda de un gruppo de deputæ da Scinistra, di Verdi e di Liberali de mandâlo a-a Corte de giustiçia pe un pai de lezze.",giustiçia,PROPN,NOUN
"Ma da lì à no guæi o Parlamento o l’à bloccou o testo: con 334 scì l’é passou a domanda de un gruppo de deputæ da Scinistra, di Verdi e di Liberali de mandâlo a-a Corte de giustiçia pe un pai de lezze.",pe,ADP,FUNC
"Ma da lì à no guæi o Parlamento o l’à bloccou o testo: con 334 scì l’é passou a domanda de un gruppo de deputæ da Scinistra, di Verdi e di Liberali de mandâlo a-a Corte de giustiçia pe un pai de lezze.",un,PROPN,NOUN
"Ma da lì à no guæi o Parlamento o l’à bloccou o testo: con 334 scì l’é passou a domanda de un gruppo de deputæ da Scinistra, di Verdi e di Liberali de mandâlo a-a Corte de giustiçia pe un pai de lezze.",pai,NOUN,NOUN
"Ma da lì à no guæi o Parlamento o l’à bloccou o testo: con 334 scì l’é passou a domanda de un gruppo de deputæ da Scinistra, di Verdi e di Liberali de mandâlo a-a Corte de giustiçia pe un pai de lezze.",de,ADP,FUNC
"Ma da lì à no guæi o Parlamento o l’à bloccou o testo: con 334 scì l’é passou a domanda de un gruppo de deputæ da Scinistra, di Verdi e di Liberali de mandâlo a-a Corte de giustiçia pe un pai de lezze.",lezze,NOUN,NOUN
"Ma da lì à no guæi o Parlamento o l’à bloccou o testo: con 334 scì l’é passou a domanda de un gruppo de deputæ da Scinistra, di Verdi e di Liberali de mandâlo a-a Corte de giustiçia pe un pai de lezze.",.,PUNCT,PUNCT
"Oua besorrià aspëtâ l’examme, ch’o porrieiva duâ pe di meixi.",Oua,PROPN,NOUN
"Oua besorrià aspëtâ l’examme, ch’o porrieiva duâ pe di meixi.",besorrià,PROPN,NOUN
"Oua besorrià aspëtâ l’examme, ch’o porrieiva duâ pe di meixi.",aspëtâ,ADJ,ADJ
"Oua besorrià aspëtâ l’examme, ch’o porrieiva duâ pe di meixi.",l’examme,PROPN,NOUN
"Oua besorrià aspëtâ l’examme, ch’o porrieiva duâ pe di meixi.",",",PUNCT,PUNCT
"Oua besorrià aspëtâ l’examme, ch’o porrieiva duâ pe di meixi.",ch’o,PROPN,NOUN
"Oua besorrià aspëtâ l’examme, ch’o porrieiva duâ pe di meixi.",porrieiva,ADJ,ADJ
"Oua besorrià aspëtâ l’examme, ch’o porrieiva duâ pe di meixi.",duâ,NOUN,NOUN
"Oua besorrià aspëtâ l’examme, ch’o porrieiva duâ pe di meixi.",pe,ADP,FUNC
"Oua besorrià aspëtâ l’examme, ch’o porrieiva duâ pe di meixi.",di,PROPN,NOUN
"Oua besorrià aspëtâ l’examme, ch’o porrieiva duâ pe di meixi.",meixi,PROPN,NOUN
"Oua besorrià aspëtâ l’examme, ch’o porrieiva duâ pe di meixi.",.,PUNCT,PUNCT
A Germania a vorrieiva applicâ l’accòrdio de mainea provisöia.,A,DET,PRON
A Germania a vorrieiva applicâ l’accòrdio de mainea provisöia.,Germania,PROPN,NOUN
A Germania a vorrieiva applicâ l’accòrdio de mainea provisöia.,a,DET,PRON
A Germania a vorrieiva applicâ l’accòrdio de mainea provisöia.,vorrieiva,NOUN,NOUN
A Germania a vorrieiva applicâ l’accòrdio de mainea provisöia.,applicâ,NOUN,NOUN
A Germania a vorrieiva applicâ l’accòrdio de mainea provisöia.,l’accòrdio,PROPN,NOUN
A Germania a vorrieiva applicâ l’accòrdio de mainea provisöia.,de,ADP,FUNC
A Germania a vorrieiva applicâ l’accòrdio de mainea provisöia.,mainea,ADJ,ADJ
A Germania a vorrieiva applicâ l’accòrdio de mainea provisöia.,provisöia,NOUN,NOUN
A Germania a vorrieiva applicâ l’accòrdio de mainea provisöia.,.,PUNCT,PUNCT
"Un zoeno de 19 anni, Youssef Abanoub, originäio de l’Egitto o l’é stæto ammassou con unna cotellâ da un compagno de scheua inte un instituto profescionale de Spezza.",Un,NUM,ADJ
"Un zoeno de 19 anni, Youssef Abanoub, originäio de l’Egitto o l’é stæto ammassou con unna cotellâ da un compagno de scheua inte un instituto profescionale de Spezza.",zoeno,PROPN,NOUN
"Un zoeno de 19 anni, Youssef Abanoub, originäio de l’Egitto o l’é stæto ammassou con unna cotellâ da un compagno de scheua inte un instituto profescionale de Spezza.",de,ADP,FUNC
"Un zoeno de 19 anni, Youssef Abanoub, originäio de l’Egitto o l’é stæto ammassou con unna cotellâ da un compagno de scheua inte un instituto profescionale de Spezza.",19,NUM,ADJ
"Un zoeno de 19 anni, Youssef Abanoub, originäio de l’Egitto o l’é stæto ammassou con unna cotellâ da un compagno de scheua inte un instituto profescionale de Spezza.",anni,ADJ,ADJ
"Un zoeno de 19 anni, Youssef Abanoub, originäio de l’Egitto o l’é stæto ammassou con unna cotellâ da un compagno de scheua inte un instituto profescionale de Spezza.",",",PUNCT,PUNCT
"Un zoeno de 19 anni, Youssef Abanoub, originäio de l’Egitto o l’é stæto ammassou con unna cotellâ da un compagno de scheua inte un instituto profescionale de Spezza.",Youssef,PROPN,NOUN
"Un zoeno de 19 anni, Youssef Abanoub, originäio de l’Egitto o l’é stæto ammassou con unna cotellâ da un compagno de scheua inte un instituto profescionale de Spezza.",Abanoub,PROPN,NOUN
"Un zoeno de 19 anni, Youssef Abanoub, originäio de l’Egitto o l’é stæto ammassou con unna cotellâ da un compagno de scheua inte un instituto profescionale de Spezza.",",",PUNCT,PUNCT
"Un zoeno de 19 anni, Youssef Abanoub, originäio de l’Egitto o l’é stæto ammassou con unna cotellâ da un compagno de scheua inte un instituto profescionale de Spezza.",originäio,NOUN,NOUN
"Un zoeno de 19 anni, Youssef Abanoub, originäio de l’Egitto o l’é stæto ammassou con unna cotellâ da un compagno de scheua inte un instituto profescionale de Spezza.",de,ADP,FUNC
"Un zoeno de 19 anni, Youssef Abanoub, originäio de l’Egitto o l’é stæto ammassou con unna cotellâ da un compagno de scheua inte un instituto profescionale de Spezza.",l’Egitto,NOUN,NOUN
"Un zoeno de 19 anni, Youssef Abanoub, originäio de l’Egitto o l’é stæto ammassou con unna cotellâ da un compagno de scheua inte un instituto profescionale de Spezza.",o,DET,PRON
"Un zoeno de 19 anni, Youssef Abanoub, originäio de l’Egitto o l’é stæto ammassou con unna cotellâ da un compagno de scheua inte un instituto profescionale de Spezza.",l’é,PROPN,NOUN
"Un zoeno de 19 anni, Youssef Abanoub, originäio de l’Egitto o l’é stæto ammassou con unna cotellâ da un compagno de scheua inte un instituto profescionale de Spezza.",stæto,VERB,VERB
"Un zoeno de 19 anni, Youssef Abanoub, originäio de l’Egitto o l’é stæto ammassou con unna cotellâ da un compagno de scheua inte un instituto profescionale de Spezza.",ammassou,VERB,VERB
"Un zoeno de 19 anni, Youssef Abanoub, originäio de l’Egitto o l’é stæto ammassou con unna cotellâ da un compagno de scheua inte un instituto profescionale de Spezza.",con,PROPN,NOUN
"Un zoeno de 19 anni, Youssef Abanoub, originäio de l’Egitto o l’é stæto ammassou con unna cotellâ da un compagno de scheua inte un instituto profescionale de Spezza.",unna,PROPN,NOUN
"Un zoeno de 19 anni, Youssef Abanoub, originäio de l’Egitto o l’é stæto ammassou con unna cotellâ da un compagno de scheua inte un instituto profescionale de Spezza.",cotellâ,NOUN,NOUN
"Un zoeno de 19 anni, Youssef Abanoub, originäio de l’Egitto o l’é stæto ammassou con unna cotellâ da un compagno de scheua inte un instituto profescionale de Spezza.",da,ADP,FUNC
"Un zoeno de 19 anni, Youssef Abanoub, originäio de l’Egitto o l’é stæto ammassou con unna cotellâ da un compagno de scheua inte un instituto profescionale de Spezza.",un,PROPN,NOUN
"Un zoeno de 19 anni, Youssef Abanoub, originäio de l’Egitto o l’é stæto ammassou con unna cotellâ da un compagno de scheua inte un instituto profescionale de Spezza.",compagno,PROPN,NOUN
"Un zoeno de 19 anni, Youssef Abanoub, originäio de l’Egitto o l’é stæto ammassou con unna cotellâ da un compagno de scheua inte un instituto profescionale de Spezza.",de,ADP,FUNC
"Un zoeno de 19 anni, Youssef Abanoub, originäio de l’Egitto o l’é stæto ammassou con unna cotellâ da un compagno de scheua inte un instituto profescionale de Spezza.",scheua,NOUN,NOUN
"Un zoeno de 19 anni, Youssef Abanoub, originäio de l’Egitto o l’é stæto ammassou con unna cotellâ da un compagno de scheua inte un instituto profescionale de Spezza.",inte,ADJ,ADJ
"Un zoeno de 19 anni, Youssef Abanoub, originäio de l’Egitto o l’é stæto ammassou con unna cotellâ da un compagno de scheua inte un instituto profescionale de Spezza.",un,ADP,FUNC
"Un zoeno de 19 anni, Youssef Abanoub, originäio de l’Egitto o l’é stæto ammassou con unna cotellâ da un compagno de scheua inte un instituto profescionale de Spezza.",instituto,PROPN,NOUN
"Un zoeno de 19 anni, Youssef Abanoub, originäio de l’Egitto o l’é stæto ammassou con unna cotellâ da un compagno de scheua inte un instituto profescionale de Spezza.",profescionale,VERB,VERB
"Un zoeno de 19 anni, Youssef Abanoub, originäio de l’Egitto o l’é stæto ammassou con unna cotellâ da un compagno de scheua inte un instituto profescionale de Spezza.",de,ADP,FUNC
"Un zoeno de 19 anni, Youssef Abanoub, originäio de l’Egitto o l’é stæto ammassou con unna cotellâ da un compagno de scheua inte un instituto profescionale de Spezza.",Spezza,PROPN,NOUN
"Un zoeno de 19 anni, Youssef Abanoub, originäio de l’Egitto o l’é stæto ammassou con unna cotellâ da un compagno de scheua inte un instituto profescionale de Spezza.",.,PUNCT,PUNCT
O l’é avvegnuo a-i 16 de zenâ pöco primma de mezogiorno.,O,DET,PRON
O l’é avvegnuo a-i 16 de zenâ pöco primma de mezogiorno.,l’é,PROPN,NOUN
O l’é avvegnuo a-i 16 de zenâ pöco primma de mezogiorno.,avvegnuo,VERB,VERB
O l’é avvegnuo a-i 16 de zenâ pöco primma de mezogiorno.,a-i,VERB,VERB
O l’é avvegnuo a-i 16 de zenâ pöco primma de mezogiorno.,16,NUM,ADJ
O l’é avvegnuo a-i 16 de zenâ pöco primma de mezogiorno.,de,ADP,FUNC
O l’é avvegnuo a-i 16 de zenâ pöco primma de mezogiorno.,zenâ,ADJ,ADJ
O l’é avvegnuo a-i 16 de zenâ pöco primma de mezogiorno.,pöco,NOUN,NOUN
O l’é avvegnuo a-i 16 de zenâ pöco primma de mezogiorno.,primma,ADV,ADV
O l’é avvegnuo a-i 16 de zenâ pöco primma de mezogiorno.,de,ADP,FUNC
O l’é avvegnuo a-i 16 de zenâ pöco primma de mezogiorno.,mezogiorno,NOUN,NOUN
O l’é avvegnuo a-i 16 de zenâ pöco primma de mezogiorno.,.,PUNCT,PUNCT
"A poliçia a l’à arrestou un studente de 18 anni de naçionalitæ marocchiña, Zouhair Atif, bloccou e desarmou da un professô.",A,ADP,FUNC
"A poliçia a l’à arrestou un studente de 18 anni de naçionalitæ marocchiña, Zouhair Atif, bloccou e desarmou da un professô.",poliçia,NOUN,NOUN
"A poliçia a l’à arrestou un studente de 18 anni de naçionalitæ marocchiña, Zouhair Atif, bloccou e desarmou da un professô.",a,DET,PRON
"A poliçia a l’à arrestou un studente de 18 anni de naçionalitæ marocchiña, Zouhair Atif, bloccou e desarmou da un professô.",l’à,NOUN,NOUN
"A poliçia a l’à arrestou un studente de 18 anni de naçionalitæ marocchiña, Zouhair Atif, bloccou e desarmou da un professô.",arrestou,VERB,VERB
"A poliçia a l’à arrestou un studente de 18 anni de naçionalitæ marocchiña, Zouhair Atif, bloccou e desarmou da un professô.",un,PROPN,NOUN
"A poliçia a l’à arrestou un studente de 18 anni de naçionalitæ marocchiña, Zouhair Atif, bloccou e desarmou da un professô.",studente,ADV,ADV
"A poliçia a l’à arrestou un studente de 18 anni de naçionalitæ marocchiña, Zouhair Atif, bloccou e desarmou da un professô.",de,ADP,FUNC
"A poliçia a l’à arrestou un studente de 18 anni de naçionalitæ marocchiña, Zouhair Atif, bloccou e desarmou da un professô.",18,NUM,ADJ
"A poliçia a l’à arrestou un studente de 18 anni de naçionalitæ marocchiña, Zouhair Atif, bloccou e desarmou da un professô.",anni,VERB,VERB
"A poliçia a l’à arrestou un studente de 18 anni de naçionalitæ marocchiña, Zouhair Atif, bloccou e desarmou da un professô.",de,ADP,FUNC
"A poliçia a l’à arrestou un studente de 18 anni de naçionalitæ marocchiña, Zouhair Atif, bloccou e desarmou da un professô.",naçionalitæ,NOUN,NOUN
"A poliçia a l’à arrestou un studente de 18 anni de naçionalitæ marocchiña, Zouhair Atif, bloccou e desarmou da un professô.",marocchiña,ADJ,ADJ
"A poliçia a l’à arrestou un studente de 18 anni de naçionalitæ marocchiña, Zouhair Atif, bloccou e desarmou da un professô.",",",PUNCT,PUNCT
"A poliçia a l’à arrestou un studente de 18 anni de naçionalitæ marocchiña, Zouhair Atif, bloccou e desarmou da un professô.",Zouhair,PROPN,NOUN
"A poliçia a l’à arrestou un studente de 18 anni de naçionalitæ marocchiña, Zouhair Atif, bloccou e desarmou da un professô.",Atif,PROPN,NOUN
"A poliçia a l’à arrestou un studente de 18 anni de naçionalitæ marocchiña, Zouhair Atif, bloccou e desarmou da un professô.",",",PUNCT,PUNCT
"A poliçia a l’à arrestou un studente de 18 anni de naçionalitæ marocchiña, Zouhair Atif, bloccou e desarmou da un professô.",bloccou,VERB,VERB
"A poliçia a l’à arrestou un studente de 18 anni de naçionalitæ marocchiña, Zouhair Atif, bloccou e desarmou da un professô.",e,CCONJ,FUNC
"A poliçia a l’à arrestou un studente de 18 anni de naçionalitæ marocchiña, Zouhair Atif, bloccou e desarmou da un professô.",desarmou,VERB,VERB
"A poliçia a l’à arrestou un studente de 18 anni de naçionalitæ marocchiña, Zouhair Atif, bloccou e desarmou da un professô.",da,ADP,FUNC
"A poliçia a l’à arrestou un studente de 18 anni de naçionalitæ marocchiña, Zouhair Atif, bloccou e desarmou da un professô.",un,PROPN,NOUN
"A poliçia a l’à arrestou un studente de 18 anni de naçionalitæ marocchiña, Zouhair Atif, bloccou e desarmou da un professô.",professô,PROPN,NOUN
"A poliçia a l’à arrestou un studente de 18 anni de naçionalitæ marocchiña, Zouhair Atif, bloccou e desarmou da un professô.",.,PUNCT,PUNCT
"Segondo a reconstruçion, i doî aivan comensou a rattellâ inti bagni, se pensa pe unna figgia, dapeu gh’é stæto l’aggrescion inte unna classe.",Segondo,VERB,VERB
"Segondo a reconstruçion, i doî aivan comensou a rattellâ inti bagni, se pensa pe unna figgia, dapeu gh’é stæto l’aggrescion inte unna classe.",a,DET,PRON
"Segondo a reconstruçion, i doî aivan comensou a rattellâ inti bagni, se pensa pe unna figgia, dapeu gh’é stæto l’aggrescion inte unna classe.",reconstruçion,PROPN,NOUN
"Segondo a reconstruçion, i doî aivan comensou a rattellâ inti bagni, se pensa pe unna figgia, dapeu gh’é stæto l’aggrescion inte unna classe.",",",PUNCT,PUNCT
"Segondo a reconstruçion, i doî aivan comensou a rattellâ inti bagni, se pensa pe unna figgia, dapeu gh’é stæto l’aggrescion inte unna classe.",i,PROPN,NOUN
"Segondo a reconstruçion, i doî aivan comensou a rattellâ inti bagni, se pensa pe unna figgia, dapeu gh’é stæto l’aggrescion inte unna classe.",doî,PROPN,NOUN
"Segondo a reconstruçion, i doî aivan comensou a rattellâ inti bagni, se pensa pe unna figgia, dapeu gh’é stæto l’aggrescion inte unna classe.",aivan,PROPN,NOUN
"Segondo a reconstruçion, i doî aivan comensou a rattellâ inti bagni, se pensa pe unna figgia, dapeu gh’é stæto l’aggrescion inte unna classe.",comensou,VERB,VERB
"Segondo a reconstruçion, i doî aivan comensou a rattellâ inti bagni, se pensa pe unna figgia, dapeu gh’é stæto l’aggrescion inte unna classe.",a,DET,PRON
"Segondo a reconstruçion, i doî aivan comensou a rattellâ inti bagni, se pensa pe unna figgia, dapeu gh’é stæto l’aggrescion inte unna classe.",rattellâ,NOUN,NOUN
"Segondo a reconstruçion, i doî aivan comensou a rattellâ inti bagni, se pensa pe unna figgia, dapeu gh’é stæto l’aggrescion inte unna classe.",inti,VERB,VERB
"Segondo a reconstruçion, i doî aivan comensou a rattellâ inti bagni, se pensa pe unna figgia, dapeu gh’é stæto l’aggrescion inte unna classe.",bagni,PROPN,NOUN
"Segondo a reconstruçion, i doî aivan comensou a rattellâ inti bagni, se pensa pe unna figgia, dapeu gh’é stæto l’aggrescion inte unna classe.",",",PUNCT,PUNCT
"Segondo a reconstruçion, i doî aivan comensou a rattellâ inti bagni, se pensa pe unna figgia, dapeu gh’é stæto l’aggrescion inte unna classe.",se,PRON,PRON
"Segondo a reconstruçion, i doî aivan comensou a rattellâ inti bagni, se pensa pe unna figgia, dapeu gh’é stæto l’aggrescion inte unna classe.",pensa,VERB,VERB
"Segondo a reconstruçion, i doî aivan comensou a rattellâ inti bagni, se pensa pe unna figgia, dapeu gh’é stæto l’aggrescion inte unna classe.",pe,ADP,FUNC
"Segondo a reconstruçion, i doî aivan comensou a rattellâ inti bagni, se pensa pe unna figgia, dapeu gh’é stæto l’aggrescion inte unna classe.",unna,NOUN,NOUN
"Segondo a reconstruçion, i doî aivan comensou a rattellâ inti bagni, se pensa pe unna figgia, dapeu gh’é stæto l’aggrescion inte unna classe.",figgia,NOUN,NOUN
"Segondo a reconstruçion, i doî aivan comensou a rattellâ inti bagni, se pensa pe unna figgia, dapeu gh’é stæto l’aggrescion inte unna classe.",",",PUNCT,PUNCT
"Segondo a reconstruçion, i doî aivan comensou a rattellâ inti bagni, se pensa pe unna figgia, dapeu gh’é stæto l’aggrescion inte unna classe.",dapeu,VERB,VERB
"Segondo a reconstruçion, i doî aivan comensou a rattellâ inti bagni, se pensa pe unna figgia, dapeu gh’é stæto l’aggrescion inte unna classe.",gh’é,PROPN,NOUN
"Segondo a reconstruçion, i doî aivan comensou a rattellâ inti bagni, se pensa pe unna figgia, dapeu gh’é stæto l’aggrescion inte unna classe.",stæto,PROPN,NOUN
"Segondo a reconstruçion, i doî aivan comensou a rattellâ inti bagni, se pensa pe unna figgia, dapeu gh’é stæto l’aggrescion inte unna classe.",l’aggrescion,NOUN,NOUN
"Segondo a reconstruçion, i doî aivan comensou a rattellâ inti bagni, se pensa pe unna figgia, dapeu gh’é stæto l’aggrescion inte unna classe.",inte,ADJ,ADJ
"Segondo a reconstruçion, i doî aivan comensou a rattellâ inti bagni, se pensa pe unna figgia, dapeu gh’é stæto l’aggrescion inte unna classe.",unna,NOUN,NOUN
"Segondo a reconstruçion, i doî aivan comensou a rattellâ inti bagni, se pensa pe unna figgia, dapeu gh’é stæto l’aggrescion inte unna classe.",classe,NOUN,NOUN
"Segondo a reconstruçion, i doî aivan comensou a rattellâ inti bagni, se pensa pe unna figgia, dapeu gh’é stæto l’aggrescion inte unna classe.",.,PUNCT,PUNCT
A lamma a l’é arrivâ fin a-o figæto e a-a minsa.,A,DET,PRON
A lamma a l’é arrivâ fin a-o figæto e a-a minsa.,lamma,NOUN,NOUN
A lamma a l’é arrivâ fin a-o figæto e a-a minsa.,a,ADP,FUNC
A lamma a l’é arrivâ fin a-o figæto e a-a minsa.,l’é,NOUN,NOUN
A lamma a l’é arrivâ fin a-o figæto e a-a minsa.,arrivâ,PROPN,NOUN
A lamma a l’é arrivâ fin a-o figæto e a-a minsa.,fin,PROPN,NOUN
A lamma a l’é arrivâ fin a-o figæto e a-a minsa.,a-o,VERB,VERB
A lamma a l’é arrivâ fin a-o figæto e a-a minsa.,figæto,PROPN,NOUN
A lamma a l’é arrivâ fin a-o figæto e a-a minsa.,e,CCONJ,FUNC
A lamma a l’é arrivâ fin a-o figæto e a-a minsa.,a-a,PROPN,NOUN
A lamma a l’é arrivâ fin a-o figæto e a-a minsa.,minsa,ADJ,ADJ
A lamma a l’é arrivâ fin a-o figæto e a-a minsa.,.,PUNCT,PUNCT
"I meghi de l’uspiâ Sant’Andria an fæto tutto o poscibile e l’an sottopòsto à unn’operaçion pe sarvâlo, ma inta seiaña o Youssef o l’à finio de vive.",I,PROPN,NOUN
"I meghi de l’uspiâ Sant’Andria an fæto tutto o poscibile e l’an sottopòsto à unn’operaçion pe sarvâlo, ma inta seiaña o Youssef o l’à finio de vive.",meghi,ADJ,ADJ
"I meghi de l’uspiâ Sant’Andria an fæto tutto o poscibile e l’an sottopòsto à unn’operaçion pe sarvâlo, ma inta seiaña o Youssef o l’à finio de vive.",de,ADP,FUNC
"I meghi de l’uspiâ Sant’Andria an fæto tutto o poscibile e l’an sottopòsto à unn’operaçion pe sarvâlo, ma inta seiaña o Youssef o l’à finio de vive.",l’uspiâ,PROPN,NOUN
"I meghi de l’uspiâ Sant’Andria an fæto tutto o poscibile e l’an sottopòsto à unn’operaçion pe sarvâlo, ma inta seiaña o Youssef o l’à finio de vive.",Sant’Andria,VERB,VERB
"I meghi de l’uspiâ Sant’Andria an fæto tutto o poscibile e l’an sottopòsto à unn’operaçion pe sarvâlo, ma inta seiaña o Youssef o l’à finio de vive.",an,PROPN,NOUN
"I meghi de l’uspiâ Sant’Andria an fæto tutto o poscibile e l’an sottopòsto à unn’operaçion pe sarvâlo, ma inta seiaña o Youssef o l’à finio de vive.",fæto,NOUN,NOUN
"I meghi de l’uspiâ Sant’Andria an fæto tutto o poscibile e l’an sottopòsto à unn’operaçion pe sarvâlo, ma inta seiaña o Youssef o l’à finio de vive.",tutto,ADJ,ADJ
"I meghi de l’uspiâ Sant’Andria an fæto tutto o poscibile e l’an sottopòsto à unn’operaçion pe sarvâlo, ma inta seiaña o Youssef o l’à finio de vive.",o,DET,PRON
"I meghi de l’uspiâ Sant’Andria an fæto tutto o poscibile e l’an sottopòsto à unn’operaçion pe sarvâlo, ma inta seiaña o Youssef o l’à finio de vive.",poscibile,NOUN,NOUN
"I meghi de l’uspiâ Sant’Andria an fæto tutto o poscibile e l’an sottopòsto à unn’operaçion pe sarvâlo, ma inta seiaña o Youssef o l’à finio de vive.",e,CCONJ,FUNC
"I meghi de l’uspiâ Sant’Andria an fæto tutto o poscibile e l’an sottopòsto à unn’operaçion pe sarvâlo, ma inta seiaña o Youssef o l’à finio de vive.",l’an,NOUN,NOUN
"I meghi de l’uspiâ Sant’Andria an fæto tutto o poscibile e l’an sottopòsto à unn’operaçion pe sarvâlo, ma inta seiaña o Youssef o l’à finio de vive.",sottopòsto,VERB,VERB
"I meghi de l’uspiâ Sant’Andria an fæto tutto o poscibile e l’an sottopòsto à unn’operaçion pe sarvâlo, ma inta seiaña o Youssef o l’à finio de vive.",à,ADP,FUNC
"I meghi de l’uspiâ Sant’Andria an fæto tutto o poscibile e l’an sottopòsto à unn’operaçion pe sarvâlo, ma inta seiaña o Youssef o l’à finio de vive.",unn’operaçion,PROPN,NOUN
"I meghi de l’uspiâ Sant’Andria an fæto tutto o poscibile e l’an sottopòsto à unn’operaçion pe sarvâlo, ma inta seiaña o Youssef o l’à finio de vive.",pe,ADP,FUNC
"I meghi de l’uspiâ Sant’Andria an fæto tutto o poscibile e l’an sottopòsto à unn’operaçion pe sarvâlo, ma inta seiaña o Youssef o l’à finio de vive.",sarvâlo,PROPN,NOUN
"I meghi de l’uspiâ Sant’Andria an fæto tutto o poscibile e l’an sottopòsto à unn’operaçion pe sarvâlo, ma inta seiaña o Youssef o l’à finio de vive.",",",PUNCT,PUNCT
"I meghi de l’uspiâ Sant’Andria an fæto tutto o poscibile e l’an sottopòsto à unn’operaçion pe sarvâlo, ma inta seiaña o Youssef o l’à finio de vive.",ma,PRON,PRON
"I meghi de l’uspiâ Sant’Andria an fæto tutto o poscibile e l’an sottopòsto à unn’operaçion pe sarvâlo, ma inta seiaña o Youssef o l’à finio de vive.",inta,VERB,VERB
"I meghi de l’uspiâ Sant’Andria an fæto tutto o poscibile e l’an sottopòsto à unn’operaçion pe sarvâlo, ma inta seiaña o Youssef o l’à finio de vive.",seiaña,VERB,VERB
"I meghi de l’uspiâ Sant’Andria an fæto tutto o poscibile e l’an sottopòsto à unn’operaçion pe sarvâlo, ma inta seiaña o Youssef o l’à finio de vive.",o,DET,PRON
"I meghi de l’uspiâ Sant’Andria an fæto tutto o poscibile e l’an sottopòsto à unn’operaçion pe sarvâlo, ma inta seiaña o Youssef o l’à finio de vive.",Youssef,PROPN,NOUN
"I meghi de l’uspiâ Sant’Andria an fæto tutto o poscibile e l’an sottopòsto à unn’operaçion pe sarvâlo, ma inta seiaña o Youssef o l’à finio de vive.",o,DET,PRON
"I meghi de l’uspiâ Sant’Andria an fæto tutto o poscibile e l’an sottopòsto à unn’operaçion pe sarvâlo, ma inta seiaña o Youssef o l’à finio de vive.",l’à,NOUN,NOUN
"I meghi de l’uspiâ Sant’Andria an fæto tutto o poscibile e l’an sottopòsto à unn’operaçion pe sarvâlo, ma inta seiaña o Youssef o l’à finio de vive.",finio,ADJ,ADJ
"I meghi de l’uspiâ Sant’Andria an fæto tutto o poscibile e l’an sottopòsto à unn’operaçion pe sarvâlo, ma inta seiaña o Youssef o l’à finio de vive.",de,ADP,FUNC
"I meghi de l’uspiâ Sant’Andria an fæto tutto o poscibile e l’an sottopòsto à unn’operaçion pe sarvâlo, ma inta seiaña o Youssef o l’à finio de vive.",vive,VERB,VERB
"I meghi de l’uspiâ Sant’Andria an fæto tutto o poscibile e l’an sottopòsto à unn’operaçion pe sarvâlo, ma inta seiaña o Youssef o l’à finio de vive.",.,PUNCT,PUNCT
"Dòppo trent’anni gh’é unna sentensa de primmo graddo pe l’assascinio da Nada Cella, ammassâ de 24 anni into scagno do commerçialista Marco Soracco de Ciavai.",Dòppo,PROPN,NOUN
"Dòppo trent’anni gh’é unna sentensa de primmo graddo pe l’assascinio da Nada Cella, ammassâ de 24 anni into scagno do commerçialista Marco Soracco de Ciavai.",trent’anni,PROPN,NOUN
"Dòppo trent’anni gh’é unna sentensa de primmo graddo pe l’assascinio da Nada Cella, ammassâ de 24 anni into scagno do commerçialista Marco Soracco de Ciavai.",gh’é,PROPN,NOUN
"Dòppo trent’anni gh’é unna sentensa de primmo graddo pe l’assascinio da Nada Cella, ammassâ de 24 anni into scagno do commerçialista Marco Soracco de Ciavai.",unna,PROPN,NOUN
"Dòppo trent’anni gh’é unna sentensa de primmo graddo pe l’assascinio da Nada Cella, ammassâ de 24 anni into scagno do commerçialista Marco Soracco de Ciavai.",sentensa,ADJ,ADJ
"Dòppo trent’anni gh’é unna sentensa de primmo graddo pe l’assascinio da Nada Cella, ammassâ de 24 anni into scagno do commerçialista Marco Soracco de Ciavai.",de,ADP,FUNC
"Dòppo trent’anni gh’é unna sentensa de primmo graddo pe l’assascinio da Nada Cella, ammassâ de 24 anni into scagno do commerçialista Marco Soracco de Ciavai.",primmo,NOUN,NOUN
"Dòppo trent’anni gh’é unna sentensa de primmo graddo pe l’assascinio da Nada Cella, ammassâ de 24 anni into scagno do commerçialista Marco Soracco de Ciavai.",graddo,NOUN,NOUN
"Dòppo trent’anni gh’é unna sentensa de primmo graddo pe l’assascinio da Nada Cella, ammassâ de 24 anni into scagno do commerçialista Marco Soracco de Ciavai.",pe,ADP,FUNC
"Dòppo trent’anni gh’é unna sentensa de primmo graddo pe l’assascinio da Nada Cella, ammassâ de 24 anni into scagno do commerçialista Marco Soracco de Ciavai.",l’assascinio,PROPN,NOUN
"Dòppo trent’anni gh’é unna sentensa de primmo graddo pe l’assascinio da Nada Cella, ammassâ de 24 anni into scagno do commerçialista Marco Soracco de Ciavai.",da,ADP,FUNC
"Dòppo trent’anni gh’é unna sentensa de primmo graddo pe l’assascinio da Nada Cella, ammassâ de 24 anni into scagno do commerçialista Marco Soracco de Ciavai.",Nada,PROPN,NOUN
"Dòppo trent’anni gh’é unna sentensa de primmo graddo pe l’assascinio da Nada Cella, ammassâ de 24 anni into scagno do commerçialista Marco Soracco de Ciavai.",Cella,PROPN,NOUN
"Dòppo trent’anni gh’é unna sentensa de primmo graddo pe l’assascinio da Nada Cella, ammassâ de 24 anni into scagno do commerçialista Marco Soracco de Ciavai.",",",PUNCT,PUNCT
"Dòppo trent’anni gh’é unna sentensa de primmo graddo pe l’assascinio da Nada Cella, ammassâ de 24 anni into scagno do commerçialista Marco Soracco de Ciavai.",ammassâ,VERB,VERB
"Dòppo trent’anni gh’é unna sentensa de primmo graddo pe l’assascinio da Nada Cella, ammassâ de 24 anni into scagno do commerçialista Marco Soracco de Ciavai.",de,ADP,FUNC
"Dòppo trent’anni gh’é unna sentensa de primmo graddo pe l’assascinio da Nada Cella, ammassâ de 24 anni into scagno do commerçialista Marco Soracco de Ciavai.",24,NUM,ADJ
"Dòppo trent’anni gh’é unna sentensa de primmo graddo pe l’assascinio da Nada Cella, ammassâ de 24 anni into scagno do commerçialista Marco Soracco de Ciavai.",anni,NOUN,NOUN
"Dòppo trent’anni gh’é unna sentensa de primmo graddo pe l’assascinio da Nada Cella, ammassâ de 24 anni into scagno do commerçialista Marco Soracco de Ciavai.",into,PROPN,NOUN
"Dòppo trent’anni gh’é unna sentensa de primmo graddo pe l’assascinio da Nada Cella, ammassâ de 24 anni into scagno do commerçialista Marco Soracco de Ciavai.",scagno,ADJ,ADJ
"Dòppo trent’anni gh’é unna sentensa de primmo graddo pe l’assascinio da Nada Cella, ammassâ de 24 anni into scagno do commerçialista Marco Soracco de Ciavai.",do,ADP,FUNC
"Dòppo trent’anni gh’é unna sentensa de primmo graddo pe l’assascinio da Nada Cella, ammassâ de 24 anni into scagno do commerçialista Marco Soracco de Ciavai.",commerçialista,ADJ,ADJ
"Dòppo trent’anni gh’é unna sentensa de primmo graddo pe l’assascinio da Nada Cella, ammassâ de 24 anni into scagno do commerçialista Marco Soracco de Ciavai.",Marco,PROPN,NOUN
"Dòppo trent’anni gh’é unna sentensa de primmo graddo pe l’assascinio da Nada Cella, ammassâ de 24 anni into scagno do commerçialista Marco Soracco de Ciavai.",Soracco,PROPN,NOUN
"Dòppo trent’anni gh’é unna sentensa de primmo graddo pe l’assascinio da Nada Cella, ammassâ de 24 anni into scagno do commerçialista Marco Soracco de Ciavai.",de,ADP,FUNC
"Dòppo trent’anni gh’é unna sentensa de primmo graddo pe l’assascinio da Nada Cella, ammassâ de 24 anni into scagno do commerçialista Marco Soracco de Ciavai.",Ciavai,PROPN,NOUN
"Dòppo trent’anni gh’é unna sentensa de primmo graddo pe l’assascinio da Nada Cella, ammassâ de 24 anni into scagno do commerçialista Marco Soracco de Ciavai.",.,PUNCT,PUNCT
A Corte d’assise de Zena a l’à deciarou corpeive a Annalucia Cecere e a l’à condannâ à 24 anni de prexon.,A,DET,PRON
A Corte d’assise de Zena a l’à deciarou corpeive a Annalucia Cecere e a l’à condannâ à 24 anni de prexon.,Corte,PROPN,NOUN
A Corte d’assise de Zena a l’à deciarou corpeive a Annalucia Cecere e a l’à condannâ à 24 anni de prexon.,d’assise,PROPN,NOUN
A Corte d’assise de Zena a l’à deciarou corpeive a Annalucia Cecere e a l’à condannâ à 24 anni de prexon.,de,ADP,FUNC
A Corte d’assise de Zena a l’à deciarou corpeive a Annalucia Cecere e a l’à condannâ à 24 anni de prexon.,Zena,PROPN,NOUN
A Corte d’assise de Zena a l’à deciarou corpeive a Annalucia Cecere e a l’à condannâ à 24 anni de prexon.,a,ADP,FUNC
A Corte d’assise de Zena a l’à deciarou corpeive a Annalucia Cecere e a l’à condannâ à 24 anni de prexon.,l’à,PROPN,NOUN
A Corte d’assise de Zena a l’à deciarou corpeive a Annalucia Cecere e a l’à condannâ à 24 anni de prexon.,deciarou,VERB,VERB
A Corte d’assise de Zena a l’à deciarou corpeive a Annalucia Cecere e a l’à condannâ à 24 anni de prexon.,corpeive,VERB,VERB
A Corte d’assise de Zena a l’à deciarou corpeive a Annalucia Cecere e a l’à condannâ à 24 anni de prexon.,a,DET,PRON
A Corte d’assise de Zena a l’à deciarou corpeive a Annalucia Cecere e a l’à condannâ à 24 anni de prexon.,Annalucia,PROPN,NOUN
A Corte d’assise de Zena a l’à deciarou corpeive a Annalucia Cecere e a l’à condannâ à 24 anni de prexon.,Cecere,PROPN,NOUN
A Corte d’assise de Zena a l’à deciarou corpeive a Annalucia Cecere e a l’à condannâ à 24 anni de prexon.,e,CCONJ,FUNC
A Corte d’assise de Zena a l’à deciarou corpeive a Annalucia Cecere e a l’à condannâ à 24 anni de prexon.,a,DET,PRON
A Corte d’assise de Zena a l’à deciarou corpeive a Annalucia Cecere e a l’à condannâ à 24 anni de prexon.,l’à,NOUN,NOUN
A Corte d’assise de Zena a l’à deciarou corpeive a Annalucia Cecere e a l’à condannâ à 24 anni de prexon.,condannâ,ADJ,ADJ
A Corte d’assise de Zena a l’à deciarou corpeive a Annalucia Cecere e a l’à condannâ à 24 anni de prexon.,à,ADP,FUNC
A Corte d’assise de Zena a l’à deciarou corpeive a Annalucia Cecere e a l’à condannâ à 24 anni de prexon.,24,NUM,ADJ
A Corte d’assise de Zena a l’à deciarou corpeive a Annalucia Cecere e a l’à condannâ à 24 anni de prexon.,anni,NOUN,NOUN
A Corte d’assise de Zena a l’à deciarou corpeive a Annalucia Cecere e a l’à condannâ à 24 anni de prexon.,de,ADP,FUNC
A Corte d’assise de Zena a l’à deciarou corpeive a Annalucia Cecere e a l’à condannâ à 24 anni de prexon.,prexon,NOUN,NOUN
A Corte d’assise de Zena a l’à deciarou corpeive a Annalucia Cecere e a l’à condannâ à 24 anni de prexon.,.,PUNCT,PUNCT
A Procua a l’aiva domandou a prexon à vitta.,A,DET,PRON
A Procua a l’aiva domandou a prexon à vitta.,Procua,NOUN,NOUN
A Procua a l’aiva domandou a prexon à vitta.,a,DET,PRON
A Procua a l’aiva domandou a prexon à vitta.,l’aiva,NOUN,NOUN
A Procua a l’aiva domandou a prexon à vitta.,domandou,VERB,VERB
A Procua a l’aiva domandou a prexon à vitta.,a,ADP,FUNC
A Procua a l’aiva domandou a prexon à vitta.,prexon,NOUN,NOUN
A Procua a l’aiva domandou a prexon à vitta.,à,ADP,FUNC
A Procua a l’aiva domandou a prexon à vitta.,vitta,NOUN,NOUN
A Procua a l’aiva domandou a prexon à vitta.,.,PUNCT,PUNCT
O Soracco o l’é stæto condannou à doî anni pe façilitaçion.,O,DET,PRON
O Soracco o l’é stæto condannou à doî anni pe façilitaçion.,Soracco,PROPN,NOUN
O Soracco o l’é stæto condannou à doî anni pe façilitaçion.,o,DET,PRON
O Soracco o l’é stæto condannou à doî anni pe façilitaçion.,l’é,PROPN,NOUN
O Soracco o l’é stæto condannou à doî anni pe façilitaçion.,stæto,PROPN,NOUN
O Soracco o l’é stæto condannou à doî anni pe façilitaçion.,condannou,VERB,VERB
O Soracco o l’é stæto condannou à doî anni pe façilitaçion.,à,ADP,FUNC
O Soracco o l’é stæto condannou à doî anni pe façilitaçion.,doî,NOUN,NOUN
O Soracco o l’é stæto condannou à doî anni pe façilitaçion.,anni,ADJ,ADJ
O Soracco o l’é stæto condannou à doî anni pe façilitaçion.,pe,ADP,FUNC
O Soracco o l’é stæto condannou à doî anni pe façilitaçion.,façilitaçion,NOUN,NOUN
O Soracco o l’é stæto condannou à doî anni pe façilitaçion.,.,PUNCT,PUNCT
"«Pensava che l’avessan ascordâ, oua s’é fæto giustiçia», o commento da coxiña Silvia Cella.",«,PUNCT,PUNCT
"«Pensava che l’avessan ascordâ, oua s’é fæto giustiçia», o commento da coxiña Silvia Cella.",Pensava,PROPN,NOUN
"«Pensava che l’avessan ascordâ, oua s’é fæto giustiçia», o commento da coxiña Silvia Cella.",che,VERB,VERB
"«Pensava che l’avessan ascordâ, oua s’é fæto giustiçia», o commento da coxiña Silvia Cella.",l’avessan,PROPN,NOUN
"«Pensava che l’avessan ascordâ, oua s’é fæto giustiçia», o commento da coxiña Silvia Cella.",ascordâ,PROPN,NOUN
"«Pensava che l’avessan ascordâ, oua s’é fæto giustiçia», o commento da coxiña Silvia Cella.",",",PUNCT,PUNCT
"«Pensava che l’avessan ascordâ, oua s’é fæto giustiçia», o commento da coxiña Silvia Cella.",oua,SYM,OTHER
"«Pensava che l’avessan ascordâ, oua s’é fæto giustiçia», o commento da coxiña Silvia Cella.",s’é,PROPN,NOUN
"«Pensava che l’avessan ascordâ, oua s’é fæto giustiçia», o commento da coxiña Silvia Cella.",fæto,NOUN,NOUN
"«Pensava che l’avessan ascordâ, oua s’é fæto giustiçia», o commento da coxiña Silvia Cella.",giustiçia,PROPN,NOUN
"«Pensava che l’avessan ascordâ, oua s’é fæto giustiçia», o commento da coxiña Silvia Cella.",»,PUNCT,PUNCT
"«Pensava che l’avessan ascordâ, oua s’é fæto giustiçia», o commento da coxiña Silvia Cella.",",",PUNCT,PUNCT
"«Pensava che l’avessan ascordâ, oua s’é fæto giustiçia», o commento da coxiña Silvia Cella.",o,DET,PRON
"«Pensava che l’avessan ascordâ, oua s’é fæto giustiçia», o commento da coxiña Silvia Cella.",commento,NOUN,NOUN
"«Pensava che l’avessan ascordâ, oua s’é fæto giustiçia», o commento da coxiña Silvia Cella.",da,ADP,FUNC
"«Pensava che l’avessan ascordâ, oua s’é fæto giustiçia», o commento da coxiña Silvia Cella.",coxiña,NOUN,NOUN
"«Pensava che l’avessan ascordâ, oua s’é fæto giustiçia», o commento da coxiña Silvia Cella.",Silvia,PROPN,NOUN
"«Pensava che l’avessan ascordâ, oua s’é fæto giustiçia», o commento da coxiña Silvia Cella.",Cella,PROPN,NOUN
"«Pensava che l’avessan ascordâ, oua s’é fæto giustiçia», o commento da coxiña Silvia Cella.",.,PUNCT,PUNCT
"«Son contenta e commòssa, a sentensa d’ancheu a l’é tròppo importante», a l’à dito a Sabrina Franzone, l’avvocata da seu Daniela Cella.",«,PUNCT,PUNCT
"«Son contenta e commòssa, a sentensa d’ancheu a l’é tròppo importante», a l’à dito a Sabrina Franzone, l’avvocata da seu Daniela Cella.",Son,NOUN,NOUN
"«Son contenta e commòssa, a sentensa d’ancheu a l’é tròppo importante», a l’à dito a Sabrina Franzone, l’avvocata da seu Daniela Cella.",contenta,VERB,VERB
"«Son contenta e commòssa, a sentensa d’ancheu a l’é tròppo importante», a l’à dito a Sabrina Franzone, l’avvocata da seu Daniela Cella.",e,CCONJ,FUNC
"«Son contenta e commòssa, a sentensa d’ancheu a l’é tròppo importante», a l’à dito a Sabrina Franzone, l’avvocata da seu Daniela Cella.",commòssa,NOUN,NOUN
"«Son contenta e commòssa, a sentensa d’ancheu a l’é tròppo importante», a l’à dito a Sabrina Franzone, l’avvocata da seu Daniela Cella.",",",PUNCT,PUNCT
"«Son contenta e commòssa, a sentensa d’ancheu a l’é tròppo importante», a l’à dito a Sabrina Franzone, l’avvocata da seu Daniela Cella.",a,DET,PRON
"«Son contenta e commòssa, a sentensa d’ancheu a l’é tròppo importante», a l’à dito a Sabrina Franzone, l’avvocata da seu Daniela Cella.",sentensa,ADJ,ADJ
"«Son contenta e commòssa, a sentensa d’ancheu a l’é tròppo importante», a l’à dito a Sabrina Franzone, l’avvocata da seu Daniela Cella.",d’ancheu,VERB,VERB
"«Son contenta e commòssa, a sentensa d’ancheu a l’é tròppo importante», a l’à dito a Sabrina Franzone, l’avvocata da seu Daniela Cella.",a,DET,PRON
"«Son contenta e commòssa, a sentensa d’ancheu a l’é tròppo importante», a l’à dito a Sabrina Franzone, l’avvocata da seu Daniela Cella.",l’é,ADJ,ADJ
"«Son contenta e commòssa, a sentensa d’ancheu a l’é tròppo importante», a l’à dito a Sabrina Franzone, l’avvocata da seu Daniela Cella.",tròppo,NOUN,NOUN
"«Son contenta e commòssa, a sentensa d’ancheu a l’é tròppo importante», a l’à dito a Sabrina Franzone, l’avvocata da seu Daniela Cella.",importante,ADJ,ADJ
"«Son contenta e commòssa, a sentensa d’ancheu a l’é tròppo importante», a l’à dito a Sabrina Franzone, l’avvocata da seu Daniela Cella.",»,PUNCT,PUNCT
"«Son contenta e commòssa, a sentensa d’ancheu a l’é tròppo importante», a l’à dito a Sabrina Franzone, l’avvocata da seu Daniela Cella.",",",PUNCT,PUNCT
"«Son contenta e commòssa, a sentensa d’ancheu a l’é tròppo importante», a l’à dito a Sabrina Franzone, l’avvocata da seu Daniela Cella.",a,DET,PRON
"«Son contenta e commòssa, a sentensa d’ancheu a l’é tròppo importante», a l’à dito a Sabrina Franzone, l’avvocata da seu Daniela Cella.",l’à,NOUN,NOUN
"«Son contenta e commòssa, a sentensa d’ancheu a l’é tròppo importante», a l’à dito a Sabrina Franzone, l’avvocata da seu Daniela Cella.",dito,VERB,VERB
"«Son contenta e commòssa, a sentensa d’ancheu a l’é tròppo importante», a l’à dito a Sabrina Franzone, l’avvocata da seu Daniela Cella.",a,DET,PRON
"«Son contenta e commòssa, a sentensa d’ancheu a l’é tròppo importante», a l’à dito a Sabrina Franzone, l’avvocata da seu Daniela Cella.",Sabrina,PROPN,NOUN
"«Son contenta e commòssa, a sentensa d’ancheu a l’é tròppo importante», a l’à dito a Sabrina Franzone, l’avvocata da seu Daniela Cella.",Franzone,PROPN,NOUN
"«Son contenta e commòssa, a sentensa d’ancheu a l’é tròppo importante», a l’à dito a Sabrina Franzone, l’avvocata da seu Daniela Cella.",",",PUNCT,PUNCT
"«Son contenta e commòssa, a sentensa d’ancheu a l’é tròppo importante», a l’à dito a Sabrina Franzone, l’avvocata da seu Daniela Cella.",l’avvocata,NOUN,NOUN
"«Son contenta e commòssa, a sentensa d’ancheu a l’é tròppo importante», a l’à dito a Sabrina Franzone, l’avvocata da seu Daniela Cella.",da,ADP,FUNC
"«Son contenta e commòssa, a sentensa d’ancheu a l’é tròppo importante», a l’à dito a Sabrina Franzone, l’avvocata da seu Daniela Cella.",seu,PROPN,NOUN
"«Son contenta e commòssa, a sentensa d’ancheu a l’é tròppo importante», a l’à dito a Sabrina Franzone, l’avvocata da seu Daniela Cella.",Daniela,PROPN,NOUN
"«Son contenta e commòssa, a sentensa d’ancheu a l’é tròppo importante», a l’à dito a Sabrina Franzone, l’avvocata da seu Daniela Cella.",Cella,PROPN,NOUN
"«Son contenta e commòssa, a sentensa d’ancheu a l’é tròppo importante», a l’à dito a Sabrina Franzone, l’avvocata da seu Daniela Cella.",.,PUNCT,PUNCT
E motivaçion da sentensa saian fæte conosce da cjì à 90 giorni.,E,CCONJ,FUNC
E motivaçion da sentensa saian fæte conosce da cjì à 90 giorni.,motivaçion,VERB,VERB
E motivaçion da sentensa saian fæte conosce da cjì à 90 giorni.,da,ADP,FUNC
E motivaçion da sentensa saian fæte conosce da cjì à 90 giorni.,sentensa,ADJ,ADJ
E motivaçion da sentensa saian fæte conosce da cjì à 90 giorni.,saian,PROPN,NOUN
E motivaçion da sentensa saian fæte conosce da cjì à 90 giorni.,fæte,PROPN,NOUN
E motivaçion da sentensa saian fæte conosce da cjì à 90 giorni.,conosce,VERB,VERB
E motivaçion da sentensa saian fæte conosce da cjì à 90 giorni.,da,ADP,FUNC
E motivaçion da sentensa saian fæte conosce da cjì à 90 giorni.,cjì,NOUN,NOUN
E motivaçion da sentensa saian fæte conosce da cjì à 90 giorni.,à,ADP,FUNC
E motivaçion da sentensa saian fæte conosce da cjì à 90 giorni.,90,NUM,ADJ
E motivaçion da sentensa saian fæte conosce da cjì à 90 giorni.,giorni,NOUN,NOUN
E motivaçion da sentensa saian fæte conosce da cjì à 90 giorni.,.,PUNCT,PUNCT
"O prescidente da Region Liguria Marco Bucci o l’à nominou i doî neuvi assessoî da seu zonta: son a Claudia Morich, pe chinz’anni à cappo da direçion finançiäia, e o conseggê da Lega Alessio Piana.",O,DET,PRON
"O prescidente da Region Liguria Marco Bucci o l’à nominou i doî neuvi assessoî da seu zonta: son a Claudia Morich, pe chinz’anni à cappo da direçion finançiäia, e o conseggê da Lega Alessio Piana.",prescidente,NOUN,NOUN
"O prescidente da Region Liguria Marco Bucci o l’à nominou i doî neuvi assessoî da seu zonta: son a Claudia Morich, pe chinz’anni à cappo da direçion finançiäia, e o conseggê da Lega Alessio Piana.",da,ADP,FUNC
"O prescidente da Region Liguria Marco Bucci o l’à nominou i doî neuvi assessoî da seu zonta: son a Claudia Morich, pe chinz’anni à cappo da direçion finançiäia, e o conseggê da Lega Alessio Piana.",Region,PROPN,NOUN
"O prescidente da Region Liguria Marco Bucci o l’à nominou i doî neuvi assessoî da seu zonta: son a Claudia Morich, pe chinz’anni à cappo da direçion finançiäia, e o conseggê da Lega Alessio Piana.",Liguria,PROPN,NOUN
"O prescidente da Region Liguria Marco Bucci o l’à nominou i doî neuvi assessoî da seu zonta: son a Claudia Morich, pe chinz’anni à cappo da direçion finançiäia, e o conseggê da Lega Alessio Piana.",Marco,PROPN,NOUN
"O prescidente da Region Liguria Marco Bucci o l’à nominou i doî neuvi assessoî da seu zonta: son a Claudia Morich, pe chinz’anni à cappo da direçion finançiäia, e o conseggê da Lega Alessio Piana.",Bucci,PROPN,NOUN
"O prescidente da Region Liguria Marco Bucci o l’à nominou i doî neuvi assessoî da seu zonta: son a Claudia Morich, pe chinz’anni à cappo da direçion finançiäia, e o conseggê da Lega Alessio Piana.",o,DET,PRON
"O prescidente da Region Liguria Marco Bucci o l’à nominou i doî neuvi assessoî da seu zonta: son a Claudia Morich, pe chinz’anni à cappo da direçion finançiäia, e o conseggê da Lega Alessio Piana.",l’à,PROPN,NOUN
"O prescidente da Region Liguria Marco Bucci o l’à nominou i doî neuvi assessoî da seu zonta: son a Claudia Morich, pe chinz’anni à cappo da direçion finançiäia, e o conseggê da Lega Alessio Piana.",nominou,VERB,VERB
"O prescidente da Region Liguria Marco Bucci o l’à nominou i doî neuvi assessoî da seu zonta: son a Claudia Morich, pe chinz’anni à cappo da direçion finançiäia, e o conseggê da Lega Alessio Piana.",i,PROPN,NOUN
"O prescidente da Region Liguria Marco Bucci o l’à nominou i doî neuvi assessoî da seu zonta: son a Claudia Morich, pe chinz’anni à cappo da direçion finançiäia, e o conseggê da Lega Alessio Piana.",doî,PROPN,NOUN
"O prescidente da Region Liguria Marco Bucci o l’à nominou i doî neuvi assessoî da seu zonta: son a Claudia Morich, pe chinz’anni à cappo da direçion finançiäia, e o conseggê da Lega Alessio Piana.",neuvi,PROPN,NOUN
"O prescidente da Region Liguria Marco Bucci o l’à nominou i doî neuvi assessoî da seu zonta: son a Claudia Morich, pe chinz’anni à cappo da direçion finançiäia, e o conseggê da Lega Alessio Piana.",assessoî,ADJ,ADJ
"O prescidente da Region Liguria Marco Bucci o l’à nominou i doî neuvi assessoî da seu zonta: son a Claudia Morich, pe chinz’anni à cappo da direçion finançiäia, e o conseggê da Lega Alessio Piana.",da,ADP,FUNC
"O prescidente da Region Liguria Marco Bucci o l’à nominou i doî neuvi assessoî da seu zonta: son a Claudia Morich, pe chinz’anni à cappo da direçion finançiäia, e o conseggê da Lega Alessio Piana.",seu,DET,PRON
"O prescidente da Region Liguria Marco Bucci o l’à nominou i doî neuvi assessoî da seu zonta: son a Claudia Morich, pe chinz’anni à cappo da direçion finançiäia, e o conseggê da Lega Alessio Piana.",zonta,NOUN,NOUN
"O prescidente da Region Liguria Marco Bucci o l’à nominou i doî neuvi assessoî da seu zonta: son a Claudia Morich, pe chinz’anni à cappo da direçion finançiäia, e o conseggê da Lega Alessio Piana.",:,PUNCT,PUNCT
"O prescidente da Region Liguria Marco Bucci o l’à nominou i doî neuvi assessoî da seu zonta: son a Claudia Morich, pe chinz’anni à cappo da direçion finançiäia, e o conseggê da Lega Alessio Piana.",son,PROPN,NOUN
"O prescidente da Region Liguria Marco Bucci o l’à nominou i doî neuvi assessoî da seu zonta: son a Claudia Morich, pe chinz’anni à cappo da direçion finançiäia, e o conseggê da Lega Alessio Piana.",a,DET,PRON
"O prescidente da Region Liguria Marco Bucci o l’à nominou i doî neuvi assessoî da seu zonta: son a Claudia Morich, pe chinz’anni à cappo da direçion finançiäia, e o conseggê da Lega Alessio Piana.",Claudia,PROPN,NOUN
"O prescidente da Region Liguria Marco Bucci o l’à nominou i doî neuvi assessoî da seu zonta: son a Claudia Morich, pe chinz’anni à cappo da direçion finançiäia, e o conseggê da Lega Alessio Piana.",Morich,PROPN,NOUN
"O prescidente da Region Liguria Marco Bucci o l’à nominou i doî neuvi assessoî da seu zonta: son a Claudia Morich, pe chinz’anni à cappo da direçion finançiäia, e o conseggê da Lega Alessio Piana.",",",PUNCT,PUNCT
"O prescidente da Region Liguria Marco Bucci o l’à nominou i doî neuvi assessoî da seu zonta: son a Claudia Morich, pe chinz’anni à cappo da direçion finançiäia, e o conseggê da Lega Alessio Piana.",pe,ADP,FUNC
"O prescidente da Region Liguria Marco Bucci o l’à nominou i doî neuvi assessoî da seu zonta: son a Claudia Morich, pe chinz’anni à cappo da direçion finançiäia, e o conseggê da Lega Alessio Piana.",chinz’anni,PROPN,NOUN
"O prescidente da Region Liguria Marco Bucci o l’à nominou i doî neuvi assessoî da seu zonta: son a Claudia Morich, pe chinz’anni à cappo da direçion finançiäia, e o conseggê da Lega Alessio Piana.",à,ADP,FUNC
"O prescidente da Region Liguria Marco Bucci o l’à nominou i doî neuvi assessoî da seu zonta: son a Claudia Morich, pe chinz’anni à cappo da direçion finançiäia, e o conseggê da Lega Alessio Piana.",cappo,NOUN,NOUN
"O prescidente da Region Liguria Marco Bucci o l’à nominou i doî neuvi assessoî da seu zonta: son a Claudia Morich, pe chinz’anni à cappo da direçion finançiäia, e o conseggê da Lega Alessio Piana.",da,ADP,FUNC
"O prescidente da Region Liguria Marco Bucci o l’à nominou i doî neuvi assessoî da seu zonta: son a Claudia Morich, pe chinz’anni à cappo da direçion finançiäia, e o conseggê da Lega Alessio Piana.",direçion,NOUN,NOUN
"O prescidente da Region Liguria Marco Bucci o l’à nominou i doî neuvi assessoî da seu zonta: son a Claudia Morich, pe chinz’anni à cappo da direçion finançiäia, e o conseggê da Lega Alessio Piana.",finançiäia,ADJ,ADJ
"O prescidente da Region Liguria Marco Bucci o l’à nominou i doî neuvi assessoî da seu zonta: son a Claudia Morich, pe chinz’anni à cappo da direçion finançiäia, e o conseggê da Lega Alessio Piana.",",",PUNCT,PUNCT
"O prescidente da Region Liguria Marco Bucci o l’à nominou i doî neuvi assessoî da seu zonta: son a Claudia Morich, pe chinz’anni à cappo da direçion finançiäia, e o conseggê da Lega Alessio Piana.",e,CCONJ,FUNC
"O prescidente da Region Liguria Marco Bucci o l’à nominou i doî neuvi assessoî da seu zonta: son a Claudia Morich, pe chinz’anni à cappo da direçion finançiäia, e o conseggê da Lega Alessio Piana.",o,DET,PRON
"O prescidente da Region Liguria Marco Bucci o l’à nominou i doî neuvi assessoî da seu zonta: son a Claudia Morich, pe chinz’anni à cappo da direçion finançiäia, e o conseggê da Lega Alessio Piana.",conseggê,NOUN,NOUN
"O prescidente da Region Liguria Marco Bucci o l’à nominou i doî neuvi assessoî da seu zonta: son a Claudia Morich, pe chinz’anni à cappo da direçion finançiäia, e o conseggê da Lega Alessio Piana.",da,ADP,FUNC
"O prescidente da Region Liguria Marco Bucci o l’à nominou i doî neuvi assessoî da seu zonta: son a Claudia Morich, pe chinz’anni à cappo da direçion finançiäia, e o conseggê da Lega Alessio Piana.",Lega,PROPN,NOUN
"O prescidente da Region Liguria Marco Bucci o l’à nominou i doî neuvi assessoî da seu zonta: son a Claudia Morich, pe chinz’anni à cappo da direçion finançiäia, e o conseggê da Lega Alessio Piana.",Alessio,PROPN,NOUN
"O prescidente da Region Liguria Marco Bucci o l’à nominou i doî neuvi assessoî da seu zonta: son a Claudia Morich, pe chinz’anni à cappo da direçion finançiäia, e o conseggê da Lega Alessio Piana.",Piana,PROPN,NOUN
"O prescidente da Region Liguria Marco Bucci o l’à nominou i doî neuvi assessoî da seu zonta: son a Claudia Morich, pe chinz’anni à cappo da direçion finançiäia, e o conseggê da Lega Alessio Piana.",.,PUNCT,PUNCT
I componenti montan coscì à neuve graçie a-a reforma do Statuto e a-a lezze naçionale.,I,PROPN,NOUN
I componenti montan coscì à neuve graçie a-a reforma do Statuto e a-a lezze naçionale.,componenti,VERB,VERB
I componenti montan coscì à neuve graçie a-a reforma do Statuto e a-a lezze naçionale.,montan,ADJ,ADJ
I componenti montan coscì à neuve graçie a-a reforma do Statuto e a-a lezze naçionale.,coscì,VERB,VERB
I componenti montan coscì à neuve graçie a-a reforma do Statuto e a-a lezze naçionale.,à,ADP,FUNC
I componenti montan coscì à neuve graçie a-a reforma do Statuto e a-a lezze naçionale.,neuve,VERB,VERB
I componenti montan coscì à neuve graçie a-a reforma do Statuto e a-a lezze naçionale.,graçie,VERB,VERB
I componenti montan coscì à neuve graçie a-a reforma do Statuto e a-a lezze naçionale.,a-a,VERB,VERB
I componenti montan coscì à neuve graçie a-a reforma do Statuto e a-a lezze naçionale.,reforma,NOUN,NOUN
I componenti montan coscì à neuve graçie a-a reforma do Statuto e a-a lezze naçionale.,do,ADP,FUNC
I componenti montan coscì à neuve graçie a-a reforma do Statuto e a-a lezze naçionale.,Statuto,PROPN,NOUN
I componenti montan coscì à neuve graçie a-a reforma do Statuto e a-a lezze naçionale.,e,CCONJ,FUNC
I componenti montan coscì à neuve graçie a-a reforma do Statuto e a-a lezze naçionale.,a-a,PROPN,NOUN
I componenti montan coscì à neuve graçie a-a reforma do Statuto e a-a lezze naçionale.,lezze,NOUN,NOUN
I componenti montan coscì à neuve graçie a-a reforma do Statuto e a-a lezze naçionale.,naçionale,VERB,VERB
I componenti montan coscì à neuve graçie a-a reforma do Statuto e a-a lezze naçionale.,.,PUNCT,PUNCT
A Simona Ferro a vëgne viçeprescidente incangio do Alessandro Piana.,A,DET,PRON
A Simona Ferro a vëgne viçeprescidente incangio do Alessandro Piana.,Simona,PROPN,NOUN
A Simona Ferro a vëgne viçeprescidente incangio do Alessandro Piana.,Ferro,PROPN,NOUN
A Simona Ferro a vëgne viçeprescidente incangio do Alessandro Piana.,a,DET,PRON
A Simona Ferro a vëgne viçeprescidente incangio do Alessandro Piana.,vëgne,NOUN,NOUN
A Simona Ferro a vëgne viçeprescidente incangio do Alessandro Piana.,viçeprescidente,ADJ,ADJ
A Simona Ferro a vëgne viçeprescidente incangio do Alessandro Piana.,incangio,ADJ,ADJ
A Simona Ferro a vëgne viçeprescidente incangio do Alessandro Piana.,do,ADP,FUNC
A Simona Ferro a vëgne viçeprescidente incangio do Alessandro Piana.,Alessandro,PROPN,NOUN
A Simona Ferro a vëgne viçeprescidente incangio do Alessandro Piana.,Piana,PROPN,NOUN
A Simona Ferro a vëgne viçeprescidente incangio do Alessandro Piana.,.,PUNCT,PUNCT
O Giacomo Giampedrone o piggia unna neuva delega in sciâ diga do pòrto de Zena e quella à l’Ambiente a va a-o Paolo Ripamonti.,O,DET,PRON
O Giacomo Giampedrone o piggia unna neuva delega in sciâ diga do pòrto de Zena e quella à l’Ambiente a va a-o Paolo Ripamonti.,Giacomo,PROPN,NOUN
O Giacomo Giampedrone o piggia unna neuva delega in sciâ diga do pòrto de Zena e quella à l’Ambiente a va a-o Paolo Ripamonti.,Giampedrone,PROPN,NOUN
O Giacomo Giampedrone o piggia unna neuva delega in sciâ diga do pòrto de Zena e quella à l’Ambiente a va a-o Paolo Ripamonti.,o,DET,PRON
O Giacomo Giampedrone o piggia unna neuva delega in sciâ diga do pòrto de Zena e quella à l’Ambiente a va a-o Paolo Ripamonti.,piggia,NOUN,NOUN
O Giacomo Giampedrone o piggia unna neuva delega in sciâ diga do pòrto de Zena e quella à l’Ambiente a va a-o Paolo Ripamonti.,unna,ADJ,ADJ
O Giacomo Giampedrone o piggia unna neuva delega in sciâ diga do pòrto de Zena e quella à l’Ambiente a va a-o Paolo Ripamonti.,neuva,VERB,VERB
O Giacomo Giampedrone o piggia unna neuva delega in sciâ diga do pòrto de Zena e quella à l’Ambiente a va a-o Paolo Ripamonti.,delega,PROPN,NOUN
O Giacomo Giampedrone o piggia unna neuva delega in sciâ diga do pòrto de Zena e quella à l’Ambiente a va a-o Paolo Ripamonti.,in,PROPN,NOUN
O Giacomo Giampedrone o piggia unna neuva delega in sciâ diga do pòrto de Zena e quella à l’Ambiente a va a-o Paolo Ripamonti.,sciâ,ADJ,ADJ
O Giacomo Giampedrone o piggia unna neuva delega in sciâ diga do pòrto de Zena e quella à l’Ambiente a va a-o Paolo Ripamonti.,diga,VERB,VERB
O Giacomo Giampedrone o piggia unna neuva delega in sciâ diga do pòrto de Zena e quella à l’Ambiente a va a-o Paolo Ripamonti.,do,ADP,FUNC
O Giacomo Giampedrone o piggia unna neuva delega in sciâ diga do pòrto de Zena e quella à l’Ambiente a va a-o Paolo Ripamonti.,pòrto,NOUN,NOUN
O Giacomo Giampedrone o piggia unna neuva delega in sciâ diga do pòrto de Zena e quella à l’Ambiente a va a-o Paolo Ripamonti.,de,ADP,FUNC
O Giacomo Giampedrone o piggia unna neuva delega in sciâ diga do pòrto de Zena e quella à l’Ambiente a va a-o Paolo Ripamonti.,Zena,PROPN,NOUN
O Giacomo Giampedrone o piggia unna neuva delega in sciâ diga do pòrto de Zena e quella à l’Ambiente a va a-o Paolo Ripamonti.,e,CCONJ,FUNC
O Giacomo Giampedrone o piggia unna neuva delega in sciâ diga do pòrto de Zena e quella à l’Ambiente a va a-o Paolo Ripamonti.,quella,VERB,VERB
O Giacomo Giampedrone o piggia unna neuva delega in sciâ diga do pòrto de Zena e quella à l’Ambiente a va a-o Paolo Ripamonti.,à,ADP,FUNC
O Giacomo Giampedrone o piggia unna neuva delega in sciâ diga do pòrto de Zena e quella à l’Ambiente a va a-o Paolo Ripamonti.,l’Ambiente,NOUN,NOUN
O Giacomo Giampedrone o piggia unna neuva delega in sciâ diga do pòrto de Zena e quella à l’Ambiente a va a-o Paolo Ripamonti.,a,ADP,FUNC
O Giacomo Giampedrone o piggia unna neuva delega in sciâ diga do pòrto de Zena e quella à l’Ambiente a va a-o Paolo Ripamonti.,va,PROPN,NOUN
O Giacomo Giampedrone o piggia unna neuva delega in sciâ diga do pòrto de Zena e quella à l’Ambiente a va a-o Paolo Ripamonti.,a-o,VERB,VERB
O Giacomo Giampedrone o piggia unna neuva delega in sciâ diga do pòrto de Zena e quella à l’Ambiente a va a-o Paolo Ripamonti.,Paolo,PROPN,NOUN
O Giacomo Giampedrone o piggia unna neuva delega in sciâ diga do pòrto de Zena e quella à l’Ambiente a va a-o Paolo Ripamonti.,Ripamonti,PROPN,NOUN
O Giacomo Giampedrone o piggia unna neuva delega in sciâ diga do pòrto de Zena e quella à l’Ambiente a va a-o Paolo Ripamonti.,.,PUNCT,PUNCT
O Angelo Vaccarezza o l’avià un incarrego in scê relaçioin internaçionale e i Enti locali.,O,DET,PRON
O Angelo Vaccarezza o l’avià un incarrego in scê relaçioin internaçionale e i Enti locali.,Angelo,PROPN,NOUN
O Angelo Vaccarezza o l’avià un incarrego in scê relaçioin internaçionale e i Enti locali.,Vaccarezza,PROPN,NOUN
O Angelo Vaccarezza o l’avià un incarrego in scê relaçioin internaçionale e i Enti locali.,o,DET,PRON
O Angelo Vaccarezza o l’avià un incarrego in scê relaçioin internaçionale e i Enti locali.,l’avià,PROPN,NOUN
O Angelo Vaccarezza o l’avià un incarrego in scê relaçioin internaçionale e i Enti locali.,un,PROPN,NOUN
O Angelo Vaccarezza o l’avià un incarrego in scê relaçioin internaçionale e i Enti locali.,incarrego,PROPN,NOUN
O Angelo Vaccarezza o l’avià un incarrego in scê relaçioin internaçionale e i Enti locali.,in,PROPN,NOUN
O Angelo Vaccarezza o l’avià un incarrego in scê relaçioin internaçionale e i Enti locali.,scê,VERB,VERB
O Angelo Vaccarezza o l’avià un incarrego in scê relaçioin internaçionale e i Enti locali.,relaçioin,ADJ,ADJ
O Angelo Vaccarezza o l’avià un incarrego in scê relaçioin internaçionale e i Enti locali.,internaçionale,NOUN,NOUN
O Angelo Vaccarezza o l’avià un incarrego in scê relaçioin internaçionale e i Enti locali.,e,CCONJ,FUNC
O Angelo Vaccarezza o l’avià un incarrego in scê relaçioin internaçionale e i Enti locali.,i,PROPN,NOUN
O Angelo Vaccarezza o l’avià un incarrego in scê relaçioin internaçionale e i Enti locali.,Enti,PROPN,NOUN
O Angelo Vaccarezza o l’avià un incarrego in scê relaçioin internaçionale e i Enti locali.,locali,PROPN,NOUN
O Angelo Vaccarezza o l’avià un incarrego in scê relaçioin internaçionale e i Enti locali.,.,PUNCT,PUNCT
"«A maggioransa a l’é fòrte», o l’à respòsto o Bucci in scê rouxie che vegnieivan da-e liste çiviche.",«,PUNCT,PUNCT
"«A maggioransa a l’é fòrte», o l’à respòsto o Bucci in scê rouxie che vegnieivan da-e liste çiviche.",A,DET,PRON
"«A maggioransa a l’é fòrte», o l’à respòsto o Bucci in scê rouxie che vegnieivan da-e liste çiviche.",maggioransa,NOUN,NOUN
"«A maggioransa a l’é fòrte», o l’à respòsto o Bucci in scê rouxie che vegnieivan da-e liste çiviche.",a,ADP,FUNC
"«A maggioransa a l’é fòrte», o l’à respòsto o Bucci in scê rouxie che vegnieivan da-e liste çiviche.",l’é,NOUN,NOUN
"«A maggioransa a l’é fòrte», o l’à respòsto o Bucci in scê rouxie che vegnieivan da-e liste çiviche.",fòrte,ADJ,ADJ
"«A maggioransa a l’é fòrte», o l’à respòsto o Bucci in scê rouxie che vegnieivan da-e liste çiviche.",»,PUNCT,PUNCT
"«A maggioransa a l’é fòrte», o l’à respòsto o Bucci in scê rouxie che vegnieivan da-e liste çiviche.",",",PUNCT,PUNCT
"«A maggioransa a l’é fòrte», o l’à respòsto o Bucci in scê rouxie che vegnieivan da-e liste çiviche.",o,DET,PRON
"«A maggioransa a l’é fòrte», o l’à respòsto o Bucci in scê rouxie che vegnieivan da-e liste çiviche.",l’à,NOUN,NOUN
"«A maggioransa a l’é fòrte», o l’à respòsto o Bucci in scê rouxie che vegnieivan da-e liste çiviche.",respòsto,ADJ,ADJ
"«A maggioransa a l’é fòrte», o l’à respòsto o Bucci in scê rouxie che vegnieivan da-e liste çiviche.",o,DET,PRON
"«A maggioransa a l’é fòrte», o l’à respòsto o Bucci in scê rouxie che vegnieivan da-e liste çiviche.",Bucci,PROPN,NOUN
"«A maggioransa a l’é fòrte», o l’à respòsto o Bucci in scê rouxie che vegnieivan da-e liste çiviche.",in,PROPN,NOUN
"«A maggioransa a l’é fòrte», o l’à respòsto o Bucci in scê rouxie che vegnieivan da-e liste çiviche.",scê,VERB,VERB
"«A maggioransa a l’é fòrte», o l’à respòsto o Bucci in scê rouxie che vegnieivan da-e liste çiviche.",rouxie,VERB,VERB
"«A maggioransa a l’é fòrte», o l’à respòsto o Bucci in scê rouxie che vegnieivan da-e liste çiviche.",che,PROPN,NOUN
"«A maggioransa a l’é fòrte», o l’à respòsto o Bucci in scê rouxie che vegnieivan da-e liste çiviche.",vegnieivan,VERB,VERB
"«A maggioransa a l’é fòrte», o l’à respòsto o Bucci in scê rouxie che vegnieivan da-e liste çiviche.",da-e,PROPN,NOUN
"«A maggioransa a l’é fòrte», o l’à respòsto o Bucci in scê rouxie che vegnieivan da-e liste çiviche.",liste,PROPN,NOUN
"«A maggioransa a l’é fòrte», o l’à respòsto o Bucci in scê rouxie che vegnieivan da-e liste çiviche.",çiviche,PROPN,NOUN
"«A maggioransa a l’é fòrte», o l’à respòsto o Bucci in scê rouxie che vegnieivan da-e liste çiviche.",.,PUNCT,PUNCT
Se votià a-i 22 e 23 de marso pe-o referendum constituçionale in sciâ reforma da giustiçia ch’o prevedde sorviatutto a spartiçion de carree di magistrati.,Se,SCONJ,FUNC
Se votià a-i 22 e 23 de marso pe-o referendum constituçionale in sciâ reforma da giustiçia ch’o prevedde sorviatutto a spartiçion de carree di magistrati.,votià,VERB,VERB
Se votià a-i 22 e 23 de marso pe-o referendum constituçionale in sciâ reforma da giustiçia ch’o prevedde sorviatutto a spartiçion de carree di magistrati.,a-i,VERB,VERB
Se votià a-i 22 e 23 de marso pe-o referendum constituçionale in sciâ reforma da giustiçia ch’o prevedde sorviatutto a spartiçion de carree di magistrati.,22,NUM,ADJ
Se votià a-i 22 e 23 de marso pe-o referendum constituçionale in sciâ reforma da giustiçia ch’o prevedde sorviatutto a spartiçion de carree di magistrati.,e,CCONJ,FUNC
Se votià a-i 22 e 23 de marso pe-o referendum constituçionale in sciâ reforma da giustiçia ch’o prevedde sorviatutto a spartiçion de carree di magistrati.,23,NUM,ADJ
Se votià a-i 22 e 23 de marso pe-o referendum constituçionale in sciâ reforma da giustiçia ch’o prevedde sorviatutto a spartiçion de carree di magistrati.,de,ADP,FUNC
Se votià a-i 22 e 23 de marso pe-o referendum constituçionale in sciâ reforma da giustiçia ch’o prevedde sorviatutto a spartiçion de carree di magistrati.,marso,ADJ,ADJ
Se votià a-i 22 e 23 de marso pe-o referendum constituçionale in sciâ reforma da giustiçia ch’o prevedde sorviatutto a spartiçion de carree di magistrati.,pe-o,ADJ,ADJ
Se votià a-i 22 e 23 de marso pe-o referendum constituçionale in sciâ reforma da giustiçia ch’o prevedde sorviatutto a spartiçion de carree di magistrati.,referendum,NOUN,NOUN
Se votià a-i 22 e 23 de marso pe-o referendum constituçionale in sciâ reforma da giustiçia ch’o prevedde sorviatutto a spartiçion de carree di magistrati.,constituçionale,PROPN,NOUN
Se votià a-i 22 e 23 de marso pe-o referendum constituçionale in sciâ reforma da giustiçia ch’o prevedde sorviatutto a spartiçion de carree di magistrati.,in,PROPN,NOUN
Se votià a-i 22 e 23 de marso pe-o referendum constituçionale in sciâ reforma da giustiçia ch’o prevedde sorviatutto a spartiçion de carree di magistrati.,sciâ,ADJ,ADJ
Se votià a-i 22 e 23 de marso pe-o referendum constituçionale in sciâ reforma da giustiçia ch’o prevedde sorviatutto a spartiçion de carree di magistrati.,reforma,NOUN,NOUN
Se votià a-i 22 e 23 de marso pe-o referendum constituçionale in sciâ reforma da giustiçia ch’o prevedde sorviatutto a spartiçion de carree di magistrati.,da,ADP,FUNC
Se votià a-i 22 e 23 de marso pe-o referendum constituçionale in sciâ reforma da giustiçia ch’o prevedde sorviatutto a spartiçion de carree di magistrati.,giustiçia,NOUN,NOUN
Se votià a-i 22 e 23 de marso pe-o referendum constituçionale in sciâ reforma da giustiçia ch’o prevedde sorviatutto a spartiçion de carree di magistrati.,ch’o,PROPN,NOUN
Se votià a-i 22 e 23 de marso pe-o referendum constituçionale in sciâ reforma da giustiçia ch’o prevedde sorviatutto a spartiçion de carree di magistrati.,prevedde,VERB,VERB
Se votià a-i 22 e 23 de marso pe-o referendum constituçionale in sciâ reforma da giustiçia ch’o prevedde sorviatutto a spartiçion de carree di magistrati.,sorviatutto,ADJ,ADJ
Se votià a-i 22 e 23 de marso pe-o referendum constituçionale in sciâ reforma da giustiçia ch’o prevedde sorviatutto a spartiçion de carree di magistrati.,a,DET,PRON
Se votià a-i 22 e 23 de marso pe-o referendum constituçionale in sciâ reforma da giustiçia ch’o prevedde sorviatutto a spartiçion de carree di magistrati.,spartiçion,PROPN,NOUN
Se votià a-i 22 e 23 de marso pe-o referendum constituçionale in sciâ reforma da giustiçia ch’o prevedde sorviatutto a spartiçion de carree di magistrati.,de,ADP,FUNC
Se votià a-i 22 e 23 de marso pe-o referendum constituçionale in sciâ reforma da giustiçia ch’o prevedde sorviatutto a spartiçion de carree di magistrati.,carree,PROPN,NOUN
Se votià a-i 22 e 23 de marso pe-o referendum constituçionale in sciâ reforma da giustiçia ch’o prevedde sorviatutto a spartiçion de carree di magistrati.,di,PROPN,NOUN
Se votià a-i 22 e 23 de marso pe-o referendum constituçionale in sciâ reforma da giustiçia ch’o prevedde sorviatutto a spartiçion de carree di magistrati.,magistrati,PROPN,NOUN
Se votià a-i 22 e 23 de marso pe-o referendum constituçionale in sciâ reforma da giustiçia ch’o prevedde sorviatutto a spartiçion de carree di magistrati.,.,PUNCT,PUNCT
A deçixon a l’é stæta piggiâ da-o Conseggio di ministri.,A,DET,PRON
A deçixon a l’é stæta piggiâ da-o Conseggio di ministri.,deçixon,NOUN,NOUN
A deçixon a l’é stæta piggiâ da-o Conseggio di ministri.,a,ADP,FUNC
A deçixon a l’é stæta piggiâ da-o Conseggio di ministri.,l’é,NOUN,NOUN
A deçixon a l’é stæta piggiâ da-o Conseggio di ministri.,stæta,ADV,ADV
A deçixon a l’é stæta piggiâ da-o Conseggio di ministri.,piggiâ,NOUN,NOUN
A deçixon a l’é stæta piggiâ da-o Conseggio di ministri.,da-o,PROPN,NOUN
A deçixon a l’é stæta piggiâ da-o Conseggio di ministri.,Conseggio,PROPN,NOUN
A deçixon a l’é stæta piggiâ da-o Conseggio di ministri.,di,PROPN,NOUN
A deçixon a l’é stæta piggiâ da-o Conseggio di ministri.,ministri,PROPN,NOUN
A deçixon a l’é stæta piggiâ da-o Conseggio di ministri.,.,PUNCT,PUNCT
L’oppoxiçion a protesta: «O Governo o l’à poia di çittæn informæ».,L’oppoxiçion,PROPN,NOUN
L’oppoxiçion a protesta: «O Governo o l’à poia di çittæn informæ».,a,DET,PRON
L’oppoxiçion a protesta: «O Governo o l’à poia di çittæn informæ».,protesta,NOUN,NOUN
L’oppoxiçion a protesta: «O Governo o l’à poia di çittæn informæ».,:,PUNCT,PUNCT
L’oppoxiçion a protesta: «O Governo o l’à poia di çittæn informæ».,«,PUNCT,PUNCT
L’oppoxiçion a protesta: «O Governo o l’à poia di çittæn informæ».,O,DET,PRON
L’oppoxiçion a protesta: «O Governo o l’à poia di çittæn informæ».,Governo,PROPN,NOUN
L’oppoxiçion a protesta: «O Governo o l’à poia di çittæn informæ».,o,DET,PRON
L’oppoxiçion a protesta: «O Governo o l’à poia di çittæn informæ».,l’à,NOUN,NOUN
L’oppoxiçion a protesta: «O Governo o l’à poia di çittæn informæ».,poia,ADJ,ADJ
L’oppoxiçion a protesta: «O Governo o l’à poia di çittæn informæ».,di,PROPN,NOUN
L’oppoxiçion a protesta: «O Governo o l’à poia di çittæn informæ».,çittæn,ADJ,ADJ
L’oppoxiçion a protesta: «O Governo o l’à poia di çittæn informæ».,informæ,VERB,VERB
L’oppoxiçion a protesta: «O Governo o l’à poia di çittæn informæ».,»,PUNCT,PUNCT
L’oppoxiçion a protesta: «O Governo o l’à poia di çittæn informæ».,.,PUNCT,PUNCT
Intanto l’iniçiativa popolare pe ottegnî un referendum in sciâ mæxima lezze o l’é arrivou a-o quorum de 500mia firme.,Intanto,NOUN,NOUN
Intanto l’iniçiativa popolare pe ottegnî un referendum in sciâ mæxima lezze o l’é arrivou a-o quorum de 500mia firme.,l’iniçiativa,ADJ,ADJ
Intanto l’iniçiativa popolare pe ottegnî un referendum in sciâ mæxima lezze o l’é arrivou a-o quorum de 500mia firme.,popolare,NOUN,NOUN
Intanto l’iniçiativa popolare pe ottegnî un referendum in sciâ mæxima lezze o l’é arrivou a-o quorum de 500mia firme.,pe,ADP,FUNC
Intanto l’iniçiativa popolare pe ottegnî un referendum in sciâ mæxima lezze o l’é arrivou a-o quorum de 500mia firme.,ottegnî,ADJ,ADJ
Intanto l’iniçiativa popolare pe ottegnî un referendum in sciâ mæxima lezze o l’é arrivou a-o quorum de 500mia firme.,un,PROPN,NOUN
Intanto l’iniçiativa popolare pe ottegnî un referendum in sciâ mæxima lezze o l’é arrivou a-o quorum de 500mia firme.,referendum,PROPN,NOUN
Intanto l’iniçiativa popolare pe ottegnî un referendum in sciâ mæxima lezze o l’é arrivou a-o quorum de 500mia firme.,in,PROPN,NOUN
Intanto l’iniçiativa popolare pe ottegnî un referendum in sciâ mæxima lezze o l’é arrivou a-o quorum de 500mia firme.,sciâ,ADJ,ADJ
Intanto l’iniçiativa popolare pe ottegnî un referendum in sciâ mæxima lezze o l’é arrivou a-o quorum de 500mia firme.,mæxima,VERB,VERB
Intanto l’iniçiativa popolare pe ottegnî un referendum in sciâ mæxima lezze o l’é arrivou a-o quorum de 500mia firme.,lezze,ADJ,ADJ
Intanto l’iniçiativa popolare pe ottegnî un referendum in sciâ mæxima lezze o l’é arrivou a-o quorum de 500mia firme.,o,DET,PRON
Intanto l’iniçiativa popolare pe ottegnî un referendum in sciâ mæxima lezze o l’é arrivou a-o quorum de 500mia firme.,l’é,PROPN,NOUN
Intanto l’iniçiativa popolare pe ottegnî un referendum in sciâ mæxima lezze o l’é arrivou a-o quorum de 500mia firme.,arrivou,VERB,VERB
Intanto l’iniçiativa popolare pe ottegnî un referendum in sciâ mæxima lezze o l’é arrivou a-o quorum de 500mia firme.,a-o,VERB,VERB
Intanto l’iniçiativa popolare pe ottegnî un referendum in sciâ mæxima lezze o l’é arrivou a-o quorum de 500mia firme.,quorum,NOUN,NOUN
Intanto l’iniçiativa popolare pe ottegnî un referendum in sciâ mæxima lezze o l’é arrivou a-o quorum de 500mia firme.,de,ADP,FUNC
Intanto l’iniçiativa popolare pe ottegnî un referendum in sciâ mæxima lezze o l’é arrivou a-o quorum de 500mia firme.,500mia,PROPN,NOUN
Intanto l’iniçiativa popolare pe ottegnî un referendum in sciâ mæxima lezze o l’é arrivou a-o quorum de 500mia firme.,firme,ADJ,ADJ
Intanto l’iniçiativa popolare pe ottegnî un referendum in sciâ mæxima lezze o l’é arrivou a-o quorum de 500mia firme.,.,PUNCT,PUNCT
Contra a delibera do Governo co-a dæta da votaçion i proponenti an presentou un recorso a-o Tar do Laçio.,Contra,ADP,FUNC
Contra a delibera do Governo co-a dæta da votaçion i proponenti an presentou un recorso a-o Tar do Laçio.,a,DET,PRON
Contra a delibera do Governo co-a dæta da votaçion i proponenti an presentou un recorso a-o Tar do Laçio.,delibera,NOUN,NOUN
Contra a delibera do Governo co-a dæta da votaçion i proponenti an presentou un recorso a-o Tar do Laçio.,do,ADP,FUNC
Contra a delibera do Governo co-a dæta da votaçion i proponenti an presentou un recorso a-o Tar do Laçio.,Governo,PROPN,NOUN
Contra a delibera do Governo co-a dæta da votaçion i proponenti an presentou un recorso a-o Tar do Laçio.,co-a,ADJ,ADJ
Contra a delibera do Governo co-a dæta da votaçion i proponenti an presentou un recorso a-o Tar do Laçio.,dæta,PROPN,NOUN
Contra a delibera do Governo co-a dæta da votaçion i proponenti an presentou un recorso a-o Tar do Laçio.,da,ADP,FUNC
Contra a delibera do Governo co-a dæta da votaçion i proponenti an presentou un recorso a-o Tar do Laçio.,votaçion,PROPN,NOUN
Contra a delibera do Governo co-a dæta da votaçion i proponenti an presentou un recorso a-o Tar do Laçio.,i,PROPN,NOUN
Contra a delibera do Governo co-a dæta da votaçion i proponenti an presentou un recorso a-o Tar do Laçio.,proponenti,VERB,VERB
Contra a delibera do Governo co-a dæta da votaçion i proponenti an presentou un recorso a-o Tar do Laçio.,an,SCONJ,FUNC
Contra a delibera do Governo co-a dæta da votaçion i proponenti an presentou un recorso a-o Tar do Laçio.,presentou,VERB,VERB
Contra a delibera do Governo co-a dæta da votaçion i proponenti an presentou un recorso a-o Tar do Laçio.,un,ADP,FUNC
Contra a delibera do Governo co-a dæta da votaçion i proponenti an presentou un recorso a-o Tar do Laçio.,recorso,NOUN,NOUN
Contra a delibera do Governo co-a dæta da votaçion i proponenti an presentou un recorso a-o Tar do Laçio.,a-o,VERB,VERB
Contra a delibera do Governo co-a dæta da votaçion i proponenti an presentou un recorso a-o Tar do Laçio.,Tar,PROPN,NOUN
Contra a delibera do Governo co-a dæta da votaçion i proponenti an presentou un recorso a-o Tar do Laçio.,do,ADP,FUNC
Contra a delibera do Governo co-a dæta da votaçion i proponenti an presentou un recorso a-o Tar do Laçio.,Laçio,PROPN,NOUN
Contra a delibera do Governo co-a dæta da votaçion i proponenti an presentou un recorso a-o Tar do Laçio.,.,PUNCT,PUNCT
"I giudiçi amministrativi no an sospeiso o provedimento, ma an fissou a deçixon a-i 27 de zenâ, a meitæ di termini de lezze.",I,PROPN,NOUN
"I giudiçi amministrativi no an sospeiso o provedimento, ma an fissou a deçixon a-i 27 de zenâ, a meitæ di termini de lezze.",giudiçi,PROPN,NOUN
"I giudiçi amministrativi no an sospeiso o provedimento, ma an fissou a deçixon a-i 27 de zenâ, a meitæ di termini de lezze.",amministrativi,PROPN,NOUN
"I giudiçi amministrativi no an sospeiso o provedimento, ma an fissou a deçixon a-i 27 de zenâ, a meitæ di termini de lezze.",no,ADP,FUNC
"I giudiçi amministrativi no an sospeiso o provedimento, ma an fissou a deçixon a-i 27 de zenâ, a meitæ di termini de lezze.",an,NOUN,NOUN
"I giudiçi amministrativi no an sospeiso o provedimento, ma an fissou a deçixon a-i 27 de zenâ, a meitæ di termini de lezze.",sospeiso,ADJ,ADJ
"I giudiçi amministrativi no an sospeiso o provedimento, ma an fissou a deçixon a-i 27 de zenâ, a meitæ di termini de lezze.",o,DET,PRON
"I giudiçi amministrativi no an sospeiso o provedimento, ma an fissou a deçixon a-i 27 de zenâ, a meitæ di termini de lezze.",provedimento,NOUN,NOUN
"I giudiçi amministrativi no an sospeiso o provedimento, ma an fissou a deçixon a-i 27 de zenâ, a meitæ di termini de lezze.",",",PUNCT,PUNCT
"I giudiçi amministrativi no an sospeiso o provedimento, ma an fissou a deçixon a-i 27 de zenâ, a meitæ di termini de lezze.",ma,VERB,VERB
"I giudiçi amministrativi no an sospeiso o provedimento, ma an fissou a deçixon a-i 27 de zenâ, a meitæ di termini de lezze.",an,ADV,ADV
"I giudiçi amministrativi no an sospeiso o provedimento, ma an fissou a deçixon a-i 27 de zenâ, a meitæ di termini de lezze.",fissou,VERB,VERB
"I giudiçi amministrativi no an sospeiso o provedimento, ma an fissou a deçixon a-i 27 de zenâ, a meitæ di termini de lezze.",a,ADP,FUNC
"I giudiçi amministrativi no an sospeiso o provedimento, ma an fissou a deçixon a-i 27 de zenâ, a meitæ di termini de lezze.",deçixon,NOUN,NOUN
"I giudiçi amministrativi no an sospeiso o provedimento, ma an fissou a deçixon a-i 27 de zenâ, a meitæ di termini de lezze.",a-i,VERB,VERB
"I giudiçi amministrativi no an sospeiso o provedimento, ma an fissou a deçixon a-i 27 de zenâ, a meitæ di termini de lezze.",27,NUM,ADJ
"I giudiçi amministrativi no an sospeiso o provedimento, ma an fissou a deçixon a-i 27 de zenâ, a meitæ di termini de lezze.",de,ADP,FUNC
"I giudiçi amministrativi no an sospeiso o provedimento, ma an fissou a deçixon a-i 27 de zenâ, a meitæ di termini de lezze.",zenâ,PROPN,NOUN
"I giudiçi amministrativi no an sospeiso o provedimento, ma an fissou a deçixon a-i 27 de zenâ, a meitæ di termini de lezze.",",",PUNCT,PUNCT
"I giudiçi amministrativi no an sospeiso o provedimento, ma an fissou a deçixon a-i 27 de zenâ, a meitæ di termini de lezze.",a,DET,PRON
"I giudiçi amministrativi no an sospeiso o provedimento, ma an fissou a deçixon a-i 27 de zenâ, a meitæ di termini de lezze.",meitæ,PROPN,NOUN
"I giudiçi amministrativi no an sospeiso o provedimento, ma an fissou a deçixon a-i 27 de zenâ, a meitæ di termini de lezze.",di,PROPN,NOUN
"I giudiçi amministrativi no an sospeiso o provedimento, ma an fissou a deçixon a-i 27 de zenâ, a meitæ di termini de lezze.",termini,PROPN,NOUN
"I giudiçi amministrativi no an sospeiso o provedimento, ma an fissou a deçixon a-i 27 de zenâ, a meitæ di termini de lezze.",de,ADP,FUNC
"I giudiçi amministrativi no an sospeiso o provedimento, ma an fissou a deçixon a-i 27 de zenâ, a meitæ di termini de lezze.",lezze,NOUN,NOUN
"I giudiçi amministrativi no an sospeiso o provedimento, ma an fissou a deçixon a-i 27 de zenâ, a meitæ di termini de lezze.",.,PUNCT,PUNCT
"O prescidente de l’Autoritæ garante pe-a proteçion di dæti personali Pasquale Stanzione o l’é indagou da-a Procua de Romma, insemme con tutto o Collegio, pe corruçion e destornaçion de dinæ pubrichi.",O,DET,PRON
"O prescidente de l’Autoritæ garante pe-a proteçion di dæti personali Pasquale Stanzione o l’é indagou da-a Procua de Romma, insemme con tutto o Collegio, pe corruçion e destornaçion de dinæ pubrichi.",prescidente,NOUN,NOUN
"O prescidente de l’Autoritæ garante pe-a proteçion di dæti personali Pasquale Stanzione o l’é indagou da-a Procua de Romma, insemme con tutto o Collegio, pe corruçion e destornaçion de dinæ pubrichi.",de,ADP,FUNC
"O prescidente de l’Autoritæ garante pe-a proteçion di dæti personali Pasquale Stanzione o l’é indagou da-a Procua de Romma, insemme con tutto o Collegio, pe corruçion e destornaçion de dinæ pubrichi.",l’Autoritæ,PROPN,NOUN
"O prescidente de l’Autoritæ garante pe-a proteçion di dæti personali Pasquale Stanzione o l’é indagou da-a Procua de Romma, insemme con tutto o Collegio, pe corruçion e destornaçion de dinæ pubrichi.",garante,VERB,VERB
"O prescidente de l’Autoritæ garante pe-a proteçion di dæti personali Pasquale Stanzione o l’é indagou da-a Procua de Romma, insemme con tutto o Collegio, pe corruçion e destornaçion de dinæ pubrichi.",pe-a,PROPN,NOUN
"O prescidente de l’Autoritæ garante pe-a proteçion di dæti personali Pasquale Stanzione o l’é indagou da-a Procua de Romma, insemme con tutto o Collegio, pe corruçion e destornaçion de dinæ pubrichi.",proteçion,PROPN,NOUN
"O prescidente de l’Autoritæ garante pe-a proteçion di dæti personali Pasquale Stanzione o l’é indagou da-a Procua de Romma, insemme con tutto o Collegio, pe corruçion e destornaçion de dinæ pubrichi.",di,PROPN,NOUN
"O prescidente de l’Autoritæ garante pe-a proteçion di dæti personali Pasquale Stanzione o l’é indagou da-a Procua de Romma, insemme con tutto o Collegio, pe corruçion e destornaçion de dinæ pubrichi.",dæti,PROPN,NOUN
"O prescidente de l’Autoritæ garante pe-a proteçion di dæti personali Pasquale Stanzione o l’é indagou da-a Procua de Romma, insemme con tutto o Collegio, pe corruçion e destornaçion de dinæ pubrichi.",personali,ADJ,ADJ
"O prescidente de l’Autoritæ garante pe-a proteçion di dæti personali Pasquale Stanzione o l’é indagou da-a Procua de Romma, insemme con tutto o Collegio, pe corruçion e destornaçion de dinæ pubrichi.",Pasquale,PROPN,NOUN
"O prescidente de l’Autoritæ garante pe-a proteçion di dæti personali Pasquale Stanzione o l’é indagou da-a Procua de Romma, insemme con tutto o Collegio, pe corruçion e destornaçion de dinæ pubrichi.",Stanzione,PROPN,NOUN
"O prescidente de l’Autoritæ garante pe-a proteçion di dæti personali Pasquale Stanzione o l’é indagou da-a Procua de Romma, insemme con tutto o Collegio, pe corruçion e destornaçion de dinæ pubrichi.",o,DET,PRON
"O prescidente de l’Autoritæ garante pe-a proteçion di dæti personali Pasquale Stanzione o l’é indagou da-a Procua de Romma, insemme con tutto o Collegio, pe corruçion e destornaçion de dinæ pubrichi.",l’é,PROPN,NOUN
"O prescidente de l’Autoritæ garante pe-a proteçion di dæti personali Pasquale Stanzione o l’é indagou da-a Procua de Romma, insemme con tutto o Collegio, pe corruçion e destornaçion de dinæ pubrichi.",indagou,VERB,VERB
"O prescidente de l’Autoritæ garante pe-a proteçion di dæti personali Pasquale Stanzione o l’é indagou da-a Procua de Romma, insemme con tutto o Collegio, pe corruçion e destornaçion de dinæ pubrichi.",da-a,NOUN,NOUN
"O prescidente de l’Autoritæ garante pe-a proteçion di dæti personali Pasquale Stanzione o l’é indagou da-a Procua de Romma, insemme con tutto o Collegio, pe corruçion e destornaçion de dinæ pubrichi.",Procua,NOUN,NOUN
"O prescidente de l’Autoritæ garante pe-a proteçion di dæti personali Pasquale Stanzione o l’é indagou da-a Procua de Romma, insemme con tutto o Collegio, pe corruçion e destornaçion de dinæ pubrichi.",de,ADP,FUNC
"O prescidente de l’Autoritæ garante pe-a proteçion di dæti personali Pasquale Stanzione o l’é indagou da-a Procua de Romma, insemme con tutto o Collegio, pe corruçion e destornaçion de dinæ pubrichi.",Romma,PROPN,NOUN
"O prescidente de l’Autoritæ garante pe-a proteçion di dæti personali Pasquale Stanzione o l’é indagou da-a Procua de Romma, insemme con tutto o Collegio, pe corruçion e destornaçion de dinæ pubrichi.",",",PUNCT,PUNCT
"O prescidente de l’Autoritæ garante pe-a proteçion di dæti personali Pasquale Stanzione o l’é indagou da-a Procua de Romma, insemme con tutto o Collegio, pe corruçion e destornaçion de dinæ pubrichi.",insemme,VERB,VERB
"O prescidente de l’Autoritæ garante pe-a proteçion di dæti personali Pasquale Stanzione o l’é indagou da-a Procua de Romma, insemme con tutto o Collegio, pe corruçion e destornaçion de dinæ pubrichi.",con,PROPN,NOUN
"O prescidente de l’Autoritæ garante pe-a proteçion di dæti personali Pasquale Stanzione o l’é indagou da-a Procua de Romma, insemme con tutto o Collegio, pe corruçion e destornaçion de dinæ pubrichi.",tutto,NOUN,NOUN
"O prescidente de l’Autoritæ garante pe-a proteçion di dæti personali Pasquale Stanzione o l’é indagou da-a Procua de Romma, insemme con tutto o Collegio, pe corruçion e destornaçion de dinæ pubrichi.",o,DET,PRON
"O prescidente de l’Autoritæ garante pe-a proteçion di dæti personali Pasquale Stanzione o l’é indagou da-a Procua de Romma, insemme con tutto o Collegio, pe corruçion e destornaçion de dinæ pubrichi.",Collegio,PROPN,NOUN
"O prescidente de l’Autoritæ garante pe-a proteçion di dæti personali Pasquale Stanzione o l’é indagou da-a Procua de Romma, insemme con tutto o Collegio, pe corruçion e destornaçion de dinæ pubrichi.",",",PUNCT,PUNCT
"O prescidente de l’Autoritæ garante pe-a proteçion di dæti personali Pasquale Stanzione o l’é indagou da-a Procua de Romma, insemme con tutto o Collegio, pe corruçion e destornaçion de dinæ pubrichi.",pe,ADP,FUNC
"O prescidente de l’Autoritæ garante pe-a proteçion di dæti personali Pasquale Stanzione o l’é indagou da-a Procua de Romma, insemme con tutto o Collegio, pe corruçion e destornaçion de dinæ pubrichi.",corruçion,NOUN,NOUN
"O prescidente de l’Autoritæ garante pe-a proteçion di dæti personali Pasquale Stanzione o l’é indagou da-a Procua de Romma, insemme con tutto o Collegio, pe corruçion e destornaçion de dinæ pubrichi.",e,CCONJ,FUNC
"O prescidente de l’Autoritæ garante pe-a proteçion di dæti personali Pasquale Stanzione o l’é indagou da-a Procua de Romma, insemme con tutto o Collegio, pe corruçion e destornaçion de dinæ pubrichi.",destornaçion,PROPN,NOUN
"O prescidente de l’Autoritæ garante pe-a proteçion di dæti personali Pasquale Stanzione o l’é indagou da-a Procua de Romma, insemme con tutto o Collegio, pe corruçion e destornaçion de dinæ pubrichi.",de,ADP,FUNC
"O prescidente de l’Autoritæ garante pe-a proteçion di dæti personali Pasquale Stanzione o l’é indagou da-a Procua de Romma, insemme con tutto o Collegio, pe corruçion e destornaçion de dinæ pubrichi.",dinæ,PROPN,NOUN
"O prescidente de l’Autoritæ garante pe-a proteçion di dæti personali Pasquale Stanzione o l’é indagou da-a Procua de Romma, insemme con tutto o Collegio, pe corruçion e destornaçion de dinæ pubrichi.",pubrichi,VERB,VERB
"O prescidente de l’Autoritæ garante pe-a proteçion di dæti personali Pasquale Stanzione o l’é indagou da-a Procua de Romma, insemme con tutto o Collegio, pe corruçion e destornaçion de dinæ pubrichi.",.,PUNCT,PUNCT
"L’investigaçion a l’ea stæta inandiâ inti meixi passæ dòppo di serviçi mandæ in onda da Report, a-i 15 de zenâ gh’é stæto ascì de perquixiçioin.",L’investigaçion,PROPN,NOUN
"L’investigaçion a l’ea stæta inandiâ inti meixi passæ dòppo di serviçi mandæ in onda da Report, a-i 15 de zenâ gh’é stæto ascì de perquixiçioin.",a,ADP,FUNC
"L’investigaçion a l’ea stæta inandiâ inti meixi passæ dòppo di serviçi mandæ in onda da Report, a-i 15 de zenâ gh’é stæto ascì de perquixiçioin.",l’ea,PROPN,NOUN
"L’investigaçion a l’ea stæta inandiâ inti meixi passæ dòppo di serviçi mandæ in onda da Report, a-i 15 de zenâ gh’é stæto ascì de perquixiçioin.",stæta,PROPN,NOUN
"L’investigaçion a l’ea stæta inandiâ inti meixi passæ dòppo di serviçi mandæ in onda da Report, a-i 15 de zenâ gh’é stæto ascì de perquixiçioin.",inandiâ,VERB,VERB
"L’investigaçion a l’ea stæta inandiâ inti meixi passæ dòppo di serviçi mandæ in onda da Report, a-i 15 de zenâ gh’é stæto ascì de perquixiçioin.",inti,VERB,VERB
"L’investigaçion a l’ea stæta inandiâ inti meixi passæ dòppo di serviçi mandæ in onda da Report, a-i 15 de zenâ gh’é stæto ascì de perquixiçioin.",meixi,PROPN,NOUN
"L’investigaçion a l’ea stæta inandiâ inti meixi passæ dòppo di serviçi mandæ in onda da Report, a-i 15 de zenâ gh’é stæto ascì de perquixiçioin.",passæ,PROPN,NOUN
"L’investigaçion a l’ea stæta inandiâ inti meixi passæ dòppo di serviçi mandæ in onda da Report, a-i 15 de zenâ gh’é stæto ascì de perquixiçioin.",dòppo,PROPN,NOUN
"L’investigaçion a l’ea stæta inandiâ inti meixi passæ dòppo di serviçi mandæ in onda da Report, a-i 15 de zenâ gh’é stæto ascì de perquixiçioin.",di,PROPN,NOUN
"L’investigaçion a l’ea stæta inandiâ inti meixi passæ dòppo di serviçi mandæ in onda da Report, a-i 15 de zenâ gh’é stæto ascì de perquixiçioin.",serviçi,VERB,VERB
"L’investigaçion a l’ea stæta inandiâ inti meixi passæ dòppo di serviçi mandæ in onda da Report, a-i 15 de zenâ gh’é stæto ascì de perquixiçioin.",mandæ,NOUN,NOUN
"L’investigaçion a l’ea stæta inandiâ inti meixi passæ dòppo di serviçi mandæ in onda da Report, a-i 15 de zenâ gh’é stæto ascì de perquixiçioin.",in,X,OTHER
"L’investigaçion a l’ea stæta inandiâ inti meixi passæ dòppo di serviçi mandæ in onda da Report, a-i 15 de zenâ gh’é stæto ascì de perquixiçioin.",onda,ADJ,ADJ
"L’investigaçion a l’ea stæta inandiâ inti meixi passæ dòppo di serviçi mandæ in onda da Report, a-i 15 de zenâ gh’é stæto ascì de perquixiçioin.",da,ADP,FUNC
"L’investigaçion a l’ea stæta inandiâ inti meixi passæ dòppo di serviçi mandæ in onda da Report, a-i 15 de zenâ gh’é stæto ascì de perquixiçioin.",Report,PROPN,NOUN
"L’investigaçion a l’ea stæta inandiâ inti meixi passæ dòppo di serviçi mandæ in onda da Report, a-i 15 de zenâ gh’é stæto ascì de perquixiçioin.",",",PUNCT,PUNCT
"L’investigaçion a l’ea stæta inandiâ inti meixi passæ dòppo di serviçi mandæ in onda da Report, a-i 15 de zenâ gh’é stæto ascì de perquixiçioin.",a-i,VERB,VERB
"L’investigaçion a l’ea stæta inandiâ inti meixi passæ dòppo di serviçi mandæ in onda da Report, a-i 15 de zenâ gh’é stæto ascì de perquixiçioin.",15,NUM,ADJ
"L’investigaçion a l’ea stæta inandiâ inti meixi passæ dòppo di serviçi mandæ in onda da Report, a-i 15 de zenâ gh’é stæto ascì de perquixiçioin.",de,ADP,FUNC
"L’investigaçion a l’ea stæta inandiâ inti meixi passæ dòppo di serviçi mandæ in onda da Report, a-i 15 de zenâ gh’é stæto ascì de perquixiçioin.",zenâ,NOUN,NOUN
"L’investigaçion a l’ea stæta inandiâ inti meixi passæ dòppo di serviçi mandæ in onda da Report, a-i 15 de zenâ gh’é stæto ascì de perquixiçioin.",gh’é,NOUN,NOUN
"L’investigaçion a l’ea stæta inandiâ inti meixi passæ dòppo di serviçi mandæ in onda da Report, a-i 15 de zenâ gh’é stæto ascì de perquixiçioin.",stæto,VERB,VERB
"L’investigaçion a l’ea stæta inandiâ inti meixi passæ dòppo di serviçi mandæ in onda da Report, a-i 15 de zenâ gh’é stæto ascì de perquixiçioin.",ascì,PROPN,NOUN
"L’investigaçion a l’ea stæta inandiâ inti meixi passæ dòppo di serviçi mandæ in onda da Report, a-i 15 de zenâ gh’é stæto ascì de perquixiçioin.",de,ADP,FUNC
"L’investigaçion a l’ea stæta inandiâ inti meixi passæ dòppo di serviçi mandæ in onda da Report, a-i 15 de zenâ gh’é stæto ascì de perquixiçioin.",perquixiçioin,PROPN,NOUN
"L’investigaçion a l’ea stæta inandiâ inti meixi passæ dòppo di serviçi mandæ in onda da Report, a-i 15 de zenâ gh’é stæto ascì de perquixiçioin.",.,PUNCT,PUNCT
"Pe l’accusa i indagæ avieivan reçevuo de tessie de l’Ita Airways in cangio de unna sançion mancâ, e avieivan fæto de speise – comme röba da mangiâ, appontamenti da-o perrucchê, viægi e aberghi à çinque stelle – co-i dinæ de l’Autoritæ.",Pe,PROPN,NOUN
"Pe l’accusa i indagæ avieivan reçevuo de tessie de l’Ita Airways in cangio de unna sançion mancâ, e avieivan fæto de speise – comme röba da mangiâ, appontamenti da-o perrucchê, viægi e aberghi à çinque stelle – co-i dinæ de l’Autoritæ.",l’accusa,PROPN,NOUN
"Pe l’accusa i indagæ avieivan reçevuo de tessie de l’Ita Airways in cangio de unna sançion mancâ, e avieivan fæto de speise – comme röba da mangiâ, appontamenti da-o perrucchê, viægi e aberghi à çinque stelle – co-i dinæ de l’Autoritæ.",i,CCONJ,FUNC
"Pe l’accusa i indagæ avieivan reçevuo de tessie de l’Ita Airways in cangio de unna sançion mancâ, e avieivan fæto de speise – comme röba da mangiâ, appontamenti da-o perrucchê, viægi e aberghi à çinque stelle – co-i dinæ de l’Autoritæ.",indagæ,PROPN,NOUN
"Pe l’accusa i indagæ avieivan reçevuo de tessie de l’Ita Airways in cangio de unna sançion mancâ, e avieivan fæto de speise – comme röba da mangiâ, appontamenti da-o perrucchê, viægi e aberghi à çinque stelle – co-i dinæ de l’Autoritæ.",avieivan,PROPN,NOUN
"Pe l’accusa i indagæ avieivan reçevuo de tessie de l’Ita Airways in cangio de unna sançion mancâ, e avieivan fæto de speise – comme röba da mangiâ, appontamenti da-o perrucchê, viægi e aberghi à çinque stelle – co-i dinæ de l’Autoritæ.",reçevuo,ADJ,ADJ
"Pe l’accusa i indagæ avieivan reçevuo de tessie de l’Ita Airways in cangio de unna sançion mancâ, e avieivan fæto de speise – comme röba da mangiâ, appontamenti da-o perrucchê, viægi e aberghi à çinque stelle – co-i dinæ de l’Autoritæ.",de,ADP,FUNC
"Pe l’accusa i indagæ avieivan reçevuo de tessie de l’Ita Airways in cangio de unna sançion mancâ, e avieivan fæto de speise – comme röba da mangiâ, appontamenti da-o perrucchê, viægi e aberghi à çinque stelle – co-i dinæ de l’Autoritæ.",tessie,NOUN,NOUN
"Pe l’accusa i indagæ avieivan reçevuo de tessie de l’Ita Airways in cangio de unna sançion mancâ, e avieivan fæto de speise – comme röba da mangiâ, appontamenti da-o perrucchê, viægi e aberghi à çinque stelle – co-i dinæ de l’Autoritæ.",de,ADP,FUNC
"Pe l’accusa i indagæ avieivan reçevuo de tessie de l’Ita Airways in cangio de unna sançion mancâ, e avieivan fæto de speise – comme röba da mangiâ, appontamenti da-o perrucchê, viægi e aberghi à çinque stelle – co-i dinæ de l’Autoritæ.",l’Ita,PROPN,NOUN
"Pe l’accusa i indagæ avieivan reçevuo de tessie de l’Ita Airways in cangio de unna sançion mancâ, e avieivan fæto de speise – comme röba da mangiâ, appontamenti da-o perrucchê, viægi e aberghi à çinque stelle – co-i dinæ de l’Autoritæ.",Airways,PROPN,NOUN
"Pe l’accusa i indagæ avieivan reçevuo de tessie de l’Ita Airways in cangio de unna sançion mancâ, e avieivan fæto de speise – comme röba da mangiâ, appontamenti da-o perrucchê, viægi e aberghi à çinque stelle – co-i dinæ de l’Autoritæ.",in,PROPN,NOUN
"Pe l’accusa i indagæ avieivan reçevuo de tessie de l’Ita Airways in cangio de unna sançion mancâ, e avieivan fæto de speise – comme röba da mangiâ, appontamenti da-o perrucchê, viægi e aberghi à çinque stelle – co-i dinæ de l’Autoritæ.",cangio,PROPN,NOUN
"Pe l’accusa i indagæ avieivan reçevuo de tessie de l’Ita Airways in cangio de unna sançion mancâ, e avieivan fæto de speise – comme röba da mangiâ, appontamenti da-o perrucchê, viægi e aberghi à çinque stelle – co-i dinæ de l’Autoritæ.",de,ADP,FUNC
"Pe l’accusa i indagæ avieivan reçevuo de tessie de l’Ita Airways in cangio de unna sançion mancâ, e avieivan fæto de speise – comme röba da mangiâ, appontamenti da-o perrucchê, viægi e aberghi à çinque stelle – co-i dinæ de l’Autoritæ.",unna,PROPN,NOUN
"Pe l’accusa i indagæ avieivan reçevuo de tessie de l’Ita Airways in cangio de unna sançion mancâ, e avieivan fæto de speise – comme röba da mangiâ, appontamenti da-o perrucchê, viægi e aberghi à çinque stelle – co-i dinæ de l’Autoritæ.",sançion,PROPN,NOUN
"Pe l’accusa i indagæ avieivan reçevuo de tessie de l’Ita Airways in cangio de unna sançion mancâ, e avieivan fæto de speise – comme röba da mangiâ, appontamenti da-o perrucchê, viægi e aberghi à çinque stelle – co-i dinæ de l’Autoritæ.",mancâ,PROPN,NOUN
"Pe l’accusa i indagæ avieivan reçevuo de tessie de l’Ita Airways in cangio de unna sançion mancâ, e avieivan fæto de speise – comme röba da mangiâ, appontamenti da-o perrucchê, viægi e aberghi à çinque stelle – co-i dinæ de l’Autoritæ.",",",PUNCT,PUNCT
"Pe l’accusa i indagæ avieivan reçevuo de tessie de l’Ita Airways in cangio de unna sançion mancâ, e avieivan fæto de speise – comme röba da mangiâ, appontamenti da-o perrucchê, viægi e aberghi à çinque stelle – co-i dinæ de l’Autoritæ.",e,CCONJ,FUNC
"Pe l’accusa i indagæ avieivan reçevuo de tessie de l’Ita Airways in cangio de unna sançion mancâ, e avieivan fæto de speise – comme röba da mangiâ, appontamenti da-o perrucchê, viægi e aberghi à çinque stelle – co-i dinæ de l’Autoritæ.",avieivan,PROPN,NOUN
"Pe l’accusa i indagæ avieivan reçevuo de tessie de l’Ita Airways in cangio de unna sançion mancâ, e avieivan fæto de speise – comme röba da mangiâ, appontamenti da-o perrucchê, viægi e aberghi à çinque stelle – co-i dinæ de l’Autoritæ.",fæto,ADV,ADV
"Pe l’accusa i indagæ avieivan reçevuo de tessie de l’Ita Airways in cangio de unna sançion mancâ, e avieivan fæto de speise – comme röba da mangiâ, appontamenti da-o perrucchê, viægi e aberghi à çinque stelle – co-i dinæ de l’Autoritæ.",de,ADP,FUNC
"Pe l’accusa i indagæ avieivan reçevuo de tessie de l’Ita Airways in cangio de unna sançion mancâ, e avieivan fæto de speise – comme röba da mangiâ, appontamenti da-o perrucchê, viægi e aberghi à çinque stelle – co-i dinæ de l’Autoritæ.",speise,PROPN,NOUN
"Pe l’accusa i indagæ avieivan reçevuo de tessie de l’Ita Airways in cangio de unna sançion mancâ, e avieivan fæto de speise – comme röba da mangiâ, appontamenti da-o perrucchê, viægi e aberghi à çinque stelle – co-i dinæ de l’Autoritæ.",–,PUNCT,PUNCT
"Pe l’accusa i indagæ avieivan reçevuo de tessie de l’Ita Airways in cangio de unna sançion mancâ, e avieivan fæto de speise – comme röba da mangiâ, appontamenti da-o perrucchê, viægi e aberghi à çinque stelle – co-i dinæ de l’Autoritæ.",comme,ADJ,ADJ
"Pe l’accusa i indagæ avieivan reçevuo de tessie de l’Ita Airways in cangio de unna sançion mancâ, e avieivan fæto de speise – comme röba da mangiâ, appontamenti da-o perrucchê, viægi e aberghi à çinque stelle – co-i dinæ de l’Autoritæ.",röba,PROPN,NOUN
"Pe l’accusa i indagæ avieivan reçevuo de tessie de l’Ita Airways in cangio de unna sançion mancâ, e avieivan fæto de speise – comme röba da mangiâ, appontamenti da-o perrucchê, viægi e aberghi à çinque stelle – co-i dinæ de l’Autoritæ.",da,ADP,FUNC
"Pe l’accusa i indagæ avieivan reçevuo de tessie de l’Ita Airways in cangio de unna sançion mancâ, e avieivan fæto de speise – comme röba da mangiâ, appontamenti da-o perrucchê, viægi e aberghi à çinque stelle – co-i dinæ de l’Autoritæ.",mangiâ,NOUN,NOUN
"Pe l’accusa i indagæ avieivan reçevuo de tessie de l’Ita Airways in cangio de unna sançion mancâ, e avieivan fæto de speise – comme röba da mangiâ, appontamenti da-o perrucchê, viægi e aberghi à çinque stelle – co-i dinæ de l’Autoritæ.",",",PUNCT,PUNCT
"Pe l’accusa i indagæ avieivan reçevuo de tessie de l’Ita Airways in cangio de unna sançion mancâ, e avieivan fæto de speise – comme röba da mangiâ, appontamenti da-o perrucchê, viægi e aberghi à çinque stelle – co-i dinæ de l’Autoritæ.",appontamenti,VERB,VERB
"Pe l’accusa i indagæ avieivan reçevuo de tessie de l’Ita Airways in cangio de unna sançion mancâ, e avieivan fæto de speise – comme röba da mangiâ, appontamenti da-o perrucchê, viægi e aberghi à çinque stelle – co-i dinæ de l’Autoritæ.",da-o,PROPN,NOUN
"Pe l’accusa i indagæ avieivan reçevuo de tessie de l’Ita Airways in cangio de unna sançion mancâ, e avieivan fæto de speise – comme röba da mangiâ, appontamenti da-o perrucchê, viægi e aberghi à çinque stelle – co-i dinæ de l’Autoritæ.",perrucchê,VERB,VERB
"Pe l’accusa i indagæ avieivan reçevuo de tessie de l’Ita Airways in cangio de unna sançion mancâ, e avieivan fæto de speise – comme röba da mangiâ, appontamenti da-o perrucchê, viægi e aberghi à çinque stelle – co-i dinæ de l’Autoritæ.",",",PUNCT,PUNCT
"Pe l’accusa i indagæ avieivan reçevuo de tessie de l’Ita Airways in cangio de unna sançion mancâ, e avieivan fæto de speise – comme röba da mangiâ, appontamenti da-o perrucchê, viægi e aberghi à çinque stelle – co-i dinæ de l’Autoritæ.",viægi,ADJ,ADJ
"Pe l’accusa i indagæ avieivan reçevuo de tessie de l’Ita Airways in cangio de unna sançion mancâ, e avieivan fæto de speise – comme röba da mangiâ, appontamenti da-o perrucchê, viægi e aberghi à çinque stelle – co-i dinæ de l’Autoritæ.",e,CCONJ,FUNC
"Pe l’accusa i indagæ avieivan reçevuo de tessie de l’Ita Airways in cangio de unna sançion mancâ, e avieivan fæto de speise – comme röba da mangiâ, appontamenti da-o perrucchê, viægi e aberghi à çinque stelle – co-i dinæ de l’Autoritæ.",aberghi,ADJ,ADJ
"Pe l’accusa i indagæ avieivan reçevuo de tessie de l’Ita Airways in cangio de unna sançion mancâ, e avieivan fæto de speise – comme röba da mangiâ, appontamenti da-o perrucchê, viægi e aberghi à çinque stelle – co-i dinæ de l’Autoritæ.",à,ADP,FUNC
"Pe l’accusa i indagæ avieivan reçevuo de tessie de l’Ita Airways in cangio de unna sançion mancâ, e avieivan fæto de speise – comme röba da mangiâ, appontamenti da-o perrucchê, viægi e aberghi à çinque stelle – co-i dinæ de l’Autoritæ.",çinque,DET,PRON
"Pe l’accusa i indagæ avieivan reçevuo de tessie de l’Ita Airways in cangio de unna sançion mancâ, e avieivan fæto de speise – comme röba da mangiâ, appontamenti da-o perrucchê, viægi e aberghi à çinque stelle – co-i dinæ de l’Autoritæ.",stelle,NOUN,NOUN
"Pe l’accusa i indagæ avieivan reçevuo de tessie de l’Ita Airways in cangio de unna sançion mancâ, e avieivan fæto de speise – comme röba da mangiâ, appontamenti da-o perrucchê, viægi e aberghi à çinque stelle – co-i dinæ de l’Autoritæ.",–,PUNCT,PUNCT
"Pe l’accusa i indagæ avieivan reçevuo de tessie de l’Ita Airways in cangio de unna sançion mancâ, e avieivan fæto de speise – comme röba da mangiâ, appontamenti da-o perrucchê, viægi e aberghi à çinque stelle – co-i dinæ de l’Autoritæ.",co-i,NOUN,NOUN
"Pe l’accusa i indagæ avieivan reçevuo de tessie de l’Ita Airways in cangio de unna sançion mancâ, e avieivan fæto de speise – comme röba da mangiâ, appontamenti da-o perrucchê, viægi e aberghi à çinque stelle – co-i dinæ de l’Autoritæ.",dinæ,VERB,VERB
"Pe l’accusa i indagæ avieivan reçevuo de tessie de l’Ita Airways in cangio de unna sançion mancâ, e avieivan fæto de speise – comme röba da mangiâ, appontamenti da-o perrucchê, viægi e aberghi à çinque stelle – co-i dinæ de l’Autoritæ.",de,ADP,FUNC
"Pe l’accusa i indagæ avieivan reçevuo de tessie de l’Ita Airways in cangio de unna sançion mancâ, e avieivan fæto de speise – comme röba da mangiâ, appontamenti da-o perrucchê, viægi e aberghi à çinque stelle – co-i dinæ de l’Autoritæ.",l’Autoritæ,NUM,ADJ
"Pe l’accusa i indagæ avieivan reçevuo de tessie de l’Ita Airways in cangio de unna sançion mancâ, e avieivan fæto de speise – comme röba da mangiâ, appontamenti da-o perrucchê, viægi e aberghi à çinque stelle – co-i dinæ de l’Autoritæ.",.,PUNCT,PUNCT
"«Ninte dimiscioin, anemmo avanti», a deciaraçion do Collegio.",«,PUNCT,PUNCT
"«Ninte dimiscioin, anemmo avanti», a deciaraçion do Collegio.",Ninte,PROPN,NOUN
"«Ninte dimiscioin, anemmo avanti», a deciaraçion do Collegio.",dimiscioin,VERB,VERB
"«Ninte dimiscioin, anemmo avanti», a deciaraçion do Collegio.",",",PUNCT,PUNCT
"«Ninte dimiscioin, anemmo avanti», a deciaraçion do Collegio.",anemmo,PROPN,NOUN
"«Ninte dimiscioin, anemmo avanti», a deciaraçion do Collegio.",avanti,PROPN,NOUN
"«Ninte dimiscioin, anemmo avanti», a deciaraçion do Collegio.",»,PUNCT,PUNCT
"«Ninte dimiscioin, anemmo avanti», a deciaraçion do Collegio.",",",PUNCT,PUNCT
"«Ninte dimiscioin, anemmo avanti», a deciaraçion do Collegio.",a,DET,PRON
"«Ninte dimiscioin, anemmo avanti», a deciaraçion do Collegio.",deciaraçion,NOUN,NOUN
"«Ninte dimiscioin, anemmo avanti», a deciaraçion do Collegio.",do,ADP,FUNC
"«Ninte dimiscioin, anemmo avanti», a deciaraçion do Collegio.",Collegio,PROPN,NOUN
"«Ninte dimiscioin, anemmo avanti», a deciaraçion do Collegio.",.,PUNCT,PUNCT
O Alberto Trentini e o Mario Burlò son tornæ in Italia dòppo che son stæti in prexon in Venezuela pe 400 giorni e passa.,O,DET,PRON
O Alberto Trentini e o Mario Burlò son tornæ in Italia dòppo che son stæti in prexon in Venezuela pe 400 giorni e passa.,Alberto,PROPN,NOUN
O Alberto Trentini e o Mario Burlò son tornæ in Italia dòppo che son stæti in prexon in Venezuela pe 400 giorni e passa.,Trentini,PROPN,NOUN
O Alberto Trentini e o Mario Burlò son tornæ in Italia dòppo che son stæti in prexon in Venezuela pe 400 giorni e passa.,e,CCONJ,FUNC
O Alberto Trentini e o Mario Burlò son tornæ in Italia dòppo che son stæti in prexon in Venezuela pe 400 giorni e passa.,o,DET,PRON
O Alberto Trentini e o Mario Burlò son tornæ in Italia dòppo che son stæti in prexon in Venezuela pe 400 giorni e passa.,Mario,PROPN,NOUN
O Alberto Trentini e o Mario Burlò son tornæ in Italia dòppo che son stæti in prexon in Venezuela pe 400 giorni e passa.,Burlò,PROPN,NOUN
O Alberto Trentini e o Mario Burlò son tornæ in Italia dòppo che son stæti in prexon in Venezuela pe 400 giorni e passa.,son,PROPN,NOUN
O Alberto Trentini e o Mario Burlò son tornæ in Italia dòppo che son stæti in prexon in Venezuela pe 400 giorni e passa.,tornæ,VERB,VERB
O Alberto Trentini e o Mario Burlò son tornæ in Italia dòppo che son stæti in prexon in Venezuela pe 400 giorni e passa.,in,ADV,ADV
O Alberto Trentini e o Mario Burlò son tornæ in Italia dòppo che son stæti in prexon in Venezuela pe 400 giorni e passa.,Italia,PROPN,NOUN
O Alberto Trentini e o Mario Burlò son tornæ in Italia dòppo che son stæti in prexon in Venezuela pe 400 giorni e passa.,dòppo,PROPN,NOUN
O Alberto Trentini e o Mario Burlò son tornæ in Italia dòppo che son stæti in prexon in Venezuela pe 400 giorni e passa.,che,VERB,VERB
O Alberto Trentini e o Mario Burlò son tornæ in Italia dòppo che son stæti in prexon in Venezuela pe 400 giorni e passa.,son,PROPN,NOUN
O Alberto Trentini e o Mario Burlò son tornæ in Italia dòppo che son stæti in prexon in Venezuela pe 400 giorni e passa.,stæti,NOUN,NOUN
O Alberto Trentini e o Mario Burlò son tornæ in Italia dòppo che son stæti in prexon in Venezuela pe 400 giorni e passa.,in,PROPN,NOUN
O Alberto Trentini e o Mario Burlò son tornæ in Italia dòppo che son stæti in prexon in Venezuela pe 400 giorni e passa.,prexon,ADJ,ADJ
O Alberto Trentini e o Mario Burlò son tornæ in Italia dòppo che son stæti in prexon in Venezuela pe 400 giorni e passa.,in,PROPN,NOUN
O Alberto Trentini e o Mario Burlò son tornæ in Italia dòppo che son stæti in prexon in Venezuela pe 400 giorni e passa.,Venezuela,PROPN,NOUN
O Alberto Trentini e o Mario Burlò son tornæ in Italia dòppo che son stæti in prexon in Venezuela pe 400 giorni e passa.,pe,ADP,FUNC
O Alberto Trentini e o Mario Burlò son tornæ in Italia dòppo che son stæti in prexon in Venezuela pe 400 giorni e passa.,400,NUM,ADJ
O Alberto Trentini e o Mario Burlò son tornæ in Italia dòppo che son stæti in prexon in Venezuela pe 400 giorni e passa.,giorni,NOUN,NOUN
O Alberto Trentini e o Mario Burlò son tornæ in Italia dòppo che son stæti in prexon in Venezuela pe 400 giorni e passa.,e,CCONJ,FUNC
O Alberto Trentini e o Mario Burlò son tornæ in Italia dòppo che son stæti in prexon in Venezuela pe 400 giorni e passa.,passa,VERB,VERB
O Alberto Trentini e o Mario Burlò son tornæ in Italia dòppo che son stæti in prexon in Venezuela pe 400 giorni e passa.,.,PUNCT,PUNCT
"I doî italien, liberæ apreuvo à l’arresto do prescidente Maduro, son stæti reçevui à Ciampino da-a prescidente Meloni e da-o ministr Tajani.",I,PROPN,NOUN
"I doî italien, liberæ apreuvo à l’arresto do prescidente Maduro, son stæti reçevui à Ciampino da-a prescidente Meloni e da-o ministr Tajani.",doî,PROPN,NOUN
"I doî italien, liberæ apreuvo à l’arresto do prescidente Maduro, son stæti reçevui à Ciampino da-a prescidente Meloni e da-o ministr Tajani.",italien,PROPN,NOUN
"I doî italien, liberæ apreuvo à l’arresto do prescidente Maduro, son stæti reçevui à Ciampino da-a prescidente Meloni e da-o ministr Tajani.",",",PUNCT,PUNCT
"I doî italien, liberæ apreuvo à l’arresto do prescidente Maduro, son stæti reçevui à Ciampino da-a prescidente Meloni e da-o ministr Tajani.",liberæ,PROPN,NOUN
"I doî italien, liberæ apreuvo à l’arresto do prescidente Maduro, son stæti reçevui à Ciampino da-a prescidente Meloni e da-o ministr Tajani.",apreuvo,ADJ,ADJ
"I doî italien, liberæ apreuvo à l’arresto do prescidente Maduro, son stæti reçevui à Ciampino da-a prescidente Meloni e da-o ministr Tajani.",à,ADP,FUNC
"I doî italien, liberæ apreuvo à l’arresto do prescidente Maduro, son stæti reçevui à Ciampino da-a prescidente Meloni e da-o ministr Tajani.",l’arresto,NOUN,NOUN
"I doî italien, liberæ apreuvo à l’arresto do prescidente Maduro, son stæti reçevui à Ciampino da-a prescidente Meloni e da-o ministr Tajani.",do,ADP,FUNC
"I doî italien, liberæ apreuvo à l’arresto do prescidente Maduro, son stæti reçevui à Ciampino da-a prescidente Meloni e da-o ministr Tajani.",prescidente,NOUN,NOUN
"I doî italien, liberæ apreuvo à l’arresto do prescidente Maduro, son stæti reçevui à Ciampino da-a prescidente Meloni e da-o ministr Tajani.",Maduro,PROPN,NOUN
"I doî italien, liberæ apreuvo à l’arresto do prescidente Maduro, son stæti reçevui à Ciampino da-a prescidente Meloni e da-o ministr Tajani.",",",PUNCT,PUNCT
"I doî italien, liberæ apreuvo à l’arresto do prescidente Maduro, son stæti reçevui à Ciampino da-a prescidente Meloni e da-o ministr Tajani.",son,PROPN,NOUN
"I doî italien, liberæ apreuvo à l’arresto do prescidente Maduro, son stæti reçevui à Ciampino da-a prescidente Meloni e da-o ministr Tajani.",stæti,NOUN,NOUN
"I doî italien, liberæ apreuvo à l’arresto do prescidente Maduro, son stæti reçevui à Ciampino da-a prescidente Meloni e da-o ministr Tajani.",reçevui,VERB,VERB
"I doî italien, liberæ apreuvo à l’arresto do prescidente Maduro, son stæti reçevui à Ciampino da-a prescidente Meloni e da-o ministr Tajani.",à,ADP,FUNC
"I doî italien, liberæ apreuvo à l’arresto do prescidente Maduro, son stæti reçevui à Ciampino da-a prescidente Meloni e da-o ministr Tajani.",Ciampino,PROPN,NOUN
"I doî italien, liberæ apreuvo à l’arresto do prescidente Maduro, son stæti reçevui à Ciampino da-a prescidente Meloni e da-o ministr Tajani.",da-a,VERB,VERB
"I doî italien, liberæ apreuvo à l’arresto do prescidente Maduro, son stæti reçevui à Ciampino da-a prescidente Meloni e da-o ministr Tajani.",prescidente,ADV,ADV
"I doî italien, liberæ apreuvo à l’arresto do prescidente Maduro, son stæti reçevui à Ciampino da-a prescidente Meloni e da-o ministr Tajani.",Meloni,PROPN,NOUN
"I doî italien, liberæ apreuvo à l’arresto do prescidente Maduro, son stæti reçevui à Ciampino da-a prescidente Meloni e da-o ministr Tajani.",e,CCONJ,FUNC
"I doî italien, liberæ apreuvo à l’arresto do prescidente Maduro, son stæti reçevui à Ciampino da-a prescidente Meloni e da-o ministr Tajani.",da-o,PROPN,NOUN
"I doî italien, liberæ apreuvo à l’arresto do prescidente Maduro, son stæti reçevui à Ciampino da-a prescidente Meloni e da-o ministr Tajani.",ministr,PROPN,NOUN
"I doî italien, liberæ apreuvo à l’arresto do prescidente Maduro, son stæti reçevui à Ciampino da-a prescidente Meloni e da-o ministr Tajani.",Tajani,PROPN,NOUN
"I doî italien, liberæ apreuvo à l’arresto do prescidente Maduro, son stæti reçevui à Ciampino da-a prescidente Meloni e da-o ministr Tajani.",.,PUNCT,PUNCT
«A nòstra contentessa a gh’à un prexo ertiscimo – o l’à dito o Trentini – gh’emmo beseugno de sënitæ ma i patimenti no se scassan».,«,PUNCT,PUNCT
«A nòstra contentessa a gh’à un prexo ertiscimo – o l’à dito o Trentini – gh’emmo beseugno de sënitæ ma i patimenti no se scassan».,A,DET,PRON
«A nòstra contentessa a gh’à un prexo ertiscimo – o l’à dito o Trentini – gh’emmo beseugno de sënitæ ma i patimenti no se scassan».,nòstra,NOUN,NOUN
«A nòstra contentessa a gh’à un prexo ertiscimo – o l’à dito o Trentini – gh’emmo beseugno de sënitæ ma i patimenti no se scassan».,contentessa,VERB,VERB
«A nòstra contentessa a gh’à un prexo ertiscimo – o l’à dito o Trentini – gh’emmo beseugno de sënitæ ma i patimenti no se scassan».,a,ADP,FUNC
«A nòstra contentessa a gh’à un prexo ertiscimo – o l’à dito o Trentini – gh’emmo beseugno de sënitæ ma i patimenti no se scassan».,gh’à,PROPN,NOUN
«A nòstra contentessa a gh’à un prexo ertiscimo – o l’à dito o Trentini – gh’emmo beseugno de sënitæ ma i patimenti no se scassan».,un,PROPN,NOUN
«A nòstra contentessa a gh’à un prexo ertiscimo – o l’à dito o Trentini – gh’emmo beseugno de sënitæ ma i patimenti no se scassan».,prexo,PROPN,NOUN
«A nòstra contentessa a gh’à un prexo ertiscimo – o l’à dito o Trentini – gh’emmo beseugno de sënitæ ma i patimenti no se scassan».,ertiscimo,ADJ,ADJ
«A nòstra contentessa a gh’à un prexo ertiscimo – o l’à dito o Trentini – gh’emmo beseugno de sënitæ ma i patimenti no se scassan».,–,SYM,OTHER
«A nòstra contentessa a gh’à un prexo ertiscimo – o l’à dito o Trentini – gh’emmo beseugno de sënitæ ma i patimenti no se scassan».,o,DET,PRON
«A nòstra contentessa a gh’à un prexo ertiscimo – o l’à dito o Trentini – gh’emmo beseugno de sënitæ ma i patimenti no se scassan».,l’à,NOUN,NOUN
«A nòstra contentessa a gh’à un prexo ertiscimo – o l’à dito o Trentini – gh’emmo beseugno de sënitæ ma i patimenti no se scassan».,dito,VERB,VERB
«A nòstra contentessa a gh’à un prexo ertiscimo – o l’à dito o Trentini – gh’emmo beseugno de sënitæ ma i patimenti no se scassan».,o,DET,PRON
«A nòstra contentessa a gh’à un prexo ertiscimo – o l’à dito o Trentini – gh’emmo beseugno de sënitæ ma i patimenti no se scassan».,Trentini,PROPN,NOUN
«A nòstra contentessa a gh’à un prexo ertiscimo – o l’à dito o Trentini – gh’emmo beseugno de sënitæ ma i patimenti no se scassan».,–,PROPN,NOUN
«A nòstra contentessa a gh’à un prexo ertiscimo – o l’à dito o Trentini – gh’emmo beseugno de sënitæ ma i patimenti no se scassan».,gh’emmo,VERB,VERB
«A nòstra contentessa a gh’à un prexo ertiscimo – o l’à dito o Trentini – gh’emmo beseugno de sënitæ ma i patimenti no se scassan».,beseugno,ADJ,ADJ
«A nòstra contentessa a gh’à un prexo ertiscimo – o l’à dito o Trentini – gh’emmo beseugno de sënitæ ma i patimenti no se scassan».,de,ADP,FUNC
«A nòstra contentessa a gh’à un prexo ertiscimo – o l’à dito o Trentini – gh’emmo beseugno de sënitæ ma i patimenti no se scassan».,sënitæ,SYM,OTHER
«A nòstra contentessa a gh’à un prexo ertiscimo – o l’à dito o Trentini – gh’emmo beseugno de sënitæ ma i patimenti no se scassan».,ma,PROPN,NOUN
«A nòstra contentessa a gh’à un prexo ertiscimo – o l’à dito o Trentini – gh’emmo beseugno de sënitæ ma i patimenti no se scassan».,i,PROPN,NOUN
«A nòstra contentessa a gh’à un prexo ertiscimo – o l’à dito o Trentini – gh’emmo beseugno de sënitæ ma i patimenti no se scassan».,patimenti,VERB,VERB
«A nòstra contentessa a gh’à un prexo ertiscimo – o l’à dito o Trentini – gh’emmo beseugno de sënitæ ma i patimenti no se scassan».,no,ADP,FUNC
«A nòstra contentessa a gh’à un prexo ertiscimo – o l’à dito o Trentini – gh’emmo beseugno de sënitæ ma i patimenti no se scassan».,se,ADP,FUNC
«A nòstra contentessa a gh’à un prexo ertiscimo – o l’à dito o Trentini – gh’emmo beseugno de sënitæ ma i patimenti no se scassan».,scassan,NOUN,NOUN
«A nòstra contentessa a gh’à un prexo ertiscimo – o l’à dito o Trentini – gh’emmo beseugno de sënitæ ma i patimenti no se scassan».,»,PUNCT,PUNCT
«A nòstra contentessa a gh’à un prexo ertiscimo – o l’à dito o Trentini – gh’emmo beseugno de sënitæ ma i patimenti no se scassan».,.,PUNCT,PUNCT
"«A l’é stæta ben ben dua», o commento do Burlò.",«,PUNCT,PUNCT
"«A l’é stæta ben ben dua», o commento do Burlò.",A,DET,PRON
"«A l’é stæta ben ben dua», o commento do Burlò.",l’é,NOUN,NOUN
"«A l’é stæta ben ben dua», o commento do Burlò.",stæta,PROPN,NOUN
"«A l’é stæta ben ben dua», o commento do Burlò.",ben,PROPN,NOUN
"«A l’é stæta ben ben dua», o commento do Burlò.",ben,PROPN,NOUN
"«A l’é stæta ben ben dua», o commento do Burlò.",dua,PROPN,NOUN
"«A l’é stæta ben ben dua», o commento do Burlò.",»,PUNCT,PUNCT
"«A l’é stæta ben ben dua», o commento do Burlò.",",",PUNCT,PUNCT
"«A l’é stæta ben ben dua», o commento do Burlò.",o,DET,PRON
"«A l’é stæta ben ben dua», o commento do Burlò.",commento,NOUN,NOUN
"«A l’é stæta ben ben dua», o commento do Burlò.",do,ADP,FUNC
"«A l’é stæta ben ben dua», o commento do Burlò.",Burlò,PROPN,NOUN
"«A l’é stæta ben ben dua», o commento do Burlò.",.,PUNCT,PUNCT
A diplomaçia e i serviçi segretti son a-o travaggio pe portâ inderê atri 42 italien.,A,DET,PRON
A diplomaçia e i serviçi segretti son a-o travaggio pe portâ inderê atri 42 italien.,diplomaçia,NOUN,NOUN
A diplomaçia e i serviçi segretti son a-o travaggio pe portâ inderê atri 42 italien.,e,CCONJ,FUNC
A diplomaçia e i serviçi segretti son a-o travaggio pe portâ inderê atri 42 italien.,i,PROPN,NOUN
A diplomaçia e i serviçi segretti son a-o travaggio pe portâ inderê atri 42 italien.,serviçi,NOUN,NOUN
A diplomaçia e i serviçi segretti son a-o travaggio pe portâ inderê atri 42 italien.,segretti,VERB,VERB
A diplomaçia e i serviçi segretti son a-o travaggio pe portâ inderê atri 42 italien.,son,PROPN,NOUN
A diplomaçia e i serviçi segretti son a-o travaggio pe portâ inderê atri 42 italien.,a-o,VERB,VERB
A diplomaçia e i serviçi segretti son a-o travaggio pe portâ inderê atri 42 italien.,travaggio,NOUN,NOUN
A diplomaçia e i serviçi segretti son a-o travaggio pe portâ inderê atri 42 italien.,pe,ADP,FUNC
A diplomaçia e i serviçi segretti son a-o travaggio pe portâ inderê atri 42 italien.,portâ,NOUN,NOUN
A diplomaçia e i serviçi segretti son a-o travaggio pe portâ inderê atri 42 italien.,inderê,VERB,VERB
A diplomaçia e i serviçi segretti son a-o travaggio pe portâ inderê atri 42 italien.,atri,PROPN,NOUN
A diplomaçia e i serviçi segretti son a-o travaggio pe portâ inderê atri 42 italien.,42,NUM,ADJ
A diplomaçia e i serviçi segretti son a-o travaggio pe portâ inderê atri 42 italien.,italien,VERB,VERB
A diplomaçia e i serviçi segretti son a-o travaggio pe portâ inderê atri 42 italien.,.,PUNCT,PUNCT
Miggiæa de mòrti in Iran pe-e proteste contra o regimme di ayatollah.,Miggiæa,PROPN,NOUN
Miggiæa de mòrti in Iran pe-e proteste contra o regimme di ayatollah.,de,ADP,FUNC
Miggiæa de mòrti in Iran pe-e proteste contra o regimme di ayatollah.,mòrti,PROPN,NOUN
Miggiæa de mòrti in Iran pe-e proteste contra o regimme di ayatollah.,in,PROPN,NOUN
Miggiæa de mòrti in Iran pe-e proteste contra o regimme di ayatollah.,Iran,PROPN,NOUN
Miggiæa de mòrti in Iran pe-e proteste contra o regimme di ayatollah.,pe-e,VERB,VERB
Miggiæa de mòrti in Iran pe-e proteste contra o regimme di ayatollah.,proteste,NOUN,NOUN
Miggiæa de mòrti in Iran pe-e proteste contra o regimme di ayatollah.,contra,ADP,FUNC
Miggiæa de mòrti in Iran pe-e proteste contra o regimme di ayatollah.,o,DET,PRON
Miggiæa de mòrti in Iran pe-e proteste contra o regimme di ayatollah.,regimme,NOUN,NOUN
Miggiæa de mòrti in Iran pe-e proteste contra o regimme di ayatollah.,di,PROPN,NOUN
Miggiæa de mòrti in Iran pe-e proteste contra o regimme di ayatollah.,ayatollah,PROPN,NOUN
Miggiæa de mòrti in Iran pe-e proteste contra o regimme di ayatollah.,.,PUNCT,PUNCT
"Iran International o l’à astimmou a-o manco 12mia vittime, e ciù tante sotta i 30 anni, pe-o governo son 3mia compreiso a poliçia.",Iran,PROPN,NOUN
"Iran International o l’à astimmou a-o manco 12mia vittime, e ciù tante sotta i 30 anni, pe-o governo son 3mia compreiso a poliçia.",International,PROPN,NOUN
"Iran International o l’à astimmou a-o manco 12mia vittime, e ciù tante sotta i 30 anni, pe-o governo son 3mia compreiso a poliçia.",o,DET,PRON
"Iran International o l’à astimmou a-o manco 12mia vittime, e ciù tante sotta i 30 anni, pe-o governo son 3mia compreiso a poliçia.",l’à,PROPN,NOUN
"Iran International o l’à astimmou a-o manco 12mia vittime, e ciù tante sotta i 30 anni, pe-o governo son 3mia compreiso a poliçia.",astimmou,VERB,VERB
"Iran International o l’à astimmou a-o manco 12mia vittime, e ciù tante sotta i 30 anni, pe-o governo son 3mia compreiso a poliçia.",a-o,VERB,VERB
"Iran International o l’à astimmou a-o manco 12mia vittime, e ciù tante sotta i 30 anni, pe-o governo son 3mia compreiso a poliçia.",manco,NOUN,NOUN
"Iran International o l’à astimmou a-o manco 12mia vittime, e ciù tante sotta i 30 anni, pe-o governo son 3mia compreiso a poliçia.",12mia,NUM,ADJ
"Iran International o l’à astimmou a-o manco 12mia vittime, e ciù tante sotta i 30 anni, pe-o governo son 3mia compreiso a poliçia.",vittime,NOUN,NOUN
"Iran International o l’à astimmou a-o manco 12mia vittime, e ciù tante sotta i 30 anni, pe-o governo son 3mia compreiso a poliçia.",",",PUNCT,PUNCT
"Iran International o l’à astimmou a-o manco 12mia vittime, e ciù tante sotta i 30 anni, pe-o governo son 3mia compreiso a poliçia.",e,CCONJ,FUNC
"Iran International o l’à astimmou a-o manco 12mia vittime, e ciù tante sotta i 30 anni, pe-o governo son 3mia compreiso a poliçia.",ciù,NOUN,NOUN
"Iran International o l’à astimmou a-o manco 12mia vittime, e ciù tante sotta i 30 anni, pe-o governo son 3mia compreiso a poliçia.",tante,ADV,ADV
"Iran International o l’à astimmou a-o manco 12mia vittime, e ciù tante sotta i 30 anni, pe-o governo son 3mia compreiso a poliçia.",sotta,ADJ,ADJ
"Iran International o l’à astimmou a-o manco 12mia vittime, e ciù tante sotta i 30 anni, pe-o governo son 3mia compreiso a poliçia.",i,ADP,FUNC
"Iran International o l’à astimmou a-o manco 12mia vittime, e ciù tante sotta i 30 anni, pe-o governo son 3mia compreiso a poliçia.",30,NUM,ADJ
"Iran International o l’à astimmou a-o manco 12mia vittime, e ciù tante sotta i 30 anni, pe-o governo son 3mia compreiso a poliçia.",anni,ADJ,ADJ
"Iran International o l’à astimmou a-o manco 12mia vittime, e ciù tante sotta i 30 anni, pe-o governo son 3mia compreiso a poliçia.",",",PUNCT,PUNCT
"Iran International o l’à astimmou a-o manco 12mia vittime, e ciù tante sotta i 30 anni, pe-o governo son 3mia compreiso a poliçia.",pe-o,ADJ,ADJ
"Iran International o l’à astimmou a-o manco 12mia vittime, e ciù tante sotta i 30 anni, pe-o governo son 3mia compreiso a poliçia.",governo,NOUN,NOUN
"Iran International o l’à astimmou a-o manco 12mia vittime, e ciù tante sotta i 30 anni, pe-o governo son 3mia compreiso a poliçia.",son,PROPN,NOUN
"Iran International o l’à astimmou a-o manco 12mia vittime, e ciù tante sotta i 30 anni, pe-o governo son 3mia compreiso a poliçia.",3mia,PROPN,NOUN
"Iran International o l’à astimmou a-o manco 12mia vittime, e ciù tante sotta i 30 anni, pe-o governo son 3mia compreiso a poliçia.",compreiso,NOUN,NOUN
"Iran International o l’à astimmou a-o manco 12mia vittime, e ciù tante sotta i 30 anni, pe-o governo son 3mia compreiso a poliçia.",a,ADP,FUNC
"Iran International o l’à astimmou a-o manco 12mia vittime, e ciù tante sotta i 30 anni, pe-o governo son 3mia compreiso a poliçia.",poliçia,NOUN,NOUN
"Iran International o l’à astimmou a-o manco 12mia vittime, e ciù tante sotta i 30 anni, pe-o governo son 3mia compreiso a poliçia.",.,PUNCT,PUNCT
"O prescidente american Donald Trump o l’à sponciou i manifestanti à anâ avanti e piggiâ o contròllo de instituçioin: «L’aggiutto o l’é in arrivo», o l’à promisso.",O,DET,PRON
"O prescidente american Donald Trump o l’à sponciou i manifestanti à anâ avanti e piggiâ o contròllo de instituçioin: «L’aggiutto o l’é in arrivo», o l’à promisso.",prescidente,ADJ,ADJ
"O prescidente american Donald Trump o l’à sponciou i manifestanti à anâ avanti e piggiâ o contròllo de instituçioin: «L’aggiutto o l’é in arrivo», o l’à promisso.",american,PROPN,NOUN
"O prescidente american Donald Trump o l’à sponciou i manifestanti à anâ avanti e piggiâ o contròllo de instituçioin: «L’aggiutto o l’é in arrivo», o l’à promisso.",Donald,PROPN,NOUN
"O prescidente american Donald Trump o l’à sponciou i manifestanti à anâ avanti e piggiâ o contròllo de instituçioin: «L’aggiutto o l’é in arrivo», o l’à promisso.",Trump,PROPN,NOUN
"O prescidente american Donald Trump o l’à sponciou i manifestanti à anâ avanti e piggiâ o contròllo de instituçioin: «L’aggiutto o l’é in arrivo», o l’à promisso.",o,DET,PRON
"O prescidente american Donald Trump o l’à sponciou i manifestanti à anâ avanti e piggiâ o contròllo de instituçioin: «L’aggiutto o l’é in arrivo», o l’à promisso.",l’à,NOUN,NOUN
"O prescidente american Donald Trump o l’à sponciou i manifestanti à anâ avanti e piggiâ o contròllo de instituçioin: «L’aggiutto o l’é in arrivo», o l’à promisso.",sponciou,VERB,VERB
"O prescidente american Donald Trump o l’à sponciou i manifestanti à anâ avanti e piggiâ o contròllo de instituçioin: «L’aggiutto o l’é in arrivo», o l’à promisso.",i,PROPN,NOUN
"O prescidente american Donald Trump o l’à sponciou i manifestanti à anâ avanti e piggiâ o contròllo de instituçioin: «L’aggiutto o l’é in arrivo», o l’à promisso.",manifestanti,VERB,VERB
"O prescidente american Donald Trump o l’à sponciou i manifestanti à anâ avanti e piggiâ o contròllo de instituçioin: «L’aggiutto o l’é in arrivo», o l’à promisso.",à,ADP,FUNC
"O prescidente american Donald Trump o l’à sponciou i manifestanti à anâ avanti e piggiâ o contròllo de instituçioin: «L’aggiutto o l’é in arrivo», o l’à promisso.",anâ,PROPN,NOUN
"O prescidente american Donald Trump o l’à sponciou i manifestanti à anâ avanti e piggiâ o contròllo de instituçioin: «L’aggiutto o l’é in arrivo», o l’à promisso.",avanti,VERB,VERB
"O prescidente american Donald Trump o l’à sponciou i manifestanti à anâ avanti e piggiâ o contròllo de instituçioin: «L’aggiutto o l’é in arrivo», o l’à promisso.",e,CCONJ,FUNC
"O prescidente american Donald Trump o l’à sponciou i manifestanti à anâ avanti e piggiâ o contròllo de instituçioin: «L’aggiutto o l’é in arrivo», o l’à promisso.",piggiâ,NOUN,NOUN
"O prescidente american Donald Trump o l’à sponciou i manifestanti à anâ avanti e piggiâ o contròllo de instituçioin: «L’aggiutto o l’é in arrivo», o l’à promisso.",o,DET,PRON
"O prescidente american Donald Trump o l’à sponciou i manifestanti à anâ avanti e piggiâ o contròllo de instituçioin: «L’aggiutto o l’é in arrivo», o l’à promisso.",contròllo,NOUN,NOUN
"O prescidente american Donald Trump o l’à sponciou i manifestanti à anâ avanti e piggiâ o contròllo de instituçioin: «L’aggiutto o l’é in arrivo», o l’à promisso.",de,ADP,FUNC
"O prescidente american Donald Trump o l’à sponciou i manifestanti à anâ avanti e piggiâ o contròllo de instituçioin: «L’aggiutto o l’é in arrivo», o l’à promisso.",instituçioin,PROPN,NOUN
"O prescidente american Donald Trump o l’à sponciou i manifestanti à anâ avanti e piggiâ o contròllo de instituçioin: «L’aggiutto o l’é in arrivo», o l’à promisso.",:,PUNCT,PUNCT
"O prescidente american Donald Trump o l’à sponciou i manifestanti à anâ avanti e piggiâ o contròllo de instituçioin: «L’aggiutto o l’é in arrivo», o l’à promisso.",«,PUNCT,PUNCT
"O prescidente american Donald Trump o l’à sponciou i manifestanti à anâ avanti e piggiâ o contròllo de instituçioin: «L’aggiutto o l’é in arrivo», o l’à promisso.",L’aggiutto,VERB,VERB
"O prescidente american Donald Trump o l’à sponciou i manifestanti à anâ avanti e piggiâ o contròllo de instituçioin: «L’aggiutto o l’é in arrivo», o l’à promisso.",o,DET,PRON
"O prescidente american Donald Trump o l’à sponciou i manifestanti à anâ avanti e piggiâ o contròllo de instituçioin: «L’aggiutto o l’é in arrivo», o l’à promisso.",l’é,PROPN,NOUN
"O prescidente american Donald Trump o l’à sponciou i manifestanti à anâ avanti e piggiâ o contròllo de instituçioin: «L’aggiutto o l’é in arrivo», o l’à promisso.",in,X,OTHER
"O prescidente american Donald Trump o l’à sponciou i manifestanti à anâ avanti e piggiâ o contròllo de instituçioin: «L’aggiutto o l’é in arrivo», o l’à promisso.",arrivo,ADJ,ADJ
"O prescidente american Donald Trump o l’à sponciou i manifestanti à anâ avanti e piggiâ o contròllo de instituçioin: «L’aggiutto o l’é in arrivo», o l’à promisso.",»,PUNCT,PUNCT
"O prescidente american Donald Trump o l’à sponciou i manifestanti à anâ avanti e piggiâ o contròllo de instituçioin: «L’aggiutto o l’é in arrivo», o l’à promisso.",",",PUNCT,PUNCT
"O prescidente american Donald Trump o l’à sponciou i manifestanti à anâ avanti e piggiâ o contròllo de instituçioin: «L’aggiutto o l’é in arrivo», o l’à promisso.",o,DET,PRON
"O prescidente american Donald Trump o l’à sponciou i manifestanti à anâ avanti e piggiâ o contròllo de instituçioin: «L’aggiutto o l’é in arrivo», o l’à promisso.",l’à,NOUN,NOUN
"O prescidente american Donald Trump o l’à sponciou i manifestanti à anâ avanti e piggiâ o contròllo de instituçioin: «L’aggiutto o l’é in arrivo», o l’à promisso.",promisso,ADJ,ADJ
"O prescidente american Donald Trump o l’à sponciou i manifestanti à anâ avanti e piggiâ o contròllo de instituçioin: «L’aggiutto o l’é in arrivo», o l’à promisso.",.,PUNCT,PUNCT
Pe Mosca e menasse à Teheran «no se peuan açettâ» e un neuvo attacco o l’avieiva «conseguense desastrose».,Pe,PROPN,NOUN
Pe Mosca e menasse à Teheran «no se peuan açettâ» e un neuvo attacco o l’avieiva «conseguense desastrose».,Mosca,PROPN,NOUN
Pe Mosca e menasse à Teheran «no se peuan açettâ» e un neuvo attacco o l’avieiva «conseguense desastrose».,e,CCONJ,FUNC
Pe Mosca e menasse à Teheran «no se peuan açettâ» e un neuvo attacco o l’avieiva «conseguense desastrose».,menasse,VERB,VERB
Pe Mosca e menasse à Teheran «no se peuan açettâ» e un neuvo attacco o l’avieiva «conseguense desastrose».,à,ADP,FUNC
Pe Mosca e menasse à Teheran «no se peuan açettâ» e un neuvo attacco o l’avieiva «conseguense desastrose».,Teheran,PROPN,NOUN
Pe Mosca e menasse à Teheran «no se peuan açettâ» e un neuvo attacco o l’avieiva «conseguense desastrose».,«,PUNCT,PUNCT
Pe Mosca e menasse à Teheran «no se peuan açettâ» e un neuvo attacco o l’avieiva «conseguense desastrose».,no,ADP,FUNC
Pe Mosca e menasse à Teheran «no se peuan açettâ» e un neuvo attacco o l’avieiva «conseguense desastrose».,se,PRON,PRON
Pe Mosca e menasse à Teheran «no se peuan açettâ» e un neuvo attacco o l’avieiva «conseguense desastrose».,peuan,NOUN,NOUN
Pe Mosca e menasse à Teheran «no se peuan açettâ» e un neuvo attacco o l’avieiva «conseguense desastrose».,açettâ,ADJ,ADJ
Pe Mosca e menasse à Teheran «no se peuan açettâ» e un neuvo attacco o l’avieiva «conseguense desastrose».,»,PUNCT,PUNCT
Pe Mosca e menasse à Teheran «no se peuan açettâ» e un neuvo attacco o l’avieiva «conseguense desastrose».,e,CCONJ,FUNC
Pe Mosca e menasse à Teheran «no se peuan açettâ» e un neuvo attacco o l’avieiva «conseguense desastrose».,un,PROPN,NOUN
Pe Mosca e menasse à Teheran «no se peuan açettâ» e un neuvo attacco o l’avieiva «conseguense desastrose».,neuvo,PROPN,NOUN
Pe Mosca e menasse à Teheran «no se peuan açettâ» e un neuvo attacco o l’avieiva «conseguense desastrose».,attacco,VERB,VERB
Pe Mosca e menasse à Teheran «no se peuan açettâ» e un neuvo attacco o l’avieiva «conseguense desastrose».,o,DET,PRON
Pe Mosca e menasse à Teheran «no se peuan açettâ» e un neuvo attacco o l’avieiva «conseguense desastrose».,l’avieiva,NOUN,NOUN
Pe Mosca e menasse à Teheran «no se peuan açettâ» e un neuvo attacco o l’avieiva «conseguense desastrose».,«,PUNCT,PUNCT
Pe Mosca e menasse à Teheran «no se peuan açettâ» e un neuvo attacco o l’avieiva «conseguense desastrose».,conseguense,NOUN,NOUN
Pe Mosca e menasse à Teheran «no se peuan açettâ» e un neuvo attacco o l’avieiva «conseguense desastrose».,desastrose,ADJ,ADJ
Pe Mosca e menasse à Teheran «no se peuan açettâ» e un neuvo attacco o l’avieiva «conseguense desastrose».,»,PUNCT,PUNCT
Pe Mosca e menasse à Teheran «no se peuan açettâ» e un neuvo attacco o l’avieiva «conseguense desastrose».,.,PUNCT,PUNCT
Ma i Stati Unii saieivan pronti o mæximo à un intervento militare.,Ma,PROPN,NOUN
Ma i Stati Unii saieivan pronti o mæximo à un intervento militare.,i,PROPN,NOUN
Ma i Stati Unii saieivan pronti o mæximo à un intervento militare.,Stati,PROPN,NOUN
Ma i Stati Unii saieivan pronti o mæximo à un intervento militare.,Unii,PROPN,NOUN
Ma i Stati Unii saieivan pronti o mæximo à un intervento militare.,saieivan,VERB,VERB
Ma i Stati Unii saieivan pronti o mæximo à un intervento militare.,pronti,VERB,VERB
Ma i Stati Unii saieivan pronti o mæximo à un intervento militare.,o,DET,PRON
Ma i Stati Unii saieivan pronti o mæximo à un intervento militare.,mæximo,NOUN,NOUN
Ma i Stati Unii saieivan pronti o mæximo à un intervento militare.,à,ADP,FUNC
Ma i Stati Unii saieivan pronti o mæximo à un intervento militare.,un,PROPN,NOUN
Ma i Stati Unii saieivan pronti o mæximo à un intervento militare.,intervento,NOUN,NOUN
Ma i Stati Unii saieivan pronti o mæximo à un intervento militare.,militare,ADJ,ADJ
Ma i Stati Unii saieivan pronti o mæximo à un intervento militare.,.,PUNCT,PUNCT
I Paixi europëi an serrou e ambasciæ e an invitou i seu çittæn à lasciâ o Paise.,I,PROPN,NOUN
I Paixi europëi an serrou e ambasciæ e an invitou i seu çittæn à lasciâ o Paise.,Paixi,PROPN,NOUN
I Paixi europëi an serrou e ambasciæ e an invitou i seu çittæn à lasciâ o Paise.,europëi,PROPN,NOUN
I Paixi europëi an serrou e ambasciæ e an invitou i seu çittæn à lasciâ o Paise.,an,SCONJ,FUNC
I Paixi europëi an serrou e ambasciæ e an invitou i seu çittæn à lasciâ o Paise.,serrou,VERB,VERB
I Paixi europëi an serrou e ambasciæ e an invitou i seu çittæn à lasciâ o Paise.,e,CCONJ,FUNC
I Paixi europëi an serrou e ambasciæ e an invitou i seu çittæn à lasciâ o Paise.,ambasciæ,NOUN,NOUN
I Paixi europëi an serrou e ambasciæ e an invitou i seu çittæn à lasciâ o Paise.,e,CCONJ,FUNC
I Paixi europëi an serrou e ambasciæ e an invitou i seu çittæn à lasciâ o Paise.,an,PROPN,NOUN
I Paixi europëi an serrou e ambasciæ e an invitou i seu çittæn à lasciâ o Paise.,invitou,VERB,VERB
I Paixi europëi an serrou e ambasciæ e an invitou i seu çittæn à lasciâ o Paise.,i,ADP,FUNC
I Paixi europëi an serrou e ambasciæ e an invitou i seu çittæn à lasciâ o Paise.,seu,DET,PRON
I Paixi europëi an serrou e ambasciæ e an invitou i seu çittæn à lasciâ o Paise.,çittæn,NOUN,NOUN
I Paixi europëi an serrou e ambasciæ e an invitou i seu çittæn à lasciâ o Paise.,à,ADP,FUNC
I Paixi europëi an serrou e ambasciæ e an invitou i seu çittæn à lasciâ o Paise.,lasciâ,NOUN,NOUN
I Paixi europëi an serrou e ambasciæ e an invitou i seu çittæn à lasciâ o Paise.,o,DET,PRON
I Paixi europëi an serrou e ambasciæ e an invitou i seu çittæn à lasciâ o Paise.,Paise,PROPN,NOUN
I Paixi europëi an serrou e ambasciæ e an invitou i seu çittæn à lasciâ o Paise.,.,PUNCT,PUNCT
"O Reza Pahlavi, figgio de l’urtimo scià: «Son l’unico ch’o peu garantî a tranxiçion».",O,DET,PRON
"O Reza Pahlavi, figgio de l’urtimo scià: «Son l’unico ch’o peu garantî a tranxiçion».",Reza,PROPN,NOUN
"O Reza Pahlavi, figgio de l’urtimo scià: «Son l’unico ch’o peu garantî a tranxiçion».",Pahlavi,PROPN,NOUN
"O Reza Pahlavi, figgio de l’urtimo scià: «Son l’unico ch’o peu garantî a tranxiçion».",",",PUNCT,PUNCT
"O Reza Pahlavi, figgio de l’urtimo scià: «Son l’unico ch’o peu garantî a tranxiçion».",figgio,NOUN,NOUN
"O Reza Pahlavi, figgio de l’urtimo scià: «Son l’unico ch’o peu garantî a tranxiçion».",de,ADP,FUNC
"O Reza Pahlavi, figgio de l’urtimo scià: «Son l’unico ch’o peu garantî a tranxiçion».",l’urtimo,NOUN,NOUN
"O Reza Pahlavi, figgio de l’urtimo scià: «Son l’unico ch’o peu garantî a tranxiçion».",scià,NOUN,NOUN
"O Reza Pahlavi, figgio de l’urtimo scià: «Son l’unico ch’o peu garantî a tranxiçion».",:,PUNCT,PUNCT
"O Reza Pahlavi, figgio de l’urtimo scià: «Son l’unico ch’o peu garantî a tranxiçion».",«,PUNCT,PUNCT
"O Reza Pahlavi, figgio de l’urtimo scià: «Son l’unico ch’o peu garantî a tranxiçion».",Son,PROPN,NOUN
"O Reza Pahlavi, figgio de l’urtimo scià: «Son l’unico ch’o peu garantî a tranxiçion».",l’unico,PROPN,NOUN
"O Reza Pahlavi, figgio de l’urtimo scià: «Son l’unico ch’o peu garantî a tranxiçion».",ch’o,NOUN,NOUN
"O Reza Pahlavi, figgio de l’urtimo scià: «Son l’unico ch’o peu garantî a tranxiçion».",peu,ADJ,ADJ
"O Reza Pahlavi, figgio de l’urtimo scià: «Son l’unico ch’o peu garantî a tranxiçion».",garantî,NOUN,NOUN
"O Reza Pahlavi, figgio de l’urtimo scià: «Son l’unico ch’o peu garantî a tranxiçion».",a,DET,PRON
"O Reza Pahlavi, figgio de l’urtimo scià: «Son l’unico ch’o peu garantî a tranxiçion».",tranxiçion,NOUN,NOUN
"O Reza Pahlavi, figgio de l’urtimo scià: «Son l’unico ch’o peu garantî a tranxiçion».",»,PUNCT,PUNCT
"O Reza Pahlavi, figgio de l’urtimo scià: «Son l’unico ch’o peu garantî a tranxiçion».",.,PUNCT,PUNCT
«A Groenlandia a ne serve pe raxoin de seguessa».,«,PUNCT,PUNCT
«A Groenlandia a ne serve pe raxoin de seguessa».,A,DET,PRON
«A Groenlandia a ne serve pe raxoin de seguessa».,Groenlandia,PROPN,NOUN
«A Groenlandia a ne serve pe raxoin de seguessa».,a,SCONJ,FUNC
«A Groenlandia a ne serve pe raxoin de seguessa».,ne,NUM,ADJ
«A Groenlandia a ne serve pe raxoin de seguessa».,serve,VERB,VERB
«A Groenlandia a ne serve pe raxoin de seguessa».,pe,ADP,FUNC
«A Groenlandia a ne serve pe raxoin de seguessa».,raxoin,NOUN,NOUN
«A Groenlandia a ne serve pe raxoin de seguessa».,de,ADP,FUNC
«A Groenlandia a ne serve pe raxoin de seguessa».,seguessa,NOUN,NOUN
«A Groenlandia a ne serve pe raxoin de seguessa».,»,PUNCT,PUNCT
«A Groenlandia a ne serve pe raxoin de seguessa».,.,PUNCT,PUNCT
"L’à dito torna o prescidente di Stati Unii Donald Trump, cha dapeu o l’à menassou o resto do mondo: «Daçi à chi se mette contra di mi».",L’à,AUX,VERB
"L’à dito torna o prescidente di Stati Unii Donald Trump, cha dapeu o l’à menassou o resto do mondo: «Daçi à chi se mette contra di mi».",dito,VERB,VERB
"L’à dito torna o prescidente di Stati Unii Donald Trump, cha dapeu o l’à menassou o resto do mondo: «Daçi à chi se mette contra di mi».",torna,VERB,VERB
"L’à dito torna o prescidente di Stati Unii Donald Trump, cha dapeu o l’à menassou o resto do mondo: «Daçi à chi se mette contra di mi».",o,DET,PRON
"L’à dito torna o prescidente di Stati Unii Donald Trump, cha dapeu o l’à menassou o resto do mondo: «Daçi à chi se mette contra di mi».",prescidente,NOUN,NOUN
"L’à dito torna o prescidente di Stati Unii Donald Trump, cha dapeu o l’à menassou o resto do mondo: «Daçi à chi se mette contra di mi».",di,PROPN,NOUN
"L’à dito torna o prescidente di Stati Unii Donald Trump, cha dapeu o l’à menassou o resto do mondo: «Daçi à chi se mette contra di mi».",Stati,PROPN,NOUN
"L’à dito torna o prescidente di Stati Unii Donald Trump, cha dapeu o l’à menassou o resto do mondo: «Daçi à chi se mette contra di mi».",Unii,PROPN,NOUN
"L’à dito torna o prescidente di Stati Unii Donald Trump, cha dapeu o l’à menassou o resto do mondo: «Daçi à chi se mette contra di mi».",Donald,PROPN,NOUN
"L’à dito torna o prescidente di Stati Unii Donald Trump, cha dapeu o l’à menassou o resto do mondo: «Daçi à chi se mette contra di mi».",Trump,PROPN,NOUN
"L’à dito torna o prescidente di Stati Unii Donald Trump, cha dapeu o l’à menassou o resto do mondo: «Daçi à chi se mette contra di mi».",",",PUNCT,PUNCT
"L’à dito torna o prescidente di Stati Unii Donald Trump, cha dapeu o l’à menassou o resto do mondo: «Daçi à chi se mette contra di mi».",cha,NOUN,NOUN
"L’à dito torna o prescidente di Stati Unii Donald Trump, cha dapeu o l’à menassou o resto do mondo: «Daçi à chi se mette contra di mi».",dapeu,VERB,VERB
"L’à dito torna o prescidente di Stati Unii Donald Trump, cha dapeu o l’à menassou o resto do mondo: «Daçi à chi se mette contra di mi».",o,DET,PRON
"L’à dito torna o prescidente di Stati Unii Donald Trump, cha dapeu o l’à menassou o resto do mondo: «Daçi à chi se mette contra di mi».",l’à,PROPN,NOUN
"L’à dito torna o prescidente di Stati Unii Donald Trump, cha dapeu o l’à menassou o resto do mondo: «Daçi à chi se mette contra di mi».",menassou,VERB,VERB
"L’à dito torna o prescidente di Stati Unii Donald Trump, cha dapeu o l’à menassou o resto do mondo: «Daçi à chi se mette contra di mi».",o,DET,PRON
"L’à dito torna o prescidente di Stati Unii Donald Trump, cha dapeu o l’à menassou o resto do mondo: «Daçi à chi se mette contra di mi».",resto,NOUN,NOUN
"L’à dito torna o prescidente di Stati Unii Donald Trump, cha dapeu o l’à menassou o resto do mondo: «Daçi à chi se mette contra di mi».",do,ADP,FUNC
"L’à dito torna o prescidente di Stati Unii Donald Trump, cha dapeu o l’à menassou o resto do mondo: «Daçi à chi se mette contra di mi».",mondo,VERB,VERB
"L’à dito torna o prescidente di Stati Unii Donald Trump, cha dapeu o l’à menassou o resto do mondo: «Daçi à chi se mette contra di mi».",:,PUNCT,PUNCT
"L’à dito torna o prescidente di Stati Unii Donald Trump, cha dapeu o l’à menassou o resto do mondo: «Daçi à chi se mette contra di mi».",«,PUNCT,PUNCT
"L’à dito torna o prescidente di Stati Unii Donald Trump, cha dapeu o l’à menassou o resto do mondo: «Daçi à chi se mette contra di mi».",Daçi,PROPN,NOUN
"L’à dito torna o prescidente di Stati Unii Donald Trump, cha dapeu o l’à menassou o resto do mondo: «Daçi à chi se mette contra di mi».",à,ADP,FUNC
"L’à dito torna o prescidente di Stati Unii Donald Trump, cha dapeu o l’à menassou o resto do mondo: «Daçi à chi se mette contra di mi».",chi,PROPN,NOUN
"L’à dito torna o prescidente di Stati Unii Donald Trump, cha dapeu o l’à menassou o resto do mondo: «Daçi à chi se mette contra di mi».",se,PRON,PRON
"L’à dito torna o prescidente di Stati Unii Donald Trump, cha dapeu o l’à menassou o resto do mondo: «Daçi à chi se mette contra di mi».",mette,NOUN,NOUN
"L’à dito torna o prescidente di Stati Unii Donald Trump, cha dapeu o l’à menassou o resto do mondo: «Daçi à chi se mette contra di mi».",contra,ADP,FUNC
"L’à dito torna o prescidente di Stati Unii Donald Trump, cha dapeu o l’à menassou o resto do mondo: «Daçi à chi se mette contra di mi».",di,PROPN,NOUN
"L’à dito torna o prescidente di Stati Unii Donald Trump, cha dapeu o l’à menassou o resto do mondo: «Daçi à chi se mette contra di mi».",mi,PROPN,NOUN
"L’à dito torna o prescidente di Stati Unii Donald Trump, cha dapeu o l’à menassou o resto do mondo: «Daçi à chi se mette contra di mi».",»,PUNCT,PUNCT
"L’à dito torna o prescidente di Stati Unii Donald Trump, cha dapeu o l’à menassou o resto do mondo: «Daçi à chi se mette contra di mi».",.,PUNCT,PUNCT
Ma a Ruscia a l’à strinou: «Pe noiatri a l’é parte do Regno de Danimarca».,Ma,PROPN,NOUN
Ma a Ruscia a l’à strinou: «Pe noiatri a l’é parte do Regno de Danimarca».,a,DET,PRON
Ma a Ruscia a l’à strinou: «Pe noiatri a l’é parte do Regno de Danimarca».,Ruscia,PROPN,NOUN
Ma a Ruscia a l’à strinou: «Pe noiatri a l’é parte do Regno de Danimarca».,a,ADP,FUNC
Ma a Ruscia a l’à strinou: «Pe noiatri a l’é parte do Regno de Danimarca».,l’à,NOUN,NOUN
Ma a Ruscia a l’à strinou: «Pe noiatri a l’é parte do Regno de Danimarca».,strinou,VERB,VERB
Ma a Ruscia a l’à strinou: «Pe noiatri a l’é parte do Regno de Danimarca».,:,PUNCT,PUNCT
Ma a Ruscia a l’à strinou: «Pe noiatri a l’é parte do Regno de Danimarca».,«,PUNCT,PUNCT
Ma a Ruscia a l’à strinou: «Pe noiatri a l’é parte do Regno de Danimarca».,Pe,PROPN,NOUN
Ma a Ruscia a l’à strinou: «Pe noiatri a l’é parte do Regno de Danimarca».,noiatri,ADJ,ADJ
Ma a Ruscia a l’à strinou: «Pe noiatri a l’é parte do Regno de Danimarca».,a,ADP,FUNC
Ma a Ruscia a l’à strinou: «Pe noiatri a l’é parte do Regno de Danimarca».,l’é,NOUN,NOUN
Ma a Ruscia a l’à strinou: «Pe noiatri a l’é parte do Regno de Danimarca».,parte,NOUN,NOUN
Ma a Ruscia a l’à strinou: «Pe noiatri a l’é parte do Regno de Danimarca».,do,ADP,FUNC
Ma a Ruscia a l’à strinou: «Pe noiatri a l’é parte do Regno de Danimarca».,Regno,PROPN,NOUN
Ma a Ruscia a l’à strinou: «Pe noiatri a l’é parte do Regno de Danimarca».,de,ADP,FUNC
Ma a Ruscia a l’à strinou: «Pe noiatri a l’é parte do Regno de Danimarca».,Danimarca,PROPN,NOUN
Ma a Ruscia a l’à strinou: «Pe noiatri a l’é parte do Regno de Danimarca».,»,PUNCT,PUNCT
Ma a Ruscia a l’à strinou: «Pe noiatri a l’é parte do Regno de Danimarca».,.,PUNCT,PUNCT
"Intanto Copenaghen a l’à rinforsou a presensa militare in sce l’isoa, a Sveçia a l’à mandou di sordatti e o Regno Unio ascì o l’é apreuvo à negoçiâ co-i amixi europëi un intervento pe garantî a seguessa de l’Artico.",Intanto,PROPN,NOUN
"Intanto Copenaghen a l’à rinforsou a presensa militare in sce l’isoa, a Sveçia a l’à mandou di sordatti e o Regno Unio ascì o l’é apreuvo à negoçiâ co-i amixi europëi un intervento pe garantî a seguessa de l’Artico.",Copenaghen,PROPN,NOUN
"Intanto Copenaghen a l’à rinforsou a presensa militare in sce l’isoa, a Sveçia a l’à mandou di sordatti e o Regno Unio ascì o l’é apreuvo à negoçiâ co-i amixi europëi un intervento pe garantî a seguessa de l’Artico.",a,DET,PRON
"Intanto Copenaghen a l’à rinforsou a presensa militare in sce l’isoa, a Sveçia a l’à mandou di sordatti e o Regno Unio ascì o l’é apreuvo à negoçiâ co-i amixi europëi un intervento pe garantî a seguessa de l’Artico.",l’à,NOUN,NOUN
"Intanto Copenaghen a l’à rinforsou a presensa militare in sce l’isoa, a Sveçia a l’à mandou di sordatti e o Regno Unio ascì o l’é apreuvo à negoçiâ co-i amixi europëi un intervento pe garantî a seguessa de l’Artico.",rinforsou,VERB,VERB
"Intanto Copenaghen a l’à rinforsou a presensa militare in sce l’isoa, a Sveçia a l’à mandou di sordatti e o Regno Unio ascì o l’é apreuvo à negoçiâ co-i amixi europëi un intervento pe garantî a seguessa de l’Artico.",a,DET,PRON
"Intanto Copenaghen a l’à rinforsou a presensa militare in sce l’isoa, a Sveçia a l’à mandou di sordatti e o Regno Unio ascì o l’é apreuvo à negoçiâ co-i amixi europëi un intervento pe garantî a seguessa de l’Artico.",presensa,ADJ,ADJ
"Intanto Copenaghen a l’à rinforsou a presensa militare in sce l’isoa, a Sveçia a l’à mandou di sordatti e o Regno Unio ascì o l’é apreuvo à negoçiâ co-i amixi europëi un intervento pe garantî a seguessa de l’Artico.",militare,NOUN,NOUN
"Intanto Copenaghen a l’à rinforsou a presensa militare in sce l’isoa, a Sveçia a l’à mandou di sordatti e o Regno Unio ascì o l’é apreuvo à negoçiâ co-i amixi europëi un intervento pe garantî a seguessa de l’Artico.",in,PROPN,NOUN
"Intanto Copenaghen a l’à rinforsou a presensa militare in sce l’isoa, a Sveçia a l’à mandou di sordatti e o Regno Unio ascì o l’é apreuvo à negoçiâ co-i amixi europëi un intervento pe garantî a seguessa de l’Artico.",sce,VERB,VERB
"Intanto Copenaghen a l’à rinforsou a presensa militare in sce l’isoa, a Sveçia a l’à mandou di sordatti e o Regno Unio ascì o l’é apreuvo à negoçiâ co-i amixi europëi un intervento pe garantî a seguessa de l’Artico.",l’isoa,NOUN,NOUN
"Intanto Copenaghen a l’à rinforsou a presensa militare in sce l’isoa, a Sveçia a l’à mandou di sordatti e o Regno Unio ascì o l’é apreuvo à negoçiâ co-i amixi europëi un intervento pe garantî a seguessa de l’Artico.",",",PUNCT,PUNCT
"Intanto Copenaghen a l’à rinforsou a presensa militare in sce l’isoa, a Sveçia a l’à mandou di sordatti e o Regno Unio ascì o l’é apreuvo à negoçiâ co-i amixi europëi un intervento pe garantî a seguessa de l’Artico.",a,DET,PRON
"Intanto Copenaghen a l’à rinforsou a presensa militare in sce l’isoa, a Sveçia a l’à mandou di sordatti e o Regno Unio ascì o l’é apreuvo à negoçiâ co-i amixi europëi un intervento pe garantî a seguessa de l’Artico.",Sveçia,PROPN,NOUN
"Intanto Copenaghen a l’à rinforsou a presensa militare in sce l’isoa, a Sveçia a l’à mandou di sordatti e o Regno Unio ascì o l’é apreuvo à negoçiâ co-i amixi europëi un intervento pe garantî a seguessa de l’Artico.",a,DET,PRON
"Intanto Copenaghen a l’à rinforsou a presensa militare in sce l’isoa, a Sveçia a l’à mandou di sordatti e o Regno Unio ascì o l’é apreuvo à negoçiâ co-i amixi europëi un intervento pe garantî a seguessa de l’Artico.",l’à,NOUN,NOUN
"Intanto Copenaghen a l’à rinforsou a presensa militare in sce l’isoa, a Sveçia a l’à mandou di sordatti e o Regno Unio ascì o l’é apreuvo à negoçiâ co-i amixi europëi un intervento pe garantî a seguessa de l’Artico.",mandou,VERB,VERB
"Intanto Copenaghen a l’à rinforsou a presensa militare in sce l’isoa, a Sveçia a l’à mandou di sordatti e o Regno Unio ascì o l’é apreuvo à negoçiâ co-i amixi europëi un intervento pe garantî a seguessa de l’Artico.",di,NUM,ADJ
"Intanto Copenaghen a l’à rinforsou a presensa militare in sce l’isoa, a Sveçia a l’à mandou di sordatti e o Regno Unio ascì o l’é apreuvo à negoçiâ co-i amixi europëi un intervento pe garantî a seguessa de l’Artico.",sordatti,NOUN,NOUN
"Intanto Copenaghen a l’à rinforsou a presensa militare in sce l’isoa, a Sveçia a l’à mandou di sordatti e o Regno Unio ascì o l’é apreuvo à negoçiâ co-i amixi europëi un intervento pe garantî a seguessa de l’Artico.",e,CCONJ,FUNC
"Intanto Copenaghen a l’à rinforsou a presensa militare in sce l’isoa, a Sveçia a l’à mandou di sordatti e o Regno Unio ascì o l’é apreuvo à negoçiâ co-i amixi europëi un intervento pe garantî a seguessa de l’Artico.",o,DET,PRON
"Intanto Copenaghen a l’à rinforsou a presensa militare in sce l’isoa, a Sveçia a l’à mandou di sordatti e o Regno Unio ascì o l’é apreuvo à negoçiâ co-i amixi europëi un intervento pe garantî a seguessa de l’Artico.",Regno,PROPN,NOUN
"Intanto Copenaghen a l’à rinforsou a presensa militare in sce l’isoa, a Sveçia a l’à mandou di sordatti e o Regno Unio ascì o l’é apreuvo à negoçiâ co-i amixi europëi un intervento pe garantî a seguessa de l’Artico.",Unio,PROPN,NOUN
"Intanto Copenaghen a l’à rinforsou a presensa militare in sce l’isoa, a Sveçia a l’à mandou di sordatti e o Regno Unio ascì o l’é apreuvo à negoçiâ co-i amixi europëi un intervento pe garantî a seguessa de l’Artico.",ascì,VERB,VERB
"Intanto Copenaghen a l’à rinforsou a presensa militare in sce l’isoa, a Sveçia a l’à mandou di sordatti e o Regno Unio ascì o l’é apreuvo à negoçiâ co-i amixi europëi un intervento pe garantî a seguessa de l’Artico.",o,DET,PRON
"Intanto Copenaghen a l’à rinforsou a presensa militare in sce l’isoa, a Sveçia a l’à mandou di sordatti e o Regno Unio ascì o l’é apreuvo à negoçiâ co-i amixi europëi un intervento pe garantî a seguessa de l’Artico.",l’é,NOUN,NOUN
"Intanto Copenaghen a l’à rinforsou a presensa militare in sce l’isoa, a Sveçia a l’à mandou di sordatti e o Regno Unio ascì o l’é apreuvo à negoçiâ co-i amixi europëi un intervento pe garantî a seguessa de l’Artico.",apreuvo,ADJ,ADJ
"Intanto Copenaghen a l’à rinforsou a presensa militare in sce l’isoa, a Sveçia a l’à mandou di sordatti e o Regno Unio ascì o l’é apreuvo à negoçiâ co-i amixi europëi un intervento pe garantî a seguessa de l’Artico.",à,ADP,FUNC
"Intanto Copenaghen a l’à rinforsou a presensa militare in sce l’isoa, a Sveçia a l’à mandou di sordatti e o Regno Unio ascì o l’é apreuvo à negoçiâ co-i amixi europëi un intervento pe garantî a seguessa de l’Artico.",negoçiâ,NOUN,NOUN
"Intanto Copenaghen a l’à rinforsou a presensa militare in sce l’isoa, a Sveçia a l’à mandou di sordatti e o Regno Unio ascì o l’é apreuvo à negoçiâ co-i amixi europëi un intervento pe garantî a seguessa de l’Artico.",co-i,NOUN,NOUN
"Intanto Copenaghen a l’à rinforsou a presensa militare in sce l’isoa, a Sveçia a l’à mandou di sordatti e o Regno Unio ascì o l’é apreuvo à negoçiâ co-i amixi europëi un intervento pe garantî a seguessa de l’Artico.",amixi,VERB,VERB
"Intanto Copenaghen a l’à rinforsou a presensa militare in sce l’isoa, a Sveçia a l’à mandou di sordatti e o Regno Unio ascì o l’é apreuvo à negoçiâ co-i amixi europëi un intervento pe garantî a seguessa de l’Artico.",europëi,PROPN,NOUN
"Intanto Copenaghen a l’à rinforsou a presensa militare in sce l’isoa, a Sveçia a l’à mandou di sordatti e o Regno Unio ascì o l’é apreuvo à negoçiâ co-i amixi europëi un intervento pe garantî a seguessa de l’Artico.",un,PROPN,NOUN
"Intanto Copenaghen a l’à rinforsou a presensa militare in sce l’isoa, a Sveçia a l’à mandou di sordatti e o Regno Unio ascì o l’é apreuvo à negoçiâ co-i amixi europëi un intervento pe garantî a seguessa de l’Artico.",intervento,NOUN,NOUN
"Intanto Copenaghen a l’à rinforsou a presensa militare in sce l’isoa, a Sveçia a l’à mandou di sordatti e o Regno Unio ascì o l’é apreuvo à negoçiâ co-i amixi europëi un intervento pe garantî a seguessa de l’Artico.",pe,ADP,FUNC
"Intanto Copenaghen a l’à rinforsou a presensa militare in sce l’isoa, a Sveçia a l’à mandou di sordatti e o Regno Unio ascì o l’é apreuvo à negoçiâ co-i amixi europëi un intervento pe garantî a seguessa de l’Artico.",garantî,NOUN,NOUN
"Intanto Copenaghen a l’à rinforsou a presensa militare in sce l’isoa, a Sveçia a l’à mandou di sordatti e o Regno Unio ascì o l’é apreuvo à negoçiâ co-i amixi europëi un intervento pe garantî a seguessa de l’Artico.",a,DET,PRON
"Intanto Copenaghen a l’à rinforsou a presensa militare in sce l’isoa, a Sveçia a l’à mandou di sordatti e o Regno Unio ascì o l’é apreuvo à negoçiâ co-i amixi europëi un intervento pe garantî a seguessa de l’Artico.",seguessa,NOUN,NOUN
"Intanto Copenaghen a l’à rinforsou a presensa militare in sce l’isoa, a Sveçia a l’à mandou di sordatti e o Regno Unio ascì o l’é apreuvo à negoçiâ co-i amixi europëi un intervento pe garantî a seguessa de l’Artico.",de,ADP,FUNC
"Intanto Copenaghen a l’à rinforsou a presensa militare in sce l’isoa, a Sveçia a l’à mandou di sordatti e o Regno Unio ascì o l’é apreuvo à negoçiâ co-i amixi europëi un intervento pe garantî a seguessa de l’Artico.",l’Artico,NOUN,NOUN
"Intanto Copenaghen a l’à rinforsou a presensa militare in sce l’isoa, a Sveçia a l’à mandou di sordatti e o Regno Unio ascì o l’é apreuvo à negoçiâ co-i amixi europëi un intervento pe garantî a seguessa de l’Artico.",.,PUNCT,PUNCT
A Fransa a l’é pronta à spedî fin à 6mila sordatti in Ucraina dòppo finio a guæra e Londra a mettià 230 mioin pe-o seu exerçito.,A,DET,PRON
A Fransa a l’é pronta à spedî fin à 6mila sordatti in Ucraina dòppo finio a guæra e Londra a mettià 230 mioin pe-o seu exerçito.,Fransa,PROPN,NOUN
A Fransa a l’é pronta à spedî fin à 6mila sordatti in Ucraina dòppo finio a guæra e Londra a mettià 230 mioin pe-o seu exerçito.,a,DET,PRON
A Fransa a l’é pronta à spedî fin à 6mila sordatti in Ucraina dòppo finio a guæra e Londra a mettià 230 mioin pe-o seu exerçito.,l’é,NOUN,NOUN
A Fransa a l’é pronta à spedî fin à 6mila sordatti in Ucraina dòppo finio a guæra e Londra a mettià 230 mioin pe-o seu exerçito.,pronta,ADJ,ADJ
A Fransa a l’é pronta à spedî fin à 6mila sordatti in Ucraina dòppo finio a guæra e Londra a mettià 230 mioin pe-o seu exerçito.,à,ADP,FUNC
A Fransa a l’é pronta à spedî fin à 6mila sordatti in Ucraina dòppo finio a guæra e Londra a mettià 230 mioin pe-o seu exerçito.,spedî,NOUN,NOUN
A Fransa a l’é pronta à spedî fin à 6mila sordatti in Ucraina dòppo finio a guæra e Londra a mettià 230 mioin pe-o seu exerçito.,fin,PROPN,NOUN
A Fransa a l’é pronta à spedî fin à 6mila sordatti in Ucraina dòppo finio a guæra e Londra a mettià 230 mioin pe-o seu exerçito.,à,ADP,FUNC
A Fransa a l’é pronta à spedî fin à 6mila sordatti in Ucraina dòppo finio a guæra e Londra a mettià 230 mioin pe-o seu exerçito.,6mila,NUM,ADJ
A Fransa a l’é pronta à spedî fin à 6mila sordatti in Ucraina dòppo finio a guæra e Londra a mettià 230 mioin pe-o seu exerçito.,sordatti,NOUN,NOUN
A Fransa a l’é pronta à spedî fin à 6mila sordatti in Ucraina dòppo finio a guæra e Londra a mettià 230 mioin pe-o seu exerçito.,in,PROPN,NOUN
A Fransa a l’é pronta à spedî fin à 6mila sordatti in Ucraina dòppo finio a guæra e Londra a mettià 230 mioin pe-o seu exerçito.,Ucraina,PROPN,NOUN
A Fransa a l’é pronta à spedî fin à 6mila sordatti in Ucraina dòppo finio a guæra e Londra a mettià 230 mioin pe-o seu exerçito.,dòppo,PROPN,NOUN
A Fransa a l’é pronta à spedî fin à 6mila sordatti in Ucraina dòppo finio a guæra e Londra a mettià 230 mioin pe-o seu exerçito.,finio,PROPN,NOUN
A Fransa a l’é pronta à spedî fin à 6mila sordatti in Ucraina dòppo finio a guæra e Londra a mettià 230 mioin pe-o seu exerçito.,a,DET,PRON
A Fransa a l’é pronta à spedî fin à 6mila sordatti in Ucraina dòppo finio a guæra e Londra a mettià 230 mioin pe-o seu exerçito.,guæra,NOUN,NOUN
A Fransa a l’é pronta à spedî fin à 6mila sordatti in Ucraina dòppo finio a guæra e Londra a mettià 230 mioin pe-o seu exerçito.,e,CCONJ,FUNC
A Fransa a l’é pronta à spedî fin à 6mila sordatti in Ucraina dòppo finio a guæra e Londra a mettià 230 mioin pe-o seu exerçito.,Londra,PROPN,NOUN
A Fransa a l’é pronta à spedî fin à 6mila sordatti in Ucraina dòppo finio a guæra e Londra a mettià 230 mioin pe-o seu exerçito.,a,DET,PRON
A Fransa a l’é pronta à spedî fin à 6mila sordatti in Ucraina dòppo finio a guæra e Londra a mettià 230 mioin pe-o seu exerçito.,mettià,NOUN,NOUN
A Fransa a l’é pronta à spedî fin à 6mila sordatti in Ucraina dòppo finio a guæra e Londra a mettià 230 mioin pe-o seu exerçito.,230,NUM,ADJ
A Fransa a l’é pronta à spedî fin à 6mila sordatti in Ucraina dòppo finio a guæra e Londra a mettià 230 mioin pe-o seu exerçito.,mioin,NOUN,NOUN
A Fransa a l’é pronta à spedî fin à 6mila sordatti in Ucraina dòppo finio a guæra e Londra a mettià 230 mioin pe-o seu exerçito.,pe-o,VERB,VERB
A Fransa a l’é pronta à spedî fin à 6mila sordatti in Ucraina dòppo finio a guæra e Londra a mettià 230 mioin pe-o seu exerçito.,seu,DET,PRON
A Fransa a l’é pronta à spedî fin à 6mila sordatti in Ucraina dòppo finio a guæra e Londra a mettià 230 mioin pe-o seu exerçito.,exerçito,NOUN,NOUN
A Fransa a l’é pronta à spedî fin à 6mila sordatti in Ucraina dòppo finio a guæra e Londra a mettià 230 mioin pe-o seu exerçito.,.,PUNCT,PUNCT
"L’investigaçion in sciâ strage do Primmo de l’anno à Crans-Montana, in Svissera, donde 40 persoñe son mòrte inte l’inçendio de un locale, a s’allarga a-i contròlli mancæ da parte do Commun.",L’investigaçion,PROPN,NOUN
"L’investigaçion in sciâ strage do Primmo de l’anno à Crans-Montana, in Svissera, donde 40 persoñe son mòrte inte l’inçendio de un locale, a s’allarga a-i contròlli mancæ da parte do Commun.",in,PROPN,NOUN
"L’investigaçion in sciâ strage do Primmo de l’anno à Crans-Montana, in Svissera, donde 40 persoñe son mòrte inte l’inçendio de un locale, a s’allarga a-i contròlli mancæ da parte do Commun.",sciâ,ADJ,ADJ
"L’investigaçion in sciâ strage do Primmo de l’anno à Crans-Montana, in Svissera, donde 40 persoñe son mòrte inte l’inçendio de un locale, a s’allarga a-i contròlli mancæ da parte do Commun.",strage,ADJ,ADJ
"L’investigaçion in sciâ strage do Primmo de l’anno à Crans-Montana, in Svissera, donde 40 persoñe son mòrte inte l’inçendio de un locale, a s’allarga a-i contròlli mancæ da parte do Commun.",do,ADP,FUNC
"L’investigaçion in sciâ strage do Primmo de l’anno à Crans-Montana, in Svissera, donde 40 persoñe son mòrte inte l’inçendio de un locale, a s’allarga a-i contròlli mancæ da parte do Commun.",Primmo,PROPN,NOUN
"L’investigaçion in sciâ strage do Primmo de l’anno à Crans-Montana, in Svissera, donde 40 persoñe son mòrte inte l’inçendio de un locale, a s’allarga a-i contròlli mancæ da parte do Commun.",de,ADP,FUNC
"L’investigaçion in sciâ strage do Primmo de l’anno à Crans-Montana, in Svissera, donde 40 persoñe son mòrte inte l’inçendio de un locale, a s’allarga a-i contròlli mancæ da parte do Commun.",l’anno,PROPN,NOUN
"L’investigaçion in sciâ strage do Primmo de l’anno à Crans-Montana, in Svissera, donde 40 persoñe son mòrte inte l’inçendio de un locale, a s’allarga a-i contròlli mancæ da parte do Commun.",à,ADP,FUNC
"L’investigaçion in sciâ strage do Primmo de l’anno à Crans-Montana, in Svissera, donde 40 persoñe son mòrte inte l’inçendio de un locale, a s’allarga a-i contròlli mancæ da parte do Commun.",Crans-Montana,PROPN,NOUN
"L’investigaçion in sciâ strage do Primmo de l’anno à Crans-Montana, in Svissera, donde 40 persoñe son mòrte inte l’inçendio de un locale, a s’allarga a-i contròlli mancæ da parte do Commun.",",",PUNCT,PUNCT
"L’investigaçion in sciâ strage do Primmo de l’anno à Crans-Montana, in Svissera, donde 40 persoñe son mòrte inte l’inçendio de un locale, a s’allarga a-i contròlli mancæ da parte do Commun.",in,PROPN,NOUN
"L’investigaçion in sciâ strage do Primmo de l’anno à Crans-Montana, in Svissera, donde 40 persoñe son mòrte inte l’inçendio de un locale, a s’allarga a-i contròlli mancæ da parte do Commun.",Svissera,PROPN,NOUN
"L’investigaçion in sciâ strage do Primmo de l’anno à Crans-Montana, in Svissera, donde 40 persoñe son mòrte inte l’inçendio de un locale, a s’allarga a-i contròlli mancæ da parte do Commun.",",",PUNCT,PUNCT
"L’investigaçion in sciâ strage do Primmo de l’anno à Crans-Montana, in Svissera, donde 40 persoñe son mòrte inte l’inçendio de un locale, a s’allarga a-i contròlli mancæ da parte do Commun.",donde,ADV,ADV
"L’investigaçion in sciâ strage do Primmo de l’anno à Crans-Montana, in Svissera, donde 40 persoñe son mòrte inte l’inçendio de un locale, a s’allarga a-i contròlli mancæ da parte do Commun.",40,NUM,ADJ
"L’investigaçion in sciâ strage do Primmo de l’anno à Crans-Montana, in Svissera, donde 40 persoñe son mòrte inte l’inçendio de un locale, a s’allarga a-i contròlli mancæ da parte do Commun.",persoñe,VERB,VERB
"L’investigaçion in sciâ strage do Primmo de l’anno à Crans-Montana, in Svissera, donde 40 persoñe son mòrte inte l’inçendio de un locale, a s’allarga a-i contròlli mancæ da parte do Commun.",son,PROPN,NOUN
"L’investigaçion in sciâ strage do Primmo de l’anno à Crans-Montana, in Svissera, donde 40 persoñe son mòrte inte l’inçendio de un locale, a s’allarga a-i contròlli mancæ da parte do Commun.",mòrte,PROPN,NOUN
"L’investigaçion in sciâ strage do Primmo de l’anno à Crans-Montana, in Svissera, donde 40 persoñe son mòrte inte l’inçendio de un locale, a s’allarga a-i contròlli mancæ da parte do Commun.",inte,ADJ,ADJ
"L’investigaçion in sciâ strage do Primmo de l’anno à Crans-Montana, in Svissera, donde 40 persoñe son mòrte inte l’inçendio de un locale, a s’allarga a-i contròlli mancæ da parte do Commun.",l’inçendio,ADJ,ADJ
"L’investigaçion in sciâ strage do Primmo de l’anno à Crans-Montana, in Svissera, donde 40 persoñe son mòrte inte l’inçendio de un locale, a s’allarga a-i contròlli mancæ da parte do Commun.",de,ADP,FUNC
"L’investigaçion in sciâ strage do Primmo de l’anno à Crans-Montana, in Svissera, donde 40 persoñe son mòrte inte l’inçendio de un locale, a s’allarga a-i contròlli mancæ da parte do Commun.",un,PROPN,NOUN
"L’investigaçion in sciâ strage do Primmo de l’anno à Crans-Montana, in Svissera, donde 40 persoñe son mòrte inte l’inçendio de un locale, a s’allarga a-i contròlli mancæ da parte do Commun.",locale,PROPN,NOUN
"L’investigaçion in sciâ strage do Primmo de l’anno à Crans-Montana, in Svissera, donde 40 persoñe son mòrte inte l’inçendio de un locale, a s’allarga a-i contròlli mancæ da parte do Commun.",",",PUNCT,PUNCT
"L’investigaçion in sciâ strage do Primmo de l’anno à Crans-Montana, in Svissera, donde 40 persoñe son mòrte inte l’inçendio de un locale, a s’allarga a-i contròlli mancæ da parte do Commun.",a,DET,PRON
"L’investigaçion in sciâ strage do Primmo de l’anno à Crans-Montana, in Svissera, donde 40 persoñe son mòrte inte l’inçendio de un locale, a s’allarga a-i contròlli mancæ da parte do Commun.",s’allarga,ADJ,ADJ
"L’investigaçion in sciâ strage do Primmo de l’anno à Crans-Montana, in Svissera, donde 40 persoñe son mòrte inte l’inçendio de un locale, a s’allarga a-i contròlli mancæ da parte do Commun.",a-i,PROPN,NOUN
"L’investigaçion in sciâ strage do Primmo de l’anno à Crans-Montana, in Svissera, donde 40 persoñe son mòrte inte l’inçendio de un locale, a s’allarga a-i contròlli mancæ da parte do Commun.",contròlli,NOUN,NOUN
"L’investigaçion in sciâ strage do Primmo de l’anno à Crans-Montana, in Svissera, donde 40 persoñe son mòrte inte l’inçendio de un locale, a s’allarga a-i contròlli mancæ da parte do Commun.",mancæ,ADJ,ADJ
"L’investigaçion in sciâ strage do Primmo de l’anno à Crans-Montana, in Svissera, donde 40 persoñe son mòrte inte l’inçendio de un locale, a s’allarga a-i contròlli mancæ da parte do Commun.",da,ADP,FUNC
"L’investigaçion in sciâ strage do Primmo de l’anno à Crans-Montana, in Svissera, donde 40 persoñe son mòrte inte l’inçendio de un locale, a s’allarga a-i contròlli mancæ da parte do Commun.",parte,NOUN,NOUN
"L’investigaçion in sciâ strage do Primmo de l’anno à Crans-Montana, in Svissera, donde 40 persoñe son mòrte inte l’inçendio de un locale, a s’allarga a-i contròlli mancæ da parte do Commun.",do,ADP,FUNC
"L’investigaçion in sciâ strage do Primmo de l’anno à Crans-Montana, in Svissera, donde 40 persoñe son mòrte inte l’inçendio de un locale, a s’allarga a-i contròlli mancæ da parte do Commun.",Commun,PROPN,NOUN
"L’investigaçion in sciâ strage do Primmo de l’anno à Crans-Montana, in Svissera, donde 40 persoñe son mòrte inte l’inçendio de un locale, a s’allarga a-i contròlli mancæ da parte do Commun.",.,PUNCT,PUNCT
A viçescindica do paise a l’à ciammou scuse.,A,DET,PRON
A viçescindica do paise a l’à ciammou scuse.,viçescindica,NOUN,NOUN
A viçescindica do paise a l’à ciammou scuse.,do,ADP,FUNC
A viçescindica do paise a l’à ciammou scuse.,paise,NOUN,NOUN
A viçescindica do paise a l’à ciammou scuse.,a,ADP,FUNC
A viçescindica do paise a l’à ciammou scuse.,l’à,NOUN,NOUN
A viçescindica do paise a l’à ciammou scuse.,ciammou,VERB,VERB
A viçescindica do paise a l’à ciammou scuse.,scuse,PROPN,NOUN
A viçescindica do paise a l’à ciammou scuse.,.,PUNCT,PUNCT
"O Jacques Moretti, baccan do Le Constellation co-a moggê Jessica, o l’é ancon in prexon pe-o reisego de fuga, ma a Procua de Sion a l’avieiva domandou unna cauçion de 400mia franchi pe mettilo in libertæ.",O,DET,PRON
"O Jacques Moretti, baccan do Le Constellation co-a moggê Jessica, o l’é ancon in prexon pe-o reisego de fuga, ma a Procua de Sion a l’avieiva domandou unna cauçion de 400mia franchi pe mettilo in libertæ.",Jacques,PROPN,NOUN
"O Jacques Moretti, baccan do Le Constellation co-a moggê Jessica, o l’é ancon in prexon pe-o reisego de fuga, ma a Procua de Sion a l’avieiva domandou unna cauçion de 400mia franchi pe mettilo in libertæ.",Moretti,PROPN,NOUN
"O Jacques Moretti, baccan do Le Constellation co-a moggê Jessica, o l’é ancon in prexon pe-o reisego de fuga, ma a Procua de Sion a l’avieiva domandou unna cauçion de 400mia franchi pe mettilo in libertæ.",",",PUNCT,PUNCT
"O Jacques Moretti, baccan do Le Constellation co-a moggê Jessica, o l’é ancon in prexon pe-o reisego de fuga, ma a Procua de Sion a l’avieiva domandou unna cauçion de 400mia franchi pe mettilo in libertæ.",baccan,NOUN,NOUN
"O Jacques Moretti, baccan do Le Constellation co-a moggê Jessica, o l’é ancon in prexon pe-o reisego de fuga, ma a Procua de Sion a l’avieiva domandou unna cauçion de 400mia franchi pe mettilo in libertæ.",do,ADP,FUNC
"O Jacques Moretti, baccan do Le Constellation co-a moggê Jessica, o l’é ancon in prexon pe-o reisego de fuga, ma a Procua de Sion a l’avieiva domandou unna cauçion de 400mia franchi pe mettilo in libertæ.",Le,PROPN,NOUN
"O Jacques Moretti, baccan do Le Constellation co-a moggê Jessica, o l’é ancon in prexon pe-o reisego de fuga, ma a Procua de Sion a l’avieiva domandou unna cauçion de 400mia franchi pe mettilo in libertæ.",Constellation,PROPN,NOUN
"O Jacques Moretti, baccan do Le Constellation co-a moggê Jessica, o l’é ancon in prexon pe-o reisego de fuga, ma a Procua de Sion a l’avieiva domandou unna cauçion de 400mia franchi pe mettilo in libertæ.",co-a,PROPN,NOUN
"O Jacques Moretti, baccan do Le Constellation co-a moggê Jessica, o l’é ancon in prexon pe-o reisego de fuga, ma a Procua de Sion a l’avieiva domandou unna cauçion de 400mia franchi pe mettilo in libertæ.",moggê,VERB,VERB
"O Jacques Moretti, baccan do Le Constellation co-a moggê Jessica, o l’é ancon in prexon pe-o reisego de fuga, ma a Procua de Sion a l’avieiva domandou unna cauçion de 400mia franchi pe mettilo in libertæ.",Jessica,PROPN,NOUN
"O Jacques Moretti, baccan do Le Constellation co-a moggê Jessica, o l’é ancon in prexon pe-o reisego de fuga, ma a Procua de Sion a l’avieiva domandou unna cauçion de 400mia franchi pe mettilo in libertæ.",",",PUNCT,PUNCT
"O Jacques Moretti, baccan do Le Constellation co-a moggê Jessica, o l’é ancon in prexon pe-o reisego de fuga, ma a Procua de Sion a l’avieiva domandou unna cauçion de 400mia franchi pe mettilo in libertæ.",o,DET,PRON
"O Jacques Moretti, baccan do Le Constellation co-a moggê Jessica, o l’é ancon in prexon pe-o reisego de fuga, ma a Procua de Sion a l’avieiva domandou unna cauçion de 400mia franchi pe mettilo in libertæ.",l’é,NOUN,NOUN
"O Jacques Moretti, baccan do Le Constellation co-a moggê Jessica, o l’é ancon in prexon pe-o reisego de fuga, ma a Procua de Sion a l’avieiva domandou unna cauçion de 400mia franchi pe mettilo in libertæ.",ancon,ADJ,ADJ
"O Jacques Moretti, baccan do Le Constellation co-a moggê Jessica, o l’é ancon in prexon pe-o reisego de fuga, ma a Procua de Sion a l’avieiva domandou unna cauçion de 400mia franchi pe mettilo in libertæ.",in,X,OTHER
"O Jacques Moretti, baccan do Le Constellation co-a moggê Jessica, o l’é ancon in prexon pe-o reisego de fuga, ma a Procua de Sion a l’avieiva domandou unna cauçion de 400mia franchi pe mettilo in libertæ.",prexon,ADJ,ADJ
"O Jacques Moretti, baccan do Le Constellation co-a moggê Jessica, o l’é ancon in prexon pe-o reisego de fuga, ma a Procua de Sion a l’avieiva domandou unna cauçion de 400mia franchi pe mettilo in libertæ.",pe-o,ADJ,ADJ
"O Jacques Moretti, baccan do Le Constellation co-a moggê Jessica, o l’é ancon in prexon pe-o reisego de fuga, ma a Procua de Sion a l’avieiva domandou unna cauçion de 400mia franchi pe mettilo in libertæ.",reisego,NOUN,NOUN
"O Jacques Moretti, baccan do Le Constellation co-a moggê Jessica, o l’é ancon in prexon pe-o reisego de fuga, ma a Procua de Sion a l’avieiva domandou unna cauçion de 400mia franchi pe mettilo in libertæ.",de,ADP,FUNC
"O Jacques Moretti, baccan do Le Constellation co-a moggê Jessica, o l’é ancon in prexon pe-o reisego de fuga, ma a Procua de Sion a l’avieiva domandou unna cauçion de 400mia franchi pe mettilo in libertæ.",fuga,NOUN,NOUN
"O Jacques Moretti, baccan do Le Constellation co-a moggê Jessica, o l’é ancon in prexon pe-o reisego de fuga, ma a Procua de Sion a l’avieiva domandou unna cauçion de 400mia franchi pe mettilo in libertæ.",",",PUNCT,PUNCT
"O Jacques Moretti, baccan do Le Constellation co-a moggê Jessica, o l’é ancon in prexon pe-o reisego de fuga, ma a Procua de Sion a l’avieiva domandou unna cauçion de 400mia franchi pe mettilo in libertæ.",ma,VERB,VERB
"O Jacques Moretti, baccan do Le Constellation co-a moggê Jessica, o l’é ancon in prexon pe-o reisego de fuga, ma a Procua de Sion a l’avieiva domandou unna cauçion de 400mia franchi pe mettilo in libertæ.",a,DET,PRON
"O Jacques Moretti, baccan do Le Constellation co-a moggê Jessica, o l’é ancon in prexon pe-o reisego de fuga, ma a Procua de Sion a l’avieiva domandou unna cauçion de 400mia franchi pe mettilo in libertæ.",Procua,PROPN,NOUN
"O Jacques Moretti, baccan do Le Constellation co-a moggê Jessica, o l’é ancon in prexon pe-o reisego de fuga, ma a Procua de Sion a l’avieiva domandou unna cauçion de 400mia franchi pe mettilo in libertæ.",de,ADP,FUNC
"O Jacques Moretti, baccan do Le Constellation co-a moggê Jessica, o l’é ancon in prexon pe-o reisego de fuga, ma a Procua de Sion a l’avieiva domandou unna cauçion de 400mia franchi pe mettilo in libertæ.",Sion,PROPN,NOUN
"O Jacques Moretti, baccan do Le Constellation co-a moggê Jessica, o l’é ancon in prexon pe-o reisego de fuga, ma a Procua de Sion a l’avieiva domandou unna cauçion de 400mia franchi pe mettilo in libertæ.",a,DET,PRON
"O Jacques Moretti, baccan do Le Constellation co-a moggê Jessica, o l’é ancon in prexon pe-o reisego de fuga, ma a Procua de Sion a l’avieiva domandou unna cauçion de 400mia franchi pe mettilo in libertæ.",l’avieiva,NOUN,NOUN
"O Jacques Moretti, baccan do Le Constellation co-a moggê Jessica, o l’é ancon in prexon pe-o reisego de fuga, ma a Procua de Sion a l’avieiva domandou unna cauçion de 400mia franchi pe mettilo in libertæ.",domandou,VERB,VERB
"O Jacques Moretti, baccan do Le Constellation co-a moggê Jessica, o l’é ancon in prexon pe-o reisego de fuga, ma a Procua de Sion a l’avieiva domandou unna cauçion de 400mia franchi pe mettilo in libertæ.",unna,PROPN,NOUN
"O Jacques Moretti, baccan do Le Constellation co-a moggê Jessica, o l’é ancon in prexon pe-o reisego de fuga, ma a Procua de Sion a l’avieiva domandou unna cauçion de 400mia franchi pe mettilo in libertæ.",cauçion,PROPN,NOUN
"O Jacques Moretti, baccan do Le Constellation co-a moggê Jessica, o l’é ancon in prexon pe-o reisego de fuga, ma a Procua de Sion a l’avieiva domandou unna cauçion de 400mia franchi pe mettilo in libertæ.",de,ADP,FUNC
"O Jacques Moretti, baccan do Le Constellation co-a moggê Jessica, o l’é ancon in prexon pe-o reisego de fuga, ma a Procua de Sion a l’avieiva domandou unna cauçion de 400mia franchi pe mettilo in libertæ.",400mia,PROPN,NOUN
"O Jacques Moretti, baccan do Le Constellation co-a moggê Jessica, o l’é ancon in prexon pe-o reisego de fuga, ma a Procua de Sion a l’avieiva domandou unna cauçion de 400mia franchi pe mettilo in libertæ.",franchi,ADJ,ADJ
"O Jacques Moretti, baccan do Le Constellation co-a moggê Jessica, o l’é ancon in prexon pe-o reisego de fuga, ma a Procua de Sion a l’avieiva domandou unna cauçion de 400mia franchi pe mettilo in libertæ.",pe,ADP,FUNC
"O Jacques Moretti, baccan do Le Constellation co-a moggê Jessica, o l’é ancon in prexon pe-o reisego de fuga, ma a Procua de Sion a l’avieiva domandou unna cauçion de 400mia franchi pe mettilo in libertæ.",mettilo,NOUN,NOUN
"O Jacques Moretti, baccan do Le Constellation co-a moggê Jessica, o l’é ancon in prexon pe-o reisego de fuga, ma a Procua de Sion a l’avieiva domandou unna cauçion de 400mia franchi pe mettilo in libertæ.",in,ADJ,ADJ
"O Jacques Moretti, baccan do Le Constellation co-a moggê Jessica, o l’é ancon in prexon pe-o reisego de fuga, ma a Procua de Sion a l’avieiva domandou unna cauçion de 400mia franchi pe mettilo in libertæ.",libertæ,NOUN,NOUN
"O Jacques Moretti, baccan do Le Constellation co-a moggê Jessica, o l’é ancon in prexon pe-o reisego de fuga, ma a Procua de Sion a l’avieiva domandou unna cauçion de 400mia franchi pe mettilo in libertæ.",.,PUNCT,PUNCT
O l’à ammisso che a pòrta a-o cian terren a l’ea serrâ co-a ciave e ch’o l’aiva cangiou lê a scciumma anti-fô ch’a l’à piggiou feugo.,O,DET,PRON
O l’à ammisso che a pòrta a-o cian terren a l’ea serrâ co-a ciave e ch’o l’aiva cangiou lê a scciumma anti-fô ch’a l’à piggiou feugo.,l’à,NOUN,NOUN
O l’à ammisso che a pòrta a-o cian terren a l’ea serrâ co-a ciave e ch’o l’aiva cangiou lê a scciumma anti-fô ch’a l’à piggiou feugo.,ammisso,ADJ,ADJ
O l’à ammisso che a pòrta a-o cian terren a l’ea serrâ co-a ciave e ch’o l’aiva cangiou lê a scciumma anti-fô ch’a l’à piggiou feugo.,che,VERB,VERB
O l’à ammisso che a pòrta a-o cian terren a l’ea serrâ co-a ciave e ch’o l’aiva cangiou lê a scciumma anti-fô ch’a l’à piggiou feugo.,a,DET,PRON
O l’à ammisso che a pòrta a-o cian terren a l’ea serrâ co-a ciave e ch’o l’aiva cangiou lê a scciumma anti-fô ch’a l’à piggiou feugo.,pòrta,NOUN,NOUN
O l’à ammisso che a pòrta a-o cian terren a l’ea serrâ co-a ciave e ch’o l’aiva cangiou lê a scciumma anti-fô ch’a l’à piggiou feugo.,a-o,VERB,VERB
O l’à ammisso che a pòrta a-o cian terren a l’ea serrâ co-a ciave e ch’o l’aiva cangiou lê a scciumma anti-fô ch’a l’à piggiou feugo.,cian,ADJ,ADJ
O l’à ammisso che a pòrta a-o cian terren a l’ea serrâ co-a ciave e ch’o l’aiva cangiou lê a scciumma anti-fô ch’a l’à piggiou feugo.,terren,NOUN,NOUN
O l’à ammisso che a pòrta a-o cian terren a l’ea serrâ co-a ciave e ch’o l’aiva cangiou lê a scciumma anti-fô ch’a l’à piggiou feugo.,a,ADP,FUNC
O l’à ammisso che a pòrta a-o cian terren a l’ea serrâ co-a ciave e ch’o l’aiva cangiou lê a scciumma anti-fô ch’a l’à piggiou feugo.,l’ea,PROPN,NOUN
O l’à ammisso che a pòrta a-o cian terren a l’ea serrâ co-a ciave e ch’o l’aiva cangiou lê a scciumma anti-fô ch’a l’à piggiou feugo.,serrâ,NOUN,NOUN
O l’à ammisso che a pòrta a-o cian terren a l’ea serrâ co-a ciave e ch’o l’aiva cangiou lê a scciumma anti-fô ch’a l’à piggiou feugo.,co-a,ADJ,ADJ
O l’à ammisso che a pòrta a-o cian terren a l’ea serrâ co-a ciave e ch’o l’aiva cangiou lê a scciumma anti-fô ch’a l’à piggiou feugo.,ciave,ADJ,ADJ
O l’à ammisso che a pòrta a-o cian terren a l’ea serrâ co-a ciave e ch’o l’aiva cangiou lê a scciumma anti-fô ch’a l’à piggiou feugo.,e,CCONJ,FUNC
O l’à ammisso che a pòrta a-o cian terren a l’ea serrâ co-a ciave e ch’o l’aiva cangiou lê a scciumma anti-fô ch’a l’à piggiou feugo.,ch’o,PROPN,NOUN
O l’à ammisso che a pòrta a-o cian terren a l’ea serrâ co-a ciave e ch’o l’aiva cangiou lê a scciumma anti-fô ch’a l’à piggiou feugo.,l’aiva,PROPN,NOUN
O l’à ammisso che a pòrta a-o cian terren a l’ea serrâ co-a ciave e ch’o l’aiva cangiou lê a scciumma anti-fô ch’a l’à piggiou feugo.,cangiou,VERB,VERB
O l’à ammisso che a pòrta a-o cian terren a l’ea serrâ co-a ciave e ch’o l’aiva cangiou lê a scciumma anti-fô ch’a l’à piggiou feugo.,lê,VERB,VERB
O l’à ammisso che a pòrta a-o cian terren a l’ea serrâ co-a ciave e ch’o l’aiva cangiou lê a scciumma anti-fô ch’a l’à piggiou feugo.,a,ADP,FUNC
O l’à ammisso che a pòrta a-o cian terren a l’ea serrâ co-a ciave e ch’o l’aiva cangiou lê a scciumma anti-fô ch’a l’à piggiou feugo.,scciumma,NOUN,NOUN
O l’à ammisso che a pòrta a-o cian terren a l’ea serrâ co-a ciave e ch’o l’aiva cangiou lê a scciumma anti-fô ch’a l’à piggiou feugo.,anti-fô,DET,PRON
O l’à ammisso che a pòrta a-o cian terren a l’ea serrâ co-a ciave e ch’o l’aiva cangiou lê a scciumma anti-fô ch’a l’à piggiou feugo.,ch’a,DET,PRON
O l’à ammisso che a pòrta a-o cian terren a l’ea serrâ co-a ciave e ch’o l’aiva cangiou lê a scciumma anti-fô ch’a l’à piggiou feugo.,l’à,NOUN,NOUN
O l’à ammisso che a pòrta a-o cian terren a l’ea serrâ co-a ciave e ch’o l’aiva cangiou lê a scciumma anti-fô ch’a l’à piggiou feugo.,piggiou,VERB,VERB
O l’à ammisso che a pòrta a-o cian terren a l’ea serrâ co-a ciave e ch’o l’aiva cangiou lê a scciumma anti-fô ch’a l’à piggiou feugo.,feugo,NOUN,NOUN
O l’à ammisso che a pòrta a-o cian terren a l’ea serrâ co-a ciave e ch’o l’aiva cangiou lê a scciumma anti-fô ch’a l’à piggiou feugo.,.,PUNCT,PUNCT
"I doî son accaxonæ d’ammassamento, lexoin e inçendio corpoxi.",I,PROPN,NOUN
"I doî son accaxonæ d’ammassamento, lexoin e inçendio corpoxi.",doî,PROPN,NOUN
"I doî son accaxonæ d’ammassamento, lexoin e inçendio corpoxi.",son,PROPN,NOUN
"I doî son accaxonæ d’ammassamento, lexoin e inçendio corpoxi.",accaxonæ,PROPN,NOUN
"I doî son accaxonæ d’ammassamento, lexoin e inçendio corpoxi.",d’ammassamento,NOUN,NOUN
"I doî son accaxonæ d’ammassamento, lexoin e inçendio corpoxi.",",",PUNCT,PUNCT
"I doî son accaxonæ d’ammassamento, lexoin e inçendio corpoxi.",lexoin,ADJ,ADJ
"I doî son accaxonæ d’ammassamento, lexoin e inçendio corpoxi.",e,CCONJ,FUNC
"I doî son accaxonæ d’ammassamento, lexoin e inçendio corpoxi.",inçendio,PROPN,NOUN
"I doî son accaxonæ d’ammassamento, lexoin e inçendio corpoxi.",corpoxi,PROPN,NOUN
"I doî son accaxonæ d’ammassamento, lexoin e inçendio corpoxi.",.,PUNCT,PUNCT
A dònna a gh’à solo l’òbrigo de firma.,A,DET,PRON
A dònna a gh’à solo l’òbrigo de firma.,dònna,NOUN,NOUN
A dònna a gh’à solo l’òbrigo de firma.,a,ADP,FUNC
A dònna a gh’à solo l’òbrigo de firma.,gh’à,ADJ,ADJ
A dònna a gh’à solo l’òbrigo de firma.,solo,NOUN,NOUN
A dònna a gh’à solo l’òbrigo de firma.,l’òbrigo,PROPN,NOUN
A dònna a gh’à solo l’òbrigo de firma.,de,ADP,FUNC
A dònna a gh’à solo l’òbrigo de firma.,firma,NOUN,NOUN
A dònna a gh’à solo l’òbrigo de firma.,.,PUNCT,PUNCT
"O Mohammad Hannoun, l’attivista palestineise de 63 anni arrestou à Zena con l’accusa d’avei finançiou Hamas e d’ëse o cappo da çellula italiaña de l’organizzaçion, o l’é stæto portou da-a prexon de Marasci à quella de Terni inte unna seçion d’erta seguessa destinâ a-i detegnui pe terroriximo.",O,DET,PRON
"O Mohammad Hannoun, l’attivista palestineise de 63 anni arrestou à Zena con l’accusa d’avei finançiou Hamas e d’ëse o cappo da çellula italiaña de l’organizzaçion, o l’é stæto portou da-a prexon de Marasci à quella de Terni inte unna seçion d’erta seguessa destinâ a-i detegnui pe terroriximo.",Mohammad,PROPN,NOUN
"O Mohammad Hannoun, l’attivista palestineise de 63 anni arrestou à Zena con l’accusa d’avei finançiou Hamas e d’ëse o cappo da çellula italiaña de l’organizzaçion, o l’é stæto portou da-a prexon de Marasci à quella de Terni inte unna seçion d’erta seguessa destinâ a-i detegnui pe terroriximo.",Hannoun,PROPN,NOUN
"O Mohammad Hannoun, l’attivista palestineise de 63 anni arrestou à Zena con l’accusa d’avei finançiou Hamas e d’ëse o cappo da çellula italiaña de l’organizzaçion, o l’é stæto portou da-a prexon de Marasci à quella de Terni inte unna seçion d’erta seguessa destinâ a-i detegnui pe terroriximo.",",",PUNCT,PUNCT
"O Mohammad Hannoun, l’attivista palestineise de 63 anni arrestou à Zena con l’accusa d’avei finançiou Hamas e d’ëse o cappo da çellula italiaña de l’organizzaçion, o l’é stæto portou da-a prexon de Marasci à quella de Terni inte unna seçion d’erta seguessa destinâ a-i detegnui pe terroriximo.",l’attivista,PROPN,NOUN
"O Mohammad Hannoun, l’attivista palestineise de 63 anni arrestou à Zena con l’accusa d’avei finançiou Hamas e d’ëse o cappo da çellula italiaña de l’organizzaçion, o l’é stæto portou da-a prexon de Marasci à quella de Terni inte unna seçion d’erta seguessa destinâ a-i detegnui pe terroriximo.",palestineise,VERB,VERB
"O Mohammad Hannoun, l’attivista palestineise de 63 anni arrestou à Zena con l’accusa d’avei finançiou Hamas e d’ëse o cappo da çellula italiaña de l’organizzaçion, o l’é stæto portou da-a prexon de Marasci à quella de Terni inte unna seçion d’erta seguessa destinâ a-i detegnui pe terroriximo.",de,ADP,FUNC
"O Mohammad Hannoun, l’attivista palestineise de 63 anni arrestou à Zena con l’accusa d’avei finançiou Hamas e d’ëse o cappo da çellula italiaña de l’organizzaçion, o l’é stæto portou da-a prexon de Marasci à quella de Terni inte unna seçion d’erta seguessa destinâ a-i detegnui pe terroriximo.",63,NUM,ADJ
"O Mohammad Hannoun, l’attivista palestineise de 63 anni arrestou à Zena con l’accusa d’avei finançiou Hamas e d’ëse o cappo da çellula italiaña de l’organizzaçion, o l’é stæto portou da-a prexon de Marasci à quella de Terni inte unna seçion d’erta seguessa destinâ a-i detegnui pe terroriximo.",anni,NOUN,NOUN
"O Mohammad Hannoun, l’attivista palestineise de 63 anni arrestou à Zena con l’accusa d’avei finançiou Hamas e d’ëse o cappo da çellula italiaña de l’organizzaçion, o l’é stæto portou da-a prexon de Marasci à quella de Terni inte unna seçion d’erta seguessa destinâ a-i detegnui pe terroriximo.",arrestou,VERB,VERB
"O Mohammad Hannoun, l’attivista palestineise de 63 anni arrestou à Zena con l’accusa d’avei finançiou Hamas e d’ëse o cappo da çellula italiaña de l’organizzaçion, o l’é stæto portou da-a prexon de Marasci à quella de Terni inte unna seçion d’erta seguessa destinâ a-i detegnui pe terroriximo.",à,ADP,FUNC
"O Mohammad Hannoun, l’attivista palestineise de 63 anni arrestou à Zena con l’accusa d’avei finançiou Hamas e d’ëse o cappo da çellula italiaña de l’organizzaçion, o l’é stæto portou da-a prexon de Marasci à quella de Terni inte unna seçion d’erta seguessa destinâ a-i detegnui pe terroriximo.",Zena,PROPN,NOUN
"O Mohammad Hannoun, l’attivista palestineise de 63 anni arrestou à Zena con l’accusa d’avei finançiou Hamas e d’ëse o cappo da çellula italiaña de l’organizzaçion, o l’é stæto portou da-a prexon de Marasci à quella de Terni inte unna seçion d’erta seguessa destinâ a-i detegnui pe terroriximo.",con,PROPN,NOUN
"O Mohammad Hannoun, l’attivista palestineise de 63 anni arrestou à Zena con l’accusa d’avei finançiou Hamas e d’ëse o cappo da çellula italiaña de l’organizzaçion, o l’é stæto portou da-a prexon de Marasci à quella de Terni inte unna seçion d’erta seguessa destinâ a-i detegnui pe terroriximo.",l’accusa,PROPN,NOUN
"O Mohammad Hannoun, l’attivista palestineise de 63 anni arrestou à Zena con l’accusa d’avei finançiou Hamas e d’ëse o cappo da çellula italiaña de l’organizzaçion, o l’é stæto portou da-a prexon de Marasci à quella de Terni inte unna seçion d’erta seguessa destinâ a-i detegnui pe terroriximo.",d’avei,PROPN,NOUN
"O Mohammad Hannoun, l’attivista palestineise de 63 anni arrestou à Zena con l’accusa d’avei finançiou Hamas e d’ëse o cappo da çellula italiaña de l’organizzaçion, o l’é stæto portou da-a prexon de Marasci à quella de Terni inte unna seçion d’erta seguessa destinâ a-i detegnui pe terroriximo.",finançiou,VERB,VERB
"O Mohammad Hannoun, l’attivista palestineise de 63 anni arrestou à Zena con l’accusa d’avei finançiou Hamas e d’ëse o cappo da çellula italiaña de l’organizzaçion, o l’é stæto portou da-a prexon de Marasci à quella de Terni inte unna seçion d’erta seguessa destinâ a-i detegnui pe terroriximo.",Hamas,PROPN,NOUN
"O Mohammad Hannoun, l’attivista palestineise de 63 anni arrestou à Zena con l’accusa d’avei finançiou Hamas e d’ëse o cappo da çellula italiaña de l’organizzaçion, o l’é stæto portou da-a prexon de Marasci à quella de Terni inte unna seçion d’erta seguessa destinâ a-i detegnui pe terroriximo.",e,CCONJ,FUNC
"O Mohammad Hannoun, l’attivista palestineise de 63 anni arrestou à Zena con l’accusa d’avei finançiou Hamas e d’ëse o cappo da çellula italiaña de l’organizzaçion, o l’é stæto portou da-a prexon de Marasci à quella de Terni inte unna seçion d’erta seguessa destinâ a-i detegnui pe terroriximo.",d’ëse,VERB,VERB
"O Mohammad Hannoun, l’attivista palestineise de 63 anni arrestou à Zena con l’accusa d’avei finançiou Hamas e d’ëse o cappo da çellula italiaña de l’organizzaçion, o l’é stæto portou da-a prexon de Marasci à quella de Terni inte unna seçion d’erta seguessa destinâ a-i detegnui pe terroriximo.",o,DET,PRON
"O Mohammad Hannoun, l’attivista palestineise de 63 anni arrestou à Zena con l’accusa d’avei finançiou Hamas e d’ëse o cappo da çellula italiaña de l’organizzaçion, o l’é stæto portou da-a prexon de Marasci à quella de Terni inte unna seçion d’erta seguessa destinâ a-i detegnui pe terroriximo.",cappo,NOUN,NOUN
"O Mohammad Hannoun, l’attivista palestineise de 63 anni arrestou à Zena con l’accusa d’avei finançiou Hamas e d’ëse o cappo da çellula italiaña de l’organizzaçion, o l’é stæto portou da-a prexon de Marasci à quella de Terni inte unna seçion d’erta seguessa destinâ a-i detegnui pe terroriximo.",da,ADP,FUNC
"O Mohammad Hannoun, l’attivista palestineise de 63 anni arrestou à Zena con l’accusa d’avei finançiou Hamas e d’ëse o cappo da çellula italiaña de l’organizzaçion, o l’é stæto portou da-a prexon de Marasci à quella de Terni inte unna seçion d’erta seguessa destinâ a-i detegnui pe terroriximo.",çellula,PROPN,NOUN
"O Mohammad Hannoun, l’attivista palestineise de 63 anni arrestou à Zena con l’accusa d’avei finançiou Hamas e d’ëse o cappo da çellula italiaña de l’organizzaçion, o l’é stæto portou da-a prexon de Marasci à quella de Terni inte unna seçion d’erta seguessa destinâ a-i detegnui pe terroriximo.",italiaña,NOUN,NOUN
"O Mohammad Hannoun, l’attivista palestineise de 63 anni arrestou à Zena con l’accusa d’avei finançiou Hamas e d’ëse o cappo da çellula italiaña de l’organizzaçion, o l’é stæto portou da-a prexon de Marasci à quella de Terni inte unna seçion d’erta seguessa destinâ a-i detegnui pe terroriximo.",de,ADP,FUNC
"O Mohammad Hannoun, l’attivista palestineise de 63 anni arrestou à Zena con l’accusa d’avei finançiou Hamas e d’ëse o cappo da çellula italiaña de l’organizzaçion, o l’é stæto portou da-a prexon de Marasci à quella de Terni inte unna seçion d’erta seguessa destinâ a-i detegnui pe terroriximo.",l’organizzaçion,PROPN,NOUN
"O Mohammad Hannoun, l’attivista palestineise de 63 anni arrestou à Zena con l’accusa d’avei finançiou Hamas e d’ëse o cappo da çellula italiaña de l’organizzaçion, o l’é stæto portou da-a prexon de Marasci à quella de Terni inte unna seçion d’erta seguessa destinâ a-i detegnui pe terroriximo.",",",PUNCT,PUNCT
"O Mohammad Hannoun, l’attivista palestineise de 63 anni arrestou à Zena con l’accusa d’avei finançiou Hamas e d’ëse o cappo da çellula italiaña de l’organizzaçion, o l’é stæto portou da-a prexon de Marasci à quella de Terni inte unna seçion d’erta seguessa destinâ a-i detegnui pe terroriximo.",o,DET,PRON
"O Mohammad Hannoun, l’attivista palestineise de 63 anni arrestou à Zena con l’accusa d’avei finançiou Hamas e d’ëse o cappo da çellula italiaña de l’organizzaçion, o l’é stæto portou da-a prexon de Marasci à quella de Terni inte unna seçion d’erta seguessa destinâ a-i detegnui pe terroriximo.",l’é,PROPN,NOUN
"O Mohammad Hannoun, l’attivista palestineise de 63 anni arrestou à Zena con l’accusa d’avei finançiou Hamas e d’ëse o cappo da çellula italiaña de l’organizzaçion, o l’é stæto portou da-a prexon de Marasci à quella de Terni inte unna seçion d’erta seguessa destinâ a-i detegnui pe terroriximo.",stæto,PROPN,NOUN
"O Mohammad Hannoun, l’attivista palestineise de 63 anni arrestou à Zena con l’accusa d’avei finançiou Hamas e d’ëse o cappo da çellula italiaña de l’organizzaçion, o l’é stæto portou da-a prexon de Marasci à quella de Terni inte unna seçion d’erta seguessa destinâ a-i detegnui pe terroriximo.",portou,VERB,VERB
"O Mohammad Hannoun, l’attivista palestineise de 63 anni arrestou à Zena con l’accusa d’avei finançiou Hamas e d’ëse o cappo da çellula italiaña de l’organizzaçion, o l’é stæto portou da-a prexon de Marasci à quella de Terni inte unna seçion d’erta seguessa destinâ a-i detegnui pe terroriximo.",da-a,VERB,VERB
"O Mohammad Hannoun, l’attivista palestineise de 63 anni arrestou à Zena con l’accusa d’avei finançiou Hamas e d’ëse o cappo da çellula italiaña de l’organizzaçion, o l’é stæto portou da-a prexon de Marasci à quella de Terni inte unna seçion d’erta seguessa destinâ a-i detegnui pe terroriximo.",prexon,NOUN,NOUN
"O Mohammad Hannoun, l’attivista palestineise de 63 anni arrestou à Zena con l’accusa d’avei finançiou Hamas e d’ëse o cappo da çellula italiaña de l’organizzaçion, o l’é stæto portou da-a prexon de Marasci à quella de Terni inte unna seçion d’erta seguessa destinâ a-i detegnui pe terroriximo.",de,ADP,FUNC
"O Mohammad Hannoun, l’attivista palestineise de 63 anni arrestou à Zena con l’accusa d’avei finançiou Hamas e d’ëse o cappo da çellula italiaña de l’organizzaçion, o l’é stæto portou da-a prexon de Marasci à quella de Terni inte unna seçion d’erta seguessa destinâ a-i detegnui pe terroriximo.",Marasci,NOUN,NOUN
"O Mohammad Hannoun, l’attivista palestineise de 63 anni arrestou à Zena con l’accusa d’avei finançiou Hamas e d’ëse o cappo da çellula italiaña de l’organizzaçion, o l’é stæto portou da-a prexon de Marasci à quella de Terni inte unna seçion d’erta seguessa destinâ a-i detegnui pe terroriximo.",à,ADP,FUNC
"O Mohammad Hannoun, l’attivista palestineise de 63 anni arrestou à Zena con l’accusa d’avei finançiou Hamas e d’ëse o cappo da çellula italiaña de l’organizzaçion, o l’é stæto portou da-a prexon de Marasci à quella de Terni inte unna seçion d’erta seguessa destinâ a-i detegnui pe terroriximo.",quella,NOUN,NOUN
"O Mohammad Hannoun, l’attivista palestineise de 63 anni arrestou à Zena con l’accusa d’avei finançiou Hamas e d’ëse o cappo da çellula italiaña de l’organizzaçion, o l’é stæto portou da-a prexon de Marasci à quella de Terni inte unna seçion d’erta seguessa destinâ a-i detegnui pe terroriximo.",de,ADP,FUNC
"O Mohammad Hannoun, l’attivista palestineise de 63 anni arrestou à Zena con l’accusa d’avei finançiou Hamas e d’ëse o cappo da çellula italiaña de l’organizzaçion, o l’é stæto portou da-a prexon de Marasci à quella de Terni inte unna seçion d’erta seguessa destinâ a-i detegnui pe terroriximo.",Terni,PROPN,NOUN
"O Mohammad Hannoun, l’attivista palestineise de 63 anni arrestou à Zena con l’accusa d’avei finançiou Hamas e d’ëse o cappo da çellula italiaña de l’organizzaçion, o l’é stæto portou da-a prexon de Marasci à quella de Terni inte unna seçion d’erta seguessa destinâ a-i detegnui pe terroriximo.",inte,ADJ,ADJ
"O Mohammad Hannoun, l’attivista palestineise de 63 anni arrestou à Zena con l’accusa d’avei finançiou Hamas e d’ëse o cappo da çellula italiaña de l’organizzaçion, o l’é stæto portou da-a prexon de Marasci à quella de Terni inte unna seçion d’erta seguessa destinâ a-i detegnui pe terroriximo.",unna,PROPN,NOUN
"O Mohammad Hannoun, l’attivista palestineise de 63 anni arrestou à Zena con l’accusa d’avei finançiou Hamas e d’ëse o cappo da çellula italiaña de l’organizzaçion, o l’é stæto portou da-a prexon de Marasci à quella de Terni inte unna seçion d’erta seguessa destinâ a-i detegnui pe terroriximo.",seçion,PROPN,NOUN
"O Mohammad Hannoun, l’attivista palestineise de 63 anni arrestou à Zena con l’accusa d’avei finançiou Hamas e d’ëse o cappo da çellula italiaña de l’organizzaçion, o l’é stæto portou da-a prexon de Marasci à quella de Terni inte unna seçion d’erta seguessa destinâ a-i detegnui pe terroriximo.",d’erta,NOUN,NOUN
"O Mohammad Hannoun, l’attivista palestineise de 63 anni arrestou à Zena con l’accusa d’avei finançiou Hamas e d’ëse o cappo da çellula italiaña de l’organizzaçion, o l’é stæto portou da-a prexon de Marasci à quella de Terni inte unna seçion d’erta seguessa destinâ a-i detegnui pe terroriximo.",seguessa,NOUN,NOUN
"O Mohammad Hannoun, l’attivista palestineise de 63 anni arrestou à Zena con l’accusa d’avei finançiou Hamas e d’ëse o cappo da çellula italiaña de l’organizzaçion, o l’é stæto portou da-a prexon de Marasci à quella de Terni inte unna seçion d’erta seguessa destinâ a-i detegnui pe terroriximo.",destinâ,PROPN,NOUN
"O Mohammad Hannoun, l’attivista palestineise de 63 anni arrestou à Zena con l’accusa d’avei finançiou Hamas e d’ëse o cappo da çellula italiaña de l’organizzaçion, o l’é stæto portou da-a prexon de Marasci à quella de Terni inte unna seçion d’erta seguessa destinâ a-i detegnui pe terroriximo.",a-i,VERB,VERB
"O Mohammad Hannoun, l’attivista palestineise de 63 anni arrestou à Zena con l’accusa d’avei finançiou Hamas e d’ëse o cappo da çellula italiaña de l’organizzaçion, o l’é stæto portou da-a prexon de Marasci à quella de Terni inte unna seçion d’erta seguessa destinâ a-i detegnui pe terroriximo.",detegnui,NOUN,NOUN
"O Mohammad Hannoun, l’attivista palestineise de 63 anni arrestou à Zena con l’accusa d’avei finançiou Hamas e d’ëse o cappo da çellula italiaña de l’organizzaçion, o l’é stæto portou da-a prexon de Marasci à quella de Terni inte unna seçion d’erta seguessa destinâ a-i detegnui pe terroriximo.",pe,ADP,FUNC
"O Mohammad Hannoun, l’attivista palestineise de 63 anni arrestou à Zena con l’accusa d’avei finançiou Hamas e d’ëse o cappo da çellula italiaña de l’organizzaçion, o l’é stæto portou da-a prexon de Marasci à quella de Terni inte unna seçion d’erta seguessa destinâ a-i detegnui pe terroriximo.",terroriximo,NOUN,NOUN
"O Mohammad Hannoun, l’attivista palestineise de 63 anni arrestou à Zena con l’accusa d’avei finançiou Hamas e d’ëse o cappo da çellula italiaña de l’organizzaçion, o l’é stæto portou da-a prexon de Marasci à quella de Terni inte unna seçion d’erta seguessa destinâ a-i detegnui pe terroriximo.",.,PUNCT,PUNCT
I seu avvocati an fæto recorso a-o Tribunâ do reexamme pe domandâne a liberaçion.,I,PROPN,NOUN
I seu avvocati an fæto recorso a-o Tribunâ do reexamme pe domandâne a liberaçion.,seu,DET,PRON
I seu avvocati an fæto recorso a-o Tribunâ do reexamme pe domandâne a liberaçion.,avvocati,NOUN,NOUN
I seu avvocati an fæto recorso a-o Tribunâ do reexamme pe domandâne a liberaçion.,an,PROPN,NOUN
I seu avvocati an fæto recorso a-o Tribunâ do reexamme pe domandâne a liberaçion.,fæto,ADJ,ADJ
I seu avvocati an fæto recorso a-o Tribunâ do reexamme pe domandâne a liberaçion.,recorso,ADJ,ADJ
I seu avvocati an fæto recorso a-o Tribunâ do reexamme pe domandâne a liberaçion.,a-o,VERB,VERB
I seu avvocati an fæto recorso a-o Tribunâ do reexamme pe domandâne a liberaçion.,Tribunâ,PROPN,NOUN
I seu avvocati an fæto recorso a-o Tribunâ do reexamme pe domandâne a liberaçion.,do,ADP,FUNC
I seu avvocati an fæto recorso a-o Tribunâ do reexamme pe domandâne a liberaçion.,reexamme,NOUN,NOUN
I seu avvocati an fæto recorso a-o Tribunâ do reexamme pe domandâne a liberaçion.,pe,ADP,FUNC
I seu avvocati an fæto recorso a-o Tribunâ do reexamme pe domandâne a liberaçion.,domandâne,NOUN,NOUN
I seu avvocati an fæto recorso a-o Tribunâ do reexamme pe domandâne a liberaçion.,a,ADP,FUNC
I seu avvocati an fæto recorso a-o Tribunâ do reexamme pe domandâne a liberaçion.,liberaçion,PROPN,NOUN
I seu avvocati an fæto recorso a-o Tribunâ do reexamme pe domandâne a liberaçion.,.,PUNCT,PUNCT
"Into gruppo de magistrati che guiddan l’investigaçion ghe saià ascì o Luca Monteverde, ch’o l’aiva indagou ascì in sciô passou prescidente da Region Giovanni Toti.",Into,PROPN,NOUN
"Into gruppo de magistrati che guiddan l’investigaçion ghe saià ascì o Luca Monteverde, ch’o l’aiva indagou ascì in sciô passou prescidente da Region Giovanni Toti.",gruppo,PROPN,NOUN
"Into gruppo de magistrati che guiddan l’investigaçion ghe saià ascì o Luca Monteverde, ch’o l’aiva indagou ascì in sciô passou prescidente da Region Giovanni Toti.",de,ADP,FUNC
"Into gruppo de magistrati che guiddan l’investigaçion ghe saià ascì o Luca Monteverde, ch’o l’aiva indagou ascì in sciô passou prescidente da Region Giovanni Toti.",magistrati,NOUN,NOUN
"Into gruppo de magistrati che guiddan l’investigaçion ghe saià ascì o Luca Monteverde, ch’o l’aiva indagou ascì in sciô passou prescidente da Region Giovanni Toti.",che,VERB,VERB
"Into gruppo de magistrati che guiddan l’investigaçion ghe saià ascì o Luca Monteverde, ch’o l’aiva indagou ascì in sciô passou prescidente da Region Giovanni Toti.",guiddan,VERB,VERB
"Into gruppo de magistrati che guiddan l’investigaçion ghe saià ascì o Luca Monteverde, ch’o l’aiva indagou ascì in sciô passou prescidente da Region Giovanni Toti.",l’investigaçion,PROPN,NOUN
"Into gruppo de magistrati che guiddan l’investigaçion ghe saià ascì o Luca Monteverde, ch’o l’aiva indagou ascì in sciô passou prescidente da Region Giovanni Toti.",ghe,PROPN,NOUN
"Into gruppo de magistrati che guiddan l’investigaçion ghe saià ascì o Luca Monteverde, ch’o l’aiva indagou ascì in sciô passou prescidente da Region Giovanni Toti.",saià,PROPN,NOUN
"Into gruppo de magistrati che guiddan l’investigaçion ghe saià ascì o Luca Monteverde, ch’o l’aiva indagou ascì in sciô passou prescidente da Region Giovanni Toti.",ascì,VERB,VERB
"Into gruppo de magistrati che guiddan l’investigaçion ghe saià ascì o Luca Monteverde, ch’o l’aiva indagou ascì in sciô passou prescidente da Region Giovanni Toti.",o,DET,PRON
"Into gruppo de magistrati che guiddan l’investigaçion ghe saià ascì o Luca Monteverde, ch’o l’aiva indagou ascì in sciô passou prescidente da Region Giovanni Toti.",Luca,PROPN,NOUN
"Into gruppo de magistrati che guiddan l’investigaçion ghe saià ascì o Luca Monteverde, ch’o l’aiva indagou ascì in sciô passou prescidente da Region Giovanni Toti.",Monteverde,PROPN,NOUN
"Into gruppo de magistrati che guiddan l’investigaçion ghe saià ascì o Luca Monteverde, ch’o l’aiva indagou ascì in sciô passou prescidente da Region Giovanni Toti.",",",PUNCT,PUNCT
"Into gruppo de magistrati che guiddan l’investigaçion ghe saià ascì o Luca Monteverde, ch’o l’aiva indagou ascì in sciô passou prescidente da Region Giovanni Toti.",ch’o,PROPN,NOUN
"Into gruppo de magistrati che guiddan l’investigaçion ghe saià ascì o Luca Monteverde, ch’o l’aiva indagou ascì in sciô passou prescidente da Region Giovanni Toti.",l’aiva,PROPN,NOUN
"Into gruppo de magistrati che guiddan l’investigaçion ghe saià ascì o Luca Monteverde, ch’o l’aiva indagou ascì in sciô passou prescidente da Region Giovanni Toti.",indagou,VERB,VERB
"Into gruppo de magistrati che guiddan l’investigaçion ghe saià ascì o Luca Monteverde, ch’o l’aiva indagou ascì in sciô passou prescidente da Region Giovanni Toti.",ascì,NOUN,NOUN
"Into gruppo de magistrati che guiddan l’investigaçion ghe saià ascì o Luca Monteverde, ch’o l’aiva indagou ascì in sciô passou prescidente da Region Giovanni Toti.",in,ADV,ADV
"Into gruppo de magistrati che guiddan l’investigaçion ghe saià ascì o Luca Monteverde, ch’o l’aiva indagou ascì in sciô passou prescidente da Region Giovanni Toti.",sciô,VERB,VERB
"Into gruppo de magistrati che guiddan l’investigaçion ghe saià ascì o Luca Monteverde, ch’o l’aiva indagou ascì in sciô passou prescidente da Region Giovanni Toti.",passou,VERB,VERB
"Into gruppo de magistrati che guiddan l’investigaçion ghe saià ascì o Luca Monteverde, ch’o l’aiva indagou ascì in sciô passou prescidente da Region Giovanni Toti.",prescidente,ADV,ADV
"Into gruppo de magistrati che guiddan l’investigaçion ghe saià ascì o Luca Monteverde, ch’o l’aiva indagou ascì in sciô passou prescidente da Region Giovanni Toti.",da,ADP,FUNC
"Into gruppo de magistrati che guiddan l’investigaçion ghe saià ascì o Luca Monteverde, ch’o l’aiva indagou ascì in sciô passou prescidente da Region Giovanni Toti.",Region,PROPN,NOUN
"Into gruppo de magistrati che guiddan l’investigaçion ghe saià ascì o Luca Monteverde, ch’o l’aiva indagou ascì in sciô passou prescidente da Region Giovanni Toti.",Giovanni,PROPN,NOUN
"Into gruppo de magistrati che guiddan l’investigaçion ghe saià ascì o Luca Monteverde, ch’o l’aiva indagou ascì in sciô passou prescidente da Region Giovanni Toti.",Toti,PROPN,NOUN
"Into gruppo de magistrati che guiddan l’investigaçion ghe saià ascì o Luca Monteverde, ch’o l’aiva indagou ascì in sciô passou prescidente da Region Giovanni Toti.",.,PUNCT,PUNCT
"Intanto in sce Instagram l’é stæto averto un neuvo profî Orizzonte Umanitario, pe dâ voxe à l’assoçiaçion do Hannoun.",Intanto,PROPN,NOUN
"Intanto in sce Instagram l’é stæto averto un neuvo profî Orizzonte Umanitario, pe dâ voxe à l’assoçiaçion do Hannoun.",in,PROPN,NOUN
"Intanto in sce Instagram l’é stæto averto un neuvo profî Orizzonte Umanitario, pe dâ voxe à l’assoçiaçion do Hannoun.",sce,VERB,VERB
"Intanto in sce Instagram l’é stæto averto un neuvo profî Orizzonte Umanitario, pe dâ voxe à l’assoçiaçion do Hannoun.",Instagram,PROPN,NOUN
"Intanto in sce Instagram l’é stæto averto un neuvo profî Orizzonte Umanitario, pe dâ voxe à l’assoçiaçion do Hannoun.",l’é,PROPN,NOUN
"Intanto in sce Instagram l’é stæto averto un neuvo profî Orizzonte Umanitario, pe dâ voxe à l’assoçiaçion do Hannoun.",stæto,PROPN,NOUN
"Intanto in sce Instagram l’é stæto averto un neuvo profî Orizzonte Umanitario, pe dâ voxe à l’assoçiaçion do Hannoun.",averto,PROPN,NOUN
"Intanto in sce Instagram l’é stæto averto un neuvo profî Orizzonte Umanitario, pe dâ voxe à l’assoçiaçion do Hannoun.",un,PROPN,NOUN
"Intanto in sce Instagram l’é stæto averto un neuvo profî Orizzonte Umanitario, pe dâ voxe à l’assoçiaçion do Hannoun.",neuvo,PROPN,NOUN
"Intanto in sce Instagram l’é stæto averto un neuvo profî Orizzonte Umanitario, pe dâ voxe à l’assoçiaçion do Hannoun.",profî,PROPN,NOUN
"Intanto in sce Instagram l’é stæto averto un neuvo profî Orizzonte Umanitario, pe dâ voxe à l’assoçiaçion do Hannoun.",Orizzonte,PROPN,NOUN
"Intanto in sce Instagram l’é stæto averto un neuvo profî Orizzonte Umanitario, pe dâ voxe à l’assoçiaçion do Hannoun.",Umanitario,PROPN,NOUN
"Intanto in sce Instagram l’é stæto averto un neuvo profî Orizzonte Umanitario, pe dâ voxe à l’assoçiaçion do Hannoun.",",",PUNCT,PUNCT
"Intanto in sce Instagram l’é stæto averto un neuvo profî Orizzonte Umanitario, pe dâ voxe à l’assoçiaçion do Hannoun.",pe,ADP,FUNC
"Intanto in sce Instagram l’é stæto averto un neuvo profî Orizzonte Umanitario, pe dâ voxe à l’assoçiaçion do Hannoun.",dâ,ADP,FUNC
"Intanto in sce Instagram l’é stæto averto un neuvo profî Orizzonte Umanitario, pe dâ voxe à l’assoçiaçion do Hannoun.",voxe,NOUN,NOUN
"Intanto in sce Instagram l’é stæto averto un neuvo profî Orizzonte Umanitario, pe dâ voxe à l’assoçiaçion do Hannoun.",à,ADP,FUNC
"Intanto in sce Instagram l’é stæto averto un neuvo profî Orizzonte Umanitario, pe dâ voxe à l’assoçiaçion do Hannoun.",l’assoçiaçion,PROPN,NOUN
"Intanto in sce Instagram l’é stæto averto un neuvo profî Orizzonte Umanitario, pe dâ voxe à l’assoçiaçion do Hannoun.",do,ADP,FUNC
"Intanto in sce Instagram l’é stæto averto un neuvo profî Orizzonte Umanitario, pe dâ voxe à l’assoçiaçion do Hannoun.",Hannoun,PROPN,NOUN
"Intanto in sce Instagram l’é stæto averto un neuvo profî Orizzonte Umanitario, pe dâ voxe à l’assoçiaçion do Hannoun.",.,PUNCT,PUNCT
"Un allenatô de savate da provinsa d’Impëia o l’é stæto arrestou pe violensa sessuale in sce træ atlete, de quæ doe minoî.",Un,PROPN,NOUN
"Un allenatô de savate da provinsa d’Impëia o l’é stæto arrestou pe violensa sessuale in sce træ atlete, de quæ doe minoî.",allenatô,VERB,VERB
"Un allenatô de savate da provinsa d’Impëia o l’é stæto arrestou pe violensa sessuale in sce træ atlete, de quæ doe minoî.",de,ADP,FUNC
"Un allenatô de savate da provinsa d’Impëia o l’é stæto arrestou pe violensa sessuale in sce træ atlete, de quæ doe minoî.",savate,NOUN,NOUN
"Un allenatô de savate da provinsa d’Impëia o l’é stæto arrestou pe violensa sessuale in sce træ atlete, de quæ doe minoî.",da,ADP,FUNC
"Un allenatô de savate da provinsa d’Impëia o l’é stæto arrestou pe violensa sessuale in sce træ atlete, de quæ doe minoî.",provinsa,PROPN,NOUN
"Un allenatô de savate da provinsa d’Impëia o l’é stæto arrestou pe violensa sessuale in sce træ atlete, de quæ doe minoî.",d’Impëia,NUM,ADJ
"Un allenatô de savate da provinsa d’Impëia o l’é stæto arrestou pe violensa sessuale in sce træ atlete, de quæ doe minoî.",o,DET,PRON
"Un allenatô de savate da provinsa d’Impëia o l’é stæto arrestou pe violensa sessuale in sce træ atlete, de quæ doe minoî.",l’é,PROPN,NOUN
"Un allenatô de savate da provinsa d’Impëia o l’é stæto arrestou pe violensa sessuale in sce træ atlete, de quæ doe minoî.",stæto,VERB,VERB
"Un allenatô de savate da provinsa d’Impëia o l’é stæto arrestou pe violensa sessuale in sce træ atlete, de quæ doe minoî.",arrestou,VERB,VERB
"Un allenatô de savate da provinsa d’Impëia o l’é stæto arrestou pe violensa sessuale in sce træ atlete, de quæ doe minoî.",pe,ADP,FUNC
"Un allenatô de savate da provinsa d’Impëia o l’é stæto arrestou pe violensa sessuale in sce træ atlete, de quæ doe minoî.",violensa,NOUN,NOUN
"Un allenatô de savate da provinsa d’Impëia o l’é stæto arrestou pe violensa sessuale in sce træ atlete, de quæ doe minoî.",sessuale,PROPN,NOUN
"Un allenatô de savate da provinsa d’Impëia o l’é stæto arrestou pe violensa sessuale in sce træ atlete, de quæ doe minoî.",in,PROPN,NOUN
"Un allenatô de savate da provinsa d’Impëia o l’é stæto arrestou pe violensa sessuale in sce træ atlete, de quæ doe minoî.",sce,VERB,VERB
"Un allenatô de savate da provinsa d’Impëia o l’é stæto arrestou pe violensa sessuale in sce træ atlete, de quæ doe minoî.",træ,PROPN,NOUN
"Un allenatô de savate da provinsa d’Impëia o l’é stæto arrestou pe violensa sessuale in sce træ atlete, de quæ doe minoî.",atlete,PROPN,NOUN
"Un allenatô de savate da provinsa d’Impëia o l’é stæto arrestou pe violensa sessuale in sce træ atlete, de quæ doe minoî.",",",PUNCT,PUNCT
"Un allenatô de savate da provinsa d’Impëia o l’é stæto arrestou pe violensa sessuale in sce træ atlete, de quæ doe minoî.",de,ADP,FUNC
"Un allenatô de savate da provinsa d’Impëia o l’é stæto arrestou pe violensa sessuale in sce træ atlete, de quæ doe minoî.",quæ,PROPN,NOUN
"Un allenatô de savate da provinsa d’Impëia o l’é stæto arrestou pe violensa sessuale in sce træ atlete, de quæ doe minoî.",doe,PROPN,NOUN
"Un allenatô de savate da provinsa d’Impëia o l’é stæto arrestou pe violensa sessuale in sce træ atlete, de quæ doe minoî.",minoî,PROPN,NOUN
"Un allenatô de savate da provinsa d’Impëia o l’é stæto arrestou pe violensa sessuale in sce træ atlete, de quæ doe minoî.",.,PUNCT,PUNCT
"L’investigaçion, partia da-a testimoniansa d’uña de zoene, a l’à permisso d’incriminâ l’òmmo: segondo l’accusa, graçie a-a seu poxiçion, o l’avieiva commisso di abuxi gravi e scistematichi con fâli passâ pe «strumenti de crescita sportiva e profescionale».",L’investigaçion,PROPN,NOUN
"L’investigaçion, partia da-a testimoniansa d’uña de zoene, a l’à permisso d’incriminâ l’òmmo: segondo l’accusa, graçie a-a seu poxiçion, o l’avieiva commisso di abuxi gravi e scistematichi con fâli passâ pe «strumenti de crescita sportiva e profescionale».",",",PUNCT,PUNCT
"L’investigaçion, partia da-a testimoniansa d’uña de zoene, a l’à permisso d’incriminâ l’òmmo: segondo l’accusa, graçie a-a seu poxiçion, o l’avieiva commisso di abuxi gravi e scistematichi con fâli passâ pe «strumenti de crescita sportiva e profescionale».",partia,NOUN,NOUN
"L’investigaçion, partia da-a testimoniansa d’uña de zoene, a l’à permisso d’incriminâ l’òmmo: segondo l’accusa, graçie a-a seu poxiçion, o l’avieiva commisso di abuxi gravi e scistematichi con fâli passâ pe «strumenti de crescita sportiva e profescionale».",da-a,VERB,VERB
"L’investigaçion, partia da-a testimoniansa d’uña de zoene, a l’à permisso d’incriminâ l’òmmo: segondo l’accusa, graçie a-a seu poxiçion, o l’avieiva commisso di abuxi gravi e scistematichi con fâli passâ pe «strumenti de crescita sportiva e profescionale».",testimoniansa,ADJ,ADJ
"L’investigaçion, partia da-a testimoniansa d’uña de zoene, a l’à permisso d’incriminâ l’òmmo: segondo l’accusa, graçie a-a seu poxiçion, o l’avieiva commisso di abuxi gravi e scistematichi con fâli passâ pe «strumenti de crescita sportiva e profescionale».",d’uña,NOUN,NOUN
"L’investigaçion, partia da-a testimoniansa d’uña de zoene, a l’à permisso d’incriminâ l’òmmo: segondo l’accusa, graçie a-a seu poxiçion, o l’avieiva commisso di abuxi gravi e scistematichi con fâli passâ pe «strumenti de crescita sportiva e profescionale».",de,ADP,FUNC
"L’investigaçion, partia da-a testimoniansa d’uña de zoene, a l’à permisso d’incriminâ l’òmmo: segondo l’accusa, graçie a-a seu poxiçion, o l’avieiva commisso di abuxi gravi e scistematichi con fâli passâ pe «strumenti de crescita sportiva e profescionale».",zoene,NOUN,NOUN
"L’investigaçion, partia da-a testimoniansa d’uña de zoene, a l’à permisso d’incriminâ l’òmmo: segondo l’accusa, graçie a-a seu poxiçion, o l’avieiva commisso di abuxi gravi e scistematichi con fâli passâ pe «strumenti de crescita sportiva e profescionale».",",",PUNCT,PUNCT
"L’investigaçion, partia da-a testimoniansa d’uña de zoene, a l’à permisso d’incriminâ l’òmmo: segondo l’accusa, graçie a-a seu poxiçion, o l’avieiva commisso di abuxi gravi e scistematichi con fâli passâ pe «strumenti de crescita sportiva e profescionale».",a,DET,PRON
"L’investigaçion, partia da-a testimoniansa d’uña de zoene, a l’à permisso d’incriminâ l’òmmo: segondo l’accusa, graçie a-a seu poxiçion, o l’avieiva commisso di abuxi gravi e scistematichi con fâli passâ pe «strumenti de crescita sportiva e profescionale».",l’à,NOUN,NOUN
"L’investigaçion, partia da-a testimoniansa d’uña de zoene, a l’à permisso d’incriminâ l’òmmo: segondo l’accusa, graçie a-a seu poxiçion, o l’avieiva commisso di abuxi gravi e scistematichi con fâli passâ pe «strumenti de crescita sportiva e profescionale».",permisso,ADJ,ADJ
"L’investigaçion, partia da-a testimoniansa d’uña de zoene, a l’à permisso d’incriminâ l’òmmo: segondo l’accusa, graçie a-a seu poxiçion, o l’avieiva commisso di abuxi gravi e scistematichi con fâli passâ pe «strumenti de crescita sportiva e profescionale».",d’incriminâ,ADP,FUNC
"L’investigaçion, partia da-a testimoniansa d’uña de zoene, a l’à permisso d’incriminâ l’òmmo: segondo l’accusa, graçie a-a seu poxiçion, o l’avieiva commisso di abuxi gravi e scistematichi con fâli passâ pe «strumenti de crescita sportiva e profescionale».",l’òmmo,PROPN,NOUN
"L’investigaçion, partia da-a testimoniansa d’uña de zoene, a l’à permisso d’incriminâ l’òmmo: segondo l’accusa, graçie a-a seu poxiçion, o l’avieiva commisso di abuxi gravi e scistematichi con fâli passâ pe «strumenti de crescita sportiva e profescionale».",:,PUNCT,PUNCT
"L’investigaçion, partia da-a testimoniansa d’uña de zoene, a l’à permisso d’incriminâ l’òmmo: segondo l’accusa, graçie a-a seu poxiçion, o l’avieiva commisso di abuxi gravi e scistematichi con fâli passâ pe «strumenti de crescita sportiva e profescionale».",segondo,VERB,VERB
"L’investigaçion, partia da-a testimoniansa d’uña de zoene, a l’à permisso d’incriminâ l’òmmo: segondo l’accusa, graçie a-a seu poxiçion, o l’avieiva commisso di abuxi gravi e scistematichi con fâli passâ pe «strumenti de crescita sportiva e profescionale».",l’accusa,PROPN,NOUN
"L’investigaçion, partia da-a testimoniansa d’uña de zoene, a l’à permisso d’incriminâ l’òmmo: segondo l’accusa, graçie a-a seu poxiçion, o l’avieiva commisso di abuxi gravi e scistematichi con fâli passâ pe «strumenti de crescita sportiva e profescionale».",",",PUNCT,PUNCT
"L’investigaçion, partia da-a testimoniansa d’uña de zoene, a l’à permisso d’incriminâ l’òmmo: segondo l’accusa, graçie a-a seu poxiçion, o l’avieiva commisso di abuxi gravi e scistematichi con fâli passâ pe «strumenti de crescita sportiva e profescionale».",graçie,VERB,VERB
"L’investigaçion, partia da-a testimoniansa d’uña de zoene, a l’à permisso d’incriminâ l’òmmo: segondo l’accusa, graçie a-a seu poxiçion, o l’avieiva commisso di abuxi gravi e scistematichi con fâli passâ pe «strumenti de crescita sportiva e profescionale».",a-a,VERB,VERB
"L’investigaçion, partia da-a testimoniansa d’uña de zoene, a l’à permisso d’incriminâ l’òmmo: segondo l’accusa, graçie a-a seu poxiçion, o l’avieiva commisso di abuxi gravi e scistematichi con fâli passâ pe «strumenti de crescita sportiva e profescionale».",seu,DET,PRON
"L’investigaçion, partia da-a testimoniansa d’uña de zoene, a l’à permisso d’incriminâ l’òmmo: segondo l’accusa, graçie a-a seu poxiçion, o l’avieiva commisso di abuxi gravi e scistematichi con fâli passâ pe «strumenti de crescita sportiva e profescionale».",poxiçion,NOUN,NOUN
"L’investigaçion, partia da-a testimoniansa d’uña de zoene, a l’à permisso d’incriminâ l’òmmo: segondo l’accusa, graçie a-a seu poxiçion, o l’avieiva commisso di abuxi gravi e scistematichi con fâli passâ pe «strumenti de crescita sportiva e profescionale».",",",PUNCT,PUNCT
"L’investigaçion, partia da-a testimoniansa d’uña de zoene, a l’à permisso d’incriminâ l’òmmo: segondo l’accusa, graçie a-a seu poxiçion, o l’avieiva commisso di abuxi gravi e scistematichi con fâli passâ pe «strumenti de crescita sportiva e profescionale».",o,DET,PRON
"L’investigaçion, partia da-a testimoniansa d’uña de zoene, a l’à permisso d’incriminâ l’òmmo: segondo l’accusa, graçie a-a seu poxiçion, o l’avieiva commisso di abuxi gravi e scistematichi con fâli passâ pe «strumenti de crescita sportiva e profescionale».",l’avieiva,NOUN,NOUN
"L’investigaçion, partia da-a testimoniansa d’uña de zoene, a l’à permisso d’incriminâ l’òmmo: segondo l’accusa, graçie a-a seu poxiçion, o l’avieiva commisso di abuxi gravi e scistematichi con fâli passâ pe «strumenti de crescita sportiva e profescionale».",commisso,PROPN,NOUN
"L’investigaçion, partia da-a testimoniansa d’uña de zoene, a l’à permisso d’incriminâ l’òmmo: segondo l’accusa, graçie a-a seu poxiçion, o l’avieiva commisso di abuxi gravi e scistematichi con fâli passâ pe «strumenti de crescita sportiva e profescionale».",di,PROPN,NOUN
"L’investigaçion, partia da-a testimoniansa d’uña de zoene, a l’à permisso d’incriminâ l’òmmo: segondo l’accusa, graçie a-a seu poxiçion, o l’avieiva commisso di abuxi gravi e scistematichi con fâli passâ pe «strumenti de crescita sportiva e profescionale».",abuxi,NOUN,NOUN
"L’investigaçion, partia da-a testimoniansa d’uña de zoene, a l’à permisso d’incriminâ l’òmmo: segondo l’accusa, graçie a-a seu poxiçion, o l’avieiva commisso di abuxi gravi e scistematichi con fâli passâ pe «strumenti de crescita sportiva e profescionale».",gravi,ADJ,ADJ
"L’investigaçion, partia da-a testimoniansa d’uña de zoene, a l’à permisso d’incriminâ l’òmmo: segondo l’accusa, graçie a-a seu poxiçion, o l’avieiva commisso di abuxi gravi e scistematichi con fâli passâ pe «strumenti de crescita sportiva e profescionale».",e,CCONJ,FUNC
"L’investigaçion, partia da-a testimoniansa d’uña de zoene, a l’à permisso d’incriminâ l’òmmo: segondo l’accusa, graçie a-a seu poxiçion, o l’avieiva commisso di abuxi gravi e scistematichi con fâli passâ pe «strumenti de crescita sportiva e profescionale».",scistematichi,NOUN,NOUN
"L’investigaçion, partia da-a testimoniansa d’uña de zoene, a l’à permisso d’incriminâ l’òmmo: segondo l’accusa, graçie a-a seu poxiçion, o l’avieiva commisso di abuxi gravi e scistematichi con fâli passâ pe «strumenti de crescita sportiva e profescionale».",con,PROPN,NOUN
"L’investigaçion, partia da-a testimoniansa d’uña de zoene, a l’à permisso d’incriminâ l’òmmo: segondo l’accusa, graçie a-a seu poxiçion, o l’avieiva commisso di abuxi gravi e scistematichi con fâli passâ pe «strumenti de crescita sportiva e profescionale».",fâli,NOUN,NOUN
"L’investigaçion, partia da-a testimoniansa d’uña de zoene, a l’à permisso d’incriminâ l’òmmo: segondo l’accusa, graçie a-a seu poxiçion, o l’avieiva commisso di abuxi gravi e scistematichi con fâli passâ pe «strumenti de crescita sportiva e profescionale».",passâ,ADJ,ADJ
"L’investigaçion, partia da-a testimoniansa d’uña de zoene, a l’à permisso d’incriminâ l’òmmo: segondo l’accusa, graçie a-a seu poxiçion, o l’avieiva commisso di abuxi gravi e scistematichi con fâli passâ pe «strumenti de crescita sportiva e profescionale».",pe,ADP,FUNC
"L’investigaçion, partia da-a testimoniansa d’uña de zoene, a l’à permisso d’incriminâ l’òmmo: segondo l’accusa, graçie a-a seu poxiçion, o l’avieiva commisso di abuxi gravi e scistematichi con fâli passâ pe «strumenti de crescita sportiva e profescionale».",«,PUNCT,PUNCT
"L’investigaçion, partia da-a testimoniansa d’uña de zoene, a l’à permisso d’incriminâ l’òmmo: segondo l’accusa, graçie a-a seu poxiçion, o l’avieiva commisso di abuxi gravi e scistematichi con fâli passâ pe «strumenti de crescita sportiva e profescionale».",strumenti,NOUN,NOUN
"L’investigaçion, partia da-a testimoniansa d’uña de zoene, a l’à permisso d’incriminâ l’òmmo: segondo l’accusa, graçie a-a seu poxiçion, o l’avieiva commisso di abuxi gravi e scistematichi con fâli passâ pe «strumenti de crescita sportiva e profescionale».",de,ADP,FUNC
"L’investigaçion, partia da-a testimoniansa d’uña de zoene, a l’à permisso d’incriminâ l’òmmo: segondo l’accusa, graçie a-a seu poxiçion, o l’avieiva commisso di abuxi gravi e scistematichi con fâli passâ pe «strumenti de crescita sportiva e profescionale».",crescita,NOUN,NOUN
"L’investigaçion, partia da-a testimoniansa d’uña de zoene, a l’à permisso d’incriminâ l’òmmo: segondo l’accusa, graçie a-a seu poxiçion, o l’avieiva commisso di abuxi gravi e scistematichi con fâli passâ pe «strumenti de crescita sportiva e profescionale».",sportiva,ADJ,ADJ
"L’investigaçion, partia da-a testimoniansa d’uña de zoene, a l’à permisso d’incriminâ l’òmmo: segondo l’accusa, graçie a-a seu poxiçion, o l’avieiva commisso di abuxi gravi e scistematichi con fâli passâ pe «strumenti de crescita sportiva e profescionale».",e,CCONJ,FUNC
"L’investigaçion, partia da-a testimoniansa d’uña de zoene, a l’à permisso d’incriminâ l’òmmo: segondo l’accusa, graçie a-a seu poxiçion, o l’avieiva commisso di abuxi gravi e scistematichi con fâli passâ pe «strumenti de crescita sportiva e profescionale».",profescionale,NOUN,NOUN
"L’investigaçion, partia da-a testimoniansa d’uña de zoene, a l’à permisso d’incriminâ l’òmmo: segondo l’accusa, graçie a-a seu poxiçion, o l’avieiva commisso di abuxi gravi e scistematichi con fâli passâ pe «strumenti de crescita sportiva e profescionale».",»,PUNCT,PUNCT
"L’investigaçion, partia da-a testimoniansa d’uña de zoene, a l’à permisso d’incriminâ l’òmmo: segondo l’accusa, graçie a-a seu poxiçion, o l’avieiva commisso di abuxi gravi e scistematichi con fâli passâ pe «strumenti de crescita sportiva e profescionale».",.,PUNCT,PUNCT
"S’anava da-i apprexamenti a-i baxi in bocca fin a-i massaggi inti quæ l’òmmo o toccava e parte intime de figge, sciben che loiatre cianzeivan ò tremmavan.",S’anava,VERB,VERB
"S’anava da-i apprexamenti a-i baxi in bocca fin a-i massaggi inti quæ l’òmmo o toccava e parte intime de figge, sciben che loiatre cianzeivan ò tremmavan.",da-i,PROPN,NOUN
"S’anava da-i apprexamenti a-i baxi in bocca fin a-i massaggi inti quæ l’òmmo o toccava e parte intime de figge, sciben che loiatre cianzeivan ò tremmavan.",apprexamenti,VERB,VERB
"S’anava da-i apprexamenti a-i baxi in bocca fin a-i massaggi inti quæ l’òmmo o toccava e parte intime de figge, sciben che loiatre cianzeivan ò tremmavan.",a-i,VERB,VERB
"S’anava da-i apprexamenti a-i baxi in bocca fin a-i massaggi inti quæ l’òmmo o toccava e parte intime de figge, sciben che loiatre cianzeivan ò tremmavan.",baxi,PROPN,NOUN
"S’anava da-i apprexamenti a-i baxi in bocca fin a-i massaggi inti quæ l’òmmo o toccava e parte intime de figge, sciben che loiatre cianzeivan ò tremmavan.",in,PROPN,NOUN
"S’anava da-i apprexamenti a-i baxi in bocca fin a-i massaggi inti quæ l’òmmo o toccava e parte intime de figge, sciben che loiatre cianzeivan ò tremmavan.",bocca,PROPN,NOUN
"S’anava da-i apprexamenti a-i baxi in bocca fin a-i massaggi inti quæ l’òmmo o toccava e parte intime de figge, sciben che loiatre cianzeivan ò tremmavan.",fin,PROPN,NOUN
"S’anava da-i apprexamenti a-i baxi in bocca fin a-i massaggi inti quæ l’òmmo o toccava e parte intime de figge, sciben che loiatre cianzeivan ò tremmavan.",a-i,PROPN,NOUN
"S’anava da-i apprexamenti a-i baxi in bocca fin a-i massaggi inti quæ l’òmmo o toccava e parte intime de figge, sciben che loiatre cianzeivan ò tremmavan.",massaggi,ADJ,ADJ
"S’anava da-i apprexamenti a-i baxi in bocca fin a-i massaggi inti quæ l’òmmo o toccava e parte intime de figge, sciben che loiatre cianzeivan ò tremmavan.",inti,VERB,VERB
"S’anava da-i apprexamenti a-i baxi in bocca fin a-i massaggi inti quæ l’òmmo o toccava e parte intime de figge, sciben che loiatre cianzeivan ò tremmavan.",quæ,VERB,VERB
"S’anava da-i apprexamenti a-i baxi in bocca fin a-i massaggi inti quæ l’òmmo o toccava e parte intime de figge, sciben che loiatre cianzeivan ò tremmavan.",l’òmmo,PROPN,NOUN
"S’anava da-i apprexamenti a-i baxi in bocca fin a-i massaggi inti quæ l’òmmo o toccava e parte intime de figge, sciben che loiatre cianzeivan ò tremmavan.",o,DET,PRON
"S’anava da-i apprexamenti a-i baxi in bocca fin a-i massaggi inti quæ l’òmmo o toccava e parte intime de figge, sciben che loiatre cianzeivan ò tremmavan.",toccava,VERB,VERB
"S’anava da-i apprexamenti a-i baxi in bocca fin a-i massaggi inti quæ l’òmmo o toccava e parte intime de figge, sciben che loiatre cianzeivan ò tremmavan.",e,CCONJ,FUNC
"S’anava da-i apprexamenti a-i baxi in bocca fin a-i massaggi inti quæ l’òmmo o toccava e parte intime de figge, sciben che loiatre cianzeivan ò tremmavan.",parte,NOUN,NOUN
"S’anava da-i apprexamenti a-i baxi in bocca fin a-i massaggi inti quæ l’òmmo o toccava e parte intime de figge, sciben che loiatre cianzeivan ò tremmavan.",intime,PROPN,NOUN
"S’anava da-i apprexamenti a-i baxi in bocca fin a-i massaggi inti quæ l’òmmo o toccava e parte intime de figge, sciben che loiatre cianzeivan ò tremmavan.",de,ADP,FUNC
"S’anava da-i apprexamenti a-i baxi in bocca fin a-i massaggi inti quæ l’òmmo o toccava e parte intime de figge, sciben che loiatre cianzeivan ò tremmavan.",figge,PROPN,NOUN
"S’anava da-i apprexamenti a-i baxi in bocca fin a-i massaggi inti quæ l’òmmo o toccava e parte intime de figge, sciben che loiatre cianzeivan ò tremmavan.",",",PUNCT,PUNCT
"S’anava da-i apprexamenti a-i baxi in bocca fin a-i massaggi inti quæ l’òmmo o toccava e parte intime de figge, sciben che loiatre cianzeivan ò tremmavan.",sciben,PRON,PRON
"S’anava da-i apprexamenti a-i baxi in bocca fin a-i massaggi inti quæ l’òmmo o toccava e parte intime de figge, sciben che loiatre cianzeivan ò tremmavan.",che,PROPN,NOUN
"S’anava da-i apprexamenti a-i baxi in bocca fin a-i massaggi inti quæ l’òmmo o toccava e parte intime de figge, sciben che loiatre cianzeivan ò tremmavan.",loiatre,PROPN,NOUN
"S’anava da-i apprexamenti a-i baxi in bocca fin a-i massaggi inti quæ l’òmmo o toccava e parte intime de figge, sciben che loiatre cianzeivan ò tremmavan.",cianzeivan,VERB,VERB
"S’anava da-i apprexamenti a-i baxi in bocca fin a-i massaggi inti quæ l’òmmo o toccava e parte intime de figge, sciben che loiatre cianzeivan ò tremmavan.",ò,ADP,FUNC
"S’anava da-i apprexamenti a-i baxi in bocca fin a-i massaggi inti quæ l’òmmo o toccava e parte intime de figge, sciben che loiatre cianzeivan ò tremmavan.",tremmavan,PROPN,NOUN
"S’anava da-i apprexamenti a-i baxi in bocca fin a-i massaggi inti quæ l’òmmo o toccava e parte intime de figge, sciben che loiatre cianzeivan ò tremmavan.",.,PUNCT,PUNCT
Pe-o momento o no porrià avvexinâse a-e vittime.,Pe-o,ADP,FUNC
Pe-o momento o no porrià avvexinâse a-e vittime.,momento,NOUN,NOUN
Pe-o momento o no porrià avvexinâse a-e vittime.,o,PRON,PRON
Pe-o momento o no porrià avvexinâse a-e vittime.,no,ADP,FUNC
Pe-o momento o no porrià avvexinâse a-e vittime.,porrià,NOUN,NOUN
Pe-o momento o no porrià avvexinâse a-e vittime.,avvexinâse,ADJ,ADJ
Pe-o momento o no porrià avvexinâse a-e vittime.,a-e,NOUN,NOUN
Pe-o momento o no porrià avvexinâse a-e vittime.,vittime,ADJ,ADJ
Pe-o momento o no porrià avvexinâse a-e vittime.,.,PUNCT,PUNCT
"A Guardia de finansa de Zena, insemme co-i fonçionäi de l’Agençia de dugañe, an descoverto e sexio into pòrto de San Pê d’Æña un carrego de 2 tonnëi e passa da cocaiña sccetta.",A,DET,PRON
"A Guardia de finansa de Zena, insemme co-i fonçionäi de l’Agençia de dugañe, an descoverto e sexio into pòrto de San Pê d’Æña un carrego de 2 tonnëi e passa da cocaiña sccetta.",Guardia,PROPN,NOUN
"A Guardia de finansa de Zena, insemme co-i fonçionäi de l’Agençia de dugañe, an descoverto e sexio into pòrto de San Pê d’Æña un carrego de 2 tonnëi e passa da cocaiña sccetta.",de,ADP,FUNC
"A Guardia de finansa de Zena, insemme co-i fonçionäi de l’Agençia de dugañe, an descoverto e sexio into pòrto de San Pê d’Æña un carrego de 2 tonnëi e passa da cocaiña sccetta.",finansa,NOUN,NOUN
"A Guardia de finansa de Zena, insemme co-i fonçionäi de l’Agençia de dugañe, an descoverto e sexio into pòrto de San Pê d’Æña un carrego de 2 tonnëi e passa da cocaiña sccetta.",de,ADP,FUNC
"A Guardia de finansa de Zena, insemme co-i fonçionäi de l’Agençia de dugañe, an descoverto e sexio into pòrto de San Pê d’Æña un carrego de 2 tonnëi e passa da cocaiña sccetta.",Zena,PROPN,NOUN
"A Guardia de finansa de Zena, insemme co-i fonçionäi de l’Agençia de dugañe, an descoverto e sexio into pòrto de San Pê d’Æña un carrego de 2 tonnëi e passa da cocaiña sccetta.",",",PUNCT,PUNCT
"A Guardia de finansa de Zena, insemme co-i fonçionäi de l’Agençia de dugañe, an descoverto e sexio into pòrto de San Pê d’Æña un carrego de 2 tonnëi e passa da cocaiña sccetta.",insemme,VERB,VERB
"A Guardia de finansa de Zena, insemme co-i fonçionäi de l’Agençia de dugañe, an descoverto e sexio into pòrto de San Pê d’Æña un carrego de 2 tonnëi e passa da cocaiña sccetta.",co-i,PROPN,NOUN
"A Guardia de finansa de Zena, insemme co-i fonçionäi de l’Agençia de dugañe, an descoverto e sexio into pòrto de San Pê d’Æña un carrego de 2 tonnëi e passa da cocaiña sccetta.",fonçionäi,ADJ,ADJ
"A Guardia de finansa de Zena, insemme co-i fonçionäi de l’Agençia de dugañe, an descoverto e sexio into pòrto de San Pê d’Æña un carrego de 2 tonnëi e passa da cocaiña sccetta.",de,ADP,FUNC
"A Guardia de finansa de Zena, insemme co-i fonçionäi de l’Agençia de dugañe, an descoverto e sexio into pòrto de San Pê d’Æña un carrego de 2 tonnëi e passa da cocaiña sccetta.",l’Agençia,NOUN,NOUN
"A Guardia de finansa de Zena, insemme co-i fonçionäi de l’Agençia de dugañe, an descoverto e sexio into pòrto de San Pê d’Æña un carrego de 2 tonnëi e passa da cocaiña sccetta.",de,ADP,FUNC
"A Guardia de finansa de Zena, insemme co-i fonçionäi de l’Agençia de dugañe, an descoverto e sexio into pòrto de San Pê d’Æña un carrego de 2 tonnëi e passa da cocaiña sccetta.",dugañe,NOUN,NOUN
"A Guardia de finansa de Zena, insemme co-i fonçionäi de l’Agençia de dugañe, an descoverto e sexio into pòrto de San Pê d’Æña un carrego de 2 tonnëi e passa da cocaiña sccetta.",",",PUNCT,PUNCT
"A Guardia de finansa de Zena, insemme co-i fonçionäi de l’Agençia de dugañe, an descoverto e sexio into pòrto de San Pê d’Æña un carrego de 2 tonnëi e passa da cocaiña sccetta.",an,PROPN,NOUN
"A Guardia de finansa de Zena, insemme co-i fonçionäi de l’Agençia de dugañe, an descoverto e sexio into pòrto de San Pê d’Æña un carrego de 2 tonnëi e passa da cocaiña sccetta.",descoverto,NOUN,NOUN
"A Guardia de finansa de Zena, insemme co-i fonçionäi de l’Agençia de dugañe, an descoverto e sexio into pòrto de San Pê d’Æña un carrego de 2 tonnëi e passa da cocaiña sccetta.",e,CCONJ,FUNC
"A Guardia de finansa de Zena, insemme co-i fonçionäi de l’Agençia de dugañe, an descoverto e sexio into pòrto de San Pê d’Æña un carrego de 2 tonnëi e passa da cocaiña sccetta.",sexio,PROPN,NOUN
"A Guardia de finansa de Zena, insemme co-i fonçionäi de l’Agençia de dugañe, an descoverto e sexio into pòrto de San Pê d’Æña un carrego de 2 tonnëi e passa da cocaiña sccetta.",into,PROPN,NOUN
"A Guardia de finansa de Zena, insemme co-i fonçionäi de l’Agençia de dugañe, an descoverto e sexio into pòrto de San Pê d’Æña un carrego de 2 tonnëi e passa da cocaiña sccetta.",pòrto,ADJ,ADJ
"A Guardia de finansa de Zena, insemme co-i fonçionäi de l’Agençia de dugañe, an descoverto e sexio into pòrto de San Pê d’Æña un carrego de 2 tonnëi e passa da cocaiña sccetta.",de,ADP,FUNC
"A Guardia de finansa de Zena, insemme co-i fonçionäi de l’Agençia de dugañe, an descoverto e sexio into pòrto de San Pê d’Æña un carrego de 2 tonnëi e passa da cocaiña sccetta.",San,PROPN,NOUN
"A Guardia de finansa de Zena, insemme co-i fonçionäi de l’Agençia de dugañe, an descoverto e sexio into pòrto de San Pê d’Æña un carrego de 2 tonnëi e passa da cocaiña sccetta.",Pê,PROPN,NOUN
"A Guardia de finansa de Zena, insemme co-i fonçionäi de l’Agençia de dugañe, an descoverto e sexio into pòrto de San Pê d’Æña un carrego de 2 tonnëi e passa da cocaiña sccetta.",d’Æña,PROPN,NOUN
"A Guardia de finansa de Zena, insemme co-i fonçionäi de l’Agençia de dugañe, an descoverto e sexio into pòrto de San Pê d’Æña un carrego de 2 tonnëi e passa da cocaiña sccetta.",un,PROPN,NOUN
"A Guardia de finansa de Zena, insemme co-i fonçionäi de l’Agençia de dugañe, an descoverto e sexio into pòrto de San Pê d’Æña un carrego de 2 tonnëi e passa da cocaiña sccetta.",carrego,PROPN,NOUN
"A Guardia de finansa de Zena, insemme co-i fonçionäi de l’Agençia de dugañe, an descoverto e sexio into pòrto de San Pê d’Æña un carrego de 2 tonnëi e passa da cocaiña sccetta.",de,ADP,FUNC
"A Guardia de finansa de Zena, insemme co-i fonçionäi de l’Agençia de dugañe, an descoverto e sexio into pòrto de San Pê d’Æña un carrego de 2 tonnëi e passa da cocaiña sccetta.",2,NUM,ADJ
"A Guardia de finansa de Zena, insemme co-i fonçionäi de l’Agençia de dugañe, an descoverto e sexio into pòrto de San Pê d’Æña un carrego de 2 tonnëi e passa da cocaiña sccetta.",tonnëi,NOUN,NOUN
"A Guardia de finansa de Zena, insemme co-i fonçionäi de l’Agençia de dugañe, an descoverto e sexio into pòrto de San Pê d’Æña un carrego de 2 tonnëi e passa da cocaiña sccetta.",e,CCONJ,FUNC
"A Guardia de finansa de Zena, insemme co-i fonçionäi de l’Agençia de dugañe, an descoverto e sexio into pòrto de San Pê d’Æña un carrego de 2 tonnëi e passa da cocaiña sccetta.",passa,VERB,VERB
"A Guardia de finansa de Zena, insemme co-i fonçionäi de l’Agençia de dugañe, an descoverto e sexio into pòrto de San Pê d’Æña un carrego de 2 tonnëi e passa da cocaiña sccetta.",da,ADP,FUNC
"A Guardia de finansa de Zena, insemme co-i fonçionäi de l’Agençia de dugañe, an descoverto e sexio into pòrto de San Pê d’Æña un carrego de 2 tonnëi e passa da cocaiña sccetta.",cocaiña,ADJ,ADJ
"A Guardia de finansa de Zena, insemme co-i fonçionäi de l’Agençia de dugañe, an descoverto e sexio into pòrto de San Pê d’Æña un carrego de 2 tonnëi e passa da cocaiña sccetta.",sccetta,NOUN,NOUN
"A Guardia de finansa de Zena, insemme co-i fonçionäi de l’Agençia de dugañe, an descoverto e sexio into pòrto de San Pê d’Æña un carrego de 2 tonnëi e passa da cocaiña sccetta.",.,PUNCT,PUNCT
"O l’é un di sequestri ciù gròsci mai fæti à Zena, un pòrto donde passa un muggio de trafeghi pe l’Euröpa.",O,DET,PRON
"O l’é un di sequestri ciù gròsci mai fæti à Zena, un pòrto donde passa un muggio de trafeghi pe l’Euröpa.",l’é,PROPN,NOUN
"O l’é un di sequestri ciù gròsci mai fæti à Zena, un pòrto donde passa un muggio de trafeghi pe l’Euröpa.",un,PROPN,NOUN
"O l’é un di sequestri ciù gròsci mai fæti à Zena, un pòrto donde passa un muggio de trafeghi pe l’Euröpa.",di,PROPN,NOUN
"O l’é un di sequestri ciù gròsci mai fæti à Zena, un pòrto donde passa un muggio de trafeghi pe l’Euröpa.",sequestri,PROPN,NOUN
"O l’é un di sequestri ciù gròsci mai fæti à Zena, un pòrto donde passa un muggio de trafeghi pe l’Euröpa.",ciù,NOUN,NOUN
"O l’é un di sequestri ciù gròsci mai fæti à Zena, un pòrto donde passa un muggio de trafeghi pe l’Euröpa.",gròsci,ADJ,ADJ
"O l’é un di sequestri ciù gròsci mai fæti à Zena, un pòrto donde passa un muggio de trafeghi pe l’Euröpa.",mai,VERB,VERB
"O l’é un di sequestri ciù gròsci mai fæti à Zena, un pòrto donde passa un muggio de trafeghi pe l’Euröpa.",fæti,NOUN,NOUN
"O l’é un di sequestri ciù gròsci mai fæti à Zena, un pòrto donde passa un muggio de trafeghi pe l’Euröpa.",à,ADP,FUNC
"O l’é un di sequestri ciù gròsci mai fæti à Zena, un pòrto donde passa un muggio de trafeghi pe l’Euröpa.",Zena,PROPN,NOUN
"O l’é un di sequestri ciù gròsci mai fæti à Zena, un pòrto donde passa un muggio de trafeghi pe l’Euröpa.",",",PUNCT,PUNCT
"O l’é un di sequestri ciù gròsci mai fæti à Zena, un pòrto donde passa un muggio de trafeghi pe l’Euröpa.",un,PROPN,NOUN
"O l’é un di sequestri ciù gròsci mai fæti à Zena, un pòrto donde passa un muggio de trafeghi pe l’Euröpa.",pòrto,ADJ,ADJ
"O l’é un di sequestri ciù gròsci mai fæti à Zena, un pòrto donde passa un muggio de trafeghi pe l’Euröpa.",donde,ADV,ADV
"O l’é un di sequestri ciù gròsci mai fæti à Zena, un pòrto donde passa un muggio de trafeghi pe l’Euröpa.",passa,VERB,VERB
"O l’é un di sequestri ciù gròsci mai fæti à Zena, un pòrto donde passa un muggio de trafeghi pe l’Euröpa.",un,PROPN,NOUN
"O l’é un di sequestri ciù gròsci mai fæti à Zena, un pòrto donde passa un muggio de trafeghi pe l’Euröpa.",muggio,PROPN,NOUN
"O l’é un di sequestri ciù gròsci mai fæti à Zena, un pòrto donde passa un muggio de trafeghi pe l’Euröpa.",de,SCONJ,FUNC
"O l’é un di sequestri ciù gròsci mai fæti à Zena, un pòrto donde passa un muggio de trafeghi pe l’Euröpa.",trafeghi,VERB,VERB
"O l’é un di sequestri ciù gròsci mai fæti à Zena, un pòrto donde passa un muggio de trafeghi pe l’Euröpa.",pe,ADP,FUNC
"O l’é un di sequestri ciù gròsci mai fæti à Zena, un pòrto donde passa un muggio de trafeghi pe l’Euröpa.",l’Euröpa,NOUN,NOUN
"O l’é un di sequestri ciù gròsci mai fæti à Zena, un pòrto donde passa un muggio de trafeghi pe l’Euröpa.",.,PUNCT,PUNCT
"A dröga, se missa in sciô mercou, a l’avieiva fæto guägnâ un miliardo e mezo d’euro.",A,ADP,FUNC
"A dröga, se missa in sciô mercou, a l’avieiva fæto guägnâ un miliardo e mezo d’euro.",dröga,NOUN,NOUN
"A dröga, se missa in sciô mercou, a l’avieiva fæto guägnâ un miliardo e mezo d’euro.",",",PUNCT,PUNCT
"A dröga, se missa in sciô mercou, a l’avieiva fæto guägnâ un miliardo e mezo d’euro.",se,PRON,PRON
"A dröga, se missa in sciô mercou, a l’avieiva fæto guägnâ un miliardo e mezo d’euro.",missa,VERB,VERB
"A dröga, se missa in sciô mercou, a l’avieiva fæto guägnâ un miliardo e mezo d’euro.",in,PROPN,NOUN
"A dröga, se missa in sciô mercou, a l’avieiva fæto guägnâ un miliardo e mezo d’euro.",sciô,PROPN,NOUN
"A dröga, se missa in sciô mercou, a l’avieiva fæto guägnâ un miliardo e mezo d’euro.",mercou,VERB,VERB
"A dröga, se missa in sciô mercou, a l’avieiva fæto guägnâ un miliardo e mezo d’euro.",",",PUNCT,PUNCT
"A dröga, se missa in sciô mercou, a l’avieiva fæto guägnâ un miliardo e mezo d’euro.",a,DET,PRON
"A dröga, se missa in sciô mercou, a l’avieiva fæto guägnâ un miliardo e mezo d’euro.",l’avieiva,NOUN,NOUN
"A dröga, se missa in sciô mercou, a l’avieiva fæto guägnâ un miliardo e mezo d’euro.",fæto,ADJ,ADJ
"A dröga, se missa in sciô mercou, a l’avieiva fæto guägnâ un miliardo e mezo d’euro.",guägnâ,ADJ,ADJ
"A dröga, se missa in sciô mercou, a l’avieiva fæto guägnâ un miliardo e mezo d’euro.",un,PROPN,NOUN
"A dröga, se missa in sciô mercou, a l’avieiva fæto guägnâ un miliardo e mezo d’euro.",miliardo,PROPN,NOUN
"A dröga, se missa in sciô mercou, a l’avieiva fæto guägnâ un miliardo e mezo d’euro.",e,CCONJ,FUNC
"A dröga, se missa in sciô mercou, a l’avieiva fæto guägnâ un miliardo e mezo d’euro.",mezo,NOUN,NOUN
"A dröga, se missa in sciô mercou, a l’avieiva fæto guägnâ un miliardo e mezo d’euro.",d’euro,PROPN,NOUN
"A dröga, se missa in sciô mercou, a l’avieiva fæto guägnâ un miliardo e mezo d’euro.",.,PUNCT,PUNCT
"A povie gianca, spartia inte 2.109 panetti, a l’ea ascosa drento à 87 sacchi inte un container ch’o ne vegniva da-a Colombia.",A,DET,PRON
"A povie gianca, spartia inte 2.109 panetti, a l’ea ascosa drento à 87 sacchi inte un container ch’o ne vegniva da-a Colombia.",povie,ADJ,ADJ
"A povie gianca, spartia inte 2.109 panetti, a l’ea ascosa drento à 87 sacchi inte un container ch’o ne vegniva da-a Colombia.",gianca,NOUN,NOUN
"A povie gianca, spartia inte 2.109 panetti, a l’ea ascosa drento à 87 sacchi inte un container ch’o ne vegniva da-a Colombia.",",",PUNCT,PUNCT
"A povie gianca, spartia inte 2.109 panetti, a l’ea ascosa drento à 87 sacchi inte un container ch’o ne vegniva da-a Colombia.",spartia,VERB,VERB
"A povie gianca, spartia inte 2.109 panetti, a l’ea ascosa drento à 87 sacchi inte un container ch’o ne vegniva da-a Colombia.",inte,ADJ,ADJ
"A povie gianca, spartia inte 2.109 panetti, a l’ea ascosa drento à 87 sacchi inte un container ch’o ne vegniva da-a Colombia.",2.109,NUM,ADJ
"A povie gianca, spartia inte 2.109 panetti, a l’ea ascosa drento à 87 sacchi inte un container ch’o ne vegniva da-a Colombia.",panetti,NOUN,NOUN
"A povie gianca, spartia inte 2.109 panetti, a l’ea ascosa drento à 87 sacchi inte un container ch’o ne vegniva da-a Colombia.",",",PUNCT,PUNCT
"A povie gianca, spartia inte 2.109 panetti, a l’ea ascosa drento à 87 sacchi inte un container ch’o ne vegniva da-a Colombia.",a,DET,PRON
"A povie gianca, spartia inte 2.109 panetti, a l’ea ascosa drento à 87 sacchi inte un container ch’o ne vegniva da-a Colombia.",l’ea,PROPN,NOUN
"A povie gianca, spartia inte 2.109 panetti, a l’ea ascosa drento à 87 sacchi inte un container ch’o ne vegniva da-a Colombia.",ascosa,ADJ,ADJ
"A povie gianca, spartia inte 2.109 panetti, a l’ea ascosa drento à 87 sacchi inte un container ch’o ne vegniva da-a Colombia.",drento,NOUN,NOUN
"A povie gianca, spartia inte 2.109 panetti, a l’ea ascosa drento à 87 sacchi inte un container ch’o ne vegniva da-a Colombia.",à,ADP,FUNC
"A povie gianca, spartia inte 2.109 panetti, a l’ea ascosa drento à 87 sacchi inte un container ch’o ne vegniva da-a Colombia.",87,NUM,ADJ
"A povie gianca, spartia inte 2.109 panetti, a l’ea ascosa drento à 87 sacchi inte un container ch’o ne vegniva da-a Colombia.",sacchi,NOUN,NOUN
"A povie gianca, spartia inte 2.109 panetti, a l’ea ascosa drento à 87 sacchi inte un container ch’o ne vegniva da-a Colombia.",inte,ADJ,ADJ
"A povie gianca, spartia inte 2.109 panetti, a l’ea ascosa drento à 87 sacchi inte un container ch’o ne vegniva da-a Colombia.",un,NOUN,NOUN
"A povie gianca, spartia inte 2.109 panetti, a l’ea ascosa drento à 87 sacchi inte un container ch’o ne vegniva da-a Colombia.",container,NOUN,NOUN
"A povie gianca, spartia inte 2.109 panetti, a l’ea ascosa drento à 87 sacchi inte un container ch’o ne vegniva da-a Colombia.",ch’o,PROPN,NOUN
"A povie gianca, spartia inte 2.109 panetti, a l’ea ascosa drento à 87 sacchi inte un container ch’o ne vegniva da-a Colombia.",ne,PRON,PRON
"A povie gianca, spartia inte 2.109 panetti, a l’ea ascosa drento à 87 sacchi inte un container ch’o ne vegniva da-a Colombia.",vegniva,ADJ,ADJ
"A povie gianca, spartia inte 2.109 panetti, a l’ea ascosa drento à 87 sacchi inte un container ch’o ne vegniva da-a Colombia.",da-a,VERB,VERB
"A povie gianca, spartia inte 2.109 panetti, a l’ea ascosa drento à 87 sacchi inte un container ch’o ne vegniva da-a Colombia.",Colombia,PROPN,NOUN
"A povie gianca, spartia inte 2.109 panetti, a l’ea ascosa drento à 87 sacchi inte un container ch’o ne vegniva da-a Colombia.",.,PUNCT,PUNCT
«I giudiçi rendan inutile o travaggio da poliçia e do Parlamento» e «mettan à reisego a seguessa».,«,PUNCT,PUNCT
«I giudiçi rendan inutile o travaggio da poliçia e do Parlamento» e «mettan à reisego a seguessa».,I,PROPN,NOUN
«I giudiçi rendan inutile o travaggio da poliçia e do Parlamento» e «mettan à reisego a seguessa».,giudiçi,PROPN,NOUN
«I giudiçi rendan inutile o travaggio da poliçia e do Parlamento» e «mettan à reisego a seguessa».,rendan,PROPN,NOUN
«I giudiçi rendan inutile o travaggio da poliçia e do Parlamento» e «mettan à reisego a seguessa».,inutile,VERB,VERB
«I giudiçi rendan inutile o travaggio da poliçia e do Parlamento» e «mettan à reisego a seguessa».,o,DET,PRON
«I giudiçi rendan inutile o travaggio da poliçia e do Parlamento» e «mettan à reisego a seguessa».,travaggio,NOUN,NOUN
«I giudiçi rendan inutile o travaggio da poliçia e do Parlamento» e «mettan à reisego a seguessa».,da,ADP,FUNC
«I giudiçi rendan inutile o travaggio da poliçia e do Parlamento» e «mettan à reisego a seguessa».,poliçia,PROPN,NOUN
«I giudiçi rendan inutile o travaggio da poliçia e do Parlamento» e «mettan à reisego a seguessa».,e,CCONJ,FUNC
«I giudiçi rendan inutile o travaggio da poliçia e do Parlamento» e «mettan à reisego a seguessa».,do,ADP,FUNC
«I giudiçi rendan inutile o travaggio da poliçia e do Parlamento» e «mettan à reisego a seguessa».,Parlamento,NOUN,NOUN
«I giudiçi rendan inutile o travaggio da poliçia e do Parlamento» e «mettan à reisego a seguessa».,»,PUNCT,PUNCT
«I giudiçi rendan inutile o travaggio da poliçia e do Parlamento» e «mettan à reisego a seguessa».,e,CCONJ,FUNC
«I giudiçi rendan inutile o travaggio da poliçia e do Parlamento» e «mettan à reisego a seguessa».,«,PUNCT,PUNCT
«I giudiçi rendan inutile o travaggio da poliçia e do Parlamento» e «mettan à reisego a seguessa».,mettan,ADJ,ADJ
«I giudiçi rendan inutile o travaggio da poliçia e do Parlamento» e «mettan à reisego a seguessa».,à,ADP,FUNC
«I giudiçi rendan inutile o travaggio da poliçia e do Parlamento» e «mettan à reisego a seguessa».,reisego,NOUN,NOUN
«I giudiçi rendan inutile o travaggio da poliçia e do Parlamento» e «mettan à reisego a seguessa».,a,DET,PRON
«I giudiçi rendan inutile o travaggio da poliçia e do Parlamento» e «mettan à reisego a seguessa».,seguessa,NOUN,NOUN
«I giudiçi rendan inutile o travaggio da poliçia e do Parlamento» e «mettan à reisego a seguessa».,»,PUNCT,PUNCT
«I giudiçi rendan inutile o travaggio da poliçia e do Parlamento» e «mettan à reisego a seguessa».,.,PUNCT,PUNCT
Coscì a prescidente do Conseggio Giorgia Meloni inta conferensa stampa do prinçipio de l’anno.,Coscì,PROPN,NOUN
Coscì a prescidente do Conseggio Giorgia Meloni inta conferensa stampa do prinçipio de l’anno.,a,ADP,FUNC
Coscì a prescidente do Conseggio Giorgia Meloni inta conferensa stampa do prinçipio de l’anno.,prescidente,ADV,ADV
Coscì a prescidente do Conseggio Giorgia Meloni inta conferensa stampa do prinçipio de l’anno.,do,ADP,FUNC
Coscì a prescidente do Conseggio Giorgia Meloni inta conferensa stampa do prinçipio de l’anno.,Conseggio,PROPN,NOUN
Coscì a prescidente do Conseggio Giorgia Meloni inta conferensa stampa do prinçipio de l’anno.,Giorgia,PROPN,NOUN
Coscì a prescidente do Conseggio Giorgia Meloni inta conferensa stampa do prinçipio de l’anno.,Meloni,PROPN,NOUN
Coscì a prescidente do Conseggio Giorgia Meloni inta conferensa stampa do prinçipio de l’anno.,inta,VERB,VERB
Coscì a prescidente do Conseggio Giorgia Meloni inta conferensa stampa do prinçipio de l’anno.,conferensa,VERB,VERB
Coscì a prescidente do Conseggio Giorgia Meloni inta conferensa stampa do prinçipio de l’anno.,stampa,NOUN,NOUN
Coscì a prescidente do Conseggio Giorgia Meloni inta conferensa stampa do prinçipio de l’anno.,do,ADP,FUNC
Coscì a prescidente do Conseggio Giorgia Meloni inta conferensa stampa do prinçipio de l’anno.,prinçipio,NOUN,NOUN
Coscì a prescidente do Conseggio Giorgia Meloni inta conferensa stampa do prinçipio de l’anno.,de,ADP,FUNC
Coscì a prescidente do Conseggio Giorgia Meloni inta conferensa stampa do prinçipio de l’anno.,l’anno,PROPN,NOUN
Coscì a prescidente do Conseggio Giorgia Meloni inta conferensa stampa do prinçipio de l’anno.,.,PUNCT,PUNCT
«E mæ relaçioin co-o Quirinale son boniscime – a l’à dito –.,«,PUNCT,PUNCT
«E mæ relaçioin co-o Quirinale son boniscime – a l’à dito –.,E,CCONJ,FUNC
«E mæ relaçioin co-o Quirinale son boniscime – a l’à dito –.,mæ,AUX,VERB
«E mæ relaçioin co-o Quirinale son boniscime – a l’à dito –.,relaçioin,ADJ,ADJ
«E mæ relaçioin co-o Quirinale son boniscime – a l’à dito –.,co-o,NOUN,NOUN
«E mæ relaçioin co-o Quirinale son boniscime – a l’à dito –.,Quirinale,NOUN,NOUN
«E mæ relaçioin co-o Quirinale son boniscime – a l’à dito –.,son,PROPN,NOUN
«E mæ relaçioin co-o Quirinale son boniscime – a l’à dito –.,boniscime,NOUN,NOUN
«E mæ relaçioin co-o Quirinale son boniscime – a l’à dito –.,–,PUNCT,PUNCT
«E mæ relaçioin co-o Quirinale son boniscime – a l’à dito –.,a,ADP,FUNC
«E mæ relaçioin co-o Quirinale son boniscime – a l’à dito –.,l’à,NOUN,NOUN
«E mæ relaçioin co-o Quirinale son boniscime – a l’à dito –.,dito,VERB,VERB
«E mæ relaçioin co-o Quirinale son boniscime – a l’à dito –.,–,PUNCT,PUNCT
«E mæ relaçioin co-o Quirinale son boniscime – a l’à dito –.,.,PUNCT,PUNCT
"Co-o prescidente da Repubrica no semmo sempre d’accòrdio, ma pe defende l’interesse naçionale o gh’é».",Co-o,NOUN,NOUN
"Co-o prescidente da Repubrica no semmo sempre d’accòrdio, ma pe defende l’interesse naçionale o gh’é».",prescidente,ADJ,ADJ
"Co-o prescidente da Repubrica no semmo sempre d’accòrdio, ma pe defende l’interesse naçionale o gh’é».",da,ADP,FUNC
"Co-o prescidente da Repubrica no semmo sempre d’accòrdio, ma pe defende l’interesse naçionale o gh’é».",Repubrica,PROPN,NOUN
"Co-o prescidente da Repubrica no semmo sempre d’accòrdio, ma pe defende l’interesse naçionale o gh’é».",no,ADP,FUNC
"Co-o prescidente da Repubrica no semmo sempre d’accòrdio, ma pe defende l’interesse naçionale o gh’é».",semmo,NOUN,NOUN
"Co-o prescidente da Repubrica no semmo sempre d’accòrdio, ma pe defende l’interesse naçionale o gh’é».",sempre,ADV,ADV
"Co-o prescidente da Repubrica no semmo sempre d’accòrdio, ma pe defende l’interesse naçionale o gh’é».",d’accòrdio,NOUN,NOUN
"Co-o prescidente da Repubrica no semmo sempre d’accòrdio, ma pe defende l’interesse naçionale o gh’é».",",",PUNCT,PUNCT
"Co-o prescidente da Repubrica no semmo sempre d’accòrdio, ma pe defende l’interesse naçionale o gh’é».",ma,ADV,ADV
"Co-o prescidente da Repubrica no semmo sempre d’accòrdio, ma pe defende l’interesse naçionale o gh’é».",pe,ADP,FUNC
"Co-o prescidente da Repubrica no semmo sempre d’accòrdio, ma pe defende l’interesse naçionale o gh’é».",defende,VERB,VERB
"Co-o prescidente da Repubrica no semmo sempre d’accòrdio, ma pe defende l’interesse naçionale o gh’é».",l’interesse,VERB,VERB
"Co-o prescidente da Repubrica no semmo sempre d’accòrdio, ma pe defende l’interesse naçionale o gh’é».",naçionale,VERB,VERB
"Co-o prescidente da Repubrica no semmo sempre d’accòrdio, ma pe defende l’interesse naçionale o gh’é».",o,DET,PRON
"Co-o prescidente da Repubrica no semmo sempre d’accòrdio, ma pe defende l’interesse naçionale o gh’é».",gh’é,NOUN,NOUN
"Co-o prescidente da Repubrica no semmo sempre d’accòrdio, ma pe defende l’interesse naçionale o gh’é».",»,PUNCT,PUNCT
"Co-o prescidente da Repubrica no semmo sempre d’accòrdio, ma pe defende l’interesse naçionale o gh’é».",.,PUNCT,PUNCT
A Meloni a l’à respòsto à unna quaranteña de domande e a l’à annonçiou a dæta pe-o referendum in sciâ giustiçia: i 22 e 23 de marso.,A,DET,PRON
A Meloni a l’à respòsto à unna quaranteña de domande e a l’à annonçiou a dæta pe-o referendum in sciâ giustiçia: i 22 e 23 de marso.,Meloni,PROPN,NOUN
A Meloni a l’à respòsto à unna quaranteña de domande e a l’à annonçiou a dæta pe-o referendum in sciâ giustiçia: i 22 e 23 de marso.,a,ADP,FUNC
A Meloni a l’à respòsto à unna quaranteña de domande e a l’à annonçiou a dæta pe-o referendum in sciâ giustiçia: i 22 e 23 de marso.,l’à,NOUN,NOUN
A Meloni a l’à respòsto à unna quaranteña de domande e a l’à annonçiou a dæta pe-o referendum in sciâ giustiçia: i 22 e 23 de marso.,respòsto,VERB,VERB
A Meloni a l’à respòsto à unna quaranteña de domande e a l’à annonçiou a dæta pe-o referendum in sciâ giustiçia: i 22 e 23 de marso.,à,ADP,FUNC
A Meloni a l’à respòsto à unna quaranteña de domande e a l’à annonçiou a dæta pe-o referendum in sciâ giustiçia: i 22 e 23 de marso.,unna,NOUN,NOUN
A Meloni a l’à respòsto à unna quaranteña de domande e a l’à annonçiou a dæta pe-o referendum in sciâ giustiçia: i 22 e 23 de marso.,quaranteña,VERB,VERB
A Meloni a l’à respòsto à unna quaranteña de domande e a l’à annonçiou a dæta pe-o referendum in sciâ giustiçia: i 22 e 23 de marso.,de,ADP,FUNC
A Meloni a l’à respòsto à unna quaranteña de domande e a l’à annonçiou a dæta pe-o referendum in sciâ giustiçia: i 22 e 23 de marso.,domande,NOUN,NOUN
A Meloni a l’à respòsto à unna quaranteña de domande e a l’à annonçiou a dæta pe-o referendum in sciâ giustiçia: i 22 e 23 de marso.,e,CCONJ,FUNC
A Meloni a l’à respòsto à unna quaranteña de domande e a l’à annonçiou a dæta pe-o referendum in sciâ giustiçia: i 22 e 23 de marso.,a,DET,PRON
A Meloni a l’à respòsto à unna quaranteña de domande e a l’à annonçiou a dæta pe-o referendum in sciâ giustiçia: i 22 e 23 de marso.,l’à,NOUN,NOUN
A Meloni a l’à respòsto à unna quaranteña de domande e a l’à annonçiou a dæta pe-o referendum in sciâ giustiçia: i 22 e 23 de marso.,annonçiou,VERB,VERB
A Meloni a l’à respòsto à unna quaranteña de domande e a l’à annonçiou a dæta pe-o referendum in sciâ giustiçia: i 22 e 23 de marso.,a,ADP,FUNC
A Meloni a l’à respòsto à unna quaranteña de domande e a l’à annonçiou a dæta pe-o referendum in sciâ giustiçia: i 22 e 23 de marso.,dæta,NOUN,NOUN
A Meloni a l’à respòsto à unna quaranteña de domande e a l’à annonçiou a dæta pe-o referendum in sciâ giustiçia: i 22 e 23 de marso.,pe-o,VERB,VERB
A Meloni a l’à respòsto à unna quaranteña de domande e a l’à annonçiou a dæta pe-o referendum in sciâ giustiçia: i 22 e 23 de marso.,referendum,NOUN,NOUN
A Meloni a l’à respòsto à unna quaranteña de domande e a l’à annonçiou a dæta pe-o referendum in sciâ giustiçia: i 22 e 23 de marso.,in,PROPN,NOUN
A Meloni a l’à respòsto à unna quaranteña de domande e a l’à annonçiou a dæta pe-o referendum in sciâ giustiçia: i 22 e 23 de marso.,sciâ,ADJ,ADJ
A Meloni a l’à respòsto à unna quaranteña de domande e a l’à annonçiou a dæta pe-o referendum in sciâ giustiçia: i 22 e 23 de marso.,giustiçia,ADJ,ADJ
A Meloni a l’à respòsto à unna quaranteña de domande e a l’à annonçiou a dæta pe-o referendum in sciâ giustiçia: i 22 e 23 de marso.,:,PUNCT,PUNCT
A Meloni a l’à respòsto à unna quaranteña de domande e a l’à annonçiou a dæta pe-o referendum in sciâ giustiçia: i 22 e 23 de marso.,i,PROPN,NOUN
A Meloni a l’à respòsto à unna quaranteña de domande e a l’à annonçiou a dæta pe-o referendum in sciâ giustiçia: i 22 e 23 de marso.,22,NUM,ADJ
A Meloni a l’à respòsto à unna quaranteña de domande e a l’à annonçiou a dæta pe-o referendum in sciâ giustiçia: i 22 e 23 de marso.,e,CCONJ,FUNC
A Meloni a l’à respòsto à unna quaranteña de domande e a l’à annonçiou a dæta pe-o referendum in sciâ giustiçia: i 22 e 23 de marso.,23,NUM,ADJ
A Meloni a l’à respòsto à unna quaranteña de domande e a l’à annonçiou a dæta pe-o referendum in sciâ giustiçia: i 22 e 23 de marso.,de,ADP,FUNC
A Meloni a l’à respòsto à unna quaranteña de domande e a l’à annonçiou a dæta pe-o referendum in sciâ giustiçia: i 22 e 23 de marso.,marso,NOUN,NOUN
A Meloni a l’à respòsto à unna quaranteña de domande e a l’à annonçiou a dæta pe-o referendum in sciâ giustiçia: i 22 e 23 de marso.,.,PUNCT,PUNCT
«Me basta e m’appascioña quello che son apreuvo à fâ – a l’à azzonto –.,«,PUNCT,PUNCT
«Me basta e m’appascioña quello che son apreuvo à fâ – a l’à azzonto –.,Me,PROPN,NOUN
«Me basta e m’appascioña quello che son apreuvo à fâ – a l’à azzonto –.,basta,INTJ,OTHER
«Me basta e m’appascioña quello che son apreuvo à fâ – a l’à azzonto –.,e,CCONJ,FUNC
«Me basta e m’appascioña quello che son apreuvo à fâ – a l’à azzonto –.,m’appascioña,NOUN,NOUN
«Me basta e m’appascioña quello che son apreuvo à fâ – a l’à azzonto –.,quello,PROPN,NOUN
«Me basta e m’appascioña quello che son apreuvo à fâ – a l’à azzonto –.,che,VERB,VERB
«Me basta e m’appascioña quello che son apreuvo à fâ – a l’à azzonto –.,son,PROPN,NOUN
«Me basta e m’appascioña quello che son apreuvo à fâ – a l’à azzonto –.,apreuvo,ADJ,ADJ
«Me basta e m’appascioña quello che son apreuvo à fâ – a l’à azzonto –.,à,ADP,FUNC
«Me basta e m’appascioña quello che son apreuvo à fâ – a l’à azzonto –.,fâ,PROPN,NOUN
«Me basta e m’appascioña quello che son apreuvo à fâ – a l’à azzonto –.,–,PROPN,NOUN
«Me basta e m’appascioña quello che son apreuvo à fâ – a l’à azzonto –.,a,ADP,FUNC
«Me basta e m’appascioña quello che son apreuvo à fâ – a l’à azzonto –.,l’à,NOUN,NOUN
«Me basta e m’appascioña quello che son apreuvo à fâ – a l’à azzonto –.,azzonto,NOUN,NOUN
«Me basta e m’appascioña quello che son apreuvo à fâ – a l’à azzonto –.,–,PUNCT,PUNCT
«Me basta e m’appascioña quello che son apreuvo à fâ – a l’à azzonto –.,.,PUNCT,PUNCT
Se ô faiò ancon dependià da-o voto di italien».,Se,SCONJ,FUNC
Se ô faiò ancon dependià da-o voto di italien».,ô,CCONJ,FUNC
Se ô faiò ancon dependià da-o voto di italien».,faiò,VERB,VERB
Se ô faiò ancon dependià da-o voto di italien».,ancon,ADJ,ADJ
Se ô faiò ancon dependià da-o voto di italien».,dependià,ADJ,ADJ
Se ô faiò ancon dependià da-o voto di italien».,da-o,VERB,VERB
Se ô faiò ancon dependià da-o voto di italien».,voto,VERB,VERB
Se ô faiò ancon dependià da-o voto di italien».,di,PROPN,NOUN
Se ô faiò ancon dependià da-o voto di italien».,italien,PROPN,NOUN
Se ô faiò ancon dependià da-o voto di italien».,»,PUNCT,PUNCT
Se ô faiò ancon dependià da-o voto di italien».,.,PUNCT,PUNCT
"Un cappotreno de 34 anni, Alessandro Ambrosio, o l’é stæto ammassou à cotellæ vexin à un parchezzo d’arente a-a staçion de Bològna, inte unn’äia reservâ a-i dependenti, parrieiva sensa unna raxon.",Un,NUM,ADJ
"Un cappotreno de 34 anni, Alessandro Ambrosio, o l’é stæto ammassou à cotellæ vexin à un parchezzo d’arente a-a staçion de Bològna, inte unn’äia reservâ a-i dependenti, parrieiva sensa unna raxon.",cappotreno,ADJ,ADJ
"Un cappotreno de 34 anni, Alessandro Ambrosio, o l’é stæto ammassou à cotellæ vexin à un parchezzo d’arente a-a staçion de Bològna, inte unn’äia reservâ a-i dependenti, parrieiva sensa unna raxon.",de,ADP,FUNC
"Un cappotreno de 34 anni, Alessandro Ambrosio, o l’é stæto ammassou à cotellæ vexin à un parchezzo d’arente a-a staçion de Bològna, inte unn’äia reservâ a-i dependenti, parrieiva sensa unna raxon.",34,NUM,ADJ
"Un cappotreno de 34 anni, Alessandro Ambrosio, o l’é stæto ammassou à cotellæ vexin à un parchezzo d’arente a-a staçion de Bològna, inte unn’äia reservâ a-i dependenti, parrieiva sensa unna raxon.",anni,NOUN,NOUN
"Un cappotreno de 34 anni, Alessandro Ambrosio, o l’é stæto ammassou à cotellæ vexin à un parchezzo d’arente a-a staçion de Bològna, inte unn’äia reservâ a-i dependenti, parrieiva sensa unna raxon.",",",PUNCT,PUNCT
"Un cappotreno de 34 anni, Alessandro Ambrosio, o l’é stæto ammassou à cotellæ vexin à un parchezzo d’arente a-a staçion de Bològna, inte unn’äia reservâ a-i dependenti, parrieiva sensa unna raxon.",Alessandro,PROPN,NOUN
"Un cappotreno de 34 anni, Alessandro Ambrosio, o l’é stæto ammassou à cotellæ vexin à un parchezzo d’arente a-a staçion de Bològna, inte unn’äia reservâ a-i dependenti, parrieiva sensa unna raxon.",Ambrosio,PROPN,NOUN
"Un cappotreno de 34 anni, Alessandro Ambrosio, o l’é stæto ammassou à cotellæ vexin à un parchezzo d’arente a-a staçion de Bològna, inte unn’äia reservâ a-i dependenti, parrieiva sensa unna raxon.",",",PUNCT,PUNCT
"Un cappotreno de 34 anni, Alessandro Ambrosio, o l’é stæto ammassou à cotellæ vexin à un parchezzo d’arente a-a staçion de Bològna, inte unn’äia reservâ a-i dependenti, parrieiva sensa unna raxon.",o,DET,PRON
"Un cappotreno de 34 anni, Alessandro Ambrosio, o l’é stæto ammassou à cotellæ vexin à un parchezzo d’arente a-a staçion de Bològna, inte unn’äia reservâ a-i dependenti, parrieiva sensa unna raxon.",l’é,PROPN,NOUN
"Un cappotreno de 34 anni, Alessandro Ambrosio, o l’é stæto ammassou à cotellæ vexin à un parchezzo d’arente a-a staçion de Bològna, inte unn’äia reservâ a-i dependenti, parrieiva sensa unna raxon.",stæto,PROPN,NOUN
"Un cappotreno de 34 anni, Alessandro Ambrosio, o l’é stæto ammassou à cotellæ vexin à un parchezzo d’arente a-a staçion de Bològna, inte unn’äia reservâ a-i dependenti, parrieiva sensa unna raxon.",ammassou,VERB,VERB
"Un cappotreno de 34 anni, Alessandro Ambrosio, o l’é stæto ammassou à cotellæ vexin à un parchezzo d’arente a-a staçion de Bològna, inte unn’äia reservâ a-i dependenti, parrieiva sensa unna raxon.",à,ADP,FUNC
"Un cappotreno de 34 anni, Alessandro Ambrosio, o l’é stæto ammassou à cotellæ vexin à un parchezzo d’arente a-a staçion de Bològna, inte unn’äia reservâ a-i dependenti, parrieiva sensa unna raxon.",cotellæ,NOUN,NOUN
"Un cappotreno de 34 anni, Alessandro Ambrosio, o l’é stæto ammassou à cotellæ vexin à un parchezzo d’arente a-a staçion de Bològna, inte unn’äia reservâ a-i dependenti, parrieiva sensa unna raxon.",vexin,VERB,VERB
"Un cappotreno de 34 anni, Alessandro Ambrosio, o l’é stæto ammassou à cotellæ vexin à un parchezzo d’arente a-a staçion de Bològna, inte unn’äia reservâ a-i dependenti, parrieiva sensa unna raxon.",à,ADP,FUNC
"Un cappotreno de 34 anni, Alessandro Ambrosio, o l’é stæto ammassou à cotellæ vexin à un parchezzo d’arente a-a staçion de Bològna, inte unn’äia reservâ a-i dependenti, parrieiva sensa unna raxon.",un,PROPN,NOUN
"Un cappotreno de 34 anni, Alessandro Ambrosio, o l’é stæto ammassou à cotellæ vexin à un parchezzo d’arente a-a staçion de Bològna, inte unn’äia reservâ a-i dependenti, parrieiva sensa unna raxon.",parchezzo,VERB,VERB
"Un cappotreno de 34 anni, Alessandro Ambrosio, o l’é stæto ammassou à cotellæ vexin à un parchezzo d’arente a-a staçion de Bològna, inte unn’äia reservâ a-i dependenti, parrieiva sensa unna raxon.",d’arente,ADV,ADV
"Un cappotreno de 34 anni, Alessandro Ambrosio, o l’é stæto ammassou à cotellæ vexin à un parchezzo d’arente a-a staçion de Bològna, inte unn’äia reservâ a-i dependenti, parrieiva sensa unna raxon.",a-a,PROPN,NOUN
"Un cappotreno de 34 anni, Alessandro Ambrosio, o l’é stæto ammassou à cotellæ vexin à un parchezzo d’arente a-a staçion de Bològna, inte unn’äia reservâ a-i dependenti, parrieiva sensa unna raxon.",staçion,NOUN,NOUN
"Un cappotreno de 34 anni, Alessandro Ambrosio, o l’é stæto ammassou à cotellæ vexin à un parchezzo d’arente a-a staçion de Bològna, inte unn’äia reservâ a-i dependenti, parrieiva sensa unna raxon.",de,ADP,FUNC
"Un cappotreno de 34 anni, Alessandro Ambrosio, o l’é stæto ammassou à cotellæ vexin à un parchezzo d’arente a-a staçion de Bològna, inte unn’äia reservâ a-i dependenti, parrieiva sensa unna raxon.",Bològna,PROPN,NOUN
"Un cappotreno de 34 anni, Alessandro Ambrosio, o l’é stæto ammassou à cotellæ vexin à un parchezzo d’arente a-a staçion de Bològna, inte unn’äia reservâ a-i dependenti, parrieiva sensa unna raxon.",",",PUNCT,PUNCT
"Un cappotreno de 34 anni, Alessandro Ambrosio, o l’é stæto ammassou à cotellæ vexin à un parchezzo d’arente a-a staçion de Bològna, inte unn’äia reservâ a-i dependenti, parrieiva sensa unna raxon.",inte,ADJ,ADJ
"Un cappotreno de 34 anni, Alessandro Ambrosio, o l’é stæto ammassou à cotellæ vexin à un parchezzo d’arente a-a staçion de Bològna, inte unn’äia reservâ a-i dependenti, parrieiva sensa unna raxon.",unn’äia,PROPN,NOUN
"Un cappotreno de 34 anni, Alessandro Ambrosio, o l’é stæto ammassou à cotellæ vexin à un parchezzo d’arente a-a staçion de Bològna, inte unn’äia reservâ a-i dependenti, parrieiva sensa unna raxon.",reservâ,PROPN,NOUN
"Un cappotreno de 34 anni, Alessandro Ambrosio, o l’é stæto ammassou à cotellæ vexin à un parchezzo d’arente a-a staçion de Bològna, inte unn’äia reservâ a-i dependenti, parrieiva sensa unna raxon.",a-i,VERB,VERB
"Un cappotreno de 34 anni, Alessandro Ambrosio, o l’é stæto ammassou à cotellæ vexin à un parchezzo d’arente a-a staçion de Bològna, inte unn’äia reservâ a-i dependenti, parrieiva sensa unna raxon.",dependenti,NOUN,NOUN
"Un cappotreno de 34 anni, Alessandro Ambrosio, o l’é stæto ammassou à cotellæ vexin à un parchezzo d’arente a-a staçion de Bològna, inte unn’äia reservâ a-i dependenti, parrieiva sensa unna raxon.",",",PUNCT,PUNCT
"Un cappotreno de 34 anni, Alessandro Ambrosio, o l’é stæto ammassou à cotellæ vexin à un parchezzo d’arente a-a staçion de Bològna, inte unn’äia reservâ a-i dependenti, parrieiva sensa unna raxon.",parrieiva,ADJ,ADJ
"Un cappotreno de 34 anni, Alessandro Ambrosio, o l’é stæto ammassou à cotellæ vexin à un parchezzo d’arente a-a staçion de Bològna, inte unn’äia reservâ a-i dependenti, parrieiva sensa unna raxon.",sensa,VERB,VERB
"Un cappotreno de 34 anni, Alessandro Ambrosio, o l’é stæto ammassou à cotellæ vexin à un parchezzo d’arente a-a staçion de Bològna, inte unn’äia reservâ a-i dependenti, parrieiva sensa unna raxon.",unna,PROPN,NOUN
"Un cappotreno de 34 anni, Alessandro Ambrosio, o l’é stæto ammassou à cotellæ vexin à un parchezzo d’arente a-a staçion de Bològna, inte unn’äia reservâ a-i dependenti, parrieiva sensa unna raxon.",raxon,PROPN,NOUN
"Un cappotreno de 34 anni, Alessandro Ambrosio, o l’é stæto ammassou à cotellæ vexin à un parchezzo d’arente a-a staçion de Bològna, inte unn’äia reservâ a-i dependenti, parrieiva sensa unna raxon.",.,PUNCT,PUNCT
"A poliçia a l’à arrestou o Marin Jelenik, un croato de 36 anni, ch’o l’ea davanti a-a staçion sensa papê.",A,ADP,FUNC
"A poliçia a l’à arrestou o Marin Jelenik, un croato de 36 anni, ch’o l’ea davanti a-a staçion sensa papê.",poliçia,NOUN,NOUN
"A poliçia a l’à arrestou o Marin Jelenik, un croato de 36 anni, ch’o l’ea davanti a-a staçion sensa papê.",a,DET,PRON
"A poliçia a l’à arrestou o Marin Jelenik, un croato de 36 anni, ch’o l’ea davanti a-a staçion sensa papê.",l’à,NOUN,NOUN
"A poliçia a l’à arrestou o Marin Jelenik, un croato de 36 anni, ch’o l’ea davanti a-a staçion sensa papê.",arrestou,VERB,VERB
"A poliçia a l’à arrestou o Marin Jelenik, un croato de 36 anni, ch’o l’ea davanti a-a staçion sensa papê.",o,DET,PRON
"A poliçia a l’à arrestou o Marin Jelenik, un croato de 36 anni, ch’o l’ea davanti a-a staçion sensa papê.",Marin,PROPN,NOUN
"A poliçia a l’à arrestou o Marin Jelenik, un croato de 36 anni, ch’o l’ea davanti a-a staçion sensa papê.",Jelenik,PROPN,NOUN
"A poliçia a l’à arrestou o Marin Jelenik, un croato de 36 anni, ch’o l’ea davanti a-a staçion sensa papê.",",",PUNCT,PUNCT
"A poliçia a l’à arrestou o Marin Jelenik, un croato de 36 anni, ch’o l’ea davanti a-a staçion sensa papê.",un,PROPN,NOUN
"A poliçia a l’à arrestou o Marin Jelenik, un croato de 36 anni, ch’o l’ea davanti a-a staçion sensa papê.",croato,NOUN,NOUN
"A poliçia a l’à arrestou o Marin Jelenik, un croato de 36 anni, ch’o l’ea davanti a-a staçion sensa papê.",de,ADP,FUNC
"A poliçia a l’à arrestou o Marin Jelenik, un croato de 36 anni, ch’o l’ea davanti a-a staçion sensa papê.",36,NUM,ADJ
"A poliçia a l’à arrestou o Marin Jelenik, un croato de 36 anni, ch’o l’ea davanti a-a staçion sensa papê.",anni,NOUN,NOUN
"A poliçia a l’à arrestou o Marin Jelenik, un croato de 36 anni, ch’o l’ea davanti a-a staçion sensa papê.",",",PUNCT,PUNCT
"A poliçia a l’à arrestou o Marin Jelenik, un croato de 36 anni, ch’o l’ea davanti a-a staçion sensa papê.",ch’o,PROPN,NOUN
"A poliçia a l’à arrestou o Marin Jelenik, un croato de 36 anni, ch’o l’ea davanti a-a staçion sensa papê.",l’ea,PROPN,NOUN
"A poliçia a l’à arrestou o Marin Jelenik, un croato de 36 anni, ch’o l’ea davanti a-a staçion sensa papê.",davanti,VERB,VERB
"A poliçia a l’à arrestou o Marin Jelenik, un croato de 36 anni, ch’o l’ea davanti a-a staçion sensa papê.",a-a,VERB,VERB
"A poliçia a l’à arrestou o Marin Jelenik, un croato de 36 anni, ch’o l’ea davanti a-a staçion sensa papê.",staçion,PROPN,NOUN
"A poliçia a l’à arrestou o Marin Jelenik, un croato de 36 anni, ch’o l’ea davanti a-a staçion sensa papê.",sensa,VERB,VERB
"A poliçia a l’à arrestou o Marin Jelenik, un croato de 36 anni, ch’o l’ea davanti a-a staçion sensa papê.",papê,ADJ,ADJ
"A poliçia a l’à arrestou o Marin Jelenik, un croato de 36 anni, ch’o l’ea davanti a-a staçion sensa papê.",.,PUNCT,PUNCT
O l’é accaxonou d’ammassamento.,O,DET,PRON
O l’é accaxonou d’ammassamento.,l’é,NOUN,NOUN
O l’é accaxonou d’ammassamento.,accaxonou,VERB,VERB
O l’é accaxonou d’ammassamento.,d’ammassamento,NOUN,NOUN
O l’é accaxonou d’ammassamento.,.,PUNCT,PUNCT
"O l’aiva un muggio de crimini passæ comme rapiñe, fastiddi sessuali e aggrescion, e ascì un ordine europeo d’allontanamento pe ëse stæto trovou con un cotello.",O,DET,PRON
"O l’aiva un muggio de crimini passæ comme rapiñe, fastiddi sessuali e aggrescion, e ascì un ordine europeo d’allontanamento pe ëse stæto trovou con un cotello.",l’aiva,NOUN,NOUN
"O l’aiva un muggio de crimini passæ comme rapiñe, fastiddi sessuali e aggrescion, e ascì un ordine europeo d’allontanamento pe ëse stæto trovou con un cotello.",un,PROPN,NOUN
"O l’aiva un muggio de crimini passæ comme rapiñe, fastiddi sessuali e aggrescion, e ascì un ordine europeo d’allontanamento pe ëse stæto trovou con un cotello.",muggio,PROPN,NOUN
"O l’aiva un muggio de crimini passæ comme rapiñe, fastiddi sessuali e aggrescion, e ascì un ordine europeo d’allontanamento pe ëse stæto trovou con un cotello.",de,ADP,FUNC
"O l’aiva un muggio de crimini passæ comme rapiñe, fastiddi sessuali e aggrescion, e ascì un ordine europeo d’allontanamento pe ëse stæto trovou con un cotello.",crimini,PROPN,NOUN
"O l’aiva un muggio de crimini passæ comme rapiñe, fastiddi sessuali e aggrescion, e ascì un ordine europeo d’allontanamento pe ëse stæto trovou con un cotello.",passæ,ADJ,ADJ
"O l’aiva un muggio de crimini passæ comme rapiñe, fastiddi sessuali e aggrescion, e ascì un ordine europeo d’allontanamento pe ëse stæto trovou con un cotello.",comme,ADJ,ADJ
"O l’aiva un muggio de crimini passæ comme rapiñe, fastiddi sessuali e aggrescion, e ascì un ordine europeo d’allontanamento pe ëse stæto trovou con un cotello.",rapiñe,PROPN,NOUN
"O l’aiva un muggio de crimini passæ comme rapiñe, fastiddi sessuali e aggrescion, e ascì un ordine europeo d’allontanamento pe ëse stæto trovou con un cotello.",",",PUNCT,PUNCT
"O l’aiva un muggio de crimini passæ comme rapiñe, fastiddi sessuali e aggrescion, e ascì un ordine europeo d’allontanamento pe ëse stæto trovou con un cotello.",fastiddi,PROPN,NOUN
"O l’aiva un muggio de crimini passæ comme rapiñe, fastiddi sessuali e aggrescion, e ascì un ordine europeo d’allontanamento pe ëse stæto trovou con un cotello.",sessuali,ADJ,ADJ
"O l’aiva un muggio de crimini passæ comme rapiñe, fastiddi sessuali e aggrescion, e ascì un ordine europeo d’allontanamento pe ëse stæto trovou con un cotello.",e,CCONJ,FUNC
"O l’aiva un muggio de crimini passæ comme rapiñe, fastiddi sessuali e aggrescion, e ascì un ordine europeo d’allontanamento pe ëse stæto trovou con un cotello.",aggrescion,ADJ,ADJ
"O l’aiva un muggio de crimini passæ comme rapiñe, fastiddi sessuali e aggrescion, e ascì un ordine europeo d’allontanamento pe ëse stæto trovou con un cotello.",",",PUNCT,PUNCT
"O l’aiva un muggio de crimini passæ comme rapiñe, fastiddi sessuali e aggrescion, e ascì un ordine europeo d’allontanamento pe ëse stæto trovou con un cotello.",e,CCONJ,FUNC
"O l’aiva un muggio de crimini passæ comme rapiñe, fastiddi sessuali e aggrescion, e ascì un ordine europeo d’allontanamento pe ëse stæto trovou con un cotello.",ascì,VERB,VERB
"O l’aiva un muggio de crimini passæ comme rapiñe, fastiddi sessuali e aggrescion, e ascì un ordine europeo d’allontanamento pe ëse stæto trovou con un cotello.",un,ADV,ADV
"O l’aiva un muggio de crimini passæ comme rapiñe, fastiddi sessuali e aggrescion, e ascì un ordine europeo d’allontanamento pe ëse stæto trovou con un cotello.",ordine,VERB,VERB
"O l’aiva un muggio de crimini passæ comme rapiñe, fastiddi sessuali e aggrescion, e ascì un ordine europeo d’allontanamento pe ëse stæto trovou con un cotello.",europeo,VERB,VERB
"O l’aiva un muggio de crimini passæ comme rapiñe, fastiddi sessuali e aggrescion, e ascì un ordine europeo d’allontanamento pe ëse stæto trovou con un cotello.",d’allontanamento,NOUN,NOUN
"O l’aiva un muggio de crimini passæ comme rapiñe, fastiddi sessuali e aggrescion, e ascì un ordine europeo d’allontanamento pe ëse stæto trovou con un cotello.",pe,ADP,FUNC
"O l’aiva un muggio de crimini passæ comme rapiñe, fastiddi sessuali e aggrescion, e ascì un ordine europeo d’allontanamento pe ëse stæto trovou con un cotello.",ëse,PROPN,NOUN
"O l’aiva un muggio de crimini passæ comme rapiñe, fastiddi sessuali e aggrescion, e ascì un ordine europeo d’allontanamento pe ëse stæto trovou con un cotello.",stæto,PROPN,NOUN
"O l’aiva un muggio de crimini passæ comme rapiñe, fastiddi sessuali e aggrescion, e ascì un ordine europeo d’allontanamento pe ëse stæto trovou con un cotello.",trovou,VERB,VERB
"O l’aiva un muggio de crimini passæ comme rapiñe, fastiddi sessuali e aggrescion, e ascì un ordine europeo d’allontanamento pe ëse stæto trovou con un cotello.",con,PROPN,NOUN
"O l’aiva un muggio de crimini passæ comme rapiñe, fastiddi sessuali e aggrescion, e ascì un ordine europeo d’allontanamento pe ëse stæto trovou con un cotello.",un,NUM,ADJ
"O l’aiva un muggio de crimini passæ comme rapiñe, fastiddi sessuali e aggrescion, e ascì un ordine europeo d’allontanamento pe ëse stæto trovou con un cotello.",cotello,VERB,VERB
"O l’aiva un muggio de crimini passæ comme rapiñe, fastiddi sessuali e aggrescion, e ascì un ordine europeo d’allontanamento pe ëse stæto trovou con un cotello.",.,PUNCT,PUNCT
A-i 30 de dexembre ghe l’aivan sexio à Pavia.,A-i,PROPN,NOUN
A-i 30 de dexembre ghe l’aivan sexio à Pavia.,30,NUM,ADJ
A-i 30 de dexembre ghe l’aivan sexio à Pavia.,de,ADP,FUNC
A-i 30 de dexembre ghe l’aivan sexio à Pavia.,dexembre,NOUN,NOUN
A-i 30 de dexembre ghe l’aivan sexio à Pavia.,ghe,PROPN,NOUN
A-i 30 de dexembre ghe l’aivan sexio à Pavia.,l’aivan,PROPN,NOUN
A-i 30 de dexembre ghe l’aivan sexio à Pavia.,sexio,PROPN,NOUN
A-i 30 de dexembre ghe l’aivan sexio à Pavia.,à,ADP,FUNC
A-i 30 de dexembre ghe l’aivan sexio à Pavia.,Pavia,PROPN,NOUN
A-i 30 de dexembre ghe l’aivan sexio à Pavia.,.,PUNCT,PUNCT
À Udine o l’aiva devastou un supermercou.,À,PROPN,NOUN
À Udine o l’aiva devastou un supermercou.,Udine,PROPN,NOUN
À Udine o l’aiva devastou un supermercou.,o,DET,PRON
À Udine o l’aiva devastou un supermercou.,l’aiva,NOUN,NOUN
À Udine o l’aiva devastou un supermercou.,devastou,VERB,VERB
À Udine o l’aiva devastou un supermercou.,un,PROPN,NOUN
À Udine o l’aiva devastou un supermercou.,supermercou,VERB,VERB
À Udine o l’aiva devastou un supermercou.,.,PUNCT,PUNCT
Milan a se conferma a çittæ italiaña co-o costo da vitta ciù erto anche do 2025.,Milan,PROPN,NOUN
Milan a se conferma a çittæ italiaña co-o costo da vitta ciù erto anche do 2025.,a,SCONJ,FUNC
Milan a se conferma a çittæ italiaña co-o costo da vitta ciù erto anche do 2025.,se,PRON,PRON
Milan a se conferma a çittæ italiaña co-o costo da vitta ciù erto anche do 2025.,conferma,VERB,VERB
Milan a se conferma a çittæ italiaña co-o costo da vitta ciù erto anche do 2025.,a,DET,PRON
Milan a se conferma a çittæ italiaña co-o costo da vitta ciù erto anche do 2025.,çittæ,NOUN,NOUN
Milan a se conferma a çittæ italiaña co-o costo da vitta ciù erto anche do 2025.,italiaña,NOUN,NOUN
Milan a se conferma a çittæ italiaña co-o costo da vitta ciù erto anche do 2025.,co-o,PROPN,NOUN
Milan a se conferma a çittæ italiaña co-o costo da vitta ciù erto anche do 2025.,costo,ADJ,ADJ
Milan a se conferma a çittæ italiaña co-o costo da vitta ciù erto anche do 2025.,da,ADP,FUNC
Milan a se conferma a çittæ italiaña co-o costo da vitta ciù erto anche do 2025.,vitta,PROPN,NOUN
Milan a se conferma a çittæ italiaña co-o costo da vitta ciù erto anche do 2025.,ciù,NOUN,NOUN
Milan a se conferma a çittæ italiaña co-o costo da vitta ciù erto anche do 2025.,erto,ADJ,ADJ
Milan a se conferma a çittæ italiaña co-o costo da vitta ciù erto anche do 2025.,anche,VERB,VERB
Milan a se conferma a çittæ italiaña co-o costo da vitta ciù erto anche do 2025.,do,ADP,FUNC
Milan a se conferma a çittæ italiaña co-o costo da vitta ciù erto anche do 2025.,2025,NUM,ADJ
Milan a se conferma a çittæ italiaña co-o costo da vitta ciù erto anche do 2025.,.,PUNCT,PUNCT
"Quella ciù à bon patto a l’é Napoli, ma se s’ammia solo a-a speisa pe-o mangiâ convegnieiva stâ à Catanzaro ciufito che à Bolsan, a ciù caa da sto ponto de vista.",Quella,NOUN,NOUN
"Quella ciù à bon patto a l’é Napoli, ma se s’ammia solo a-a speisa pe-o mangiâ convegnieiva stâ à Catanzaro ciufito che à Bolsan, a ciù caa da sto ponto de vista.",ciù,VERB,VERB
"Quella ciù à bon patto a l’é Napoli, ma se s’ammia solo a-a speisa pe-o mangiâ convegnieiva stâ à Catanzaro ciufito che à Bolsan, a ciù caa da sto ponto de vista.",à,ADP,FUNC
"Quella ciù à bon patto a l’é Napoli, ma se s’ammia solo a-a speisa pe-o mangiâ convegnieiva stâ à Catanzaro ciufito che à Bolsan, a ciù caa da sto ponto de vista.",bon,ADP,FUNC
"Quella ciù à bon patto a l’é Napoli, ma se s’ammia solo a-a speisa pe-o mangiâ convegnieiva stâ à Catanzaro ciufito che à Bolsan, a ciù caa da sto ponto de vista.",patto,NOUN,NOUN
"Quella ciù à bon patto a l’é Napoli, ma se s’ammia solo a-a speisa pe-o mangiâ convegnieiva stâ à Catanzaro ciufito che à Bolsan, a ciù caa da sto ponto de vista.",a,ADP,FUNC
"Quella ciù à bon patto a l’é Napoli, ma se s’ammia solo a-a speisa pe-o mangiâ convegnieiva stâ à Catanzaro ciufito che à Bolsan, a ciù caa da sto ponto de vista.",l’é,PROPN,NOUN
"Quella ciù à bon patto a l’é Napoli, ma se s’ammia solo a-a speisa pe-o mangiâ convegnieiva stâ à Catanzaro ciufito che à Bolsan, a ciù caa da sto ponto de vista.",Napoli,PROPN,NOUN
"Quella ciù à bon patto a l’é Napoli, ma se s’ammia solo a-a speisa pe-o mangiâ convegnieiva stâ à Catanzaro ciufito che à Bolsan, a ciù caa da sto ponto de vista.",",",PUNCT,PUNCT
"Quella ciù à bon patto a l’é Napoli, ma se s’ammia solo a-a speisa pe-o mangiâ convegnieiva stâ à Catanzaro ciufito che à Bolsan, a ciù caa da sto ponto de vista.",ma,SCONJ,FUNC
"Quella ciù à bon patto a l’é Napoli, ma se s’ammia solo a-a speisa pe-o mangiâ convegnieiva stâ à Catanzaro ciufito che à Bolsan, a ciù caa da sto ponto de vista.",se,PRON,PRON
"Quella ciù à bon patto a l’é Napoli, ma se s’ammia solo a-a speisa pe-o mangiâ convegnieiva stâ à Catanzaro ciufito che à Bolsan, a ciù caa da sto ponto de vista.",s’ammia,VERB,VERB
"Quella ciù à bon patto a l’é Napoli, ma se s’ammia solo a-a speisa pe-o mangiâ convegnieiva stâ à Catanzaro ciufito che à Bolsan, a ciù caa da sto ponto de vista.",solo,NOUN,NOUN
"Quella ciù à bon patto a l’é Napoli, ma se s’ammia solo a-a speisa pe-o mangiâ convegnieiva stâ à Catanzaro ciufito che à Bolsan, a ciù caa da sto ponto de vista.",a-a,VERB,VERB
"Quella ciù à bon patto a l’é Napoli, ma se s’ammia solo a-a speisa pe-o mangiâ convegnieiva stâ à Catanzaro ciufito che à Bolsan, a ciù caa da sto ponto de vista.",speisa,NOUN,NOUN
"Quella ciù à bon patto a l’é Napoli, ma se s’ammia solo a-a speisa pe-o mangiâ convegnieiva stâ à Catanzaro ciufito che à Bolsan, a ciù caa da sto ponto de vista.",pe-o,VERB,VERB
"Quella ciù à bon patto a l’é Napoli, ma se s’ammia solo a-a speisa pe-o mangiâ convegnieiva stâ à Catanzaro ciufito che à Bolsan, a ciù caa da sto ponto de vista.",mangiâ,NOUN,NOUN
"Quella ciù à bon patto a l’é Napoli, ma se s’ammia solo a-a speisa pe-o mangiâ convegnieiva stâ à Catanzaro ciufito che à Bolsan, a ciù caa da sto ponto de vista.",convegnieiva,ADJ,ADJ
"Quella ciù à bon patto a l’é Napoli, ma se s’ammia solo a-a speisa pe-o mangiâ convegnieiva stâ à Catanzaro ciufito che à Bolsan, a ciù caa da sto ponto de vista.",stâ,ADV,ADV
"Quella ciù à bon patto a l’é Napoli, ma se s’ammia solo a-a speisa pe-o mangiâ convegnieiva stâ à Catanzaro ciufito che à Bolsan, a ciù caa da sto ponto de vista.",à,ADP,FUNC
"Quella ciù à bon patto a l’é Napoli, ma se s’ammia solo a-a speisa pe-o mangiâ convegnieiva stâ à Catanzaro ciufito che à Bolsan, a ciù caa da sto ponto de vista.",Catanzaro,PROPN,NOUN
"Quella ciù à bon patto a l’é Napoli, ma se s’ammia solo a-a speisa pe-o mangiâ convegnieiva stâ à Catanzaro ciufito che à Bolsan, a ciù caa da sto ponto de vista.",ciufito,VERB,VERB
"Quella ciù à bon patto a l’é Napoli, ma se s’ammia solo a-a speisa pe-o mangiâ convegnieiva stâ à Catanzaro ciufito che à Bolsan, a ciù caa da sto ponto de vista.",che,VERB,VERB
"Quella ciù à bon patto a l’é Napoli, ma se s’ammia solo a-a speisa pe-o mangiâ convegnieiva stâ à Catanzaro ciufito che à Bolsan, a ciù caa da sto ponto de vista.",à,ADP,FUNC
"Quella ciù à bon patto a l’é Napoli, ma se s’ammia solo a-a speisa pe-o mangiâ convegnieiva stâ à Catanzaro ciufito che à Bolsan, a ciù caa da sto ponto de vista.",Bolsan,PROPN,NOUN
"Quella ciù à bon patto a l’é Napoli, ma se s’ammia solo a-a speisa pe-o mangiâ convegnieiva stâ à Catanzaro ciufito che à Bolsan, a ciù caa da sto ponto de vista.",",",PUNCT,PUNCT
"Quella ciù à bon patto a l’é Napoli, ma se s’ammia solo a-a speisa pe-o mangiâ convegnieiva stâ à Catanzaro ciufito che à Bolsan, a ciù caa da sto ponto de vista.",a,DET,PRON
"Quella ciù à bon patto a l’é Napoli, ma se s’ammia solo a-a speisa pe-o mangiâ convegnieiva stâ à Catanzaro ciufito che à Bolsan, a ciù caa da sto ponto de vista.",ciù,NOUN,NOUN
"Quella ciù à bon patto a l’é Napoli, ma se s’ammia solo a-a speisa pe-o mangiâ convegnieiva stâ à Catanzaro ciufito che à Bolsan, a ciù caa da sto ponto de vista.",caa,VERB,VERB
"Quella ciù à bon patto a l’é Napoli, ma se s’ammia solo a-a speisa pe-o mangiâ convegnieiva stâ à Catanzaro ciufito che à Bolsan, a ciù caa da sto ponto de vista.",da,ADP,FUNC
"Quella ciù à bon patto a l’é Napoli, ma se s’ammia solo a-a speisa pe-o mangiâ convegnieiva stâ à Catanzaro ciufito che à Bolsan, a ciù caa da sto ponto de vista.",sto,ADJ,ADJ
"Quella ciù à bon patto a l’é Napoli, ma se s’ammia solo a-a speisa pe-o mangiâ convegnieiva stâ à Catanzaro ciufito che à Bolsan, a ciù caa da sto ponto de vista.",ponto,NOUN,NOUN
"Quella ciù à bon patto a l’é Napoli, ma se s’ammia solo a-a speisa pe-o mangiâ convegnieiva stâ à Catanzaro ciufito che à Bolsan, a ciù caa da sto ponto de vista.",de,ADP,FUNC
"Quella ciù à bon patto a l’é Napoli, ma se s’ammia solo a-a speisa pe-o mangiâ convegnieiva stâ à Catanzaro ciufito che à Bolsan, a ciù caa da sto ponto de vista.",vista,NOUN,NOUN
"Quella ciù à bon patto a l’é Napoli, ma se s’ammia solo a-a speisa pe-o mangiâ convegnieiva stâ à Catanzaro ciufito che à Bolsan, a ciù caa da sto ponto de vista.",.,PUNCT,PUNCT
A clascifica a sata feua da un studio do Codacons basou in scî dæti de l’Osservatöio di prexi do ministëio de Impreise.,A,DET,PRON
A clascifica a sata feua da un studio do Codacons basou in scî dæti de l’Osservatöio di prexi do ministëio de Impreise.,clascifica,NOUN,NOUN
A clascifica a sata feua da un studio do Codacons basou in scî dæti de l’Osservatöio di prexi do ministëio de Impreise.,a,DET,PRON
A clascifica a sata feua da un studio do Codacons basou in scî dæti de l’Osservatöio di prexi do ministëio de Impreise.,sata,ADJ,ADJ
A clascifica a sata feua da un studio do Codacons basou in scî dæti de l’Osservatöio di prexi do ministëio de Impreise.,feua,NOUN,NOUN
A clascifica a sata feua da un studio do Codacons basou in scî dæti de l’Osservatöio di prexi do ministëio de Impreise.,da,ADP,FUNC
A clascifica a sata feua da un studio do Codacons basou in scî dæti de l’Osservatöio di prexi do ministëio de Impreise.,un,PROPN,NOUN
A clascifica a sata feua da un studio do Codacons basou in scî dæti de l’Osservatöio di prexi do ministëio de Impreise.,studio,ADJ,ADJ
A clascifica a sata feua da un studio do Codacons basou in scî dæti de l’Osservatöio di prexi do ministëio de Impreise.,do,ADP,FUNC
A clascifica a sata feua da un studio do Codacons basou in scî dæti de l’Osservatöio di prexi do ministëio de Impreise.,Codacons,PROPN,NOUN
A clascifica a sata feua da un studio do Codacons basou in scî dæti de l’Osservatöio di prexi do ministëio de Impreise.,basou,VERB,VERB
A clascifica a sata feua da un studio do Codacons basou in scî dæti de l’Osservatöio di prexi do ministëio de Impreise.,in,X,OTHER
A clascifica a sata feua da un studio do Codacons basou in scî dæti de l’Osservatöio di prexi do ministëio de Impreise.,scî,ADP,FUNC
A clascifica a sata feua da un studio do Codacons basou in scî dæti de l’Osservatöio di prexi do ministëio de Impreise.,dæti,NOUN,NOUN
A clascifica a sata feua da un studio do Codacons basou in scî dæti de l’Osservatöio di prexi do ministëio de Impreise.,de,ADP,FUNC
A clascifica a sata feua da un studio do Codacons basou in scî dæti de l’Osservatöio di prexi do ministëio de Impreise.,l’Osservatöio,PROPN,NOUN
A clascifica a sata feua da un studio do Codacons basou in scî dæti de l’Osservatöio di prexi do ministëio de Impreise.,di,PROPN,NOUN
A clascifica a sata feua da un studio do Codacons basou in scî dæti de l’Osservatöio di prexi do ministëio de Impreise.,prexi,PROPN,NOUN
A clascifica a sata feua da un studio do Codacons basou in scî dæti de l’Osservatöio di prexi do ministëio de Impreise.,do,ADP,FUNC
A clascifica a sata feua da un studio do Codacons basou in scî dæti de l’Osservatöio di prexi do ministëio de Impreise.,ministëio,PROPN,NOUN
A clascifica a sata feua da un studio do Codacons basou in scî dæti de l’Osservatöio di prexi do ministëio de Impreise.,de,ADP,FUNC
A clascifica a sata feua da un studio do Codacons basou in scî dæti de l’Osservatöio di prexi do ministëio de Impreise.,Impreise,PROPN,NOUN
A clascifica a sata feua da un studio do Codacons basou in scî dæti de l’Osservatöio di prexi do ministëio de Impreise.,.,PUNCT,PUNCT
"Piggiando un panê compòsto da fruta e verdua, alimentari e serviçi comme o dentista, o perrucchê ò a tenzaia, à Milan se spende squæxi 600 euro, o 62% in ciù che à Napoli pe-o mæximo panê.",Piggiando,VERB,VERB
"Piggiando un panê compòsto da fruta e verdua, alimentari e serviçi comme o dentista, o perrucchê ò a tenzaia, à Milan se spende squæxi 600 euro, o 62% in ciù che à Napoli pe-o mæximo panê.",un,PROPN,NOUN
"Piggiando un panê compòsto da fruta e verdua, alimentari e serviçi comme o dentista, o perrucchê ò a tenzaia, à Milan se spende squæxi 600 euro, o 62% in ciù che à Napoli pe-o mæximo panê.",panê,VERB,VERB
"Piggiando un panê compòsto da fruta e verdua, alimentari e serviçi comme o dentista, o perrucchê ò a tenzaia, à Milan se spende squæxi 600 euro, o 62% in ciù che à Napoli pe-o mæximo panê.",compòsto,NOUN,NOUN
"Piggiando un panê compòsto da fruta e verdua, alimentari e serviçi comme o dentista, o perrucchê ò a tenzaia, à Milan se spende squæxi 600 euro, o 62% in ciù che à Napoli pe-o mæximo panê.",da,ADP,FUNC
"Piggiando un panê compòsto da fruta e verdua, alimentari e serviçi comme o dentista, o perrucchê ò a tenzaia, à Milan se spende squæxi 600 euro, o 62% in ciù che à Napoli pe-o mæximo panê.",fruta,NOUN,NOUN
"Piggiando un panê compòsto da fruta e verdua, alimentari e serviçi comme o dentista, o perrucchê ò a tenzaia, à Milan se spende squæxi 600 euro, o 62% in ciù che à Napoli pe-o mæximo panê.",e,CCONJ,FUNC
"Piggiando un panê compòsto da fruta e verdua, alimentari e serviçi comme o dentista, o perrucchê ò a tenzaia, à Milan se spende squæxi 600 euro, o 62% in ciù che à Napoli pe-o mæximo panê.",verdua,NOUN,NOUN
"Piggiando un panê compòsto da fruta e verdua, alimentari e serviçi comme o dentista, o perrucchê ò a tenzaia, à Milan se spende squæxi 600 euro, o 62% in ciù che à Napoli pe-o mæximo panê.",",",PUNCT,PUNCT
"Piggiando un panê compòsto da fruta e verdua, alimentari e serviçi comme o dentista, o perrucchê ò a tenzaia, à Milan se spende squæxi 600 euro, o 62% in ciù che à Napoli pe-o mæximo panê.",alimentari,VERB,VERB
"Piggiando un panê compòsto da fruta e verdua, alimentari e serviçi comme o dentista, o perrucchê ò a tenzaia, à Milan se spende squæxi 600 euro, o 62% in ciù che à Napoli pe-o mæximo panê.",e,CCONJ,FUNC
"Piggiando un panê compòsto da fruta e verdua, alimentari e serviçi comme o dentista, o perrucchê ò a tenzaia, à Milan se spende squæxi 600 euro, o 62% in ciù che à Napoli pe-o mæximo panê.",serviçi,VERB,VERB
"Piggiando un panê compòsto da fruta e verdua, alimentari e serviçi comme o dentista, o perrucchê ò a tenzaia, à Milan se spende squæxi 600 euro, o 62% in ciù che à Napoli pe-o mæximo panê.",comme,VERB,VERB
"Piggiando un panê compòsto da fruta e verdua, alimentari e serviçi comme o dentista, o perrucchê ò a tenzaia, à Milan se spende squæxi 600 euro, o 62% in ciù che à Napoli pe-o mæximo panê.",o,DET,PRON
"Piggiando un panê compòsto da fruta e verdua, alimentari e serviçi comme o dentista, o perrucchê ò a tenzaia, à Milan se spende squæxi 600 euro, o 62% in ciù che à Napoli pe-o mæximo panê.",dentista,NOUN,NOUN
"Piggiando un panê compòsto da fruta e verdua, alimentari e serviçi comme o dentista, o perrucchê ò a tenzaia, à Milan se spende squæxi 600 euro, o 62% in ciù che à Napoli pe-o mæximo panê.",",",PUNCT,PUNCT
"Piggiando un panê compòsto da fruta e verdua, alimentari e serviçi comme o dentista, o perrucchê ò a tenzaia, à Milan se spende squæxi 600 euro, o 62% in ciù che à Napoli pe-o mæximo panê.",o,DET,PRON
"Piggiando un panê compòsto da fruta e verdua, alimentari e serviçi comme o dentista, o perrucchê ò a tenzaia, à Milan se spende squæxi 600 euro, o 62% in ciù che à Napoli pe-o mæximo panê.",perrucchê,NOUN,NOUN
"Piggiando un panê compòsto da fruta e verdua, alimentari e serviçi comme o dentista, o perrucchê ò a tenzaia, à Milan se spende squæxi 600 euro, o 62% in ciù che à Napoli pe-o mæximo panê.",ò,NOUN,NOUN
"Piggiando un panê compòsto da fruta e verdua, alimentari e serviçi comme o dentista, o perrucchê ò a tenzaia, à Milan se spende squæxi 600 euro, o 62% in ciù che à Napoli pe-o mæximo panê.",a,DET,PRON
"Piggiando un panê compòsto da fruta e verdua, alimentari e serviçi comme o dentista, o perrucchê ò a tenzaia, à Milan se spende squæxi 600 euro, o 62% in ciù che à Napoli pe-o mæximo panê.",tenzaia,NOUN,NOUN
"Piggiando un panê compòsto da fruta e verdua, alimentari e serviçi comme o dentista, o perrucchê ò a tenzaia, à Milan se spende squæxi 600 euro, o 62% in ciù che à Napoli pe-o mæximo panê.",",",PUNCT,PUNCT
"Piggiando un panê compòsto da fruta e verdua, alimentari e serviçi comme o dentista, o perrucchê ò a tenzaia, à Milan se spende squæxi 600 euro, o 62% in ciù che à Napoli pe-o mæximo panê.",à,ADP,FUNC
"Piggiando un panê compòsto da fruta e verdua, alimentari e serviçi comme o dentista, o perrucchê ò a tenzaia, à Milan se spende squæxi 600 euro, o 62% in ciù che à Napoli pe-o mæximo panê.",Milan,PROPN,NOUN
"Piggiando un panê compòsto da fruta e verdua, alimentari e serviçi comme o dentista, o perrucchê ò a tenzaia, à Milan se spende squæxi 600 euro, o 62% in ciù che à Napoli pe-o mæximo panê.",se,SCONJ,FUNC
"Piggiando un panê compòsto da fruta e verdua, alimentari e serviçi comme o dentista, o perrucchê ò a tenzaia, à Milan se spende squæxi 600 euro, o 62% in ciù che à Napoli pe-o mæximo panê.",spende,VERB,VERB
"Piggiando un panê compòsto da fruta e verdua, alimentari e serviçi comme o dentista, o perrucchê ò a tenzaia, à Milan se spende squæxi 600 euro, o 62% in ciù che à Napoli pe-o mæximo panê.",squæxi,ADJ,ADJ
"Piggiando un panê compòsto da fruta e verdua, alimentari e serviçi comme o dentista, o perrucchê ò a tenzaia, à Milan se spende squæxi 600 euro, o 62% in ciù che à Napoli pe-o mæximo panê.",600,NUM,ADJ
"Piggiando un panê compòsto da fruta e verdua, alimentari e serviçi comme o dentista, o perrucchê ò a tenzaia, à Milan se spende squæxi 600 euro, o 62% in ciù che à Napoli pe-o mæximo panê.",euro,NOUN,NOUN
"Piggiando un panê compòsto da fruta e verdua, alimentari e serviçi comme o dentista, o perrucchê ò a tenzaia, à Milan se spende squæxi 600 euro, o 62% in ciù che à Napoli pe-o mæximo panê.",",",PUNCT,PUNCT
"Piggiando un panê compòsto da fruta e verdua, alimentari e serviçi comme o dentista, o perrucchê ò a tenzaia, à Milan se spende squæxi 600 euro, o 62% in ciù che à Napoli pe-o mæximo panê.",o,DET,PRON
"Piggiando un panê compòsto da fruta e verdua, alimentari e serviçi comme o dentista, o perrucchê ò a tenzaia, à Milan se spende squæxi 600 euro, o 62% in ciù che à Napoli pe-o mæximo panê.",62,NUM,ADJ
"Piggiando un panê compòsto da fruta e verdua, alimentari e serviçi comme o dentista, o perrucchê ò a tenzaia, à Milan se spende squæxi 600 euro, o 62% in ciù che à Napoli pe-o mæximo panê.",%,SYM,OTHER
"Piggiando un panê compòsto da fruta e verdua, alimentari e serviçi comme o dentista, o perrucchê ò a tenzaia, à Milan se spende squæxi 600 euro, o 62% in ciù che à Napoli pe-o mæximo panê.",in,ADJ,ADJ
"Piggiando un panê compòsto da fruta e verdua, alimentari e serviçi comme o dentista, o perrucchê ò a tenzaia, à Milan se spende squæxi 600 euro, o 62% in ciù che à Napoli pe-o mæximo panê.",ciù,NOUN,NOUN
"Piggiando un panê compòsto da fruta e verdua, alimentari e serviçi comme o dentista, o perrucchê ò a tenzaia, à Milan se spende squæxi 600 euro, o 62% in ciù che à Napoli pe-o mæximo panê.",che,VERB,VERB
"Piggiando un panê compòsto da fruta e verdua, alimentari e serviçi comme o dentista, o perrucchê ò a tenzaia, à Milan se spende squæxi 600 euro, o 62% in ciù che à Napoli pe-o mæximo panê.",à,ADP,FUNC
"Piggiando un panê compòsto da fruta e verdua, alimentari e serviçi comme o dentista, o perrucchê ò a tenzaia, à Milan se spende squæxi 600 euro, o 62% in ciù che à Napoli pe-o mæximo panê.",Napoli,PROPN,NOUN
"Piggiando un panê compòsto da fruta e verdua, alimentari e serviçi comme o dentista, o perrucchê ò a tenzaia, à Milan se spende squæxi 600 euro, o 62% in ciù che à Napoli pe-o mæximo panê.",pe-o,ADJ,ADJ
"Piggiando un panê compòsto da fruta e verdua, alimentari e serviçi comme o dentista, o perrucchê ò a tenzaia, à Milan se spende squæxi 600 euro, o 62% in ciù che à Napoli pe-o mæximo panê.",mæximo,NOUN,NOUN
"Piggiando un panê compòsto da fruta e verdua, alimentari e serviçi comme o dentista, o perrucchê ò a tenzaia, à Milan se spende squæxi 600 euro, o 62% in ciù che à Napoli pe-o mæximo panê.",panê,ADJ,ADJ
"Piggiando un panê compòsto da fruta e verdua, alimentari e serviçi comme o dentista, o perrucchê ò a tenzaia, à Milan se spende squæxi 600 euro, o 62% in ciù che à Napoli pe-o mæximo panê.",.,PUNCT,PUNCT
In sciô pòdio de çittæ ciù caistriose gh’é Aòsta e Bolsan ascì.,In,PROPN,NOUN
In sciô pòdio de çittæ ciù caistriose gh’é Aòsta e Bolsan ascì.,sciô,VERB,VERB
In sciô pòdio de çittæ ciù caistriose gh’é Aòsta e Bolsan ascì.,pòdio,NOUN,NOUN
In sciô pòdio de çittæ ciù caistriose gh’é Aòsta e Bolsan ascì.,de,ADP,FUNC
In sciô pòdio de çittæ ciù caistriose gh’é Aòsta e Bolsan ascì.,çittæ,NOUN,NOUN
In sciô pòdio de çittæ ciù caistriose gh’é Aòsta e Bolsan ascì.,ciù,ADP,FUNC
In sciô pòdio de çittæ ciù caistriose gh’é Aòsta e Bolsan ascì.,caistriose,NOUN,NOUN
In sciô pòdio de çittæ ciù caistriose gh’é Aòsta e Bolsan ascì.,gh’é,PROPN,NOUN
In sciô pòdio de çittæ ciù caistriose gh’é Aòsta e Bolsan ascì.,Aòsta,PROPN,NOUN
In sciô pòdio de çittæ ciù caistriose gh’é Aòsta e Bolsan ascì.,e,CCONJ,FUNC
In sciô pòdio de çittæ ciù caistriose gh’é Aòsta e Bolsan ascì.,Bolsan,PROPN,NOUN
In sciô pòdio de çittæ ciù caistriose gh’é Aòsta e Bolsan ascì.,ascì,PROPN,NOUN
In sciô pòdio de çittæ ciù caistriose gh’é Aòsta e Bolsan ascì.,.,PUNCT,PUNCT
Inta neutte tra i 2 e i 3 de zenâ i Stati Unii an attaccou o Venezuela e an acciappou o prescidente Nicolas Moduro co-a moggê tanto che dormivan.,Inta,ADJ,ADJ
Inta neutte tra i 2 e i 3 de zenâ i Stati Unii an attaccou o Venezuela e an acciappou o prescidente Nicolas Moduro co-a moggê tanto che dormivan.,neutte,NOUN,NOUN
Inta neutte tra i 2 e i 3 de zenâ i Stati Unii an attaccou o Venezuela e an acciappou o prescidente Nicolas Moduro co-a moggê tanto che dormivan.,tra,PROPN,NOUN
Inta neutte tra i 2 e i 3 de zenâ i Stati Unii an attaccou o Venezuela e an acciappou o prescidente Nicolas Moduro co-a moggê tanto che dormivan.,i,PROPN,NOUN
Inta neutte tra i 2 e i 3 de zenâ i Stati Unii an attaccou o Venezuela e an acciappou o prescidente Nicolas Moduro co-a moggê tanto che dormivan.,2,NUM,ADJ
Inta neutte tra i 2 e i 3 de zenâ i Stati Unii an attaccou o Venezuela e an acciappou o prescidente Nicolas Moduro co-a moggê tanto che dormivan.,e,CCONJ,FUNC
Inta neutte tra i 2 e i 3 de zenâ i Stati Unii an attaccou o Venezuela e an acciappou o prescidente Nicolas Moduro co-a moggê tanto che dormivan.,i,PROPN,NOUN
Inta neutte tra i 2 e i 3 de zenâ i Stati Unii an attaccou o Venezuela e an acciappou o prescidente Nicolas Moduro co-a moggê tanto che dormivan.,3,PROPN,NOUN
Inta neutte tra i 2 e i 3 de zenâ i Stati Unii an attaccou o Venezuela e an acciappou o prescidente Nicolas Moduro co-a moggê tanto che dormivan.,de,ADP,FUNC
Inta neutte tra i 2 e i 3 de zenâ i Stati Unii an attaccou o Venezuela e an acciappou o prescidente Nicolas Moduro co-a moggê tanto che dormivan.,zenâ,PROPN,NOUN
Inta neutte tra i 2 e i 3 de zenâ i Stati Unii an attaccou o Venezuela e an acciappou o prescidente Nicolas Moduro co-a moggê tanto che dormivan.,i,PROPN,NOUN
Inta neutte tra i 2 e i 3 de zenâ i Stati Unii an attaccou o Venezuela e an acciappou o prescidente Nicolas Moduro co-a moggê tanto che dormivan.,Stati,PROPN,NOUN
Inta neutte tra i 2 e i 3 de zenâ i Stati Unii an attaccou o Venezuela e an acciappou o prescidente Nicolas Moduro co-a moggê tanto che dormivan.,Unii,PROPN,NOUN
Inta neutte tra i 2 e i 3 de zenâ i Stati Unii an attaccou o Venezuela e an acciappou o prescidente Nicolas Moduro co-a moggê tanto che dormivan.,an,SCONJ,FUNC
Inta neutte tra i 2 e i 3 de zenâ i Stati Unii an attaccou o Venezuela e an acciappou o prescidente Nicolas Moduro co-a moggê tanto che dormivan.,attaccou,VERB,VERB
Inta neutte tra i 2 e i 3 de zenâ i Stati Unii an attaccou o Venezuela e an acciappou o prescidente Nicolas Moduro co-a moggê tanto che dormivan.,o,DET,PRON
Inta neutte tra i 2 e i 3 de zenâ i Stati Unii an attaccou o Venezuela e an acciappou o prescidente Nicolas Moduro co-a moggê tanto che dormivan.,Venezuela,PROPN,NOUN
Inta neutte tra i 2 e i 3 de zenâ i Stati Unii an attaccou o Venezuela e an acciappou o prescidente Nicolas Moduro co-a moggê tanto che dormivan.,e,CCONJ,FUNC
Inta neutte tra i 2 e i 3 de zenâ i Stati Unii an attaccou o Venezuela e an acciappou o prescidente Nicolas Moduro co-a moggê tanto che dormivan.,an,PROPN,NOUN
Inta neutte tra i 2 e i 3 de zenâ i Stati Unii an attaccou o Venezuela e an acciappou o prescidente Nicolas Moduro co-a moggê tanto che dormivan.,acciappou,VERB,VERB
Inta neutte tra i 2 e i 3 de zenâ i Stati Unii an attaccou o Venezuela e an acciappou o prescidente Nicolas Moduro co-a moggê tanto che dormivan.,o,DET,PRON
Inta neutte tra i 2 e i 3 de zenâ i Stati Unii an attaccou o Venezuela e an acciappou o prescidente Nicolas Moduro co-a moggê tanto che dormivan.,prescidente,ADJ,ADJ
Inta neutte tra i 2 e i 3 de zenâ i Stati Unii an attaccou o Venezuela e an acciappou o prescidente Nicolas Moduro co-a moggê tanto che dormivan.,Nicolas,PROPN,NOUN
Inta neutte tra i 2 e i 3 de zenâ i Stati Unii an attaccou o Venezuela e an acciappou o prescidente Nicolas Moduro co-a moggê tanto che dormivan.,Moduro,PROPN,NOUN
Inta neutte tra i 2 e i 3 de zenâ i Stati Unii an attaccou o Venezuela e an acciappou o prescidente Nicolas Moduro co-a moggê tanto che dormivan.,co-a,NOUN,NOUN
Inta neutte tra i 2 e i 3 de zenâ i Stati Unii an attaccou o Venezuela e an acciappou o prescidente Nicolas Moduro co-a moggê tanto che dormivan.,moggê,VERB,VERB
Inta neutte tra i 2 e i 3 de zenâ i Stati Unii an attaccou o Venezuela e an acciappou o prescidente Nicolas Moduro co-a moggê tanto che dormivan.,tanto,ADV,ADV
Inta neutte tra i 2 e i 3 de zenâ i Stati Unii an attaccou o Venezuela e an acciappou o prescidente Nicolas Moduro co-a moggê tanto che dormivan.,che,VERB,VERB
Inta neutte tra i 2 e i 3 de zenâ i Stati Unii an attaccou o Venezuela e an acciappou o prescidente Nicolas Moduro co-a moggê tanto che dormivan.,dormivan,VERB,VERB
Inta neutte tra i 2 e i 3 de zenâ i Stati Unii an attaccou o Venezuela e an acciappou o prescidente Nicolas Moduro co-a moggê tanto che dormivan.,.,PUNCT,PUNCT
Inte l’operaçion gh’é stæto a-o manco 80 mòrti tra militari e çivili.,Inte,ADJ,ADJ
Inte l’operaçion gh’é stæto a-o manco 80 mòrti tra militari e çivili.,l’operaçion,PROPN,NOUN
Inte l’operaçion gh’é stæto a-o manco 80 mòrti tra militari e çivili.,gh’é,PROPN,NOUN
Inte l’operaçion gh’é stæto a-o manco 80 mòrti tra militari e çivili.,stæto,PROPN,NOUN
Inte l’operaçion gh’é stæto a-o manco 80 mòrti tra militari e çivili.,a-o,VERB,VERB
Inte l’operaçion gh’é stæto a-o manco 80 mòrti tra militari e çivili.,manco,NOUN,NOUN
Inte l’operaçion gh’é stæto a-o manco 80 mòrti tra militari e çivili.,80,NUM,ADJ
Inte l’operaçion gh’é stæto a-o manco 80 mòrti tra militari e çivili.,mòrti,VERB,VERB
Inte l’operaçion gh’é stæto a-o manco 80 mòrti tra militari e çivili.,tra,PROPN,NOUN
Inte l’operaçion gh’é stæto a-o manco 80 mòrti tra militari e çivili.,militari,PROPN,NOUN
Inte l’operaçion gh’é stæto a-o manco 80 mòrti tra militari e çivili.,e,CCONJ,FUNC
Inte l’operaçion gh’é stæto a-o manco 80 mòrti tra militari e çivili.,çivili,NOUN,NOUN
Inte l’operaçion gh’é stæto a-o manco 80 mòrti tra militari e çivili.,.,PUNCT,PUNCT
"«Gestiemo o Paise fin a-a tranxiçion», o l’à dito o Trump, ch’o l’à annonçiou l’arrivo de compagnie do petròlio.",«,PUNCT,PUNCT
"«Gestiemo o Paise fin a-a tranxiçion», o l’à dito o Trump, ch’o l’à annonçiou l’arrivo de compagnie do petròlio.",Gestiemo,PROPN,NOUN
"«Gestiemo o Paise fin a-a tranxiçion», o l’à dito o Trump, ch’o l’à annonçiou l’arrivo de compagnie do petròlio.",o,DET,PRON
"«Gestiemo o Paise fin a-a tranxiçion», o l’à dito o Trump, ch’o l’à annonçiou l’arrivo de compagnie do petròlio.",Paise,PROPN,NOUN
"«Gestiemo o Paise fin a-a tranxiçion», o l’à dito o Trump, ch’o l’à annonçiou l’arrivo de compagnie do petròlio.",fin,PROPN,NOUN
"«Gestiemo o Paise fin a-a tranxiçion», o l’à dito o Trump, ch’o l’à annonçiou l’arrivo de compagnie do petròlio.",a-a,X,OTHER
"«Gestiemo o Paise fin a-a tranxiçion», o l’à dito o Trump, ch’o l’à annonçiou l’arrivo de compagnie do petròlio.",tranxiçion,PROPN,NOUN
"«Gestiemo o Paise fin a-a tranxiçion», o l’à dito o Trump, ch’o l’à annonçiou l’arrivo de compagnie do petròlio.",»,PUNCT,PUNCT
"«Gestiemo o Paise fin a-a tranxiçion», o l’à dito o Trump, ch’o l’à annonçiou l’arrivo de compagnie do petròlio.",",",PUNCT,PUNCT
"«Gestiemo o Paise fin a-a tranxiçion», o l’à dito o Trump, ch’o l’à annonçiou l’arrivo de compagnie do petròlio.",o,DET,PRON
"«Gestiemo o Paise fin a-a tranxiçion», o l’à dito o Trump, ch’o l’à annonçiou l’arrivo de compagnie do petròlio.",l’à,NOUN,NOUN
"«Gestiemo o Paise fin a-a tranxiçion», o l’à dito o Trump, ch’o l’à annonçiou l’arrivo de compagnie do petròlio.",dito,VERB,VERB
"«Gestiemo o Paise fin a-a tranxiçion», o l’à dito o Trump, ch’o l’à annonçiou l’arrivo de compagnie do petròlio.",o,DET,PRON
"«Gestiemo o Paise fin a-a tranxiçion», o l’à dito o Trump, ch’o l’à annonçiou l’arrivo de compagnie do petròlio.",Trump,PROPN,NOUN
"«Gestiemo o Paise fin a-a tranxiçion», o l’à dito o Trump, ch’o l’à annonçiou l’arrivo de compagnie do petròlio.",",",PUNCT,PUNCT
"«Gestiemo o Paise fin a-a tranxiçion», o l’à dito o Trump, ch’o l’à annonçiou l’arrivo de compagnie do petròlio.",ch’o,PROPN,NOUN
"«Gestiemo o Paise fin a-a tranxiçion», o l’à dito o Trump, ch’o l’à annonçiou l’arrivo de compagnie do petròlio.",l’à,PROPN,NOUN
"«Gestiemo o Paise fin a-a tranxiçion», o l’à dito o Trump, ch’o l’à annonçiou l’arrivo de compagnie do petròlio.",annonçiou,VERB,VERB
"«Gestiemo o Paise fin a-a tranxiçion», o l’à dito o Trump, ch’o l’à annonçiou l’arrivo de compagnie do petròlio.",l’arrivo,PROPN,NOUN
"«Gestiemo o Paise fin a-a tranxiçion», o l’à dito o Trump, ch’o l’à annonçiou l’arrivo de compagnie do petròlio.",de,ADP,FUNC
"«Gestiemo o Paise fin a-a tranxiçion», o l’à dito o Trump, ch’o l’à annonçiou l’arrivo de compagnie do petròlio.",compagnie,NOUN,NOUN
"«Gestiemo o Paise fin a-a tranxiçion», o l’à dito o Trump, ch’o l’à annonçiou l’arrivo de compagnie do petròlio.",do,ADP,FUNC
"«Gestiemo o Paise fin a-a tranxiçion», o l’à dito o Trump, ch’o l’à annonçiou l’arrivo de compagnie do petròlio.",petròlio,NOUN,NOUN
"«Gestiemo o Paise fin a-a tranxiçion», o l’à dito o Trump, ch’o l’à annonçiou l’arrivo de compagnie do petròlio.",.,PUNCT,PUNCT
"O Maduro, accaxonou de narcoterroriximo, o s’é proclammou innoçente.",O,DET,PRON
"O Maduro, accaxonou de narcoterroriximo, o s’é proclammou innoçente.",Maduro,PROPN,NOUN
"O Maduro, accaxonou de narcoterroriximo, o s’é proclammou innoçente.",",",PUNCT,PUNCT
"O Maduro, accaxonou de narcoterroriximo, o s’é proclammou innoçente.",accaxonou,VERB,VERB
"O Maduro, accaxonou de narcoterroriximo, o s’é proclammou innoçente.",de,ADP,FUNC
"O Maduro, accaxonou de narcoterroriximo, o s’é proclammou innoçente.",narcoterroriximo,NOUN,NOUN
"O Maduro, accaxonou de narcoterroriximo, o s’é proclammou innoçente.",",",PUNCT,PUNCT
"O Maduro, accaxonou de narcoterroriximo, o s’é proclammou innoçente.",o,DET,PRON
"O Maduro, accaxonou de narcoterroriximo, o s’é proclammou innoçente.",s’é,NOUN,NOUN
"O Maduro, accaxonou de narcoterroriximo, o s’é proclammou innoçente.",proclammou,VERB,VERB
"O Maduro, accaxonou de narcoterroriximo, o s’é proclammou innoçente.",innoçente,ADV,ADV
"O Maduro, accaxonou de narcoterroriximo, o s’é proclammou innoçente.",.,PUNCT,PUNCT
A Delcy Rodriguez a l’é stæta incarregâ prescidente ad interim.,A,DET,PRON
A Delcy Rodriguez a l’é stæta incarregâ prescidente ad interim.,Delcy,PROPN,NOUN
A Delcy Rodriguez a l’é stæta incarregâ prescidente ad interim.,Rodriguez,PROPN,NOUN
A Delcy Rodriguez a l’é stæta incarregâ prescidente ad interim.,a,ADP,FUNC
A Delcy Rodriguez a l’é stæta incarregâ prescidente ad interim.,l’é,PROPN,NOUN
A Delcy Rodriguez a l’é stæta incarregâ prescidente ad interim.,stæta,PROPN,NOUN
A Delcy Rodriguez a l’é stæta incarregâ prescidente ad interim.,incarregâ,VERB,VERB
A Delcy Rodriguez a l’é stæta incarregâ prescidente ad interim.,prescidente,ADJ,ADJ
A Delcy Rodriguez a l’é stæta incarregâ prescidente ad interim.,ad,PROPN,NOUN
A Delcy Rodriguez a l’é stæta incarregâ prescidente ad interim.,interim,NOUN,NOUN
A Delcy Rodriguez a l’é stæta incarregâ prescidente ad interim.,.,PUNCT,PUNCT
"Oua o Trump o veu à Groenlandia: «N’emmo de beseugno pe-a seguessa naçionale, a Danimarca a no saià boña à dâghe a mente».",Oua,PROPN,NOUN
"Oua o Trump o veu à Groenlandia: «N’emmo de beseugno pe-a seguessa naçionale, a Danimarca a no saià boña à dâghe a mente».",o,DET,PRON
"Oua o Trump o veu à Groenlandia: «N’emmo de beseugno pe-a seguessa naçionale, a Danimarca a no saià boña à dâghe a mente».",Trump,PROPN,NOUN
"Oua o Trump o veu à Groenlandia: «N’emmo de beseugno pe-a seguessa naçionale, a Danimarca a no saià boña à dâghe a mente».",o,PRON,PRON
"Oua o Trump o veu à Groenlandia: «N’emmo de beseugno pe-a seguessa naçionale, a Danimarca a no saià boña à dâghe a mente».",veu,VERB,VERB
"Oua o Trump o veu à Groenlandia: «N’emmo de beseugno pe-a seguessa naçionale, a Danimarca a no saià boña à dâghe a mente».",à,ADP,FUNC
"Oua o Trump o veu à Groenlandia: «N’emmo de beseugno pe-a seguessa naçionale, a Danimarca a no saià boña à dâghe a mente».",Groenlandia,PROPN,NOUN
"Oua o Trump o veu à Groenlandia: «N’emmo de beseugno pe-a seguessa naçionale, a Danimarca a no saià boña à dâghe a mente».",:,PUNCT,PUNCT
"Oua o Trump o veu à Groenlandia: «N’emmo de beseugno pe-a seguessa naçionale, a Danimarca a no saià boña à dâghe a mente».",«,PUNCT,PUNCT
"Oua o Trump o veu à Groenlandia: «N’emmo de beseugno pe-a seguessa naçionale, a Danimarca a no saià boña à dâghe a mente».",N’emmo,VERB,VERB
"Oua o Trump o veu à Groenlandia: «N’emmo de beseugno pe-a seguessa naçionale, a Danimarca a no saià boña à dâghe a mente».",de,ADP,FUNC
"Oua o Trump o veu à Groenlandia: «N’emmo de beseugno pe-a seguessa naçionale, a Danimarca a no saià boña à dâghe a mente».",beseugno,ADJ,ADJ
"Oua o Trump o veu à Groenlandia: «N’emmo de beseugno pe-a seguessa naçionale, a Danimarca a no saià boña à dâghe a mente».",pe-a,NOUN,NOUN
"Oua o Trump o veu à Groenlandia: «N’emmo de beseugno pe-a seguessa naçionale, a Danimarca a no saià boña à dâghe a mente».",seguessa,VERB,VERB
"Oua o Trump o veu à Groenlandia: «N’emmo de beseugno pe-a seguessa naçionale, a Danimarca a no saià boña à dâghe a mente».",naçionale,VERB,VERB
"Oua o Trump o veu à Groenlandia: «N’emmo de beseugno pe-a seguessa naçionale, a Danimarca a no saià boña à dâghe a mente».",",",PUNCT,PUNCT
"Oua o Trump o veu à Groenlandia: «N’emmo de beseugno pe-a seguessa naçionale, a Danimarca a no saià boña à dâghe a mente».",a,ADP,FUNC
"Oua o Trump o veu à Groenlandia: «N’emmo de beseugno pe-a seguessa naçionale, a Danimarca a no saià boña à dâghe a mente».",Danimarca,PROPN,NOUN
"Oua o Trump o veu à Groenlandia: «N’emmo de beseugno pe-a seguessa naçionale, a Danimarca a no saià boña à dâghe a mente».",a,ADP,FUNC
"Oua o Trump o veu à Groenlandia: «N’emmo de beseugno pe-a seguessa naçionale, a Danimarca a no saià boña à dâghe a mente».",no,ADP,FUNC
"Oua o Trump o veu à Groenlandia: «N’emmo de beseugno pe-a seguessa naçionale, a Danimarca a no saià boña à dâghe a mente».",saià,NOUN,NOUN
"Oua o Trump o veu à Groenlandia: «N’emmo de beseugno pe-a seguessa naçionale, a Danimarca a no saià boña à dâghe a mente».",boña,ADJ,ADJ
"Oua o Trump o veu à Groenlandia: «N’emmo de beseugno pe-a seguessa naçionale, a Danimarca a no saià boña à dâghe a mente».",à,ADP,FUNC
"Oua o Trump o veu à Groenlandia: «N’emmo de beseugno pe-a seguessa naçionale, a Danimarca a no saià boña à dâghe a mente».",dâghe,PROPN,NOUN
"Oua o Trump o veu à Groenlandia: «N’emmo de beseugno pe-a seguessa naçionale, a Danimarca a no saià boña à dâghe a mente».",a,DET,PRON
"Oua o Trump o veu à Groenlandia: «N’emmo de beseugno pe-a seguessa naçionale, a Danimarca a no saià boña à dâghe a mente».",mente,NOUN,NOUN
"Oua o Trump o veu à Groenlandia: «N’emmo de beseugno pe-a seguessa naçionale, a Danimarca a no saià boña à dâghe a mente».",»,PUNCT,PUNCT
"Oua o Trump o veu à Groenlandia: «N’emmo de beseugno pe-a seguessa naçionale, a Danimarca a no saià boña à dâghe a mente».",.,PUNCT,PUNCT
Gh’é anche l’ipòtexi de mandâghe l’exerçito pe piggiâla.,Gh’é,SCONJ,FUNC
Gh’é anche l’ipòtexi de mandâghe l’exerçito pe piggiâla.,anche,VERB,VERB
Gh’é anche l’ipòtexi de mandâghe l’exerçito pe piggiâla.,l’ipòtexi,ADV,ADV
Gh’é anche l’ipòtexi de mandâghe l’exerçito pe piggiâla.,de,ADP,FUNC
Gh’é anche l’ipòtexi de mandâghe l’exerçito pe piggiâla.,mandâghe,PROPN,NOUN
Gh’é anche l’ipòtexi de mandâghe l’exerçito pe piggiâla.,l’exerçito,PROPN,NOUN
Gh’é anche l’ipòtexi de mandâghe l’exerçito pe piggiâla.,pe,ADP,FUNC
Gh’é anche l’ipòtexi de mandâghe l’exerçito pe piggiâla.,piggiâla,NOUN,NOUN
Gh’é anche l’ipòtexi de mandâghe l’exerçito pe piggiâla.,.,PUNCT,PUNCT
"L’Union europea invexendâ: «A l’é autònoma, a va respettâ».",L’Union,PROPN,NOUN
"L’Union europea invexendâ: «A l’é autònoma, a va respettâ».",europea,VERB,VERB
"L’Union europea invexendâ: «A l’é autònoma, a va respettâ».",invexendâ,NOUN,NOUN
"L’Union europea invexendâ: «A l’é autònoma, a va respettâ».",:,PUNCT,PUNCT
"L’Union europea invexendâ: «A l’é autònoma, a va respettâ».",«,PUNCT,PUNCT
"L’Union europea invexendâ: «A l’é autònoma, a va respettâ».",A,DET,PRON
"L’Union europea invexendâ: «A l’é autònoma, a va respettâ».",l’é,ADJ,ADJ
"L’Union europea invexendâ: «A l’é autònoma, a va respettâ».",autònoma,NOUN,NOUN
"L’Union europea invexendâ: «A l’é autònoma, a va respettâ».",",",PUNCT,PUNCT
"L’Union europea invexendâ: «A l’é autònoma, a va respettâ».",a,ADP,FUNC
"L’Union europea invexendâ: «A l’é autònoma, a va respettâ».",va,PROPN,NOUN
"L’Union europea invexendâ: «A l’é autònoma, a va respettâ».",respettâ,PROPN,NOUN
"L’Union europea invexendâ: «A l’é autònoma, a va respettâ».",»,PUNCT,PUNCT
"L’Union europea invexendâ: «A l’é autònoma, a va respettâ».",.,PUNCT,PUNCT
"A Procua de Sion a l’à commandou l’arresto pe-o Jacques Moretti, o baccan do locale La Constellation de Crans-Montana, in Svissera, donde l’é avvegnuo l’inçendio do Primmo de l’anno con 40 mòrti, squæxi tutti zoenòtti.",A,DET,PRON
"A Procua de Sion a l’à commandou l’arresto pe-o Jacques Moretti, o baccan do locale La Constellation de Crans-Montana, in Svissera, donde l’é avvegnuo l’inçendio do Primmo de l’anno con 40 mòrti, squæxi tutti zoenòtti.",Procua,PROPN,NOUN
"A Procua de Sion a l’à commandou l’arresto pe-o Jacques Moretti, o baccan do locale La Constellation de Crans-Montana, in Svissera, donde l’é avvegnuo l’inçendio do Primmo de l’anno con 40 mòrti, squæxi tutti zoenòtti.",de,ADP,FUNC
"A Procua de Sion a l’à commandou l’arresto pe-o Jacques Moretti, o baccan do locale La Constellation de Crans-Montana, in Svissera, donde l’é avvegnuo l’inçendio do Primmo de l’anno con 40 mòrti, squæxi tutti zoenòtti.",Sion,PROPN,NOUN
"A Procua de Sion a l’à commandou l’arresto pe-o Jacques Moretti, o baccan do locale La Constellation de Crans-Montana, in Svissera, donde l’é avvegnuo l’inçendio do Primmo de l’anno con 40 mòrti, squæxi tutti zoenòtti.",a,ADP,FUNC
"A Procua de Sion a l’à commandou l’arresto pe-o Jacques Moretti, o baccan do locale La Constellation de Crans-Montana, in Svissera, donde l’é avvegnuo l’inçendio do Primmo de l’anno con 40 mòrti, squæxi tutti zoenòtti.",l’à,NOUN,NOUN
"A Procua de Sion a l’à commandou l’arresto pe-o Jacques Moretti, o baccan do locale La Constellation de Crans-Montana, in Svissera, donde l’é avvegnuo l’inçendio do Primmo de l’anno con 40 mòrti, squæxi tutti zoenòtti.",commandou,VERB,VERB
"A Procua de Sion a l’à commandou l’arresto pe-o Jacques Moretti, o baccan do locale La Constellation de Crans-Montana, in Svissera, donde l’é avvegnuo l’inçendio do Primmo de l’anno con 40 mòrti, squæxi tutti zoenòtti.",l’arresto,ADJ,ADJ
"A Procua de Sion a l’à commandou l’arresto pe-o Jacques Moretti, o baccan do locale La Constellation de Crans-Montana, in Svissera, donde l’é avvegnuo l’inçendio do Primmo de l’anno con 40 mòrti, squæxi tutti zoenòtti.",pe-o,ADJ,ADJ
"A Procua de Sion a l’à commandou l’arresto pe-o Jacques Moretti, o baccan do locale La Constellation de Crans-Montana, in Svissera, donde l’é avvegnuo l’inçendio do Primmo de l’anno con 40 mòrti, squæxi tutti zoenòtti.",Jacques,PROPN,NOUN
"A Procua de Sion a l’à commandou l’arresto pe-o Jacques Moretti, o baccan do locale La Constellation de Crans-Montana, in Svissera, donde l’é avvegnuo l’inçendio do Primmo de l’anno con 40 mòrti, squæxi tutti zoenòtti.",Moretti,PROPN,NOUN
"A Procua de Sion a l’à commandou l’arresto pe-o Jacques Moretti, o baccan do locale La Constellation de Crans-Montana, in Svissera, donde l’é avvegnuo l’inçendio do Primmo de l’anno con 40 mòrti, squæxi tutti zoenòtti.",",",PUNCT,PUNCT
"A Procua de Sion a l’à commandou l’arresto pe-o Jacques Moretti, o baccan do locale La Constellation de Crans-Montana, in Svissera, donde l’é avvegnuo l’inçendio do Primmo de l’anno con 40 mòrti, squæxi tutti zoenòtti.",o,DET,PRON
"A Procua de Sion a l’à commandou l’arresto pe-o Jacques Moretti, o baccan do locale La Constellation de Crans-Montana, in Svissera, donde l’é avvegnuo l’inçendio do Primmo de l’anno con 40 mòrti, squæxi tutti zoenòtti.",baccan,NOUN,NOUN
"A Procua de Sion a l’à commandou l’arresto pe-o Jacques Moretti, o baccan do locale La Constellation de Crans-Montana, in Svissera, donde l’é avvegnuo l’inçendio do Primmo de l’anno con 40 mòrti, squæxi tutti zoenòtti.",do,ADP,FUNC
"A Procua de Sion a l’à commandou l’arresto pe-o Jacques Moretti, o baccan do locale La Constellation de Crans-Montana, in Svissera, donde l’é avvegnuo l’inçendio do Primmo de l’anno con 40 mòrti, squæxi tutti zoenòtti.",locale,NOUN,NOUN
"A Procua de Sion a l’à commandou l’arresto pe-o Jacques Moretti, o baccan do locale La Constellation de Crans-Montana, in Svissera, donde l’é avvegnuo l’inçendio do Primmo de l’anno con 40 mòrti, squæxi tutti zoenòtti.",La,PROPN,NOUN
"A Procua de Sion a l’à commandou l’arresto pe-o Jacques Moretti, o baccan do locale La Constellation de Crans-Montana, in Svissera, donde l’é avvegnuo l’inçendio do Primmo de l’anno con 40 mòrti, squæxi tutti zoenòtti.",Constellation,PROPN,NOUN
"A Procua de Sion a l’à commandou l’arresto pe-o Jacques Moretti, o baccan do locale La Constellation de Crans-Montana, in Svissera, donde l’é avvegnuo l’inçendio do Primmo de l’anno con 40 mòrti, squæxi tutti zoenòtti.",de,ADP,FUNC
"A Procua de Sion a l’à commandou l’arresto pe-o Jacques Moretti, o baccan do locale La Constellation de Crans-Montana, in Svissera, donde l’é avvegnuo l’inçendio do Primmo de l’anno con 40 mòrti, squæxi tutti zoenòtti.",Crans-Montana,PROPN,NOUN
"A Procua de Sion a l’à commandou l’arresto pe-o Jacques Moretti, o baccan do locale La Constellation de Crans-Montana, in Svissera, donde l’é avvegnuo l’inçendio do Primmo de l’anno con 40 mòrti, squæxi tutti zoenòtti.",",",PUNCT,PUNCT
"A Procua de Sion a l’à commandou l’arresto pe-o Jacques Moretti, o baccan do locale La Constellation de Crans-Montana, in Svissera, donde l’é avvegnuo l’inçendio do Primmo de l’anno con 40 mòrti, squæxi tutti zoenòtti.",in,PROPN,NOUN
"A Procua de Sion a l’à commandou l’arresto pe-o Jacques Moretti, o baccan do locale La Constellation de Crans-Montana, in Svissera, donde l’é avvegnuo l’inçendio do Primmo de l’anno con 40 mòrti, squæxi tutti zoenòtti.",Svissera,PROPN,NOUN
"A Procua de Sion a l’à commandou l’arresto pe-o Jacques Moretti, o baccan do locale La Constellation de Crans-Montana, in Svissera, donde l’é avvegnuo l’inçendio do Primmo de l’anno con 40 mòrti, squæxi tutti zoenòtti.",",",PUNCT,PUNCT
"A Procua de Sion a l’à commandou l’arresto pe-o Jacques Moretti, o baccan do locale La Constellation de Crans-Montana, in Svissera, donde l’é avvegnuo l’inçendio do Primmo de l’anno con 40 mòrti, squæxi tutti zoenòtti.",donde,ADV,ADV
"A Procua de Sion a l’à commandou l’arresto pe-o Jacques Moretti, o baccan do locale La Constellation de Crans-Montana, in Svissera, donde l’é avvegnuo l’inçendio do Primmo de l’anno con 40 mòrti, squæxi tutti zoenòtti.",l’é,NOUN,NOUN
"A Procua de Sion a l’à commandou l’arresto pe-o Jacques Moretti, o baccan do locale La Constellation de Crans-Montana, in Svissera, donde l’é avvegnuo l’inçendio do Primmo de l’anno con 40 mòrti, squæxi tutti zoenòtti.",avvegnuo,NOUN,NOUN
"A Procua de Sion a l’à commandou l’arresto pe-o Jacques Moretti, o baccan do locale La Constellation de Crans-Montana, in Svissera, donde l’é avvegnuo l’inçendio do Primmo de l’anno con 40 mòrti, squæxi tutti zoenòtti.",l’inçendio,ADJ,ADJ
"A Procua de Sion a l’à commandou l’arresto pe-o Jacques Moretti, o baccan do locale La Constellation de Crans-Montana, in Svissera, donde l’é avvegnuo l’inçendio do Primmo de l’anno con 40 mòrti, squæxi tutti zoenòtti.",do,ADP,FUNC
"A Procua de Sion a l’à commandou l’arresto pe-o Jacques Moretti, o baccan do locale La Constellation de Crans-Montana, in Svissera, donde l’é avvegnuo l’inçendio do Primmo de l’anno con 40 mòrti, squæxi tutti zoenòtti.",Primmo,PROPN,NOUN
"A Procua de Sion a l’à commandou l’arresto pe-o Jacques Moretti, o baccan do locale La Constellation de Crans-Montana, in Svissera, donde l’é avvegnuo l’inçendio do Primmo de l’anno con 40 mòrti, squæxi tutti zoenòtti.",de,ADP,FUNC
"A Procua de Sion a l’à commandou l’arresto pe-o Jacques Moretti, o baccan do locale La Constellation de Crans-Montana, in Svissera, donde l’é avvegnuo l’inçendio do Primmo de l’anno con 40 mòrti, squæxi tutti zoenòtti.",l’anno,PROPN,NOUN
"A Procua de Sion a l’à commandou l’arresto pe-o Jacques Moretti, o baccan do locale La Constellation de Crans-Montana, in Svissera, donde l’é avvegnuo l’inçendio do Primmo de l’anno con 40 mòrti, squæxi tutti zoenòtti.",con,PROPN,NOUN
"A Procua de Sion a l’à commandou l’arresto pe-o Jacques Moretti, o baccan do locale La Constellation de Crans-Montana, in Svissera, donde l’é avvegnuo l’inçendio do Primmo de l’anno con 40 mòrti, squæxi tutti zoenòtti.",40,NUM,ADJ
"A Procua de Sion a l’à commandou l’arresto pe-o Jacques Moretti, o baccan do locale La Constellation de Crans-Montana, in Svissera, donde l’é avvegnuo l’inçendio do Primmo de l’anno con 40 mòrti, squæxi tutti zoenòtti.",mòrti,VERB,VERB
"A Procua de Sion a l’à commandou l’arresto pe-o Jacques Moretti, o baccan do locale La Constellation de Crans-Montana, in Svissera, donde l’é avvegnuo l’inçendio do Primmo de l’anno con 40 mòrti, squæxi tutti zoenòtti.",",",PUNCT,PUNCT
"A Procua de Sion a l’à commandou l’arresto pe-o Jacques Moretti, o baccan do locale La Constellation de Crans-Montana, in Svissera, donde l’é avvegnuo l’inçendio do Primmo de l’anno con 40 mòrti, squæxi tutti zoenòtti.",squæxi,NOUN,NOUN
"A Procua de Sion a l’à commandou l’arresto pe-o Jacques Moretti, o baccan do locale La Constellation de Crans-Montana, in Svissera, donde l’é avvegnuo l’inçendio do Primmo de l’anno con 40 mòrti, squæxi tutti zoenòtti.",tutti,AUX,VERB
"A Procua de Sion a l’à commandou l’arresto pe-o Jacques Moretti, o baccan do locale La Constellation de Crans-Montana, in Svissera, donde l’é avvegnuo l’inçendio do Primmo de l’anno con 40 mòrti, squæxi tutti zoenòtti.",zoenòtti,ADJ,ADJ
"A Procua de Sion a l’à commandou l’arresto pe-o Jacques Moretti, o baccan do locale La Constellation de Crans-Montana, in Svissera, donde l’é avvegnuo l’inçendio do Primmo de l’anno con 40 mòrti, squæxi tutti zoenòtti.",.,PUNCT,PUNCT
Pe-a moggê Jessica l’é stæto dispòsto l’arresto in cà.,Pe-a,PROPN,NOUN
Pe-a moggê Jessica l’é stæto dispòsto l’arresto in cà.,moggê,VERB,VERB
Pe-a moggê Jessica l’é stæto dispòsto l’arresto in cà.,Jessica,PROPN,NOUN
Pe-a moggê Jessica l’é stæto dispòsto l’arresto in cà.,l’é,PROPN,NOUN
Pe-a moggê Jessica l’é stæto dispòsto l’arresto in cà.,stæto,VERB,VERB
Pe-a moggê Jessica l’é stæto dispòsto l’arresto in cà.,dispòsto,NOUN,NOUN
Pe-a moggê Jessica l’é stæto dispòsto l’arresto in cà.,l’arresto,ADJ,ADJ
Pe-a moggê Jessica l’é stæto dispòsto l’arresto in cà.,in,PROPN,NOUN
Pe-a moggê Jessica l’é stæto dispòsto l’arresto in cà.,cà,ADP,FUNC
Pe-a moggê Jessica l’é stæto dispòsto l’arresto in cà.,.,PUNCT,PUNCT
"O provedimento, arrivou dòppo l’interrogatöio into giorno da commemoraçion de vittime à Matigny, o l’é stæto giustificou co-o reisego de fuga.",O,DET,PRON
"O provedimento, arrivou dòppo l’interrogatöio into giorno da commemoraçion de vittime à Matigny, o l’é stæto giustificou co-o reisego de fuga.",provedimento,NOUN,NOUN
"O provedimento, arrivou dòppo l’interrogatöio into giorno da commemoraçion de vittime à Matigny, o l’é stæto giustificou co-o reisego de fuga.",",",PUNCT,PUNCT
"O provedimento, arrivou dòppo l’interrogatöio into giorno da commemoraçion de vittime à Matigny, o l’é stæto giustificou co-o reisego de fuga.",arrivou,VERB,VERB
"O provedimento, arrivou dòppo l’interrogatöio into giorno da commemoraçion de vittime à Matigny, o l’é stæto giustificou co-o reisego de fuga.",dòppo,ADV,ADV
"O provedimento, arrivou dòppo l’interrogatöio into giorno da commemoraçion de vittime à Matigny, o l’é stæto giustificou co-o reisego de fuga.",l’interrogatöio,PROPN,NOUN
"O provedimento, arrivou dòppo l’interrogatöio into giorno da commemoraçion de vittime à Matigny, o l’é stæto giustificou co-o reisego de fuga.",into,PROPN,NOUN
"O provedimento, arrivou dòppo l’interrogatöio into giorno da commemoraçion de vittime à Matigny, o l’é stæto giustificou co-o reisego de fuga.",giorno,ADJ,ADJ
"O provedimento, arrivou dòppo l’interrogatöio into giorno da commemoraçion de vittime à Matigny, o l’é stæto giustificou co-o reisego de fuga.",da,ADP,FUNC
"O provedimento, arrivou dòppo l’interrogatöio into giorno da commemoraçion de vittime à Matigny, o l’é stæto giustificou co-o reisego de fuga.",commemoraçion,NOUN,NOUN
"O provedimento, arrivou dòppo l’interrogatöio into giorno da commemoraçion de vittime à Matigny, o l’é stæto giustificou co-o reisego de fuga.",de,ADP,FUNC
"O provedimento, arrivou dòppo l’interrogatöio into giorno da commemoraçion de vittime à Matigny, o l’é stæto giustificou co-o reisego de fuga.",vittime,NOUN,NOUN
"O provedimento, arrivou dòppo l’interrogatöio into giorno da commemoraçion de vittime à Matigny, o l’é stæto giustificou co-o reisego de fuga.",à,ADP,FUNC
"O provedimento, arrivou dòppo l’interrogatöio into giorno da commemoraçion de vittime à Matigny, o l’é stæto giustificou co-o reisego de fuga.",Matigny,PROPN,NOUN
"O provedimento, arrivou dòppo l’interrogatöio into giorno da commemoraçion de vittime à Matigny, o l’é stæto giustificou co-o reisego de fuga.",",",PUNCT,PUNCT
"O provedimento, arrivou dòppo l’interrogatöio into giorno da commemoraçion de vittime à Matigny, o l’é stæto giustificou co-o reisego de fuga.",o,DET,PRON
"O provedimento, arrivou dòppo l’interrogatöio into giorno da commemoraçion de vittime à Matigny, o l’é stæto giustificou co-o reisego de fuga.",l’é,PROPN,NOUN
"O provedimento, arrivou dòppo l’interrogatöio into giorno da commemoraçion de vittime à Matigny, o l’é stæto giustificou co-o reisego de fuga.",stæto,VERB,VERB
"O provedimento, arrivou dòppo l’interrogatöio into giorno da commemoraçion de vittime à Matigny, o l’é stæto giustificou co-o reisego de fuga.",giustificou,VERB,VERB
"O provedimento, arrivou dòppo l’interrogatöio into giorno da commemoraçion de vittime à Matigny, o l’é stæto giustificou co-o reisego de fuga.",co-o,PROPN,NOUN
"O provedimento, arrivou dòppo l’interrogatöio into giorno da commemoraçion de vittime à Matigny, o l’é stæto giustificou co-o reisego de fuga.",reisego,NOUN,NOUN
"O provedimento, arrivou dòppo l’interrogatöio into giorno da commemoraçion de vittime à Matigny, o l’é stæto giustificou co-o reisego de fuga.",de,ADP,FUNC
"O provedimento, arrivou dòppo l’interrogatöio into giorno da commemoraçion de vittime à Matigny, o l’é stæto giustificou co-o reisego de fuga.",fuga,NOUN,NOUN
"O provedimento, arrivou dòppo l’interrogatöio into giorno da commemoraçion de vittime à Matigny, o l’é stæto giustificou co-o reisego de fuga.",.,PUNCT,PUNCT
"«No çerchiemo de tiâse feua da-e nòstre responsabilitæ, semmo devastæ da-o dô», aivan dito.",«,PUNCT,PUNCT
"«No çerchiemo de tiâse feua da-e nòstre responsabilitæ, semmo devastæ da-o dô», aivan dito.",No,ADP,FUNC
"«No çerchiemo de tiâse feua da-e nòstre responsabilitæ, semmo devastæ da-o dô», aivan dito.",çerchiemo,PROPN,NOUN
"«No çerchiemo de tiâse feua da-e nòstre responsabilitæ, semmo devastæ da-o dô», aivan dito.",de,ADP,FUNC
"«No çerchiemo de tiâse feua da-e nòstre responsabilitæ, semmo devastæ da-o dô», aivan dito.",tiâse,PROPN,NOUN
"«No çerchiemo de tiâse feua da-e nòstre responsabilitæ, semmo devastæ da-o dô», aivan dito.",feua,PROPN,NOUN
"«No çerchiemo de tiâse feua da-e nòstre responsabilitæ, semmo devastæ da-o dô», aivan dito.",da-e,ADJ,ADJ
"«No çerchiemo de tiâse feua da-e nòstre responsabilitæ, semmo devastæ da-o dô», aivan dito.",nòstre,PROPN,NOUN
"«No çerchiemo de tiâse feua da-e nòstre responsabilitæ, semmo devastæ da-o dô», aivan dito.",responsabilitæ,VERB,VERB
"«No çerchiemo de tiâse feua da-e nòstre responsabilitæ, semmo devastæ da-o dô», aivan dito.",",",PUNCT,PUNCT
"«No çerchiemo de tiâse feua da-e nòstre responsabilitæ, semmo devastæ da-o dô», aivan dito.",semmo,VERB,VERB
"«No çerchiemo de tiâse feua da-e nòstre responsabilitæ, semmo devastæ da-o dô», aivan dito.",devastæ,VERB,VERB
"«No çerchiemo de tiâse feua da-e nòstre responsabilitæ, semmo devastæ da-o dô», aivan dito.",da-o,PROPN,NOUN
"«No çerchiemo de tiâse feua da-e nòstre responsabilitæ, semmo devastæ da-o dô», aivan dito.",dô,SCONJ,FUNC
"«No çerchiemo de tiâse feua da-e nòstre responsabilitæ, semmo devastæ da-o dô», aivan dito.",»,PUNCT,PUNCT
"«No çerchiemo de tiâse feua da-e nòstre responsabilitæ, semmo devastæ da-o dô», aivan dito.",",",PUNCT,PUNCT
"«No çerchiemo de tiâse feua da-e nòstre responsabilitæ, semmo devastæ da-o dô», aivan dito.",aivan,VERB,VERB
"«No çerchiemo de tiâse feua da-e nòstre responsabilitæ, semmo devastæ da-o dô», aivan dito.",dito,VERB,VERB
"«No çerchiemo de tiâse feua da-e nòstre responsabilitæ, semmo devastæ da-o dô», aivan dito.",.,PUNCT,PUNCT
O scindico Nicolas Féraud o no veu parlâ de dimiscioin.,O,DET,PRON
O scindico Nicolas Féraud o no veu parlâ de dimiscioin.,scindico,NOUN,NOUN
O scindico Nicolas Féraud o no veu parlâ de dimiscioin.,Nicolas,PROPN,NOUN
O scindico Nicolas Féraud o no veu parlâ de dimiscioin.,Féraud,PROPN,NOUN
O scindico Nicolas Féraud o no veu parlâ de dimiscioin.,o,PRON,PRON
O scindico Nicolas Féraud o no veu parlâ de dimiscioin.,no,ADP,FUNC
O scindico Nicolas Féraud o no veu parlâ de dimiscioin.,veu,PROPN,NOUN
O scindico Nicolas Féraud o no veu parlâ de dimiscioin.,parlâ,PROPN,NOUN
O scindico Nicolas Féraud o no veu parlâ de dimiscioin.,de,ADP,FUNC
O scindico Nicolas Féraud o no veu parlâ de dimiscioin.,dimiscioin,NOUN,NOUN
O scindico Nicolas Féraud o no veu parlâ de dimiscioin.,.,PUNCT,PUNCT
"I prescidenti italian e franseise, o Mattarella e o Macron, an domandou giustiçia.",I,PROPN,NOUN
"I prescidenti italian e franseise, o Mattarella e o Macron, an domandou giustiçia.",prescidenti,VERB,VERB
"I prescidenti italian e franseise, o Mattarella e o Macron, an domandou giustiçia.",italian,NOUN,NOUN
"I prescidenti italian e franseise, o Mattarella e o Macron, an domandou giustiçia.",e,CCONJ,FUNC
"I prescidenti italian e franseise, o Mattarella e o Macron, an domandou giustiçia.",franseise,NOUN,NOUN
"I prescidenti italian e franseise, o Mattarella e o Macron, an domandou giustiçia.",",",PUNCT,PUNCT
"I prescidenti italian e franseise, o Mattarella e o Macron, an domandou giustiçia.",o,DET,PRON
"I prescidenti italian e franseise, o Mattarella e o Macron, an domandou giustiçia.",Mattarella,PROPN,NOUN
"I prescidenti italian e franseise, o Mattarella e o Macron, an domandou giustiçia.",e,CCONJ,FUNC
"I prescidenti italian e franseise, o Mattarella e o Macron, an domandou giustiçia.",o,DET,PRON
"I prescidenti italian e franseise, o Mattarella e o Macron, an domandou giustiçia.",Macron,PROPN,NOUN
"I prescidenti italian e franseise, o Mattarella e o Macron, an domandou giustiçia.",",",PUNCT,PUNCT
"I prescidenti italian e franseise, o Mattarella e o Macron, an domandou giustiçia.",an,SCONJ,FUNC
"I prescidenti italian e franseise, o Mattarella e o Macron, an domandou giustiçia.",domandou,VERB,VERB
"I prescidenti italian e franseise, o Mattarella e o Macron, an domandou giustiçia.",giustiçia,ADJ,ADJ
"I prescidenti italian e franseise, o Mattarella e o Macron, an domandou giustiçia.",.,PUNCT,PUNCT
"L’Union Europea a l’à dæto a luxe verde à l’accòrdio de libero commerçio co-o Mercosur, l’organizzaçion sudamericaña ch’a comprende Braxî, Argentiña, Uruguay e Paraguay.",L’Union,PROPN,NOUN
"L’Union Europea a l’à dæto a luxe verde à l’accòrdio de libero commerçio co-o Mercosur, l’organizzaçion sudamericaña ch’a comprende Braxî, Argentiña, Uruguay e Paraguay.",Europea,VERB,VERB
"L’Union Europea a l’à dæto a luxe verde à l’accòrdio de libero commerçio co-o Mercosur, l’organizzaçion sudamericaña ch’a comprende Braxî, Argentiña, Uruguay e Paraguay.",a,ADP,FUNC
"L’Union Europea a l’à dæto a luxe verde à l’accòrdio de libero commerçio co-o Mercosur, l’organizzaçion sudamericaña ch’a comprende Braxî, Argentiña, Uruguay e Paraguay.",l’à,NOUN,NOUN
"L’Union Europea a l’à dæto a luxe verde à l’accòrdio de libero commerçio co-o Mercosur, l’organizzaçion sudamericaña ch’a comprende Braxî, Argentiña, Uruguay e Paraguay.",dæto,ADJ,ADJ
"L’Union Europea a l’à dæto a luxe verde à l’accòrdio de libero commerçio co-o Mercosur, l’organizzaçion sudamericaña ch’a comprende Braxî, Argentiña, Uruguay e Paraguay.",a,DET,PRON
"L’Union Europea a l’à dæto a luxe verde à l’accòrdio de libero commerçio co-o Mercosur, l’organizzaçion sudamericaña ch’a comprende Braxî, Argentiña, Uruguay e Paraguay.",luxe,NOUN,NOUN
"L’Union Europea a l’à dæto a luxe verde à l’accòrdio de libero commerçio co-o Mercosur, l’organizzaçion sudamericaña ch’a comprende Braxî, Argentiña, Uruguay e Paraguay.",verde,ADJ,ADJ
"L’Union Europea a l’à dæto a luxe verde à l’accòrdio de libero commerçio co-o Mercosur, l’organizzaçion sudamericaña ch’a comprende Braxî, Argentiña, Uruguay e Paraguay.",à,ADP,FUNC
"L’Union Europea a l’à dæto a luxe verde à l’accòrdio de libero commerçio co-o Mercosur, l’organizzaçion sudamericaña ch’a comprende Braxî, Argentiña, Uruguay e Paraguay.",l’accòrdio,NOUN,NOUN
"L’Union Europea a l’à dæto a luxe verde à l’accòrdio de libero commerçio co-o Mercosur, l’organizzaçion sudamericaña ch’a comprende Braxî, Argentiña, Uruguay e Paraguay.",de,ADP,FUNC
"L’Union Europea a l’à dæto a luxe verde à l’accòrdio de libero commerçio co-o Mercosur, l’organizzaçion sudamericaña ch’a comprende Braxî, Argentiña, Uruguay e Paraguay.",libero,NOUN,NOUN
"L’Union Europea a l’à dæto a luxe verde à l’accòrdio de libero commerçio co-o Mercosur, l’organizzaçion sudamericaña ch’a comprende Braxî, Argentiña, Uruguay e Paraguay.",commerçio,PROPN,NOUN
"L’Union Europea a l’à dæto a luxe verde à l’accòrdio de libero commerçio co-o Mercosur, l’organizzaçion sudamericaña ch’a comprende Braxî, Argentiña, Uruguay e Paraguay.",co-o,PROPN,NOUN
"L’Union Europea a l’à dæto a luxe verde à l’accòrdio de libero commerçio co-o Mercosur, l’organizzaçion sudamericaña ch’a comprende Braxî, Argentiña, Uruguay e Paraguay.",Mercosur,PROPN,NOUN
"L’Union Europea a l’à dæto a luxe verde à l’accòrdio de libero commerçio co-o Mercosur, l’organizzaçion sudamericaña ch’a comprende Braxî, Argentiña, Uruguay e Paraguay.",",",PUNCT,PUNCT
"L’Union Europea a l’à dæto a luxe verde à l’accòrdio de libero commerçio co-o Mercosur, l’organizzaçion sudamericaña ch’a comprende Braxî, Argentiña, Uruguay e Paraguay.",l’organizzaçion,PROPN,NOUN
"L’Union Europea a l’à dæto a luxe verde à l’accòrdio de libero commerçio co-o Mercosur, l’organizzaçion sudamericaña ch’a comprende Braxî, Argentiña, Uruguay e Paraguay.",sudamericaña,PROPN,NOUN
"L’Union Europea a l’à dæto a luxe verde à l’accòrdio de libero commerçio co-o Mercosur, l’organizzaçion sudamericaña ch’a comprende Braxî, Argentiña, Uruguay e Paraguay.",ch’a,VERB,VERB
"L’Union Europea a l’à dæto a luxe verde à l’accòrdio de libero commerçio co-o Mercosur, l’organizzaçion sudamericaña ch’a comprende Braxî, Argentiña, Uruguay e Paraguay.",comprende,VERB,VERB
"L’Union Europea a l’à dæto a luxe verde à l’accòrdio de libero commerçio co-o Mercosur, l’organizzaçion sudamericaña ch’a comprende Braxî, Argentiña, Uruguay e Paraguay.",Braxî,PROPN,NOUN
"L’Union Europea a l’à dæto a luxe verde à l’accòrdio de libero commerçio co-o Mercosur, l’organizzaçion sudamericaña ch’a comprende Braxî, Argentiña, Uruguay e Paraguay.",",",PUNCT,PUNCT
"L’Union Europea a l’à dæto a luxe verde à l’accòrdio de libero commerçio co-o Mercosur, l’organizzaçion sudamericaña ch’a comprende Braxî, Argentiña, Uruguay e Paraguay.",Argentiña,PROPN,NOUN
"L’Union Europea a l’à dæto a luxe verde à l’accòrdio de libero commerçio co-o Mercosur, l’organizzaçion sudamericaña ch’a comprende Braxî, Argentiña, Uruguay e Paraguay.",",",PUNCT,PUNCT
"L’Union Europea a l’à dæto a luxe verde à l’accòrdio de libero commerçio co-o Mercosur, l’organizzaçion sudamericaña ch’a comprende Braxî, Argentiña, Uruguay e Paraguay.",Uruguay,PROPN,NOUN
"L’Union Europea a l’à dæto a luxe verde à l’accòrdio de libero commerçio co-o Mercosur, l’organizzaçion sudamericaña ch’a comprende Braxî, Argentiña, Uruguay e Paraguay.",e,CCONJ,FUNC
"L’Union Europea a l’à dæto a luxe verde à l’accòrdio de libero commerçio co-o Mercosur, l’organizzaçion sudamericaña ch’a comprende Braxî, Argentiña, Uruguay e Paraguay.",Paraguay,PROPN,NOUN
"L’Union Europea a l’à dæto a luxe verde à l’accòrdio de libero commerçio co-o Mercosur, l’organizzaçion sudamericaña ch’a comprende Braxî, Argentiña, Uruguay e Paraguay.",.,PUNCT,PUNCT
"Ma çerti Paixi an votou contra, in particolâ Fransa, Polònia, Austria, Ongaia e Irlanda.",Ma,PROPN,NOUN
"Ma çerti Paixi an votou contra, in particolâ Fransa, Polònia, Austria, Ongaia e Irlanda.",çerti,VERB,VERB
"Ma çerti Paixi an votou contra, in particolâ Fransa, Polònia, Austria, Ongaia e Irlanda.",Paixi,PROPN,NOUN
"Ma çerti Paixi an votou contra, in particolâ Fransa, Polònia, Austria, Ongaia e Irlanda.",an,SCONJ,FUNC
"Ma çerti Paixi an votou contra, in particolâ Fransa, Polònia, Austria, Ongaia e Irlanda.",votou,VERB,VERB
"Ma çerti Paixi an votou contra, in particolâ Fransa, Polònia, Austria, Ongaia e Irlanda.",contra,ADP,FUNC
"Ma çerti Paixi an votou contra, in particolâ Fransa, Polònia, Austria, Ongaia e Irlanda.",",",PUNCT,PUNCT
"Ma çerti Paixi an votou contra, in particolâ Fransa, Polònia, Austria, Ongaia e Irlanda.",in,X,OTHER
"Ma çerti Paixi an votou contra, in particolâ Fransa, Polònia, Austria, Ongaia e Irlanda.",particolâ,VERB,VERB
"Ma çerti Paixi an votou contra, in particolâ Fransa, Polònia, Austria, Ongaia e Irlanda.",Fransa,PROPN,NOUN
"Ma çerti Paixi an votou contra, in particolâ Fransa, Polònia, Austria, Ongaia e Irlanda.",",",PUNCT,PUNCT
"Ma çerti Paixi an votou contra, in particolâ Fransa, Polònia, Austria, Ongaia e Irlanda.",Polònia,PROPN,NOUN
"Ma çerti Paixi an votou contra, in particolâ Fransa, Polònia, Austria, Ongaia e Irlanda.",",",PUNCT,PUNCT
"Ma çerti Paixi an votou contra, in particolâ Fransa, Polònia, Austria, Ongaia e Irlanda.",Austria,PROPN,NOUN
"Ma çerti Paixi an votou contra, in particolâ Fransa, Polònia, Austria, Ongaia e Irlanda.",",",PUNCT,PUNCT
"Ma çerti Paixi an votou contra, in particolâ Fransa, Polònia, Austria, Ongaia e Irlanda.",Ongaia,PROPN,NOUN
"Ma çerti Paixi an votou contra, in particolâ Fransa, Polònia, Austria, Ongaia e Irlanda.",e,CCONJ,FUNC
"Ma çerti Paixi an votou contra, in particolâ Fransa, Polònia, Austria, Ongaia e Irlanda.",Irlanda,PROPN,NOUN
"Ma çerti Paixi an votou contra, in particolâ Fransa, Polònia, Austria, Ongaia e Irlanda.",.,PUNCT,PUNCT
L’inteisa a saiàa firmâ a-i 17 de zenâ in Paraguay.,L’inteisa,NOUN,NOUN
L’inteisa a saiàa firmâ a-i 17 de zenâ in Paraguay.,a,DET,PRON
L’inteisa a saiàa firmâ a-i 17 de zenâ in Paraguay.,saiàa,PROPN,NOUN
L’inteisa a saiàa firmâ a-i 17 de zenâ in Paraguay.,firmâ,ADJ,ADJ
L’inteisa a saiàa firmâ a-i 17 de zenâ in Paraguay.,a-i,VERB,VERB
L’inteisa a saiàa firmâ a-i 17 de zenâ in Paraguay.,17,NUM,ADJ
L’inteisa a saiàa firmâ a-i 17 de zenâ in Paraguay.,de,ADP,FUNC
L’inteisa a saiàa firmâ a-i 17 de zenâ in Paraguay.,zenâ,PROPN,NOUN
L’inteisa a saiàa firmâ a-i 17 de zenâ in Paraguay.,in,X,OTHER
L’inteisa a saiàa firmâ a-i 17 de zenâ in Paraguay.,Paraguay,PROPN,NOUN
L’inteisa a saiàa firmâ a-i 17 de zenâ in Paraguay.,.,PUNCT,PUNCT
"«Un accòrdio stòrico», segondo a prescidente da Commiscion Ursula von der Leyen.",«,PUNCT,PUNCT
"«Un accòrdio stòrico», segondo a prescidente da Commiscion Ursula von der Leyen.",Un,PROPN,NOUN
"«Un accòrdio stòrico», segondo a prescidente da Commiscion Ursula von der Leyen.",accòrdio,NOUN,NOUN
"«Un accòrdio stòrico», segondo a prescidente da Commiscion Ursula von der Leyen.",stòrico,ADJ,ADJ
"«Un accòrdio stòrico», segondo a prescidente da Commiscion Ursula von der Leyen.",»,PUNCT,PUNCT
"«Un accòrdio stòrico», segondo a prescidente da Commiscion Ursula von der Leyen.",",",PUNCT,PUNCT
"«Un accòrdio stòrico», segondo a prescidente da Commiscion Ursula von der Leyen.",segondo,VERB,VERB
"«Un accòrdio stòrico», segondo a prescidente da Commiscion Ursula von der Leyen.",a,DET,PRON
"«Un accòrdio stòrico», segondo a prescidente da Commiscion Ursula von der Leyen.",prescidente,ADV,ADV
"«Un accòrdio stòrico», segondo a prescidente da Commiscion Ursula von der Leyen.",da,ADP,FUNC
"«Un accòrdio stòrico», segondo a prescidente da Commiscion Ursula von der Leyen.",Commiscion,PROPN,NOUN
"«Un accòrdio stòrico», segondo a prescidente da Commiscion Ursula von der Leyen.",Ursula,PROPN,NOUN
"«Un accòrdio stòrico», segondo a prescidente da Commiscion Ursula von der Leyen.",von,PROPN,NOUN
"«Un accòrdio stòrico», segondo a prescidente da Commiscion Ursula von der Leyen.",der,VERB,VERB
"«Un accòrdio stòrico», segondo a prescidente da Commiscion Ursula von der Leyen.",Leyen,PROPN,NOUN
"«Un accòrdio stòrico», segondo a prescidente da Commiscion Ursula von der Leyen.",.,PUNCT,PUNCT
"O limite pe comensâ de investigaçioin in scî produti agricoli in caxo de turbative do mercou o l’é stæto asbasciou dal’8% a-o 5%, comme domandou da-i agricoltoî italien.",O,DET,PRON
"O limite pe comensâ de investigaçioin in scî produti agricoli in caxo de turbative do mercou o l’é stæto asbasciou dal’8% a-o 5%, comme domandou da-i agricoltoî italien.",limite,NOUN,NOUN
"O limite pe comensâ de investigaçioin in scî produti agricoli in caxo de turbative do mercou o l’é stæto asbasciou dal’8% a-o 5%, comme domandou da-i agricoltoî italien.",pe,ADP,FUNC
"O limite pe comensâ de investigaçioin in scî produti agricoli in caxo de turbative do mercou o l’é stæto asbasciou dal’8% a-o 5%, comme domandou da-i agricoltoî italien.",comensâ,NOUN,NOUN
"O limite pe comensâ de investigaçioin in scî produti agricoli in caxo de turbative do mercou o l’é stæto asbasciou dal’8% a-o 5%, comme domandou da-i agricoltoî italien.",de,ADP,FUNC
"O limite pe comensâ de investigaçioin in scî produti agricoli in caxo de turbative do mercou o l’é stæto asbasciou dal’8% a-o 5%, comme domandou da-i agricoltoî italien.",investigaçioin,X,OTHER
"O limite pe comensâ de investigaçioin in scî produti agricoli in caxo de turbative do mercou o l’é stæto asbasciou dal’8% a-o 5%, comme domandou da-i agricoltoî italien.",in,X,OTHER
"O limite pe comensâ de investigaçioin in scî produti agricoli in caxo de turbative do mercou o l’é stæto asbasciou dal’8% a-o 5%, comme domandou da-i agricoltoî italien.",scî,ADV,ADV
"O limite pe comensâ de investigaçioin in scî produti agricoli in caxo de turbative do mercou o l’é stæto asbasciou dal’8% a-o 5%, comme domandou da-i agricoltoî italien.",produti,PROPN,NOUN
"O limite pe comensâ de investigaçioin in scî produti agricoli in caxo de turbative do mercou o l’é stæto asbasciou dal’8% a-o 5%, comme domandou da-i agricoltoî italien.",agricoli,PROPN,NOUN
"O limite pe comensâ de investigaçioin in scî produti agricoli in caxo de turbative do mercou o l’é stæto asbasciou dal’8% a-o 5%, comme domandou da-i agricoltoî italien.",in,PROPN,NOUN
"O limite pe comensâ de investigaçioin in scî produti agricoli in caxo de turbative do mercou o l’é stæto asbasciou dal’8% a-o 5%, comme domandou da-i agricoltoî italien.",caxo,ADJ,ADJ
"O limite pe comensâ de investigaçioin in scî produti agricoli in caxo de turbative do mercou o l’é stæto asbasciou dal’8% a-o 5%, comme domandou da-i agricoltoî italien.",de,ADP,FUNC
"O limite pe comensâ de investigaçioin in scî produti agricoli in caxo de turbative do mercou o l’é stæto asbasciou dal’8% a-o 5%, comme domandou da-i agricoltoî italien.",turbative,NOUN,NOUN
"O limite pe comensâ de investigaçioin in scî produti agricoli in caxo de turbative do mercou o l’é stæto asbasciou dal’8% a-o 5%, comme domandou da-i agricoltoî italien.",do,ADP,FUNC
"O limite pe comensâ de investigaçioin in scî produti agricoli in caxo de turbative do mercou o l’é stæto asbasciou dal’8% a-o 5%, comme domandou da-i agricoltoî italien.",mercou,VERB,VERB
"O limite pe comensâ de investigaçioin in scî produti agricoli in caxo de turbative do mercou o l’é stæto asbasciou dal’8% a-o 5%, comme domandou da-i agricoltoî italien.",o,DET,PRON
"O limite pe comensâ de investigaçioin in scî produti agricoli in caxo de turbative do mercou o l’é stæto asbasciou dal’8% a-o 5%, comme domandou da-i agricoltoî italien.",l’é,PROPN,NOUN
"O limite pe comensâ de investigaçioin in scî produti agricoli in caxo de turbative do mercou o l’é stæto asbasciou dal’8% a-o 5%, comme domandou da-i agricoltoî italien.",stæto,PROPN,NOUN
"O limite pe comensâ de investigaçioin in scî produti agricoli in caxo de turbative do mercou o l’é stæto asbasciou dal’8% a-o 5%, comme domandou da-i agricoltoî italien.",asbasciou,VERB,VERB
"O limite pe comensâ de investigaçioin in scî produti agricoli in caxo de turbative do mercou o l’é stæto asbasciou dal’8% a-o 5%, comme domandou da-i agricoltoî italien.",dal’8,ADP,FUNC
"O limite pe comensâ de investigaçioin in scî produti agricoli in caxo de turbative do mercou o l’é stæto asbasciou dal’8% a-o 5%, comme domandou da-i agricoltoî italien.",%,SYM,OTHER
"O limite pe comensâ de investigaçioin in scî produti agricoli in caxo de turbative do mercou o l’é stæto asbasciou dal’8% a-o 5%, comme domandou da-i agricoltoî italien.",a-o,VERB,VERB
"O limite pe comensâ de investigaçioin in scî produti agricoli in caxo de turbative do mercou o l’é stæto asbasciou dal’8% a-o 5%, comme domandou da-i agricoltoî italien.",5,NUM,ADJ
"O limite pe comensâ de investigaçioin in scî produti agricoli in caxo de turbative do mercou o l’é stæto asbasciou dal’8% a-o 5%, comme domandou da-i agricoltoî italien.",%,SYM,OTHER
"O limite pe comensâ de investigaçioin in scî produti agricoli in caxo de turbative do mercou o l’é stæto asbasciou dal’8% a-o 5%, comme domandou da-i agricoltoî italien.",",",PUNCT,PUNCT
"O limite pe comensâ de investigaçioin in scî produti agricoli in caxo de turbative do mercou o l’é stæto asbasciou dal’8% a-o 5%, comme domandou da-i agricoltoî italien.",comme,NOUN,NOUN
"O limite pe comensâ de investigaçioin in scî produti agricoli in caxo de turbative do mercou o l’é stæto asbasciou dal’8% a-o 5%, comme domandou da-i agricoltoî italien.",domandou,VERB,VERB
"O limite pe comensâ de investigaçioin in scî produti agricoli in caxo de turbative do mercou o l’é stæto asbasciou dal’8% a-o 5%, comme domandou da-i agricoltoî italien.",da-i,PROPN,NOUN
"O limite pe comensâ de investigaçioin in scî produti agricoli in caxo de turbative do mercou o l’é stæto asbasciou dal’8% a-o 5%, comme domandou da-i agricoltoî italien.",agricoltoî,PROPN,NOUN
"O limite pe comensâ de investigaçioin in scî produti agricoli in caxo de turbative do mercou o l’é stæto asbasciou dal’8% a-o 5%, comme domandou da-i agricoltoî italien.",italien,PROPN,NOUN
"O limite pe comensâ de investigaçioin in scî produti agricoli in caxo de turbative do mercou o l’é stæto asbasciou dal’8% a-o 5%, comme domandou da-i agricoltoî italien.",.,PUNCT,PUNCT
